feature,coefficient,abs_coefficient,category
title_tfidf__особенность,-1.7249079237493454,1.7249079237493454,lexical
title_tfidf__средний,1.5740660273058065,1.5740660273058065,lexical
title_tfidf__тяжесть,1.5740660273058065,1.5740660273058065,lexical
title_tfidf__эндометриоз,-1.4278655395744573,1.4278655395744573,lexical
title_tfidf__фибрилляция,-1.3349064609583732,1.3349064609583732,lexical
title_tfidf__предсердие,-1.3349064609583732,1.3349064609583732,lexical
title_tfidf__локализация,1.2080119615533103,1.2080119615533103,lexical
title_tfidf__ребёнок,-1.098785821621527,1.098785821621527,lexical
title_tfidf__желудочковый,-1.0980831228929362,1.0980831228929362,lexical
title_tfidf__хсн,1.0945379322225166,1.0945379322225166,lexical
title_tfidf__тонкий,-1.0815284704601638,1.0815284704601638,lexical
title_tfidf__кроме,-1.0815284704601638,1.0815284704601638,lexical
title_tfidf__особый,1.0724653498259373,1.0724653498259373,lexical
title_tfidf__группа,1.0724653498259373,1.0724653498259373,lexical
title_tfidf__снизить,1.0291270986835965,1.0291270986835965,lexical
title_tfidf__толстой,0.9320329575800326,0.9320329575800326,lexical
title_tfidf__сочетать,0.9218091823517356,0.9218091823517356,lexical
title_tfidf__патология,0.9218091823517356,0.9218091823517356,clinical terms
title_tfidf__консервативный,0.9054884981350612,0.9054884981350612,lexical
title_tfidf__ритм,-0.8795106600794584,0.8795106600794584,lexical
title_tfidf__тяжёлый,0.8697300794143545,0.8697300794143545,lexical
title_tfidf__любой,0.8697300794143545,0.8697300794143545,lexical
title_tfidf__течение,0.8697300794143545,0.8697300794143545,lexical
title_tfidf__активный,0.8697300794143545,0.8697300794143545,lexical
narrative_tfidf__безболезненный,-0.8678795757150538,0.8678795757150538,lexical
title_tfidf__болезнь,0.801009946040978,0.801009946040978,lexical
title_tfidf__профилактика,0.7891401258071612,0.7891401258071612,lexical
title_tfidf__перианальный,-0.768966599484862,0.768966599484862,lexical
title_tfidf__фв,0.760321792508328,0.760321792508328,lexical
title_tfidf__сохранить,0.760321792508328,0.760321792508328,lexical
title_tfidf__умеренно,0.760321792508328,0.760321792508328,lexical
title_tfidf__лж,0.760321792508328,0.760321792508328,lexical
title_tfidf__отдел,-0.7592609939965492,0.7592609939965492,lexical
title_tfidf__частота,-0.7438557120811762,0.7438557120811762,lexical
title_tfidf__высокий,-0.7438557120811762,0.7438557120811762,lexical
title_tfidf__сокращение,-0.7438557120811762,0.7438557120811762,lexical
title_tfidf__начальный,-0.7438557120811762,0.7438557120811762,lexical
title_tfidf__острый,-0.7421187699483313,0.7421187699483313,lexical
title_tfidf__эндоскопический,-0.7034681545682173,0.7034681545682173,lexical
narrative_tfidf__чд,-0.6996113858386475,0.6996113858386475,lexical
numeric__negation_count,-0.6894246875804485,0.6894246875804485,negation
narrative_tfidf__умеренно,0.6581148519455504,0.6581148519455504,lexical
narrative_tfidf__эпигастральный,0.630100330447062,0.630100330447062,lexical
title_tfidf__илеоцекальный,0.6202869578655463,0.6202869578655463,lexical
title_tfidf__верхний,-0.6196776608356901,0.6196776608356901,lexical
title_tfidf__поражение,-0.6196776608356901,0.6196776608356901,lexical
title_tfidf__жкт,-0.6196776608356901,0.6196776608356901,lexical
title_tfidf__форма,0.6096499822274185,0.6096499822274185,lexical
title_tfidf__илеоколит,0.6096499822274185,0.6096499822274185,lexical
title_tfidf__лёгкий,0.6088602470740387,0.6088602470740387,lexical
title_tfidf__крона,0.5966498387184793,0.5966498387184793,lexical
title_tfidf__рекомендовать,0.571879622263469,0.571879622263469,lexical
title_tfidf__фракция,0.571879622263469,0.571879622263469,lexical
title_tfidf__выброс,0.571879622263469,0.571879622263469,lexical
title_tfidf__лечение,0.5685766075036007,0.5685766075036007,clinical terms
title_tfidf__нарушение,-0.5590079874617134,0.5590079874617134,lexical
title_tfidf__сердце,-0.5590079874617134,0.5590079874617134,lexical
numeric__protocol_len,0.550248784540938,0.550248784540938,protocol length
title_tfidf__терапия,0.5386656366624922,0.5386656366624922,clinical terms
narrative_tfidf__жир,-0.5355829948021171,0.5355829948021171,lexical
narrative_tfidf__пальпироваться,0.533686175383167,0.533686175383167,lexical
narrative_tfidf__артериальный,0.5229137189241306,0.5229137189241306,lexical
narrative_tfidf__выделение,-0.5072231509614347,0.5072231509614347,lexical
narrative_tfidf__мг,0.5033739108567717,0.5033739108567717,lexical
narrative_tfidf__гипотиреоз,0.49064148605366475,0.49064148605366475,lexical
title_tfidf__контроль,-0.48481223895239733,0.48481223895239733,lexical
title_tfidf__декомпенсация,-0.48481223895239733,0.48481223895239733,lexical
title_tfidf__отсутствие,-0.48481223895239733,0.48481223895239733,negation
title_tfidf__систолический,-0.48481223895239733,0.48481223895239733,lexical
title_tfidf__пациент,0.4845621323760314,0.4845621323760314,lexical
title_tfidf__доказать,-0.47979069584327977,0.47979069584327977,lexical
title_tfidf__эффект,-0.47979069584327977,0.47979069584327977,lexical
title_tfidf__положительный,-0.47979069584327977,0.47979069584327977,lexical
title_tfidf__подросток,-0.47288500632909297,0.47288500632909297,lexical
title_tfidf__год,-0.47288500632909297,0.47288500632909297,lexical
narrative_tfidf__небольшой,-0.4698466589203524,0.4698466589203524,lexical
title_tfidf__постменопауза,-0.45912075586896434,0.45912075586896434,lexical
title_tfidf__холецистит,0.4529151140730489,0.4529151140730489,lexical
title_tfidf__калькулёзный,0.4529151140730489,0.4529151140730489,lexical
narrative_tfidf__лоно,-0.4527931142542591,0.4527931142542591,lexical
narrative_tfidf__мкг,0.45096938897760597,0.45096938897760597,lexical
title_tfidf__пункционный,-0.45086177181200326,0.45086177181200326,lexical
title_tfidf__позвоночник,-0.45086177181200326,0.45086177181200326,lexical
title_tfidf__ситуация,-0.44901447711674014,0.44901447711674014,lexical
title_tfidf__желчнокаменный,0.44841148580785634,0.44841148580785634,lexical
narrative_tfidf__регулярный,-0.4482989276383118,0.4482989276383118,lexical
narrative_tfidf__жёсткий,0.4463566418092461,0.4463566418092461,lexical
narrative_tfidf__принимать,0.44299475586066067,0.44299475586066067,lexical
narrative_tfidf__нога,0.43933389861413286,0.43933389861413286,lexical
narrative_tfidf__проявление,0.43919804858818284,0.43919804858818284,lexical
narrative_tfidf__отечь,0.42744602703552587,0.42744602703552587,lexical
title_tfidf__гипертензия,0.41422473243188607,0.41422473243188607,lexical
title_tfidf__артериальный,0.41422473243188607,0.41422473243188607,lexical
narrative_tfidf__форма,-0.4136639417616567,0.4136639417616567,lexical
narrative_tfidf__сердечный,0.40348811037891447,0.40348811037891447,lexical
narrative_tfidf__незначительный,0.3989625631565794,0.3989625631565794,lexical
narrative_tfidf__мина,-0.3965120633194252,0.3965120633194252,lexical
narrative_tfidf__селезёнка,0.39488666767246966,0.39488666767246966,lexical
title_tfidf__терминальный,-0.39483090828685596,0.39483090828685596,lexical
title_tfidf__илеит,-0.39483090828685596,0.39483090828685596,lexical
narrative_tfidf__пастозность,-0.3946616901530044,0.3946616901530044,lexical
narrative_tfidf__подвижный,-0.3924638761236915,0.3924638761236915,lexical
narrative_tfidf__сухой,0.3891468810938595,0.3891468810938595,lexical
narrative_tfidf__норма,0.3886842135488013,0.3886842135488013,lexical
narrative_tfidf__заболевание,-0.38691051834034074,0.38691051834034074,clinical terms
title_tfidf__проявление,-0.384483299742431,0.384483299742431,lexical
narrative_tfidf__матка,-0.38070906075423033,0.38070906075423033,lexical
narrative_tfidf__также,0.3761699925393688,0.3761699925393688,lexical
narrative_tfidf__предъявлять,0.3746906897732505,0.3746906897732505,lexical
narrative_tfidf__левотироксин,0.37042658753076113,0.37042658753076113,lexical
narrative_tfidf__стул,-0.3659502043039108,0.3659502043039108,lexical
narrative_tfidf__повышение,0.3643539577078253,0.3643539577078253,lexical
narrative_tfidf__питание,-0.3607340880836961,0.3607340880836961,lexical
narrative_tfidf__ммоль,0.3598504836760143,0.3598504836760143,lexical
narrative_tfidf__отрицательный,0.3570017045481346,0.3570017045481346,negation
narrative_tfidf__консультация,0.35352838348330723,0.35352838348330723,lexical
narrative_tfidf__обл,-0.3484767109011317,0.3484767109011317,lexical
title_tfidf__медикаментозный,0.34665632514265265,0.34665632514265265,lexical
narrative_tfidf__преднизолон,-0.3458168333670213,0.3458168333670213,lexical
narrative_tfidf__достаточный,-0.34577166606407395,0.34577166606407395,lexical
narrative_tfidf__умеренный,-0.3454396048626622,0.3454396048626622,lexical
title_tfidf__эрозивный,0.34505166646871654,0.34505166646871654,lexical
narrative_tfidf__налёт,0.3430166099781954,0.3430166099781954,lexical
narrative_tfidf__натрий,0.34050182369095944,0.34050182369095944,lexical
narrative_tfidf__поясничный,0.33992736516789446,0.33992736516789446,lexical
narrative_tfidf__сут,-0.3378764964343531,0.3378764964343531,lexical
narrative_tfidf__смотреть,0.337399677901538,0.337399677901538,lexical
narrative_tfidf__симптом,0.3369545343529443,0.3369545343529443,clinical terms
narrative_tfidf__илеоколит,-0.336099569923006,0.336099569923006,lexical
narrative_tfidf__лёгкий,-0.33540053240672085,0.33540053240672085,lexical
title_tfidf__дисфункция,-0.33511091115808006,0.33511091115808006,lexical
narrative_tfidf__поколачивание,0.33497743554770465,0.33497743554770465,lexical
narrative_tfidf__наблюдаться,-0.3340123670310756,0.3340123670310756,lexical
narrative_tfidf__пастернацкий,0.33366113907530204,0.33366113907530204,lexical
narrative_tfidf__гр,-0.3316650059979452,0.3316650059979452,lexical
title_tfidf__хронический,-0.33089469129144017,0.33089469129144017,lexical
title_tfidf__недостаточность,0.3302263271559143,0.3302263271559143,lexical
title_tfidf__сердечный,0.3302263271559143,0.3302263271559143,lexical
narrative_tfidf__онемение,-0.3291427706494926,0.3291427706494926,lexical
narrative_tfidf__периферический,0.3287794011586584,0.3287794011586584,lexical
narrative_tfidf__уровень,0.3284455031111216,0.3284455031111216,lexical
narrative_tfidf__плотность,0.32796317600545166,0.32796317600545166,lexical
narrative_tfidf__липопротеид,0.32796317600545166,0.32796317600545166,lexical
narrative_tfidf__жкб,0.32777415974574453,0.32777415974574453,lexical
narrative_tfidf__ограничение,-0.32431816394838286,0.32431816394838286,lexical
narrative_tfidf__распределить,-0.32402232444934337,0.32402232444934337,lexical
narrative_tfidf__течение,-0.3229276043364359,0.3229276043364359,lexical
narrative_tfidf__отправление,0.31885240205815213,0.31885240205815213,lexical
narrative_tfidf__соска,-0.31741958075791427,0.31741958075791427,lexical
narrative_tfidf__край,-0.3165665028076686,0.3165665028076686,lexical
narrative_tfidf__стенозировать,-0.31571066017417804,0.31571066017417804,lexical
narrative_tfidf__кардиолог,0.31464352564102976,0.31464352564102976,lexical
title_tfidf__инфекция,-0.3141240233083793,0.3141240233083793,lexical
title_tfidf__рylori,-0.3141240233083793,0.3141240233083793,lexical
title_tfidf__эрадикационный,-0.3141240233083793,0.3141240233083793,lexical
narrative_tfidf__рот,0.3139262504333316,0.3139262504333316,lexical
narrative_tfidf__приём,-0.3113877168025873,0.3113877168025873,lexical
narrative_tfidf__неустойчивый,-0.3088416628256471,0.3088416628256471,lexical
narrative_tfidf__рекомендовать,-0.3072114541977477,0.3072114541977477,lexical
narrative_tfidf__последний,-0.30642041758267385,0.30642041758267385,lexical
narrative_tfidf__отсутствовать,0.30402808087261607,0.30402808087261607,negation
narrative_tfidf__сон,-0.30337804123052364,0.30337804123052364,lexical
narrative_tfidf__результат,0.3023084880509677,0.3023084880509677,lexical
narrative_tfidf__тремор,-0.3017290623409088,0.3017290623409088,lexical
narrative_tfidf__жалоба,0.297061839543202,0.297061839543202,clinical terms
narrative_tfidf__инв,-0.294590411259371,0.294590411259371,lexical
narrative_tfidf__анализ,0.2926567946748009,0.2926567946748009,lexical
narrative_tfidf__объективный,0.2922893149835519,0.2922893149835519,lexical
narrative_tfidf__конс,0.2912157518391356,0.2912157518391356,lexical
narrative_tfidf__нарушить,-0.2910225185209056,0.2910225185209056,lexical
narrative_tfidf__стенка,0.2909040422192115,0.2909040422192115,lexical
narrative_tfidf__кг,0.28991942886441874,0.28991942886441874,lexical
narrative_tfidf__болезненный,0.28958388804134505,0.28958388804134505,lexical
narrative_tfidf__аутоиммунный,0.28927489456479616,0.28927489456479616,lexical
narrative_tfidf__жжение,0.2884632660652594,0.2884632660652594,lexical
narrative_tfidf__система,0.28268082177409315,0.28268082177409315,lexical
narrative_tfidf__проверить,0.28254986650434294,0.28254986650434294,lexical
narrative_tfidf__статус,0.28179179365592183,0.28179179365592183,lexical
narrative_tfidf__слабо,0.2812392211602346,0.2812392211602346,lexical
narrative_tfidf__ммм,0.2804869055907189,0.2804869055907189,lexical
narrative_tfidf__супруг,-0.27946363048049633,0.27946363048049633,lexical
narrative_tfidf__отказаться,-0.27869802755028406,0.27869802755028406,lexical
narrative_tfidf__глазной,0.27866642508872563,0.27866642508872563,lexical
narrative_tfidf__брюшной,0.277912772312303,0.277912772312303,lexical
narrative_tfidf__spo,0.2777675537376203,0.2777675537376203,lexical
narrative_tfidf__покров,0.2776353938295956,0.2776353938295956,lexical
narrative_tfidf__тупость,0.27544915811189674,0.27544915811189674,lexical
narrative_tfidf__движение,-0.2736908611250713,0.2736908611250713,lexical
narrative_tfidf__дз,-0.2723718532274875,0.2723718532274875,lexical
narrative_tfidf__рёберный,-0.2722464514294934,0.2722464514294934,lexical
narrative_tfidf__дуга,-0.2722464514294934,0.2722464514294934,lexical
narrative_tfidf__сосудистый,0.27133479173903,0.27133479173903,lexical
narrative_tfidf__врач,0.2713323439825518,0.2713323439825518,lexical
narrative_tfidf__всд,0.2709228398518188,0.2709228398518188,lexical
narrative_tfidf__бессрочно,-0.27063301621385993,0.27063301621385993,lexical
narrative_tfidf__половина,0.2705992061703193,0.2705992061703193,lexical
narrative_tfidf__затруднить,-0.269831798370113,0.269831798370113,lexical
narrative_tfidf__бледный,0.268981271265475,0.268981271265475,lexical
narrative_tfidf__молочный,-0.26530219316902914,0.26530219316902914,lexical
narrative_tfidf__ощеий,0.264649450070822,0.264649450070822,lexical
narrative_tfidf__диастолический,-0.26298802529808324,0.26298802529808324,lexical
narrative_tfidf__мясо,-0.26298802529808324,0.26298802529808324,lexical
narrative_tfidf__приготовление,-0.26298802529808324,0.26298802529808324,lexical
title_tfidf__клинический,0.2626222605122869,0.2626222605122869,lexical
title_tfidf__взрослый,0.2626222605122869,0.2626222605122869,lexical
narrative_tfidf__внизу,-0.2616164973454537,0.2616164973454537,lexical
title_tfidf__беременная,-0.2598597899160597,0.2598597899160597,lexical
title_tfidf__бронхиальный,-0.2598597899160597,0.2598597899160597,lexical
title_tfidf__ба,-0.2598597899160597,0.2598597899160597,lexical
title_tfidf__вскармливание,-0.2598597899160597,0.2598597899160597,lexical
title_tfidf__период,-0.2598597899160597,0.2598597899160597,lexical
title_tfidf__астма,-0.2598597899160597,0.2598597899160597,lexical
title_tfidf__грудной,-0.2598597899160597,0.2598597899160597,lexical
narrative_tfidf__кожный,0.2598289710372304,0.2598289710372304,lexical
narrative_tfidf__ттг,0.2581379837990409,0.2581379837990409,lexical
narrative_tfidf__колопроктологический,-0.258050618207813,0.258050618207813,lexical
narrative_tfidf__поверхность,0.25529458133699706,0.25529458133699706,lexical
narrative_tfidf__покой,0.2542315016746447,0.2542315016746447,lexical
narrative_tfidf__тв,-0.2538118407082862,0.2538118407082862,lexical
narrative_tfidf__удовть,-0.2538118407082862,0.2538118407082862,lexical
narrative_tfidf__учащённый,0.25357697250935074,0.25357697250935074,lexical
narrative_tfidf__пол,-0.2531976008515149,0.2531976008515149,lexical
narrative_tfidf__тахикардия,-0.2525800880549569,0.2525800880549569,lexical
narrative_tfidf__примерно,-0.2515911363970935,0.2515911363970935,lexical
narrative_tfidf__мама,0.2513938832727137,0.2513938832727137,lexical
narrative_tfidf__летний,0.2513938832727137,0.2513938832727137,lexical
narrative_tfidf__разновидность,0.2513938832727137,0.2513938832727137,lexical
narrative_tfidf__явиться,0.2509989234953025,0.2509989234953025,lexical
narrative_tfidf__аускультативный,-0.2507054684688911,0.2507054684688911,lexical
narrative_tfidf__вздутый,0.24940910476696124,0.24940910476696124,lexical
narrative_tfidf__оволосение,-0.24731404561889583,0.24731404561889583,lexical
narrative_tfidf__женский,-0.24731404561889583,0.24731404561889583,lexical
narrative_tfidf__весь,-0.247284123347128,0.247284123347128,lexical
narrative_tfidf__осложнение,0.24722178712313556,0.24722178712313556,clinical terms
narrative_tfidf__аритмия,0.24718751010032597,0.24718751010032597,lexical
narrative_tfidf__активно,0.247095172049517,0.247095172049517,lexical
narrative_tfidf__симметричный,-0.2465597879079475,0.2465597879079475,lexical
narrative_tfidf__фибрилляция,0.24597238200408889,0.24597238200408889,lexical
narrative_tfidf__связать,0.24597238200408889,0.24597238200408889,lexical
narrative_tfidf__предсердие,0.24597238200408889,0.24597238200408889,lexical
narrative_tfidf__основной,-0.24466095379772967,0.24466095379772967,lexical
narrative_tfidf__эпизод,0.24412900190504713,0.24412900190504713,lexical
narrative_tfidf__стома,0.2435519158723293,0.2435519158723293,lexical
title_tfidf__симптомный,0.24336068076681286,0.24336068076681286,lexical
narrative_tfidf__ммртст,0.2431950273739031,0.2431950273739031,lexical
narrative_tfidf__изменить,-0.2431898428150586,0.2431898428150586,lexical
narrative_tfidf__миндалина,0.24249977717038007,0.24249977717038007,lexical
narrative_tfidf__смещать,0.2424532120082614,0.2424532120082614,lexical
narrative_tfidf__являться,-0.24227541175037068,0.24227541175037068,lexical
narrative_tfidf__ожирение,0.2421736178927686,0.2421736178927686,lexical
narrative_tfidf__стопа,0.24206663813994997,0.24206663813994997,lexical
narrative_tfidf__пилори,-0.24170759755111235,0.24170759755111235,lexical
narrative_tfidf__узел,-0.241698912569604,0.241698912569604,lexical
narrative_tfidf__данный,-0.24154652721120579,0.24154652721120579,lexical
narrative_tfidf__артерия,0.24099929734963996,0.24099929734963996,lexical
narrative_tfidf__большой,-0.24088787833065792,0.24088787833065792,lexical
narrative_tfidf__болеть,-0.2395053227613647,0.2395053227613647,lexical
narrative_tfidf__межреберье,-0.23892011100452742,0.23892011100452742,lexical
narrative_tfidf__удовлетворительный,0.23867298512260798,0.23867298512260798,lexical
narrative_tfidf__отсутствие,-0.23861871571787718,0.23861871571787718,negation
narrative_tfidf__влево,0.2385833925785567,0.2385833925785567,lexical
narrative_tfidf__аускультация,0.23856781989261278,0.23856781989261278,lexical
narrative_tfidf__боковой,0.2382639777859957,0.2382639777859957,lexical
narrative_tfidf__менструация,-0.23716199431780982,0.23716199431780982,lexical
narrative_tfidf__физиологический,0.23610911804860962,0.23610911804860962,lexical
narrative_tfidf__мочь,0.234938696360861,0.234938696360861,lexical
narrative_tfidf__есть,0.23338576070174855,0.23338576070174855,lexical
narrative_tfidf__год,-0.2333373568713277,0.2333373568713277,lexical
narrative_tfidf__исследование,-0.2332509873302983,0.2332509873302983,lexical
narrative_tfidf__общий,0.23226851923650563,0.23226851923650563,lexical
title_tfidf__гонартроз,-0.2318055053685726,0.2318055053685726,lexical
narrative_tfidf__телмисартан,-0.23124831495975517,0.23124831495975517,lexical
numeric__has_structured_header,-0.2310930770538774,0.2310930770538774,structural
narrative_tfidf__положение,0.2310506775253292,0.2310506775253292,lexical
narrative_tfidf__адекватный,-0.23096542558421648,0.23096542558421648,lexical
narrative_tfidf__обп,0.23085777194068272,0.23085777194068272,lexical
narrative_tfidf__различный,-0.2305445555780144,0.2305445555780144,lexical
narrative_tfidf__ингаляционный,-0.2305445555780144,0.2305445555780144,lexical
narrative_tfidf__эуфиллина,-0.2305445555780144,0.2305445555780144,lexical
narrative_tfidf__серетид,-0.2305445555780144,0.2305445555780144,lexical
narrative_tfidf__сердце,0.2292300045021193,0.2292300045021193,lexical
narrative_tfidf__половой,-0.2287973220025065,0.2287973220025065,lexical
narrative_tfidf__холестерин,0.22654656808544804,0.22654656808544804,lexical
narrative_tfidf__нагрузка,0.22605909361131898,0.22605909361131898,lexical
title_tfidf__заболевание,-0.22543088590600163,0.22543088590600163,clinical terms
title_tfidf__фасеточный,-0.22543088590600163,0.22543088590600163,lexical
title_tfidf__процедура,-0.22543088590600163,0.22543088590600163,lexical
title_tfidf__область,-0.22543088590600163,0.22543088590600163,lexical
title_tfidf__вмешательство,-0.22543088590600163,0.22543088590600163,lexical
title_tfidf__дегенеративный,-0.22543088590600163,0.22543088590600163,lexical
title_tfidf__дугоотростчатый,-0.22543088590600163,0.22543088590600163,lexical
title_tfidf__сустав,-0.22543088590600163,0.22543088590600163,lexical
title_tfidf__интервенционный,-0.22543088590600163,0.22543088590600163,lexical
narrative_tfidf__гипертрихоз,-0.2217022888243771,0.2217022888243771,lexical
narrative_tfidf__отменить,-0.22124913903164833,0.22124913903164833,lexical
narrative_tfidf__лимфоузел,0.22006702770716605,0.22006702770716605,lexical
narrative_tfidf__пациент,-0.21776412452565302,0.21776412452565302,lexical
narrative_tfidf__пульс,0.21758790739161568,0.21758790739161568,lexical
narrative_tfidf__липидограмма,0.2163513996528396,0.2163513996528396,lexical
title_tfidf__дуоденит,-0.21622280878704137,0.21622280878704137,lexical
title_tfidf__гастрит,-0.21622280878704137,0.21622280878704137,lexical
narrative_tfidf__дневный,-0.2146651598383692,0.2146651598383692,lexical
narrative_tfidf__среднее,-0.2146651598383692,0.2146651598383692,lexical
narrative_tfidf__губа,0.21439575340070388,0.21439575340070388,lexical
title_tfidf__возрастной,0.2142320101366214,0.2142320101366214,lexical
title_tfidf__категория,0.2142320101366214,0.2142320101366214,lexical
narrative_tfidf__вправо,0.2131405719268074,0.2131405719268074,lexical
narrative_tfidf__околопупочный,-0.21224336976635352,0.21224336976635352,lexical
narrative_tfidf__колит,0.21134507556136903,0.21134507556136903,lexical
narrative_tfidf__вводить,-0.21126989269667396,0.21126989269667396,lexical
narrative_tfidf__осмотр,-0.21049375332244946,0.21049375332244946,lexical
narrative_tfidf__яблоко,0.2104476457733162,0.2104476457733162,lexical
narrative_tfidf__введение,-0.21036994952058607,0.21036994952058607,lexical
narrative_tfidf__хирург,0.20948210199677886,0.20948210199677886,lexical
narrative_tfidf__эхокг,0.20872951288902028,0.20872951288902028,lexical
narrative_tfidf__тенезм,-0.20854698920891776,0.20854698920891776,lexical
narrative_tfidf__звучность,-0.20854698920891776,0.20854698920891776,lexical
narrative_tfidf__сторона,0.2085343312986029,0.2085343312986029,lexical
narrative_tfidf__сердечно,0.20807356270018448,0.20807356270018448,lexical
narrative_tfidf__пульсация,0.20786880928614412,0.20786880928614412,lexical
narrative_tfidf__группа,-0.2075221937200336,0.2075221937200336,lexical
narrative_tfidf__периодически,-0.2073445933317931,0.2073445933317931,lexical
title_tfidf__отдельный,0.20711236621594303,0.20711236621594303,lexical
narrative_tfidf__глухой,0.20553623319146655,0.20553623319146655,lexical
title_tfidf__левый,0.20547273238899075,0.20547273238899075,lexical
title_tfidf__желудочек,0.20547273238899075,0.20547273238899075,lexical
narrative_tfidf__одышка,0.20539374930921983,0.20539374930921983,lexical
narrative_tfidf__уд,0.20443602068559397,0.20443602068559397,lexical
narrative_tfidf__риск,0.20428543363854984,0.20428543363854984,lexical
narrative_tfidf__холецистит,0.20361469270328605,0.20361469270328605,lexical
narrative_tfidf__без,-0.20292310477590314,0.20292310477590314,lexical
narrative_tfidf__цианоз,0.2029135940389715,0.2029135940389715,lexical
narrative_tfidf__локб,-0.20221716509848353,0.20221716509848353,lexical
narrative_tfidf__область,0.20144392520069448,0.20144392520069448,lexical
narrative_tfidf__понос,0.20027503340407649,0.20027503340407649,lexical
narrative_tfidf__гемотрансфузия,-0.20025755448246968,0.20025755448246968,lexical
narrative_tfidf__имт,0.1980423021349934,0.1980423021349934,lexical
narrative_tfidf__использовать,-0.19724524259628184,0.19724524259628184,lexical
narrative_tfidf__физический,0.19698855048660618,0.19698855048660618,lexical
narrative_tfidf__аллопуринол,0.19584911174374564,0.19584911174374564,lexical
narrative_tfidf__вирусный,-0.19569283118384248,0.19569283118384248,lexical
narrative_tfidf__час,-0.19509784459722926,0.19509784459722926,lexical
narrative_tfidf__хаит,0.1944701817485056,0.1944701817485056,lexical
narrative_tfidf__воздух,0.19412425427559193,0.19412425427559193,lexical
narrative_tfidf__голенйцианоз,-0.1932746267603492,0.1932746267603492,lexical
narrative_tfidf__измение,-0.1932746267603492,0.1932746267603492,lexical
narrative_tfidf__трофический,-0.1932746267603492,0.1932746267603492,lexical
narrative_tfidf__систола,-0.1932746267603492,0.1932746267603492,lexical
narrative_tfidf__сравнить,-0.1932746267603492,0.1932746267603492,lexical
narrative_tfidf__сотка,-0.1932746267603492,0.1932746267603492,lexical
narrative_tfidf__инвал,-0.1932746267603492,0.1932746267603492,lexical
narrative_tfidf__сохранить,-0.1922067390830323,0.1922067390830323,lexical
narrative_tfidf__тест,-0.19218394888158374,0.19218394888158374,lexical
narrative_tfidf__особенность,-0.19150535954423556,0.19150535954423556,lexical
narrative_tfidf__колопроктолог,-0.19146792768992532,0.19146792768992532,lexical
narrative_tfidf__аит,0.19120565465333414,0.19120565465333414,lexical
narrative_tfidf__стоп,0.191119250973008,0.191119250973008,lexical
narrative_tfidf__гепатит,-0.19052219082207833,0.19052219082207833,lexical
narrative_tfidf__неувеличить,-0.1905078773276567,0.1905078773276567,lexical
narrative_tfidf__шейк,-0.1902988084047868,0.1902988084047868,lexical
narrative_tfidf__кишечник,-0.19006171256520518,0.19006171256520518,lexical
narrative_tfidf__часы,-0.18996829960297912,0.18996829960297912,lexical
narrative_tfidf__реакция,0.1899375092130468,0.1899375092130468,lexical
narrative_tfidf__передний,0.18991737881130108,0.18991737881130108,lexical
narrative_tfidf__вечером,0.18950553191306077,0.18950553191306077,lexical
narrative_tfidf__височный,-0.18936274143472223,0.18936274143472223,lexical
narrative_tfidf__работа,0.18919525341583654,0.18919525341583654,lexical
narrative_tfidf__что,-0.18916903337375865,0.18916903337375865,lexical
narrative_tfidf__тироксин,0.18893971101706827,0.18893971101706827,lexical
narrative_tfidf__оба,0.18893536404884984,0.18893536404884984,lexical
narrative_tfidf__рост,0.18890005821478356,0.18890005821478356,lexical
narrative_tfidf__самостоятельно,-0.1886223859324818,0.1886223859324818,lexical
narrative_tfidf__конечность,-0.18845208894556004,0.18845208894556004,lexical
narrative_tfidf__беловатый,0.18838141427007876,0.18838141427007876,lexical
narrative_tfidf__низкий,0.18758212903646126,0.18758212903646126,lexical
narrative_tfidf__мышечный,0.1870757112413216,0.1870757112413216,lexical
narrative_tfidf__расширить,0.1855549351195476,0.1855549351195476,lexical
narrative_tfidf__исключить,0.18546002614342527,0.18546002614342527,lexical
narrative_tfidf__цвет,0.18535956659038802,0.18535956659038802,lexical
narrative_tfidf__дефекация,-0.18516061219408353,0.18516061219408353,lexical
narrative_tfidf__мочеиспускание,-0.1850879533222239,0.1850879533222239,lexical
narrative_tfidf__каждый,-0.18443320103383534,0.18443320103383534,lexical
narrative_tfidf__плохой,0.1832807804620485,0.1832807804620485,lexical
narrative_tfidf__перебой,0.18260764909952534,0.18260764909952534,lexical
narrative_tfidf__эксперт,0.182480978726329,0.182480978726329,lexical
narrative_tfidf__нь,-0.18174720274993542,0.18174720274993542,lexical
narrative_tfidf__свищ,-0.18174720274993542,0.18174720274993542,lexical
narrative_tfidf__тестирование,-0.18128069816333423,0.18128069816333423,lexical
narrative_tfidf__рект,-0.18113478547551262,0.18113478547551262,lexical
narrative_tfidf__недомогание,0.18101142148706242,0.18101142148706242,lexical
narrative_tfidf__длительно,0.18083127888261216,0.18083127888261216,lexical
narrative_tfidf__несколько,-0.18038664135871552,0.18038664135871552,lexical
narrative_tfidf__показатель,0.18001976508831088,0.18001976508831088,lexical
narrative_tfidf__отёк,0.1799003494924708,0.1799003494924708,lexical
narrative_tfidf__подкожный,-0.17988379195713364,0.17988379195713364,lexical
narrative_tfidf__нквить,-0.17961207045658997,0.17961207045658997,lexical
narrative_tfidf__ваш,-0.1795163039343621,0.1795163039343621,lexical
narrative_tfidf__правильно,-0.1790079156347263,0.1790079156347263,lexical
narrative_tfidf__выпадение,0.17898955343177764,0.17898955343177764,lexical
narrative_tfidf__волос,0.17898955343177764,0.17898955343177764,lexical
narrative_tfidf__кровь,0.17894365010102417,0.17894365010102417,lexical
narrative_tfidf__сд,0.1789161353292843,0.1789161353292843,lexical
narrative_tfidf__терапевт,0.17840605968701315,0.17840605968701315,lexical
narrative_tfidf__кишечный,0.17840177253920997,0.17840177253920997,lexical
narrative_tfidf__сопутствовать,-0.17837591202751862,0.17837591202751862,lexical
narrative_tfidf__периндоприть,0.17826112609339903,0.17826112609339903,lexical
narrative_tfidf__ректальный,-0.17699640446583717,0.17699640446583717,lexical
narrative_tfidf__звучный,-0.1767945573913055,0.1767945573913055,lexical
narrative_tfidf__проекция,0.17676951312526262,0.17676951312526262,lexical
narrative_tfidf__дн,-0.1761389850826192,0.1761389850826192,lexical
narrative_tfidf__определение,0.17552424589941165,0.17552424589941165,lexical
narrative_tfidf__гастрит,0.17535483073645913,0.17535483073645913,lexical
narrative_tfidf__гиперемия,0.17529161108698654,0.17529161108698654,lexical
title_tfidf__бк,0.17518867699274723,0.17518867699274723,lexical
narrative_tfidf__влагалище,-0.1747650057427607,0.1747650057427607,lexical
narrative_tfidf__неврологический,0.17472252019426734,0.17472252019426734,lexical
narrative_tfidf__сустав,-0.174324441526606,0.174324441526606,lexical
title_tfidf__амиодарон,0.1741922835360212,0.1741922835360212,lexical
narrative_tfidf__дыхание,0.1741660159720759,0.1741660159720759,lexical
narrative_tfidf__пациентка,0.17390840179387515,0.17390840179387515,lexical
narrative_tfidf__ход,-0.17386049853127813,0.17386049853127813,lexical
narrative_tfidf__липаза,0.1731597989907302,0.1731597989907302,lexical
narrative_tfidf__афт,0.1731597989907302,0.1731597989907302,lexical
narrative_tfidf__консультировать,-0.17293931892882422,0.17293931892882422,lexical
narrative_tfidf__тип,-0.17289705078049022,0.17289705078049022,lexical
narrative_tfidf__контрацепция,-0.17279735351965064,0.17279735351965064,lexical
narrative_tfidf__локально,0.17089938851907122,0.17089938851907122,lexical
narrative_tfidf__атеросклероз,0.1701517139452665,0.1701517139452665,lexical
narrative_tfidf__перед,-0.1697900302256758,0.1697900302256758,lexical
narrative_tfidf__граница,0.16941911032657803,0.16941911032657803,lexical
narrative_tfidf__нехватка,0.16931106206806504,0.16931106206806504,lexical
narrative_tfidf__аллерген,0.16899597358102253,0.16899597358102253,lexical
narrative_tfidf__пузырь,-0.16850835675884518,0.16850835675884518,lexical
narrative_tfidf__работать,-0.16841252869141446,0.16841252869141446,lexical
narrative_tfidf__сохраняться,-0.1680328723808843,0.1680328723808843,lexical
narrative_tfidf__позвоночник,0.16778387232388536,0.16778387232388536,lexical
narrative_tfidf__ерон,-0.1669545276048613,0.1669545276048613,lexical
narrative_tfidf__кончультировать,-0.1669545276048613,0.1669545276048613,lexical
narrative_tfidf__реакт,-0.1669545276048613,0.1669545276048613,lexical
narrative_tfidf__подреберье,0.16623639972082,0.16623639972082,lexical
narrative_tfidf__день,-0.16621164998938898,0.16621164998938898,lexical
narrative_tfidf__гипотензивный,0.16613773305890772,0.16613773305890772,lexical
narrative_tfidf__ккф,-0.16596155910606084,0.16596155910606084,lexical
narrative_tfidf__язык,0.16568534379539357,0.16568534379539357,lexical
narrative_tfidf__повод,0.1655939603258797,0.1655939603258797,lexical
narrative_tfidf__эффект,-0.16518398723225705,0.16518398723225705,lexical
narrative_tfidf__доля,0.16465896186051096,0.16465896186051096,lexical
narrative_tfidf__хрип,0.16456878161098057,0.16456878161098057,lexical
narrative_tfidf__рекомендоваться,0.16407694911915177,0.16407694911915177,lexical
narrative_tfidf__проводимость,0.16398158800272583,0.16398158800272583,lexical
narrative_tfidf__мерцательный,0.16398158800272583,0.16398158800272583,lexical
narrative_tfidf__гипертония,0.16398158800272583,0.16398158800272583,lexical
narrative_tfidf__ишемический,0.16398158800272583,0.16398158800272583,lexical
narrative_tfidf__антигипертензивный,-0.16323372298736996,0.16323372298736996,lexical
narrative_tfidf__привычка,-0.16253684810365054,0.16253684810365054,lexical
narrative_tfidf__головокружение,-0.16216162279620552,0.16216162279620552,lexical
narrative_tfidf__розовый,-0.16184178404074137,0.16184178404074137,lexical
narrative_tfidf__дискомфорт,0.1613659171101298,0.1613659171101298,lexical
title_tfidf__индуцировать,0.1612356448070079,0.1612356448070079,lexical
narrative_tfidf__вредный,-0.16086421777525062,0.16086421777525062,lexical
narrative_tfidf__жара,0.16026345495845312,0.16026345495845312,lexical
title_tfidf__поясничный,-0.1599310444590089,0.1599310444590089,lexical
narrative_tfidf__заключение,0.15959694797930585,0.15959694797930585,lexical
narrative_tfidf__материал,0.15915402725793262,0.15915402725793262,lexical
narrative_tfidf__первый,-0.15911130941758414,0.15911130941758414,lexical
narrative_tfidf__некоторый,-0.15887422390842515,0.15887422390842515,lexical
narrative_tfidf__плечевой,-0.1588136263099022,0.1588136263099022,lexical
narrative_tfidf__лопатка,-0.1588136263099022,0.1588136263099022,lexical
narrative_tfidf__кисть,-0.1588136263099022,0.1588136263099022,lexical
narrative_tfidf__распространение,-0.1588136263099022,0.1588136263099022,lexical
narrative_tfidf__затылок,-0.1588136263099022,0.1588136263099022,lexical
narrative_tfidf__пат,0.15874679529183106,0.15874679529183106,lexical
narrative_tfidf__дневник,0.15867560522954027,0.15867560522954027,lexical
narrative_tfidf__тесный,0.15860556123850764,0.15860556123850764,lexical
narrative_tfidf__комбинированный,-0.15827271859082415,0.15827271859082415,lexical
narrative_tfidf__щит,0.1573898622278564,0.1573898622278564,lexical
narrative_tfidf__тугоэластический,-0.15719573090547617,0.15719573090547617,lexical
narrative_tfidf__прослеживаться,-0.15719573090547617,0.15719573090547617,lexical
narrative_tfidf__борозда,-0.15719573090547617,0.15719573090547617,lexical
narrative_tfidf__консистенция,-0.15719573090547617,0.15719573090547617,lexical
narrative_tfidf__центральный,-0.15719573090547617,0.15719573090547617,lexical
narrative_tfidf__над,-0.15586655560854487,0.15586655560854487,lexical
narrative_tfidf__недостаточность,0.15554037258669512,0.15554037258669512,lexical
narrative_tfidf__гипертонический,0.15542173860641142,0.15542173860641142,lexical
narrative_tfidf__видимый,0.15528561548110964,0.15528561548110964,lexical
narrative_tfidf__ия,-0.15526759856469982,0.15526759856469982,lexical
narrative_tfidf__парастернальный,-0.15507762792736257,0.15507762792736257,lexical
narrative_tfidf__узи,0.1550674805688173,0.1550674805688173,lexical
narrative_tfidf__кто,-0.15473928609744694,0.15473928609744694,lexical
narrative_tfidf__направлять,0.15459907248447288,0.15459907248447288,lexical
narrative_tfidf__предел,-0.15418932269989896,0.15418932269989896,lexical
narrative_tfidf__провести,-0.15410817601984075,0.15410817601984075,lexical
narrative_tfidf__наружное,-0.15398053059362546,0.15398053059362546,lexical
narrative_tfidf__тотальный,0.15396999363320982,0.15396999363320982,lexical
narrative_tfidf__эутирокс,0.1538650001717392,0.1538650001717392,lexical
narrative_tfidf__алта,0.15374643581885836,0.15374643581885836,lexical
narrative_tfidf__аста,0.15374643581885836,0.15374643581885836,lexical
narrative_tfidf__выезжать,-0.15374534089350772,0.15374534089350772,lexical
narrative_tfidf__нормальный,0.1537015476531271,0.1537015476531271,lexical
narrative_tfidf__гематолог,0.15368791389663625,0.15368791389663625,lexical
narrative_tfidf__родственник,-0.15361455107795968,0.15361455107795968,lexical
narrative_tfidf__бца,0.1533044935714239,0.1533044935714239,lexical
narrative_tfidf__лекарственный,0.15293887556811991,0.15293887556811991,lexical
narrative_tfidf__закрытый,-0.15290338097927444,0.15290338097927444,lexical
narrative_tfidf__показание,-0.15208310618296872,0.15208310618296872,lexical
narrative_tfidf__венерический,-0.15178329978566726,0.15178329978566726,lexical
narrative_tfidf__спокойный,0.15173976483691218,0.15173976483691218,lexical
narrative_tfidf__рана,0.15156148820548354,0.15156148820548354,lexical
narrative_tfidf__ммг,-0.15131730245019426,0.15131730245019426,lexical
narrative_tfidf__прниём,0.15088979433886726,0.15088979433886726,lexical
narrative_tfidf__общеий,0.15088979433886726,0.15088979433886726,lexical
narrative_tfidf__продукт,-0.1502858261669579,0.1502858261669579,lexical
narrative_tfidf__калькулёзный,0.15022721600268296,0.15022721600268296,lexical
narrative_tfidf__уретра,-0.15013667905595496,0.15013667905595496,lexical
narrative_tfidf__свод,-0.15013667905595496,0.15013667905595496,lexical
narrative_tfidf__полость,0.14955190571841093,0.14955190571841093,lexical
narrative_tfidf__аритмичный,0.14954700235899848,0.14954700235899848,lexical
narrative_tfidf__диагноз,-0.14913417378225985,0.14913417378225985,clinical terms
narrative_tfidf__линия,-0.14898987819822443,0.14898987819822443,lexical
narrative_tfidf__отрыжка,0.14827335197369945,0.14827335197369945,lexical
narrative_tfidf__дообследование,0.14801762359238593,0.14801762359238593,lexical
narrative_tfidf__перенести,-0.14785318741809958,0.14785318741809958,lexical
narrative_tfidf__туберкулёз,-0.14777940058478484,0.14777940058478484,lexical
narrative_tfidf__ослабить,-0.14740930736040067,0.14740930736040067,lexical
narrative_tfidf__отр,0.1472384188446052,0.1472384188446052,lexical
narrative_tfidf__эффективность,-0.14702342156942863,0.14702342156942863,lexical
narrative_tfidf__аденомиоз,-0.14650896462449642,0.14650896462449642,lexical
narrative_tfidf__сосуд,0.1463701084970885,0.1463701084970885,lexical
narrative_tfidf__ремиссия,-0.1460643513222257,0.1460643513222257,lexical
narrative_tfidf__тактика,0.14558202839353526,0.14558202839353526,lexical
narrative_tfidf__глаз,0.14558026410687355,0.14558026410687355,lexical
narrative_tfidf__помнить,0.14553898332905554,0.14553898332905554,lexical
narrative_tfidf__name,-0.1450278647990881,0.1450278647990881,lexical
narrative_tfidf__пастозный,0.14457870093034692,0.14457870093034692,lexical
narrative_tfidf__аллергологический,-0.14449295515457566,0.14449295515457566,lexical
narrative_tfidf__экг,0.14429988546836428,0.14429988546836428,lexical
narrative_tfidf__амбулаторный,0.14411906146883813,0.14411906146883813,lexical
narrative_tfidf__частота,0.14401197177049568,0.14401197177049568,lexical
narrative_tfidf__проведение,-0.14322603091706057,0.14322603091706057,lexical
narrative_tfidf__жареный,-0.1429875739095991,0.1429875739095991,lexical
narrative_tfidf__бак,-0.1429875739095991,0.1429875739095991,lexical
narrative_tfidf__кожа,-0.14271168187197467,0.14271168187197467,lexical
narrative_tfidf__флг,-0.14260966014940094,0.14260966014940094,lexical
narrative_tfidf__бытовой,0.14239757613897047,0.14239757613897047,lexical
narrative_tfidf__балл,-0.14225145561995264,0.14225145561995264,lexical
narrative_tfidf__hg,0.14211884747890896,0.14211884747890896,lexical
narrative_tfidf__окраска,-0.14156679027487093,0.14156679027487093,lexical
narrative_tfidf__соль,-0.14145739163152674,0.14145739163152674,lexical
narrative_tfidf__рекомендация,0.14121347116638802,0.14121347116638802,lexical
narrative_tfidf__начать,-0.14118377463236648,0.14118377463236648,lexical
narrative_tfidf__грыжевый,0.1411766670360479,0.1411766670360479,lexical
narrative_tfidf__лпвп,0.14114072917319923,0.14114072917319923,lexical
narrative_tfidf__характер,-0.14103802902622786,0.14103802902622786,lexical
narrative_tfidf__ночной,-0.14019792394645336,0.14019792394645336,lexical
narrative_tfidf__давление,0.1397743342149447,0.1397743342149447,lexical
narrative_tfidf__госпитализация,-0.13928471359134037,0.13928471359134037,clinical terms
narrative_tfidf__равномерно,-0.13883634131019262,0.13883634131019262,lexical
narrative_tfidf__однако,-0.1386541645750721,0.1386541645750721,lexical
narrative_tfidf__жизнь,-0.13860755725573162,0.13860755725573162,lexical
narrative_tfidf__сознание,0.13839420439153394,0.13839420439153394,lexical
narrative_tfidf__мочегонное,0.1383929826214769,0.1383929826214769,lexical
narrative_tfidf__колика,0.13807359347599152,0.13807359347599152,lexical
narrative_tfidf__запись,0.13795192590204075,0.13795192590204075,lexical
narrative_tfidf__медсоветник,0.13795192590204075,0.13795192590204075,lexical
narrative_tfidf__самостоятельный,0.13771636635539172,0.13771636635539172,lexical
narrative_tfidf__пищеварение,0.13771636635539172,0.13771636635539172,lexical
narrative_tfidf__выслушиваться,0.13771636635539172,0.13771636635539172,lexical
narrative_tfidf__контроль,0.13731829851848393,0.13731829851848393,lexical
narrative_tfidf__проба,-0.13720788655091212,0.13720788655091212,lexical
narrative_tfidf__отдел,0.1371292784534735,0.1371292784534735,lexical
narrative_tfidf__стол,0.13706548223087084,0.13706548223087084,lexical
narrative_tfidf__печень,0.13687931844390197,0.13687931844390197,lexical
narrative_tfidf__находиться,-0.13594789068298102,0.13594789068298102,lexical
numeric__age,0.13584009981846631,0.13584009981846631,demographics
narrative_tfidf__дать,0.1358277275137943,0.1358277275137943,lexical
narrative_tfidf__оперировать,0.13560083771805806,0.13560083771805806,lexical
narrative_tfidf__арифон,0.13515464065977018,0.13515464065977018,lexical
narrative_tfidf__наполнение,0.1349999193779692,0.1349999193779692,lexical
narrative_tfidf__обычно,-0.13472534330350938,0.13472534330350938,lexical
narrative_tfidf__минута,0.13455144563933474,0.13455144563933474,lexical
narrative_tfidf__гуз,-0.13413812186730995,0.13413812186730995,lexical
narrative_tfidf__стационарный,-0.13413812186730995,0.13413812186730995,lexical
narrative_tfidf__еда,-0.13412261192777541,0.13412261192777541,lexical
narrative_tfidf__контакт,-0.13400974761752288,0.13400974761752288,lexical
narrative_tfidf__выходной,0.13353965627250286,0.13353965627250286,lexical
narrative_tfidf__обследоваться,-0.13304170276011845,0.13304170276011845,lexical
narrative_tfidf__провериться,-0.13292777689745033,0.13292777689745033,lexical
narrative_tfidf__эгдс,-0.13287586224876788,0.13287586224876788,lexical
narrative_tfidf__степень,0.13239050378244036,0.13239050378244036,lexical
narrative_tfidf__тяжесть,-0.13228457470800475,0.13228457470800475,lexical
narrative_tfidf__костный,0.13179695419421744,0.13179695419421744,lexical
narrative_tfidf__очередь,-0.13149401264904162,0.13149401264904162,lexical
narrative_tfidf__гриль,-0.13149401264904162,0.13149401264904162,lexical
narrative_tfidf__тренировка,-0.13149401264904162,0.13149401264904162,lexical
narrative_tfidf__глобальный,-0.13149401264904162,0.13149401264904162,lexical
narrative_tfidf__готовить,-0.13149401264904162,0.13149401264904162,lexical
narrative_tfidf__студенческий,-0.13149401264904162,0.13149401264904162,lexical
narrative_tfidf__гиппердиппер,-0.13149401264904162,0.13149401264904162,lexical
narrative_tfidf__наоборот,-0.13149401264904162,0.13149401264904162,lexical
narrative_tfidf__лишний,-0.13149401264904162,0.13149401264904162,lexical
narrative_tfidf__насыщенный,-0.13149401264904162,0.13149401264904162,lexical
narrative_tfidf__запекать,-0.13149401264904162,0.13149401264904162,lexical
narrative_tfidf__упростить,-0.13149401264904162,0.13149401264904162,lexical
narrative_tfidf__настаивать,-0.13149401264904162,0.13149401264904162,lexical
narrative_tfidf__срезать,-0.13149401264904162,0.13149401264904162,lexical
narrative_tfidf__большинство,-0.13149401264904162,0.13149401264904162,lexical
narrative_tfidf__варить,-0.13149401264904162,0.13149401264904162,lexical
narrative_tfidf__употреблять,-0.13149401264904162,0.13149401264904162,lexical
narrative_tfidf__заниматься,-0.13149401264904162,0.13149401264904162,lexical
narrative_tfidf__урография,-0.13149401264904162,0.13149401264904162,lexical
narrative_tfidf__позволить,-0.13149401264904162,0.13149401264904162,lexical
narrative_tfidf__блуждать,-0.13149401264904162,0.13149401264904162,lexical
narrative_tfidf__начинать,-0.13149401264904162,0.13149401264904162,lexical
narrative_tfidf__повесить,-0.13149401264904162,0.13149401264904162,lexical
narrative_tfidf__контраст,-0.13149401264904162,0.13149401264904162,lexical
narrative_tfidf__систоть,-0.13149401264904162,0.13149401264904162,lexical
narrative_tfidf__непосредственно,-0.13149401264904162,0.13149401264904162,lexical
narrative_tfidf__аппендэктомия,-0.13149401264904162,0.13149401264904162,lexical
narrative_tfidf__ненасыщенный,-0.13149401264904162,0.13149401264904162,lexical
narrative_tfidf__питаться,-0.13149401264904162,0.13149401264904162,lexical
narrative_tfidf__задерживать,-0.13149401264904162,0.13149401264904162,lexical
narrative_tfidf__гмлж,-0.13149401264904162,0.13149401264904162,lexical
narrative_tfidf__клинически,-0.13149401264904162,0.13149401264904162,lexical
narrative_tfidf__морской,-0.13149401264904162,0.13149401264904162,lexical
narrative_tfidf__красный,-0.13149401264904162,0.13149401264904162,lexical
narrative_tfidf__смена,-0.13149401264904162,0.13149401264904162,lexical
narrative_tfidf__снимать,-0.13149401264904162,0.13149401264904162,lexical
narrative_tfidf__хол,-0.13149401264904162,0.13149401264904162,lexical
narrative_tfidf__многие,-0.13149401264904162,0.13149401264904162,lexical
narrative_tfidf__кожица,-0.13149401264904162,0.13149401264904162,lexical
narrative_tfidf__способствовать,-0.13149401264904162,0.13149401264904162,lexical
narrative_tfidf__трубка,-0.13149401264904162,0.13149401264904162,lexical
narrative_tfidf__ангиография,-0.13149401264904162,0.13149401264904162,lexical
narrative_tfidf__продолжать,-0.13149401264904162,0.13149401264904162,lexical
narrative_tfidf__пачка,-0.13149401264904162,0.13149401264904162,lexical
narrative_tfidf__опасный,-0.13149401264904162,0.13149401264904162,lexical
narrative_tfidf__произойти,-0.13149401264904162,0.13149401264904162,lexical
narrative_tfidf__достигнуть,-0.13149401264904162,0.13149401264904162,lexical
narrative_tfidf__нужный,-0.13149401264904162,0.13149401264904162,lexical
narrative_tfidf__тушить,-0.13149401264904162,0.13149401264904162,lexical
narrative_tfidf__случать,-0.13149401264904162,0.13149401264904162,lexical
narrative_tfidf__куриный,-0.13149401264904162,0.13149401264904162,lexical
narrative_tfidf__эутиреоз,-0.13149401264904162,0.13149401264904162,lexical
narrative_tfidf__флаг,-0.13149401264904162,0.13149401264904162,lexical
narrative_tfidf__протеин,-0.13149401264904162,0.13149401264904162,lexical
narrative_tfidf__тиреоидный,-0.13149401264904162,0.13149401264904162,lexical
narrative_tfidf__непроходимость,0.13128262599796994,0.13128262599796994,lexical
narrative_tfidf__самочувствие,0.13094075756227405,0.13094075756227405,lexical
narrative_tfidf__воспалить,-0.1306566918769583,0.1306566918769583,lexical
narrative_tfidf__ухудшение,0.1305209352278264,0.1305209352278264,lexical
narrative_tfidf__мочеточник,0.13010686905566787,0.13010686905566787,lexical
narrative_tfidf__анамнез,0.12979122053294181,0.12979122053294181,clinical terms
narrative_tfidf__страдать,0.12951505896443408,0.12951505896443408,lexical
narrative_tfidf__эндометриоз,-0.12941439088801554,0.12941439088801554,lexical
narrative_tfidf__светлый,-0.12862809601442218,0.12862809601442218,lexical
narrative_tfidf__мкб,0.1286072850180004,0.1286072850180004,lexical
narrative_tfidf__инфекционный,-0.1286009524425157,0.1286009524425157,lexical
narrative_tfidf__повторный,0.1279190055338947,0.1279190055338947,lexical
narrative_tfidf__содержать,-0.12765420619174292,0.12765420619174292,lexical
narrative_tfidf__адаптировать,0.12720519479170467,0.12720519479170467,lexical
narrative_tfidf__отмечать,0.1271323877455255,0.1271323877455255,lexical
narrative_tfidf__тяжёлый,0.12706196881820286,0.12706196881820286,lexical
narrative_tfidf__месяцйев,-0.12688761408062607,0.12688761408062607,lexical
narrative_tfidf__условие,-0.12688761408062607,0.12688761408062607,lexical
narrative_tfidf__каб,-0.12688761408062607,0.12688761408062607,lexical
narrative_tfidf__смтровой,-0.12688761408062607,0.12688761408062607,lexical
narrative_tfidf__пентас,-0.12688761408062607,0.12688761408062607,lexical
narrative_tfidf__дефект,-0.12688761408062607,0.12688761408062607,lexical
narrative_tfidf__коричневый,-0.12688761408062607,0.12688761408062607,lexical
narrative_tfidf__диапазон,-0.12688761408062607,0.12688761408062607,lexical
narrative_tfidf__вн,-0.12688761408062607,0.12688761408062607,lexical
narrative_tfidf__социальный,-0.12688761408062607,0.12688761408062607,lexical
narrative_tfidf__ежедневно,-0.12688761408062607,0.12688761408062607,lexical
narrative_tfidf__мокрота,-0.1267258892417403,0.1267258892417403,lexical
narrative_tfidf__лёгочный,0.12672443688714966,0.12672443688714966,lexical
narrative_tfidf__голень,0.12661793005077795,0.12661793005077795,lexical
narrative_tfidf__отхождение,0.12650499808333263,0.12650499808333263,lexical
narrative_tfidf__длт,0.12650499808333263,0.12650499808333263,lexical
narrative_tfidf__железа,-0.1264129280045086,0.1264129280045086,lexical
narrative_tfidf__нарушение,0.12641025779765977,0.12641025779765977,lexical
narrative_tfidf__ся,-0.12634401535411427,0.12634401535411427,lexical
narrative_tfidf__положить,0.12603650163666813,0.12603650163666813,lexical
narrative_tfidf__кисточка,0.1258359882500687,0.1258359882500687,lexical
narrative_tfidf__применение,0.12540853535825236,0.12540853535825236,lexical
narrative_tfidf__считаться,-0.12533730152939004,0.12533730152939004,lexical
narrative_tfidf__поддерживать,-0.12533730152939004,0.12533730152939004,lexical
narrative_tfidf__человек,-0.12533730152939004,0.12533730152939004,lexical
narrative_tfidf__этот,-0.12533730152939004,0.12533730152939004,lexical
narrative_tfidf__чдд,0.12528539634111235,0.12528539634111235,lexical
narrative_tfidf__стрия,0.12492707457499067,0.12492707457499067,lexical
narrative_tfidf__выброс,0.12456698300360344,0.12456698300360344,lexical
narrative_tfidf__средне,0.12449517757289885,0.12449517757289885,lexical
narrative_tfidf__суточный,0.12430362055437084,0.12430362055437084,lexical
narrative_tfidf__получение,-0.12403350182746804,0.12403350182746804,lexical
narrative_tfidf__ромберг,0.12369435053763933,0.12369435053763933,lexical
narrative_tfidf__поза,0.12369435053763933,0.12369435053763933,lexical
narrative_tfidf__придаток,-0.12359174490779784,0.12359174490779784,lexical
narrative_tfidf__относительный,0.12355919610618502,0.12355919610618502,lexical
narrative_tfidf__целевой,-0.12334487310968452,0.12334487310968452,lexical
narrative_tfidf__память,0.12297300270821808,0.12297300270821808,lexical
narrative_tfidf__слабость,-0.12274144681436011,0.12274144681436011,lexical
narrative_tfidf__рт,0.12273849638939588,0.12273849638939588,lexical
narrative_tfidf__лпнп,0.12264846988125373,0.12264846988125373,lexical
narrative_tfidf__количество,-0.12256967185712812,0.12256967185712812,lexical
narrative_tfidf__единичный,0.12249202626553551,0.12249202626553551,lexical
narrative_tfidf__тромбоасса,0.12240912024033733,0.12240912024033733,lexical
narrative_tfidf__мягкий,-0.12238350938893475,0.12238350938893475,lexical
narrative_tfidf__провоцировать,-0.12224956239780468,0.12224956239780468,lexical
narrative_tfidf__проводить,-0.12215335820662744,0.12215335820662744,lexical
narrative_tfidf__тонометр,0.12191898136556562,0.12191898136556562,lexical
narrative_tfidf__заживать,0.12177595793616465,0.12177595793616465,lexical
narrative_tfidf__новообразование,0.12177595793616465,0.12177595793616465,lexical
narrative_tfidf__натяжение,0.12177595793616465,0.12177595793616465,lexical
narrative_tfidf__рудец,0.12177595793616465,0.12177595793616465,lexical
narrative_tfidf__болезный,0.12177595793616465,0.12177595793616465,lexical
narrative_tfidf__хеликобактёр,-0.12141734375804349,0.12141734375804349,lexical
narrative_tfidf__пища,-0.12137274322914562,0.12137274322914562,lexical
narrative_tfidf__глотка,0.12128367976440577,0.12128367976440577,lexical
narrative_tfidf__глюкоза,0.12120768215938273,0.12120768215938273,lexical
narrative_tfidf__принять,0.1204968277309629,0.1204968277309629,lexical
narrative_tfidf__ноющий,-0.12028829552173573,0.12028829552173573,lexical
narrative_tfidf__забол,-0.12027461551922086,0.12027461551922086,lexical
narrative_tfidf__ограничить,-0.12015903734773155,0.12015903734773155,lexical
narrative_tfidf__атрофический,0.12009009290090025,0.12009009290090025,lexical
narrative_tfidf__через,-0.12007118899507417,0.12007118899507417,lexical
narrative_tfidf__плечо,0.11970618038238028,0.11970618038238028,lexical
narrative_tfidf__тянущий,-0.11957884210299267,0.11957884210299267,lexical
narrative_tfidf__погрешность,-0.11923025050738513,0.11923025050738513,lexical
narrative_tfidf__гладкий,0.1187759228063179,0.1187759228063179,lexical
narrative_tfidf__утром,0.11870804078224638,0.11870804078224638,lexical
narrative_tfidf__вес,0.11868852670803688,0.11868852670803688,lexical
narrative_tfidf__хсн,0.1184771203970988,0.1184771203970988,lexical
narrative_tfidf__октябрь,0.11835305554548817,0.11835305554548817,lexical
narrative_tfidf__терапия,-0.11771145983067413,0.11771145983067413,clinical terms
narrative_tfidf__участвовать,0.11760947861478241,0.11760947861478241,lexical
narrative_tfidf__месалазин,-0.117395962061297,0.117395962061297,lexical
narrative_tfidf__экспертный,-0.11680058925953989,0.11680058925953989,lexical
narrative_tfidf__отметить,-0.11662829773874003,0.11662829773874003,lexical
narrative_tfidf__средний,-0.1163667703342781,0.1163667703342781,lexical
narrative_tfidf__ускорение,-0.11626979271339569,0.11626979271339569,lexical
narrative_tfidf__индекс,0.11612979652763443,0.11612979652763443,lexical
narrative_tfidf__фрукт,-0.11603439390999695,0.11603439390999695,lexical
narrative_tfidf__овощ,-0.11603439390999695,0.11603439390999695,lexical
title_tfidf__органосохранять,-0.1159027526842863,0.1159027526842863,lexical
title_tfidf__оперативный,-0.1159027526842863,0.1159027526842863,lexical
narrative_tfidf__рвота,-0.1157025356780577,0.1157025356780577,lexical
narrative_tfidf__температура,-0.11565067860263033,0.11565067860263033,lexical
narrative_tfidf__чувство,0.11534846332246226,0.11534846332246226,lexical
narrative_tfidf__пульмонолог,-0.1152722777890072,0.1152722777890072,lexical
narrative_tfidf__диагностировать,-0.1152722777890072,0.1152722777890072,lexical
narrative_tfidf__эпизодически,-0.1152722777890072,0.1152722777890072,lexical
narrative_tfidf__аллерголог,-0.1152722777890072,0.1152722777890072,lexical
narrative_tfidf__учёт,0.11514715880317962,0.11514715880317962,lexical
narrative_tfidf__состоять,0.11514715880317962,0.11514715880317962,lexical
narrative_tfidf__дальнейший,0.11507842166720035,0.11507842166720035,lexical
narrative_tfidf__гормон,-0.11490248103853871,0.11490248103853871,lexical
narrative_tfidf__экстрасистола,0.11346089244191564,0.11346089244191564,lexical
narrative_tfidf__престариум,-0.1133777766450911,0.1133777766450911,lexical
narrative_tfidf__ад,0.11334787759184563,0.11334787759184563,lexical
narrative_tfidf__мы,0.11295890551015594,0.11295890551015594,lexical
narrative_tfidf__ротоглотка,0.11264682495945098,0.11264682495945098,lexical
narrative_tfidf__амилаза,0.11258360899032444,0.11258360899032444,lexical
narrative_tfidf__хронический,0.11154771872960689,0.11154771872960689,lexical
narrative_tfidf__цель,0.11113334585588146,0.11113334585588146,lexical
narrative_tfidf__физиотенз,0.1111292950133036,0.1111292950133036,lexical
narrative_tfidf__ведение,0.11089857504190678,0.11089857504190678,lexical
narrative_tfidf__катаральный,-0.1108742925845409,0.1108742925845409,lexical
narrative_tfidf__масса,0.11054329667214899,0.11054329667214899,lexical
narrative_tfidf__локп,-0.11003640966718685,0.11003640966718685,lexical
narrative_tfidf__возраст,0.10912185091940932,0.10912185091940932,lexical
narrative_tfidf__таз,-0.10899995004538814,0.10899995004538814,lexical
narrative_tfidf__выявление,0.10887401920324324,0.10887401920324324,lexical
narrative_tfidf__толстой,-0.10878396934021337,0.10878396934021337,lexical
narrative_tfidf__просыпаться,-0.10862759823143399,0.10862759823143399,lexical
narrative_tfidf__втянутый,-0.10862432903604974,0.10862432903604974,lexical
title_tfidf__кишка,-0.10858376657112802,0.10858376657112802,lexical
narrative_tfidf__розувастатин,0.10855134258218475,0.10855134258218475,lexical
narrative_tfidf__достижение,-0.10843220800226062,0.10843220800226062,lexical
narrative_tfidf__коррекция,-0.10823374984677395,0.10823374984677395,lexical
narrative_tfidf__примесь,0.10820686731942916,0.10820686731942916,lexical
narrative_tfidf__ряд,-0.10801501764170163,0.10801501764170163,lexical
narrative_tfidf__спазмировать,-0.1078667871025505,0.1078667871025505,lexical
narrative_tfidf__принмаять,-0.1078206390012828,0.1078206390012828,lexical
narrative_tfidf__хвостек,0.10777394619830333,0.10777394619830333,lexical
narrative_tfidf__профиль,-0.10760952854500157,0.10760952854500157,lexical
narrative_tfidf__оак,-0.10737511984575408,0.10737511984575408,lexical
narrative_tfidf__омт,-0.10642236368914448,0.10642236368914448,lexical
narrative_tfidf__скл,-0.10586686271482236,0.10586686271482236,lexical
narrative_tfidf__нормостеник,-0.10586686271482236,0.10586686271482236,lexical
narrative_tfidf__кнаружи,-0.10586686271482236,0.10586686271482236,lexical
narrative_tfidf__гиперестезия,-0.10586686271482236,0.10586686271482236,lexical
narrative_tfidf__прекордиальный,-0.10586686271482236,0.10586686271482236,lexical
narrative_tfidf__сместить,-0.10586686271482236,0.10586686271482236,lexical
narrative_tfidf__сп,-0.10576329966361003,0.10576329966361003,lexical
narrative_tfidf__обращение,0.10558368300973892,0.10558368300973892,lexical
narrative_tfidf__обнаружить,0.1053873994257385,0.1053873994257385,lexical
narrative_tfidf__связывать,-0.10524416308182061,0.10524416308182061,lexical
narrative_tfidf__установленный,0.10510987286146804,0.10510987286146804,lexical
narrative_tfidf__предыдущий,0.10510987286146804,0.10510987286146804,lexical
narrative_tfidf__медикамент,0.10510987286146804,0.10510987286146804,lexical
narrative_tfidf__вид,-0.10509775405043299,0.10509775405043299,lexical
narrative_tfidf__вечер,0.10487097940309058,0.10487097940309058,lexical
narrative_tfidf__актуализировать,-0.10463947347430737,0.10463947347430737,lexical
narrative_tfidf__где,0.10461330130118524,0.10461330130118524,lexical
narrative_tfidf__плёнка,0.10448628629083916,0.10448628629083916,lexical
narrative_tfidf__боллезнь,0.10448628629083916,0.10448628629083916,lexical
narrative_tfidf__нёбный,0.10448628629083916,0.10448628629083916,lexical
narrative_tfidf__кортизола,0.10448628629083916,0.10448628629083916,lexical
narrative_tfidf__почеиспускание,0.10448628629083916,0.10448628629083916,lexical
narrative_tfidf__терминальный,0.10448628629083916,0.10448628629083916,lexical
narrative_tfidf__опертивный,0.10448628629083916,0.10448628629083916,lexical
narrative_tfidf__учашенный,0.10448628629083916,0.10448628629083916,lexical
narrative_tfidf__болезненно,0.10448628629083916,0.10448628629083916,lexical
narrative_tfidf__зернистость,0.10448628629083916,0.10448628629083916,lexical
narrative_tfidf__илеит,0.10448628629083916,0.10448628629083916,lexical
narrative_tfidf__зкз,0.10448628629083916,0.10448628629083916,lexical
narrative_tfidf__инъецировать,0.10448628629083916,0.10448628629083916,lexical
narrative_tfidf__скф,0.10443716939133645,0.10443716939133645,lexical
narrative_tfidf__диета,-0.10396279832283867,0.10396279832283867,lexical
narrative_tfidf__право,0.10318847931370936,0.10318847931370936,lexical
title_tfidf__хирургический,-0.1028245341477651,0.1028245341477651,clinical terms
narrative_tfidf__она,-0.1025040451523611,0.1025040451523611,lexical
narrative_tfidf__значит,-0.1025040451523611,0.1025040451523611,lexical
narrative_tfidf__ама,-0.1025040451523611,0.1025040451523611,lexical
narrative_tfidf__действовать,-0.1025040451523611,0.1025040451523611,lexical
narrative_tfidf__вещество,-0.1025040451523611,0.1025040451523611,lexical
narrative_tfidf__использование,-0.10232747687613945,0.10232747687613945,lexical
narrative_tfidf__мочиться,0.10227479538347932,0.10227479538347932,lexical
narrative_tfidf__витамин,-0.10215561848191738,0.10215561848191738,lexical
narrative_tfidf__обострение,-0.10213244174920927,0.10213244174920927,lexical
narrative_tfidf__зоб,-0.10198918730417726,0.10198918730417726,lexical
narrative_tfidf__перинева,0.10185882847426922,0.10185882847426922,lexical
narrative_tfidf__зев,-0.10185274726540497,0.10185274726540497,lexical
narrative_tfidf__состояние,0.10181955563209907,0.10181955563209907,lexical
narrative_tfidf__уточнить,0.10180332239842592,0.10180332239842592,lexical
narrative_tfidf__счёт,-0.10131612811476332,0.10131612811476332,lexical
narrative_tfidf__тракт,0.10054418159493313,0.10054418159493313,lexical
narrative_tfidf__объём,-0.10053759329891081,0.10053759329891081,lexical
narrative_tfidf__призывный,0.10013751670203824,0.10013751670203824,lexical
narrative_tfidf__резекция,0.10013751670203824,0.10013751670203824,lexical
narrative_tfidf__всязь,0.10013751670203824,0.10013751670203824,lexical
narrative_tfidf__конфигурация,0.10013751670203824,0.10013751670203824,lexical
narrative_tfidf__чередоваться,0.10013751670203824,0.10013751670203824,lexical
narrative_tfidf__энтеростомия,0.10013751670203824,0.10013751670203824,lexical
narrative_tfidf__комиссия,0.10013751670203824,0.10013751670203824,lexical
narrative_tfidf__флюрография,0.10013751670203824,0.10013751670203824,lexical
narrative_tfidf__защита,0.10013751670203824,0.10013751670203824,lexical
narrative_tfidf__тощий,0.10013751670203824,0.10013751670203824,lexical
narrative_tfidf__грыжа,0.10013751670203824,0.10013751670203824,lexical
narrative_tfidf__ый,0.10013751670203824,0.10013751670203824,lexical
narrative_tfidf__дний,0.10013751670203824,0.10013751670203824,lexical
narrative_tfidf__температурить,0.10013751670203824,0.10013751670203824,lexical
narrative_tfidf__географический,0.10013751670203824,0.10013751670203824,lexical
narrative_tfidf__прививка,0.10013751670203824,0.10013751670203824,lexical
narrative_tfidf__нормостенический,0.1000714552186229,0.1000714552186229,lexical
narrative_tfidf__понижение,0.09993858681221303,0.09993858681221303,lexical
narrative_tfidf__астма,-0.09983503117936474,0.09983503117936474,lexical
narrative_tfidf__послеоперационный,0.09975273020205092,0.09975273020205092,lexical
narrative_tfidf__назначение,0.09967953232059865,0.09967953232059865,lexical
narrative_tfidf__гемор,-0.09966829288274148,0.09966829288274148,lexical
narrative_tfidf__кищшечник,-0.09966829288274148,0.09966829288274148,lexical
narrative_tfidf__болезньюкрон,-0.09966829288274148,0.09966829288274148,lexical
narrative_tfidf__ет,-0.09966829288274148,0.09966829288274148,lexical
narrative_tfidf__раз,-0.09923614457819598,0.09923614457819598,lexical
narrative_tfidf__звук,0.0991734912640703,0.0991734912640703,lexical
narrative_tfidf__гб,0.09897412950597355,0.09897412950597355,lexical
narrative_tfidf__цилиндрический,-0.09817149501013674,0.09817149501013674,lexical
narrative_tfidf__сейчас,0.09807135911844168,0.09807135911844168,lexical
narrative_tfidf__деж,0.09792246080574649,0.09792246080574649,lexical
narrative_tfidf__ан,0.09792246080574649,0.09792246080574649,lexical
narrative_tfidf__холангит,-0.09786438151909185,0.09786438151909185,lexical
narrative_tfidf__индуцировать,-0.09786438151909185,0.09786438151909185,lexical
narrative_tfidf__минимальный,0.09756742007639956,0.09756742007639956,lexical
narrative_tfidf__болевой,-0.09722128171745384,0.09722128171745384,lexical
narrative_tfidf__купироваться,-0.09683724418357677,0.09683724418357677,lexical
narrative_tfidf__неуточненный,-0.09683724418357677,0.09683724418357677,lexical
narrative_tfidf__срок,-0.09673122231792805,0.09673122231792805,lexical
narrative_tfidf__значимый,-0.09650099305638711,0.09650099305638711,lexical
narrative_tfidf__орита,0.09646159096010183,0.09646159096010183,lexical
narrative_tfidf__гть,0.09646159096010183,0.09646159096010183,lexical
narrative_tfidf__дренаж,0.09646159096010183,0.09646159096010183,lexical
narrative_tfidf__подготовить,0.09646159096010183,0.09646159096010183,lexical
narrative_tfidf__трансфузия,0.09646159096010183,0.09646159096010183,lexical
narrative_tfidf__интенсивный,0.09646159096010183,0.09646159096010183,lexical
narrative_tfidf__санация,0.09646159096010183,0.09646159096010183,lexical
narrative_tfidf__плазмый,0.09646159096010183,0.09646159096010183,lexical
narrative_tfidf__таблетка,-0.09602473151818793,0.09602473151818793,lexical
narrative_tfidf__горло,-0.09575618193842496,0.09575618193842496,lexical
narrative_tfidf__патология,0.095709466441007,0.095709466441007,clinical terms
narrative_tfidf__ходить,-0.09566843938360714,0.09566843938360714,lexical
narrative_tfidf__мес,-0.0953918274929075,0.0953918274929075,lexical
narrative_tfidf__pso,0.09510840463307194,0.09510840463307194,lexical
narrative_tfidf__назначить,-0.09509800536484249,0.09509800536484249,lexical
narrative_tfidf__мкмоль,0.09508827201524453,0.09508827201524453,lexical
narrative_tfidf__локца,-0.09467035752244138,0.09467035752244138,lexical
narrative_tfidf__поваренный,-0.09460230506752651,0.09460230506752651,lexical
title_tfidf__мочекаменный,0.09451061788400256,0.09451061788400256,lexical
narrative_tfidf__направление,0.09431075584284762,0.09431075584284762,lexical
narrative_tfidf__интерпретация,0.09431075584284762,0.09431075584284762,lexical
narrative_tfidf__записать,0.09431075584284762,0.09431075584284762,lexical
narrative_tfidf__билирубин,0.09427551023120448,0.09427551023120448,lexical
narrative_tfidf__надчревный,0.0941085435624318,0.0941085435624318,lexical
narrative_tfidf__рвд,0.0941085435624318,0.0941085435624318,lexical
narrative_tfidf__пантопрозола,0.0941085435624318,0.0941085435624318,lexical
narrative_tfidf__мгпо,0.0941085435624318,0.0941085435624318,lexical
narrative_tfidf__маалокс,0.0941085435624318,0.0941085435624318,lexical
narrative_tfidf__пастернаский,0.0941085435624318,0.0941085435624318,lexical
narrative_tfidf__амокициклин,0.0941085435624318,0.0941085435624318,lexical
narrative_tfidf__серый,0.0941085435624318,0.0941085435624318,lexical
narrative_tfidf__купирование,-0.09406248458095794,0.09406248458095794,lexical
narrative_tfidf__чесотка,0.09403852384783998,0.09403852384783998,lexical
narrative_tfidf__генетический,0.0939174102117258,0.0939174102117258,lexical
narrative_tfidf__возбудитель,0.0939174102117258,0.0939174102117258,lexical
narrative_tfidf__затем,0.09390964301456782,0.09390964301456782,lexical
narrative_tfidf__тонус,0.09381431247597911,0.09381431247597911,lexical
narrative_tfidf__фв,0.09378902388393912,0.09378902388393912,lexical
narrative_tfidf__клинический,-0.09377952140465631,0.09377952140465631,lexical
narrative_tfidf__настоящий,0.09366155132159978,0.09366155132159978,lexical
narrative_tfidf__опред,-0.09349529758133504,0.09349529758133504,lexical
narrative_tfidf__нарушенный,0.09336847375480621,0.09336847375480621,lexical
narrative_tfidf__ретмичный,0.09336847375480621,0.09336847375480621,lexical
narrative_tfidf__эффективно,0.09336847375480621,0.09336847375480621,lexical
narrative_tfidf__отсутсвие,0.09336847375480621,0.09336847375480621,lexical
narrative_tfidf__вялость,0.09336847375480621,0.09336847375480621,lexical
narrative_tfidf__спойной,0.09336847375480621,0.09336847375480621,lexical
narrative_tfidf__род,0.09336847375480621,0.09336847375480621,lexical
narrative_tfidf__переферический,0.09336847375480621,0.09336847375480621,lexical
narrative_tfidf__твёрдый,0.09336847375480621,0.09336847375480621,lexical
narrative_tfidf__диспансерноу,0.09336847375480621,0.09336847375480621,lexical
narrative_tfidf__лс,0.09284025171646715,0.09284025171646715,lexical
narrative_tfidf__животное,-0.09283945105655038,0.09283945105655038,lexical
narrative_tfidf__лабильность,0.0927232935913335,0.0927232935913335,lexical
narrative_tfidf__базисный,0.09234925690405443,0.09234925690405443,lexical
narrative_tfidf__нед,0.09229705757401144,0.09229705757401144,lexical
narrative_tfidf__конический,-0.09228377836399601,0.09228377836399601,lexical
narrative_tfidf__первичный,-0.09226900873988514,0.09226900873988514,lexical
narrative_tfidf__сыпь,0.09213837538790572,0.09213837538790572,lexical
narrative_tfidf__бронхиальный,-0.09188890929587118,0.09188890929587118,lexical
narrative_tfidf__избыточно,-0.09184232970346348,0.09184232970346348,lexical
narrative_tfidf__эзетимиб,0.09180684018025301,0.09180684018025301,lexical
narrative_tfidf__основание,0.09173585159533876,0.09173585159533876,lexical
narrative_tfidf__гиперемиро,0.0911187733208249,0.0911187733208249,lexical
narrative_tfidf__постоянный,0.09104802710135995,0.09104802710135995,lexical
narrative_tfidf__фн,-0.09100750695241486,0.09100750695241486,lexical
narrative_tfidf__градус,-0.09100750695241486,0.09100750695241486,lexical
narrative_tfidf__tbs,-0.09100750695241486,0.09100750695241486,lexical
narrative_tfidf__регион,-0.09100750695241486,0.09100750695241486,lexical
narrative_tfidf__localis,-0.09100750695241486,0.09100750695241486,lexical
narrative_tfidf__неактивный,-0.09099186421039929,0.09099186421039929,lexical
narrative_tfidf__гистология,-0.09099186421039929,0.09099186421039929,lexical
narrative_tfidf__источник,-0.09099186421039929,0.09099186421039929,lexical
narrative_tfidf__отдых,-0.09095234277926549,0.09095234277926549,lexical
narrative_tfidf__лаб,-0.09095234277926549,0.09095234277926549,lexical
narrative_tfidf__физ,-0.09095234277926549,0.09095234277926549,lexical
narrative_tfidf__купиркета,-0.09095234277926549,0.09095234277926549,lexical
narrative_tfidf__гастроэнтеролог,-0.09093634533318522,0.09093634533318522,lexical
narrative_tfidf__кронать,-0.09087360137496771,0.09087360137496771,lexical
narrative_tfidf__нии,-0.09087360137496771,0.09087360137496771,lexical
narrative_tfidf__проктология,-0.09087360137496771,0.09087360137496771,lexical
narrative_tfidf__биотерапия,-0.09087360137496771,0.09087360137496771,lexical
narrative_tfidf__интрасфинктерный,-0.09087360137496771,0.09087360137496771,lexical
narrative_tfidf__подздошный,-0.09087360137496771,0.09087360137496771,lexical
narrative_tfidf__элн,-0.09087360137496771,0.09087360137496771,lexical
narrative_tfidf__прямой,-0.09087360137496771,0.09087360137496771,lexical
narrative_tfidf__нол,-0.09087246095083938,0.09087246095083938,lexical
narrative_tfidf__де,-0.09087246095083938,0.09087246095083938,lexical
narrative_tfidf__бады,-0.09063513382553572,0.09063513382553572,lexical
narrative_tfidf__коллега,-0.09044398865916468,0.09044398865916468,lexical
narrative_tfidf__знакомый,-0.09044398865916468,0.09044398865916468,lexical
narrative_tfidf__возникнуть,0.09036975196205958,0.09036975196205958,lexical
narrative_tfidf__стабильный,-0.09021605921991693,0.09021605921991693,lexical
narrative_tfidf__эпигастрия,-0.09015626192811498,0.09015626192811498,lexical
narrative_tfidf__происхождение,-0.0901328103999697,0.0901328103999697,lexical
narrative_tfidf__панкреатит,-0.0900736439077994,0.0900736439077994,lexical
title_tfidf__молочный,-0.08993257415191519,0.08993257415191519,lexical
title_tfidf__доброкачественный,-0.08993257415191519,0.08993257415191519,lexical
title_tfidf__ддмжа,-0.08993257415191519,0.08993257415191519,lexical
title_tfidf__дисплазия,-0.08993257415191519,0.08993257415191519,lexical
narrative_tfidf__сердцебиение,0.08972546585856855,0.08972546585856855,lexical
narrative_tfidf__рыба,-0.0897233897437016,0.0897233897437016,lexical
narrative_tfidf__сократимость,-0.0897233897437016,0.0897233897437016,lexical
narrative_tfidf__мжп,-0.0897233897437016,0.0897233897437016,lexical
narrative_tfidf__конец,0.08963567267266044,0.08963567267266044,lexical
narrative_tfidf__содержимое,0.08963567267266044,0.08963567267266044,lexical
narrative_tfidf__воз,0.08948414913009671,0.08948414913009671,lexical
narrative_tfidf__горечь,0.08893801742189068,0.08893801742189068,lexical
narrative_tfidf__амп,-0.08868312183749767,0.08868312183749767,lexical
narrative_tfidf__бледно,-0.08853797983362387,0.08853797983362387,lexical
narrative_tfidf__обращаться,0.08843806778333926,0.08843806778333926,lexical
narrative_tfidf__флора,-0.08802040897085957,0.08802040897085957,lexical
narrative_tfidf__уменьшение,-0.08802040897085957,0.08802040897085957,lexical
narrative_tfidf__метронидазола,-0.08802040897085957,0.08802040897085957,lexical
narrative_tfidf__анаэробный,-0.08802040897085957,0.08802040897085957,lexical
narrative_tfidf__anamnes,-0.08801306830026556,0.08801306830026556,lexical
narrative_tfidf__орви,-0.08797231807046502,0.08797231807046502,lexical
narrative_tfidf__соответствовать,-0.08797184977873862,0.08797184977873862,lexical
gender__gender_unknown,0.0879629282261629,0.0879629282261629,demographics
narrative_tfidf__наружный,-0.08786989800106569,0.08786989800106569,lexical
narrative_tfidf__тяжистотсить,0.08776668831340788,0.08776668831340788,lexical
narrative_tfidf__патололгия,0.08776668831340788,0.08776668831340788,lexical
narrative_tfidf__кишка,-0.08768481935226849,0.08768481935226849,lexical
narrative_tfidf__другой,-0.08747714531075049,0.08747714531075049,lexical
title_tfidf__применение,-0.0874021748059494,0.0874021748059494,lexical
title_tfidf__гипотиреоз,0.0870961417680106,0.0870961417680106,lexical
title_tfidf__щитовидный,0.0870961417680106,0.0870961417680106,lexical
narrative_tfidf__вопрос,0.08698032683347037,0.08698032683347037,lexical
narrative_tfidf__измерение,0.08696115231724423,0.08696115231724423,lexical
narrative_tfidf__потребление,0.08659337479572557,0.08659337479572557,lexical
narrative_tfidf__скопировать,0.0865798994953651,0.0865798994953651,lexical
narrative_tfidf__гореть,0.0865798994953651,0.0865798994953651,lexical
narrative_tfidf__фолиевый,0.0865798994953651,0.0865798994953651,lexical
narrative_tfidf__ситуация,0.0865798994953651,0.0865798994953651,lexical
narrative_tfidf__гальваноз,0.0865798994953651,0.0865798994953651,lexical
narrative_tfidf__пакет,0.0865798994953651,0.0865798994953651,lexical
narrative_tfidf__стоматологический,0.0865798994953651,0.0865798994953651,lexical
narrative_tfidf__стоматология,0.0865798994953651,0.0865798994953651,lexical
narrative_tfidf__диован,0.0865798994953651,0.0865798994953651,lexical
narrative_tfidf__доктор,0.0865798994953651,0.0865798994953651,lexical
narrative_tfidf__щека,0.0865798994953651,0.0865798994953651,lexical
narrative_tfidf__металл,0.0865798994953651,0.0865798994953651,lexical
narrative_tfidf__выставляться,0.0865798994953651,0.0865798994953651,lexical
narrative_tfidf__вероятный,0.0865798994953651,0.0865798994953651,lexical
narrative_tfidf__коснультация,0.0865798994953651,0.0865798994953651,lexical
narrative_tfidf__нарине,0.0865798994953651,0.0865798994953651,lexical
narrative_tfidf__раствор,0.0865798994953651,0.0865798994953651,lexical
narrative_tfidf__кафедра,0.0865798994953651,0.0865798994953651,lexical
narrative_tfidf__полоскание,0.0865798994953651,0.0865798994953651,lexical
narrative_tfidf__разность,0.0865798994953651,0.0865798994953651,lexical
narrative_tfidf__клебсиелла,0.0865798994953651,0.0865798994953651,lexical
narrative_tfidf__биохимический,0.0865798994953651,0.0865798994953651,lexical
narrative_tfidf__ухудшиться,0.0865798994953651,0.0865798994953651,lexical
narrative_tfidf__порошок,0.0865798994953651,0.0865798994953651,lexical
narrative_tfidf__феринжект,0.0865798994953651,0.0865798994953651,lexical
narrative_tfidf__пятно,0.0865798994953651,0.0865798994953651,lexical
narrative_tfidf__рецидивировать,0.0865798994953651,0.0865798994953651,lexical
narrative_tfidf__вкус,0.0865798994953651,0.0865798994953651,lexical
narrative_tfidf__микроскопически,0.0865798994953651,0.0865798994953651,lexical
narrative_tfidf__взк,0.0865798994953651,0.0865798994953651,lexical
narrative_tfidf__найти,0.0865798994953651,0.0865798994953651,lexical
narrative_tfidf__бордовый,0.0865798994953651,0.0865798994953651,lexical
narrative_tfidf__век,0.0863697701708236,0.0863697701708236,lexical
narrative_tfidf__одутловатость,0.0863697701708236,0.0863697701708236,lexical
narrative_tfidf__пак,-0.08626937945572873,0.08626937945572873,lexical
narrative_tfidf__под,0.08619807983859601,0.08619807983859601,lexical
narrative_tfidf__усиливаться,0.08618948106556479,0.08618948106556479,lexical
narrative_tfidf__иногда,-0.08615989181564437,0.08615989181564437,lexical
narrative_tfidf__гиперстенический,0.08524952858516421,0.08524952858516421,lexical
narrative_tfidf__кашель,-0.08492115360741055,0.08492115360741055,lexical
narrative_tfidf__стационар,-0.08487281971564081,0.08487281971564081,lexical
narrative_tfidf__соэ,0.08484190027530952,0.08484190027530952,lexical
narrative_tfidf__обычный,-0.08457504027765249,0.08457504027765249,lexical
narrative_tfidf__полный,-0.08438327170740378,0.08438327170740378,lexical
narrative_tfidf__клетчатка,-0.08414527762893959,0.08414527762893959,lexical
narrative_tfidf__разжижение,0.08408465600431521,0.08408465600431521,lexical
narrative_tfidf__двенадцатиперстный,-0.0839304921661206,0.0839304921661206,lexical
narrative_tfidf__кардия,-0.0839304921661206,0.0839304921661206,lexical
narrative_tfidf__дужка,0.08381146583966573,0.08381146583966573,lexical
narrative_tfidf__живот,-0.08376794521648954,0.08376794521648954,lexical
narrative_tfidf__приниматься,0.0837185843240276,0.0837185843240276,lexical
narrative_tfidf__назначать,0.0837185843240276,0.0837185843240276,lexical
narrative_tfidf__один,-0.08336424447193903,0.08336424447193903,lexical
narrative_tfidf__смп,0.08315217912502774,0.08315217912502774,lexical
narrative_tfidf__ритмичный,0.08307654680821257,0.08307654680821257,lexical
narrative_tfidf__ниже,-0.08307374101431027,0.08307374101431027,lexical
narrative_tfidf__поджелудочный,0.08291062356163749,0.08291062356163749,lexical
narrative_tfidf__эзофагит,-0.08273001316157978,0.08273001316157978,lexical
narrative_tfidf__пищевой,0.08248197429352899,0.08248197429352899,lexical
narrative_tfidf__выполнение,-0.0823340818818647,0.0823340818818647,lexical
narrative_tfidf__нетрудоспособный,-0.08220233011711954,0.08220233011711954,lexical
narrative_tfidf__временно,-0.08220233011711954,0.08220233011711954,lexical
narrative_tfidf__трамадол,-0.08220233011711954,0.08220233011711954,lexical
narrative_tfidf__контрольный,-0.08220233011711954,0.08220233011711954,lexical
narrative_tfidf__белок,-0.08215270799641429,0.08215270799641429,lexical
narrative_tfidf__кт,-0.08214889100295598,0.08214889100295598,lexical
narrative_tfidf__ммртс,0.08199079400136292,0.08199079400136292,lexical
narrative_tfidf__существующий,0.08199079400136292,0.08199079400136292,lexical
narrative_tfidf__кофе,0.08199079400136292,0.08199079400136292,lexical
narrative_tfidf__вечерний,0.08199079400136292,0.08199079400136292,lexical
narrative_tfidf__квартира,0.08199079400136292,0.08199079400136292,lexical
narrative_tfidf__чат,0.08199079400136292,0.08199079400136292,lexical
narrative_tfidf__наш,0.08199079400136292,0.08199079400136292,lexical
narrative_tfidf__значительный,0.08199079400136292,0.08199079400136292,lexical
narrative_tfidf__беталок,0.08199079400136292,0.08199079400136292,lexical
narrative_tfidf__понимание,0.08199079400136292,0.08199079400136292,lexical
narrative_tfidf__необходимый,0.08199079400136292,0.08199079400136292,lexical
narrative_tfidf__сидя,0.08199079400136292,0.08199079400136292,lexical
narrative_tfidf__побочный,0.08199079400136292,0.08199079400136292,lexical
narrative_tfidf__сдать,0.08199079400136292,0.08199079400136292,lexical
narrative_tfidf__услуга,0.08199079400136292,0.08199079400136292,lexical
narrative_tfidf__утренний,0.08199079400136292,0.08199079400136292,lexical
narrative_tfidf__нажать,0.08199079400136292,0.08199079400136292,lexical
narrative_tfidf__чай,0.08199079400136292,0.08199079400136292,lexical
narrative_tfidf__опустить,0.08199079400136292,0.08199079400136292,lexical
narrative_tfidf__организация,0.08199079400136292,0.08199079400136292,lexical
narrative_tfidf__июль,0.08199079400136292,0.08199079400136292,lexical
narrative_tfidf__пожалуйста,0.08199079400136292,0.08199079400136292,lexical
narrative_tfidf__мой,0.08199079400136292,0.08199079400136292,lexical
narrative_tfidf__получить,0.08199079400136292,0.08199079400136292,lexical
narrative_tfidf__измеряться,0.08199079400136292,0.08199079400136292,lexical
narrative_tfidf__значительно,0.08199079400136292,0.08199079400136292,lexical
narrative_tfidf__попасть,0.08199079400136292,0.08199079400136292,lexical
narrative_tfidf__развитие,0.08199079400136292,0.08199079400136292,lexical
narrative_tfidf__тм,0.08199079400136292,0.08199079400136292,lexical
narrative_tfidf__выделять,0.08199079400136292,0.08199079400136292,lexical
narrative_tfidf__ссылка,0.08199079400136292,0.08199079400136292,lexical
narrative_tfidf__действие,0.08199079400136292,0.08199079400136292,lexical
narrative_tfidf__делать,0.08199079400136292,0.08199079400136292,lexical
narrative_tfidf__аттенто,0.08199079400136292,0.08199079400136292,lexical
narrative_tfidf__олмесартан,0.08199079400136292,0.08199079400136292,lexical
narrative_tfidf__смс,0.08199079400136292,0.08199079400136292,lexical
narrative_tfidf__беседа,0.08199079400136292,0.08199079400136292,lexical
narrative_tfidf__прохождение,0.08199079400136292,0.08199079400136292,lexical
narrative_tfidf__крепкий,0.08199079400136292,0.08199079400136292,lexical
narrative_tfidf__прямо,0.08199079400136292,0.08199079400136292,lexical
narrative_tfidf__чем,0.08199079400136292,0.08199079400136292,lexical
narrative_tfidf__публикация,0.08199079400136292,0.08199079400136292,lexical
narrative_tfidf__шкала,0.08199079400136292,0.08199079400136292,lexical
narrative_tfidf__score,0.08199079400136292,0.08199079400136292,lexical
narrative_tfidf__дождаться,0.08199079400136292,0.08199079400136292,lexical
narrative_tfidf__выполнить,0.08163853948069208,0.08163853948069208,lexical
narrative_tfidf__кардиомагнить,0.0813878467552277,0.0813878467552277,lexical
narrative_tfidf__pylori,-0.08106609695189597,0.08106609695189597,lexical
narrative_tfidf__желудочковый,0.0808874943679105,0.0808874943679105,lexical
narrative_tfidf__лечиться,-0.08086563458759657,0.08086563458759657,lexical
narrative_tfidf__неровный,0.0805069750703078,0.0805069750703078,lexical
narrative_tfidf__атака,0.08040394063460123,0.08040394063460123,lexical
narrative_tfidf__панический,0.08040394063460123,0.08040394063460123,lexical
narrative_tfidf__около,-0.08010280590733254,0.08010280590733254,lexical
narrative_tfidf__ссо,0.08008908281979621,0.08008908281979621,lexical
narrative_tfidf__силуэт,-0.0800483918047248,0.0800483918047248,lexical
narrative_tfidf__таб,0.07982449971400012,0.07982449971400012,lexical
narrative_tfidf__расстройство,-0.07959206787308219,0.07959206787308219,lexical
narrative_tfidf__св,0.0792939671050434,0.0792939671050434,lexical
gender__gender_F,-0.07924088287700048,0.07924088287700048,demographics
narrative_tfidf__необходимо,-0.07923660090998282,0.07923660090998282,lexical
narrative_tfidf__колоноскопия,0.07917943718398653,0.07917943718398653,lexical
narrative_tfidf__рефлекс,-0.07915546600883736,0.07915546600883736,lexical
narrative_tfidf__оам,0.0791509043850716,0.0791509043850716,lexical
narrative_tfidf__патологический,0.0791366735783546,0.0791366735783546,lexical
narrative_tfidf__миома,-0.0790420719782793,0.0790420719782793,lexical
narrative_tfidf__который,0.07888359078440231,0.07888359078440231,lexical
narrative_tfidf__вич,-0.07862404146802421,0.07862404146802421,lexical
narrative_tfidf__установиться,-0.07862404146802421,0.07862404146802421,lexical
narrative_tfidf__сразу,-0.07862404146802421,0.07862404146802421,lexical
narrative_tfidf__лимфатический,-0.07842190969815756,0.07842190969815756,lexical
narrative_tfidf__стац,-0.07841602021870943,0.07841602021870943,lexical
narrative_tfidf__это,-0.07817165559025219,0.07817165559025219,lexical
narrative_tfidf__ингалятор,-0.07816710026404498,0.07816710026404498,lexical
narrative_tfidf__верхний,0.07800294632533668,0.07800294632533668,lexical
narrative_tfidf__стенокардия,0.07752804751292319,0.07752804751292319,lexical
narrative_tfidf__эликвиснуть,0.0775231099968496,0.0775231099968496,lexical
narrative_tfidf__доза,0.07731702996594307,0.07731702996594307,lexical
narrative_tfidf__липецкий,-0.07721955924309584,0.07721955924309584,lexical
narrative_tfidf__гипертензия,-0.07703217240195194,0.07703217240195194,lexical
narrative_tfidf__свободный,-0.07699597389278652,0.07699597389278652,lexical
narrative_tfidf__максимальный,0.07695810796355103,0.07695810796355103,lexical
narrative_tfidf__бартолинов,0.07691560622137875,0.07691560622137875,lexical
narrative_tfidf__белый,-0.0764937704455203,0.0764937704455203,lexical
narrative_tfidf__налётом,-0.0764937704455203,0.0764937704455203,lexical
narrative_tfidf__двусторонний,0.07649127167026808,0.07649127167026808,lexical
narrative_tfidf__плюс,0.07643232610848286,0.07643232610848286,lexical
narrative_tfidf__ритм,0.07633224324143685,0.07633224324143685,lexical
narrative_tfidf__телосложение,0.0762028633769553,0.0762028633769553,lexical
narrative_tfidf__сту,0.07601743668746293,0.07601743668746293,lexical
narrative_tfidf__урчать,0.07601743668746293,0.07601743668746293,lexical
narrative_tfidf__жаловаться,0.07601743668746293,0.07601743668746293,lexical
narrative_tfidf__согласно,0.07601743668746293,0.07601743668746293,lexical
narrative_tfidf__пблнпг,0.07587414041628433,0.07587414041628433,lexical
narrative_tfidf__экстрасистолия,0.07587414041628433,0.07587414041628433,lexical
narrative_tfidf__симпсон,0.07587414041628433,0.07587414041628433,lexical
narrative_tfidf__свт,0.07587414041628433,0.07587414041628433,lexical
narrative_tfidf__mm,0.07587414041628433,0.07587414041628433,lexical
narrative_tfidf__дыхательный,-0.0756151197728622,0.0756151197728622,lexical
narrative_tfidf__очный,-0.07560155638347234,0.07560155638347234,lexical
narrative_tfidf__диабет,0.07553209405898788,0.07553209405898788,lexical
narrative_tfidf__сахарный,0.07553209405898788,0.07553209405898788,lexical
narrative_tfidf__какой,0.075238400555064,0.075238400555064,lexical
narrative_tfidf__показать,0.07519940977749243,0.07519940977749243,lexical
narrative_tfidf__давящий,-0.07519389609467543,0.07519389609467543,lexical
narrative_tfidf__выписать,-0.0751809695812892,0.0751809695812892,lexical
narrative_tfidf__отрицать,-0.07490274438855958,0.07490274438855958,negation
narrative_tfidf__наличие,-0.07485995146522793,0.07485995146522793,lexical
narrative_tfidf__головной,0.0747445369179657,0.0747445369179657,lexical
narrative_tfidf__удовлетворительно,0.07472629282674242,0.07472629282674242,lexical
narrative_tfidf__отклонить,-0.07466945877437552,0.07466945877437552,lexical
narrative_tfidf__эос,-0.07466945877437552,0.07466945877437552,lexical
narrative_tfidf__висмут,-0.07466776576171937,0.07466776576171937,lexical
narrative_tfidf__появиться,0.07434458259013908,0.07434458259013908,lexical
narrative_tfidf__дислипидемия,0.07424509657874367,0.07424509657874367,lexical
narrative_tfidf__капс,0.07415223528176737,0.07415223528176737,lexical
narrative_tfidf__вд,-0.0741307475479282,0.0741307475479282,lexical
narrative_tfidf__горизонтальный,0.07405127449706393,0.07405127449706393,lexical
narrative_tfidf__спирометрия,-0.07383497081188051,0.07383497081188051,lexical
narrative_tfidf__повт,-0.07375859304612109,0.07375859304612109,lexical
narrative_tfidf__получать,-0.07360273555361457,0.07360273555361457,lexical
narrative_tfidf__кислота,0.07354668738552037,0.07354668738552037,lexical
narrative_tfidf__камень,0.07343621983975958,0.07343621983975958,lexical
narrative_tfidf__полоскать,-0.0734331244363527,0.0734331244363527,lexical
narrative_tfidf__подъём,-0.07340811453875892,0.07340811453875892,lexical
narrative_tfidf__аллергический,0.07298175420535566,0.07298175420535566,lexical
narrative_tfidf__раздражительность,-0.0727962802504946,0.0727962802504946,lexical
narrative_tfidf__пятница,-0.07271985226409004,0.07271985226409004,lexical
narrative_tfidf__качество,-0.0726719043469834,0.0726719043469834,lexical
narrative_tfidf__симбикорт,0.07252964695864647,0.07252964695864647,lexical
narrative_tfidf__определяться,0.07237958690799394,0.07237958690799394,negation
narrative_tfidf__гинекола,-0.07227415553150865,0.07227415553150865,lexical
narrative_tfidf__ед,0.07223125633976579,0.07223125633976579,lexical
narrative_tfidf__слабый,-0.07211609049543533,0.07211609049543533,lexical
narrative_tfidf__чувствительный,-0.07210515859047413,0.07210515859047413,lexical
narrative_tfidf__март,-0.07174116426438319,0.07174116426438319,lexical
narrative_tfidf__стабилизация,0.07170635622214214,0.07170635622214214,lexical
narrative_tfidf__однократно,0.07170635622214214,0.07170635622214214,lexical
narrative_tfidf__обложить,0.07163859431604974,0.07163859431604974,lexical
narrative_tfidf__взять,0.07131367947923403,0.07131367947923403,lexical
title_tfidf__рекомендация,-0.07125889504322436,0.07125889504322436,lexical
narrative_tfidf__отделять,0.07109503591924825,0.07109503591924825,lexical
narrative_tfidf__мультивитаминный,-0.07093976615611408,0.07093976615611408,lexical
narrative_tfidf__комплекс,-0.07093976615611408,0.07093976615611408,lexical
narrative_tfidf__перкуторный,0.07085148567395397,0.07085148567395397,lexical
narrative_tfidf__завтрак,0.07067358728085783,0.07067358728085783,lexical
narrative_tfidf__ран,0.07062316749824114,0.07062316749824114,lexical
narrative_tfidf__дизурия,-0.07039944572538552,0.07039944572538552,lexical
narrative_tfidf__пцр,0.07036552671469899,0.07036552671469899,lexical
narrative_tfidf__ключичный,-0.07020428030853268,0.07020428030853268,lexical
narrative_tfidf__отн,0.07019931097507354,0.07019931097507354,lexical
narrative_tfidf__спина,0.07018761302912785,0.07018761302912785,lexical
narrative_tfidf__слово,-0.07017816245514567,0.07017816245514567,lexical
narrative_tfidf__август,-0.07003400039606705,0.07003400039606705,lexical
narrative_tfidf__цифра,-0.06994705494347443,0.06994705494347443,lexical
narrative_tfidf__бартолин,-0.06992163120365417,0.06992163120365417,lexical
narrative_tfidf__зона,-0.06983377662931421,0.06983377662931421,lexical
narrative_tfidf__гидроторакс,0.06977979208206417,0.06977979208206417,lexical
narrative_tfidf__голова,-0.06972225987281967,0.06972225987281967,lexical
narrative_tfidf__рак,0.06964727779924317,0.06964727779924317,lexical
narrative_tfidf__ребагит,0.06956496679781941,0.06956496679781941,lexical
narrative_tfidf__хр,-0.06938239125041792,0.06938239125041792,lexical
narrative_tfidf__обоснование,0.06934719417804353,0.06934719417804353,lexical
narrative_tfidf__учащение,0.0692363101124276,0.0692363101124276,lexical
narrative_tfidf__увеличивать,0.06919649131073845,0.06919649131073845,lexical
narrative_tfidf__нарастание,0.06919649131073845,0.06919649131073845,lexical
narrative_tfidf__окончание,0.06918312873993997,0.06918312873993997,lexical
narrative_tfidf__отмечаться,0.06918312873993997,0.06918312873993997,lexical
narrative_tfidf__близкий,-0.06912284593438114,0.06912284593438114,lexical
narrative_tfidf__невролог,0.06908001494565844,0.06908001494565844,lexical
narrative_tfidf__стацлечение,-0.06826203939231457,0.06826203939231457,lexical
narrative_tfidf__нестойкий,-0.06826203939231457,0.06826203939231457,lexical
narrative_tfidf__проходить,0.0682606575108402,0.0682606575108402,lexical
narrative_tfidf__однородный,-0.06808540337410868,0.06808540337410868,lexical
narrative_tfidf__желудок,-0.06799715484523974,0.06799715484523974,lexical
narrative_tfidf__сирдалуда,0.06790588564951293,0.06790588564951293,lexical
narrative_tfidf__необходимость,0.06790588564951293,0.06790588564951293,lexical
narrative_tfidf__изокета,0.06790588564951293,0.06790588564951293,lexical
narrative_tfidf__сегодня,0.06790588564951293,0.06790588564951293,lexical
narrative_tfidf__нольпаз,0.06790588564951293,0.06790588564951293,lexical
narrative_tfidf__поддержание,0.06790588564951293,0.06790588564951293,lexical
narrative_tfidf__статин,0.06790588564951293,0.06790588564951293,lexical
narrative_tfidf__вчера,0.06790588564951293,0.06790588564951293,lexical
narrative_tfidf__лидокаин,0.06790588564951293,0.06790588564951293,lexical
narrative_tfidf__шейный,-0.06781540515073076,0.06781540515073076,lexical
narrative_tfidf__плановый,0.06768734232528709,0.06768734232528709,lexical
narrative_tfidf__обследование,-0.06760573615527846,0.06760573615527846,clinical terms
narrative_tfidf__дс,0.06750826070932478,0.06750826070932478,lexical
narrative_tfidf__альфа,-0.06740116859534183,0.06740116859534183,lexical
narrative_tfidf__нормикс,-0.06740116859534183,0.06740116859534183,lexical
narrative_tfidf__масло,-0.06717569175592948,0.06717569175592948,lexical
narrative_tfidf__дополнительный,-0.06710041119475592,0.06710041119475592,lexical
narrative_tfidf__активный,0.06685327804598855,0.06685327804598855,lexical
narrative_tfidf__сдавать,0.06676982813625143,0.06676982813625143,lexical
narrative_tfidf__абсцесс,0.06676982813625143,0.06676982813625143,lexical
narrative_tfidf__отец,0.06676982813625143,0.06676982813625143,lexical
narrative_tfidf__манжета,0.06676982813625143,0.06676982813625143,lexical
narrative_tfidf__недосып,0.06676982813625143,0.06676982813625143,lexical
narrative_tfidf__шейка,0.06676982813625143,0.06676982813625143,lexical
narrative_tfidf__сечение,0.06676982813625143,0.06676982813625143,lexical
narrative_tfidf__наследственный,0.06676982813625143,0.06676982813625143,lexical
narrative_tfidf__бессонница,0.06676982813625143,0.06676982813625143,lexical
narrative_tfidf__тревожный,0.06676982813625143,0.06676982813625143,lexical
narrative_tfidf__психоэмоциональный,0.06676982813625143,0.06676982813625143,lexical
narrative_tfidf__кесарев,0.06676982813625143,0.06676982813625143,lexical
narrative_tfidf__подряд,0.06676982813625143,0.06676982813625143,lexical
narrative_tfidf__донор,0.06676982813625143,0.06676982813625143,lexical
narrative_tfidf__постепенный,0.06676982813625143,0.06676982813625143,lexical
narrative_tfidf__ссз,0.06676982813625143,0.06676982813625143,lexical
narrative_tfidf__лимфоцит,0.06676982813625143,0.06676982813625143,lexical
narrative_tfidf__очно,0.06676982813625143,0.06676982813625143,lexical
narrative_tfidf__воскресение,0.06676982813625143,0.06676982813625143,lexical
narrative_tfidf__лактация,0.06676982813625143,0.06676982813625143,lexical
narrative_tfidf__менструальный,0.06676982813625143,0.06676982813625143,lexical
narrative_tfidf__предрасположенность,0.06676982813625143,0.06676982813625143,lexical
narrative_tfidf__приобрести,0.06676982813625143,0.06676982813625143,lexical
narrative_tfidf__эритроцит,0.06676982813625143,0.06676982813625143,lexical
narrative_tfidf__моноцит,0.06676982813625143,0.06676982813625143,lexical
narrative_tfidf__низкосолевой,0.06676982813625143,0.06676982813625143,lexical
narrative_tfidf__бартолиновый,-0.06659200866716752,0.06659200866716752,lexical
narrative_tfidf__обильный,0.06635377244984561,0.06635377244984561,lexical
narrative_tfidf__асит,-0.06611278019149008,0.06611278019149008,lexical
narrative_tfidf__выкидыш,-0.06610737998217721,0.06610737998217721,lexical
narrative_tfidf__перечисленный,0.0656297310927632,0.0656297310927632,lexical
narrative_tfidf__помимо,0.0656297310927632,0.0656297310927632,lexical
narrative_tfidf__ноак,0.0656297310927632,0.0656297310927632,lexical
narrative_tfidf__сатурация,-0.06551782786864983,0.06551782786864983,lexical
narrative_tfidf__пройти,-0.0651385726719107,0.0651385726719107,lexical
narrative_tfidf__дозировка,-0.06509982250758732,0.06509982250758732,lexical
gender__gender_M,-0.06508309978242877,0.06508309978242877,demographics
narrative_tfidf__калий,0.06497206457707475,0.06497206457707475,lexical
narrative_tfidf__вмешательство,-0.06484760190193495,0.06484760190193495,lexical
narrative_tfidf__верификация,-0.06484553730204459,0.06484553730204459,lexical
narrative_tfidf__период,-0.06481788110668552,0.06481788110668552,lexical
narrative_tfidf__третий,-0.0642501054012528,0.0642501054012528,lexical
narrative_tfidf__учитывать,-0.06408903489115388,0.06408903489115388,lexical
narrative_tfidf__аборт,-0.06403600490946325,0.06403600490946325,lexical
narrative_tfidf__между,-0.0637492868281899,0.0637492868281899,lexical
narrative_tfidf__появление,0.06371148566266593,0.06371148566266593,lexical
narrative_tfidf__фон,0.0636684157333072,0.0636684157333072,lexical
narrative_tfidf__положительный,-0.06361525487319049,0.06361525487319049,lexical
narrative_tfidf__последующий,0.06334538226976029,0.06334538226976029,lexical
narrative_tfidf__оформить,0.06330258250540914,0.06330258250540914,lexical
narrative_tfidf__желудочный,0.0632684493062252,0.0632684493062252,lexical
narrative_tfidf__нв,0.0632579639544674,0.0632579639544674,lexical
narrative_tfidf__эра,0.0632579639544674,0.0632579639544674,lexical
narrative_tfidf__прервать,-0.06316163803225071,0.06316163803225071,lexical
narrative_tfidf__функция,0.06299176133856486,0.06299176133856486,lexical
narrative_tfidf__пищевод,-0.06294786912459045,0.06294786912459045,lexical
narrative_tfidf__операция,-0.0627628268959254,0.0627628268959254,clinical terms
narrative_tfidf__прикрепить,0.06247055701840713,0.06247055701840713,lexical
narrative_tfidf__размер,0.06214042440313492,0.06214042440313492,lexical
narrative_tfidf__отд,-0.06189451214024887,0.06189451214024887,lexical
narrative_tfidf__относительно,-0.061747085954381345,0.061747085954381345,lexical
narrative_tfidf__привить,-0.06165691657112956,0.06165691657112956,lexical
narrative_tfidf__ст,0.06149711766810446,0.06149711766810446,lexical
narrative_tfidf__диагностика,0.06128715113193157,0.06128715113193157,lexical
narrative_tfidf__просвет,-0.0612289197001105,0.0612289197001105,lexical
narrative_tfidf__дообследовать,0.061204560120168665,0.061204560120168665,lexical
narrative_tfidf__расшифровка,0.061204560120168665,0.061204560120168665,lexical
narrative_tfidf__вса,0.061204560120168665,0.061204560120168665,lexical
narrative_tfidf__стеноз,0.061204560120168665,0.061204560120168665,lexical
narrative_tfidf__переносить,0.061204560120168665,0.061204560120168665,lexical
narrative_tfidf__розулипа,0.061204560120168665,0.061204560120168665,lexical
narrative_tfidf__указанный,0.06062816321631108,0.06062816321631108,lexical
narrative_tfidf__больший,0.06056436486985797,0.06056436486985797,lexical
narrative_tfidf__кровоизлияние,-0.0605568630808835,0.0605568630808835,lexical
narrative_tfidf__мочевой,-0.06051547044997403,0.06051547044997403,lexical
narrative_tfidf__антибиотик,-0.06042689938777809,0.06042689938777809,lexical
narrative_tfidf__улькавис,-0.06042689938777809,0.06042689938777809,lexical
narrative_tfidf__требоваться,-0.06042689938777809,0.06042689938777809,lexical
narrative_tfidf__способ,-0.06042689938777809,0.06042689938777809,lexical
narrative_tfidf__углевод,0.060209391067739426,0.060209391067739426,lexical
narrative_tfidf__ii,0.060209391067739426,0.060209391067739426,lexical
narrative_tfidf__подозрение,-0.0600344084080588,0.0600344084080588,lexical
narrative_tfidf__табла,0.05955972888220568,0.05955972888220568,lexical
narrative_tfidf__порция,-0.05951581232509026,0.05951581232509026,lexical
narrative_tfidf__ежедневный,0.05949458289091016,0.05949458289091016,lexical
narrative_tfidf__активность,0.05940979226771538,0.05940979226771538,lexical
narrative_tfidf__объективно,0.05938122127910967,0.05938122127910967,lexical
narrative_tfidf__мастопатия,-0.05929976975128893,0.05929976975128893,lexical
narrative_tfidf__капотный,0.05910507027196455,0.05910507027196455,lexical
narrative_tfidf__пнп,0.059103245252591106,0.059103245252591106,lexical
narrative_tfidf__удаление,0.05904151593187809,0.05904151593187809,lexical
narrative_tfidf__возникать,-0.05894063051021702,0.05894063051021702,lexical
narrative_tfidf__метод,0.05893896025357135,0.05893896025357135,lexical
narrative_tfidf__глюкофаж,0.05890271501680337,0.05890271501680337,lexical
narrative_tfidf__динамика,-0.05882253271363251,0.05882253271363251,lexical
narrative_tfidf__бактериофаг,0.05859541510174217,0.05859541510174217,lexical
narrative_tfidf__быстро,0.058403426376801765,0.058403426376801765,lexical
narrative_tfidf__параовариальный,-0.05836945763469705,0.05836945763469705,lexical
narrative_tfidf__больной,-0.05829452777440126,0.05829452777440126,lexical
narrative_tfidf__прибавка,0.05811729651739055,0.05811729651739055,lexical
narrative_tfidf__грудина,-0.05797359000919479,0.05797359000919479,lexical
narrative_tfidf__прийти,-0.057845684998573406,0.057845684998573406,lexical
narrative_tfidf__ибс,0.05780266480197899,0.05780266480197899,lexical
narrative_tfidf__рука,-0.05764032397098541,0.05764032397098541,lexical
narrative_tfidf__либо,-0.05755945590253401,0.05755945590253401,lexical
narrative_tfidf__вести,-0.05755945590253401,0.05755945590253401,lexical
narrative_tfidf__ганатон,0.057492623770530014,0.057492623770530014,lexical
narrative_tfidf__ночь,0.057486391756735714,0.057486391756735714,lexical
narrative_tfidf__экзокринный,-0.05744004059091884,0.05744004059091884,lexical
narrative_tfidf__триглицерид,0.05740905590495913,0.05740905590495913,lexical
narrative_tfidf__быстрый,0.05736087176676569,0.05736087176676569,lexical
narrative_tfidf__гба,0.05736087176676569,0.05736087176676569,lexical
narrative_tfidf__сентябрь,0.05736087176676569,0.05736087176676569,lexical
narrative_tfidf__ингаляция,0.05736087176676569,0.05736087176676569,lexical
narrative_tfidf__записаться,0.05736087176676569,0.05736087176676569,lexical
narrative_tfidf__янв,0.05736087176676569,0.05736087176676569,lexical
narrative_tfidf__ополоснуть,0.05736087176676569,0.05736087176676569,lexical
narrative_tfidf__тимофеевка,0.05736087176676569,0.05736087176676569,lexical
narrative_tfidf__любой,0.05736087176676569,0.05736087176676569,lexical
narrative_tfidf__опуща,-0.057301790474526354,0.057301790474526354,lexical
narrative_tfidf__влага,-0.057301790474526354,0.057301790474526354,lexical
narrative_tfidf__hel,-0.05706541945811709,0.05706541945811709,lexical
narrative_tfidf__хс,0.05672985868559679,0.05672985868559679,lexical
narrative_tfidf__расчёт,0.05672985868559679,0.05672985868559679,lexical
narrative_tfidf__лпонп,0.05672985868559679,0.05672985868559679,lexical
narrative_tfidf__нелпвп,0.05672985868559679,0.05672985868559679,lexical
narrative_tfidf__грудной,0.056711979678897,0.056711979678897,lexical
narrative_tfidf__клетка,0.056711979678897,0.056711979678897,lexical
narrative_tfidf__возникновение,0.05659380759616019,0.05659380759616019,lexical
narrative_tfidf__эрозивный,-0.05649849388165135,0.05649849388165135,lexical
narrative_tfidf__инфекция,-0.05633910507202212,0.05633910507202212,lexical
narrative_tfidf__анемия,0.05623010875201648,0.05623010875201648,lexical
narrative_tfidf__аптечка,0.05606854165499445,0.05606854165499445,lexical
narrative_tfidf__возможно,0.05606854165499445,0.05606854165499445,lexical
narrative_tfidf__чистый,-0.05600836392662935,0.05600836392662935,lexical
narrative_tfidf__мл,0.0559057415645055,0.0559057415645055,lexical
narrative_tfidf__помпа,-0.05589858639698135,0.05589858639698135,lexical
narrative_tfidf__ингибитор,-0.05589858639698135,0.05589858639698135,lexical
narrative_tfidf__эзомепразол,-0.05589858639698135,0.05589858639698135,lexical
narrative_tfidf__протонный,-0.05589858639698135,0.05589858639698135,lexical
narrative_tfidf__развитой,-0.05575636021657404,0.05575636021657404,lexical
narrative_tfidf__синусовый,-0.0555522277457525,0.0555522277457525,lexical
narrative_tfidf__поверхностный,-0.05549533603649999,0.05549533603649999,lexical
narrative_tfidf__искль,-0.05539097182101578,0.05539097182101578,lexical
narrative_tfidf__лечение,0.05519098164049855,0.05519098164049855,clinical terms
narrative_tfidf__тем,0.05449809609772471,0.05449809609772471,lexical
narrative_tfidf__утро,-0.05415258670005617,0.05415258670005617,lexical
narrative_tfidf__палец,-0.05407475302279949,0.05407475302279949,lexical
narrative_tfidf__шея,0.053987293887623064,0.053987293887623064,lexical
narrative_tfidf__высокий,-0.053488949059814855,0.053488949059814855,lexical
narrative_tfidf__щж,-0.05341003178727348,0.05341003178727348,lexical
narrative_tfidf__нпвс,-0.05340709473608047,0.05340709473608047,lexical
narrative_tfidf__случай,0.053070812266074116,0.053070812266074116,lexical
narrative_tfidf__онмк,0.053042206053185624,0.053042206053185624,lexical
narrative_tfidf__аллергия,0.05301752402942782,0.05301752402942782,lexical
narrative_tfidf__эсватиня,0.052868520412835796,0.052868520412835796,lexical
narrative_tfidf__гонконг,0.052868520412835796,0.052868520412835796,lexical
narrative_tfidf__район,0.052868520412835796,0.052868520412835796,lexical
narrative_tfidf__лесото,0.052868520412835796,0.052868520412835796,lexical
narrative_tfidf__юар,0.052868520412835796,0.052868520412835796,lexical
narrative_tfidf__зимбабве,0.052868520412835796,0.052868520412835796,lexical
narrative_tfidf__мадагаскар,0.052868520412835796,0.052868520412835796,lexical
narrative_tfidf__танзания,0.052868520412835796,0.052868520412835796,lexical
narrative_tfidf__нахождение,0.052868520412835796,0.052868520412835796,lexical
narrative_tfidf__административный,0.052868520412835796,0.052868520412835796,lexical
narrative_tfidf__намибия,0.052868520412835796,0.052868520412835796,lexical
narrative_tfidf__специальный,0.052868520412835796,0.052868520412835796,lexical
narrative_tfidf__мозамбик,0.052868520412835796,0.052868520412835796,lexical
narrative_tfidf__транзит,0.052868520412835796,0.052868520412835796,lexical
narrative_tfidf__номостеник,0.052868520412835796,0.052868520412835796,lexical
narrative_tfidf__короновирусный,0.052868520412835796,0.052868520412835796,lexical
narrative_tfidf__ботсвана,0.052868520412835796,0.052868520412835796,lexical
narrative_tfidf__вокруг,-0.05279376150394213,0.05279376150394213,lexical
narrative_tfidf__рабочий,-0.05279376150394213,0.05279376150394213,lexical
narrative_tfidf__ложка,-0.05267043853135394,0.05267043853135394,lexical
narrative_tfidf__чайный,-0.05267043853135394,0.05267043853135394,lexical
narrative_tfidf__облегчение,-0.05267043853135394,0.05267043853135394,lexical
narrative_tfidf__отделение,-0.05247010410691055,0.05247010410691055,lexical
narrative_tfidf__протяжение,0.052464460616063906,0.052464460616063906,lexical
narrative_tfidf__азатиоприн,-0.05231505374327076,0.05231505374327076,lexical
narrative_tfidf__срб,-0.05231505374327076,0.05231505374327076,lexical
narrative_tfidf__пальпация,-0.052300875861870856,0.052300875861870856,lexical
narrative_tfidf__оболочка,-0.05229434915346788,0.05229434915346788,lexical
narrative_tfidf__рабепразол,-0.05226554041582434,0.05226554041582434,lexical
narrative_tfidf__почечный,0.05204775533197018,0.05204775533197018,lexical
narrative_tfidf__периодич,0.05204775533197018,0.05204775533197018,lexical
narrative_tfidf__симптоматика,0.05204775533197018,0.05204775533197018,lexical
narrative_tfidf__иб,0.05204775533197018,0.05204775533197018,lexical
narrative_tfidf__урологич,0.05204775533197018,0.05204775533197018,lexical
narrative_tfidf__здоровье,0.05204775533197018,0.05204775533197018,lexical
narrative_tfidf__литотрипсия,0.05204775533197018,0.05204775533197018,lexical
narrative_tfidf__лгб,0.05204775533197018,0.05204775533197018,lexical
narrative_tfidf__креатиня,0.05204775533197018,0.05204775533197018,lexical
narrative_tfidf__лазерный,0.05204775533197018,0.05204775533197018,lexical
narrative_tfidf__тг,0.05170341393331966,0.05170341393331966,lexical
narrative_tfidf__сальбуьтамол,-0.05157943296719476,0.05157943296719476,lexical
narrative_tfidf__наблюдаеьться,0.05152940000598861,0.05152940000598861,lexical
narrative_tfidf__высыпание,-0.05147907678765806,0.05147907678765806,lexical
narrative_tfidf__зрачок,0.05125532848191904,0.05125532848191904,lexical
narrative_tfidf__неизвестный,0.05125532848191904,0.05125532848191904,lexical
narrative_tfidf__пов,0.05125532848191904,0.05125532848191904,lexical
narrative_tfidf__гипергидроза,0.05125532848191904,0.05125532848191904,lexical
narrative_tfidf__прекардиальный,0.05125532848191904,0.05125532848191904,lexical
narrative_tfidf__мочевыделение,0.05125532848191904,0.05125532848191904,lexical
narrative_tfidf__пер,0.05125532848191904,0.05125532848191904,lexical
narrative_tfidf__сонный,0.05125532848191904,0.05125532848191904,lexical
narrative_tfidf__яремный,0.05125532848191904,0.05125532848191904,lexical
narrative_tfidf__кровообращение,0.05125532848191904,0.05125532848191904,lexical
narrative_tfidf__эналаприть,0.05125532848191904,0.05125532848191904,lexical
narrative_tfidf__турбухайлер,-0.051058298007053485,0.051058298007053485,lexical
narrative_tfidf__левый,0.05099144795544048,0.05099144795544048,lexical
narrative_tfidf__проктолог,-0.05070442277947396,0.05070442277947396,lexical
narrative_tfidf__территория,-0.05065378400911238,0.05065378400911238,lexical
narrative_tfidf__заболеть,-0.05065378400911238,0.05065378400911238,lexical
narrative_tfidf__следовать,-0.05059141990377669,0.05059141990377669,lexical
narrative_tfidf__семейный,0.0504934774607234,0.0504934774607234,lexical
narrative_tfidf__такой,0.050388170804688645,0.050388170804688645,lexical
narrative_tfidf__вено,-0.050307634782117486,0.050307634782117486,lexical
narrative_tfidf__смад,-0.050280502709748084,0.050280502709748084,lexical
narrative_tfidf__акцент,-0.05013427734512461,0.05013427734512461,lexical
narrative_tfidf__вентолин,-0.05004946229392683,0.05004946229392683,lexical
narrative_tfidf__заложенность,-0.049884753643755504,0.049884753643755504,lexical
narrative_tfidf__пиелонефрит,0.0498246902614161,0.0498246902614161,lexical
narrative_tfidf__женщина,0.04962325747280412,0.04962325747280412,lexical
narrative_tfidf__боткин,-0.04937827956659691,0.04937827956659691,lexical
narrative_tfidf__внематочный,-0.04937827956659691,0.04937827956659691,lexical
narrative_tfidf__менсизый,-0.04937827956659691,0.04937827956659691,lexical
narrative_tfidf__дмц,-0.04937827956659691,0.04937827956659691,lexical
narrative_tfidf__мензис,-0.04937827956659691,0.04937827956659691,lexical
narrative_tfidf__замереть,-0.04937827956659691,0.04937827956659691,lexical
narrative_tfidf__мышца,0.04934711258548685,0.04934711258548685,lexical
narrative_tfidf__беспокоить,0.04917438300712741,0.04917438300712741,lexical
narrative_tfidf__фгдс,0.049150039106153426,0.049150039106153426,lexical
narrative_tfidf__инфликсимабомя,-0.04893219075954593,0.04893219075954593,lexical
narrative_tfidf__инвалид,-0.04893219075954593,0.04893219075954593,lexical
narrative_tfidf__железодефицитный,-0.04893219075954593,0.04893219075954593,lexical
narrative_tfidf__сам,-0.04893219075954593,0.04893219075954593,lexical
narrative_tfidf__бт,-0.04893219075954593,0.04893219075954593,lexical
narrative_tfidf__лпу,-0.04893219075954593,0.04893219075954593,lexical
narrative_tfidf__слегка,-0.04893219075954593,0.04893219075954593,lexical
narrative_tfidf__биологический,-0.04893219075954593,0.04893219075954593,lexical
narrative_tfidf__псх,-0.04893219075954593,0.04893219075954593,lexical
narrative_tfidf__нормостенич,-0.04893219075954593,0.04893219075954593,lexical
narrative_tfidf__дло,-0.04893219075954593,0.04893219075954593,lexical
narrative_tfidf__устекинумаб,-0.04893219075954593,0.04893219075954593,lexical
narrative_tfidf__рецепт,-0.04893219075954593,0.04893219075954593,lexical
narrative_tfidf__ремикейд,-0.04893219075954593,0.04893219075954593,lexical
narrative_tfidf__ускользание,-0.04893219075954593,0.04893219075954593,lexical
narrative_tfidf__фгаоу,-0.04893219075954593,0.04893219075954593,lexical
narrative_tfidf__голос,-0.04893219075954593,0.04893219075954593,lexical
narrative_tfidf__грипп,-0.04893219075954593,0.04893219075954593,lexical
narrative_tfidf__ананмнза,-0.04893219075954593,0.04893219075954593,lexical
narrative_tfidf__анти,-0.04893219075954593,0.04893219075954593,lexical
narrative_tfidf__возрастной,-0.04893219075954593,0.04893219075954593,lexical
narrative_tfidf__ая,-0.04893219075954593,0.04893219075954593,lexical
narrative_tfidf__фно,-0.04893219075954593,0.04893219075954593,lexical
narrative_tfidf__мгма,-0.04893219075954593,0.04893219075954593,lexical
narrative_tfidf__яичниковый,0.04887277495961227,0.04887277495961227,lexical
narrative_tfidf__неэрозивный,0.04887277495961227,0.04887277495961227,lexical
narrative_tfidf__кома,0.04887277495961227,0.04887277495961227,lexical
narrative_tfidf__распирания,0.04887277495961227,0.04887277495961227,lexical
narrative_tfidf__кавид,0.04887277495961227,0.04887277495961227,lexical
narrative_tfidf__поликистоз,0.04887277495961227,0.04887277495961227,lexical
narrative_tfidf__жда,0.04887277495961227,0.04887277495961227,lexical
narrative_tfidf__итомёд,0.04887277495961227,0.04887277495961227,lexical
narrative_tfidf__локальный,-0.04869661798757762,0.04869661798757762,lexical
narrative_tfidf__тампонирование,0.048230795480050916,0.048230795480050916,lexical
narrative_tfidf__полого,0.048230795480050916,0.048230795480050916,lexical
narrative_tfidf__перевязка,0.048230795480050916,0.048230795480050916,lexical
narrative_tfidf__срочный,0.048230795480050916,0.048230795480050916,lexical
narrative_tfidf__инфузионный,0.048230795480050916,0.048230795480050916,lexical
narrative_tfidf__ревизия,0.048230795480050916,0.048230795480050916,lexical
narrative_tfidf__ниитк,0.048230795480050916,0.048230795480050916,lexical
narrative_tfidf__тампон,0.048230795480050916,0.048230795480050916,lexical
narrative_tfidf__спонтанный,0.048230795480050916,0.048230795480050916,lexical
narrative_tfidf__гемиколэктомия,0.048230795480050916,0.048230795480050916,lexical
narrative_tfidf__гидроперикард,0.048230795480050916,0.048230795480050916,lexical
narrative_tfidf__нормализоваться,0.048230795480050916,0.048230795480050916,lexical
narrative_tfidf__переливаться,0.048230795480050916,0.048230795480050916,lexical
narrative_tfidf__тромбоконцентрат,0.048230795480050916,0.048230795480050916,lexical
narrative_tfidf__ркт,0.048230795480050916,0.048230795480050916,lexical
narrative_tfidf__уделить,0.048230795480050916,0.048230795480050916,lexical
narrative_tfidf__ретампонирование,0.048230795480050916,0.048230795480050916,lexical
narrative_tfidf__релапаротомия,0.048230795480050916,0.048230795480050916,lexical
narrative_tfidf__улучшиться,0.048230795480050916,0.048230795480050916,lexical
narrative_tfidf__восстановить,0.048230795480050916,0.048230795480050916,lexical
narrative_tfidf__дренирование,0.048230795480050916,0.048230795480050916,lexical
narrative_tfidf__прободение,0.048230795480050916,0.048230795480050916,lexical
narrative_tfidf__лапароскопия,0.048230795480050916,0.048230795480050916,lexical
narrative_tfidf__стабилизироваться,0.048230795480050916,0.048230795480050916,lexical
narrative_tfidf__хирургический,0.048230795480050916,0.048230795480050916,clinical terms
narrative_tfidf__асцит,0.048230795480050916,0.048230795480050916,lexical
narrative_tfidf__правосторонний,0.048230795480050916,0.048230795480050916,lexical
narrative_tfidf__лгк,0.048230795480050916,0.048230795480050916,lexical
narrative_tfidf__лапаротомия,0.048230795480050916,0.048230795480050916,lexical
narrative_tfidf__пм,-0.04821494044504555,0.04821494044504555,lexical
narrative_tfidf__осмотреть,-0.04815198231628648,0.04815198231628648,lexical
narrative_tfidf__конституция,-0.0478396217933152,0.0478396217933152,lexical
narrative_tfidf__канал,0.04762032524357054,0.04762032524357054,lexical
narrative_tfidf__местный,0.047432734055663235,0.047432734055663235,lexical
narrative_tfidf__улучшение,0.04740497172370383,0.04740497172370383,lexical
narrative_tfidf__жить,-0.04731963650526982,0.04731963650526982,lexical
narrative_tfidf__застойный,0.04723772309959974,0.04723772309959974,lexical
narrative_tfidf__болезнь,0.047052761041943406,0.047052761041943406,lexical
narrative_tfidf__сформировать,-0.04696660975687982,0.04696660975687982,lexical
narrative_tfidf__свобрдный,-0.04696660975687982,0.04696660975687982,lexical
narrative_tfidf__уточнение,0.04687775703351491,0.04687775703351491,lexical
narrative_tfidf__менстр,-0.046710050901164896,0.046710050901164896,lexical
narrative_tfidf__брюшина,-0.04670671364935641,0.04670671364935641,lexical
narrative_tfidf__раздражение,-0.04670671364935641,0.04670671364935641,lexical
narrative_tfidf__рубец,0.046489464816422736,0.046489464816422736,lexical
narrative_tfidf__постепенно,-0.04635243314239582,0.04635243314239582,lexical
narrative_tfidf__предоставить,0.04625095624884462,0.04625095624884462,lexical
narrative_tfidf__путь,-0.04621864303519862,0.04621864303519862,lexical
narrative_tfidf__геморрой,0.0461575400749518,0.0461575400749518,lexical
narrative_tfidf__резь,0.0461575400749518,0.0461575400749518,lexical
narrative_tfidf__усиление,0.0461575400749518,0.0461575400749518,lexical
narrative_tfidf__неоднократно,0.0461575400749518,0.0461575400749518,lexical
narrative_tfidf__будесонида,0.0461575400749518,0.0461575400749518,lexical
narrative_tfidf__струя,0.0461575400749518,0.0461575400749518,lexical
narrative_tfidf__панколит,0.0461575400749518,0.0461575400749518,lexical
narrative_tfidf__параметрия,-0.04604912678454581,0.04604912678454581,lexical
narrative_tfidf__структура,-0.04604912678454581,0.04604912678454581,lexical
narrative_tfidf__региональный,-0.04604912678454581,0.04604912678454581,lexical
narrative_tfidf__околосоковый,-0.04604912678454581,0.04604912678454581,lexical
narrative_tfidf__кок,-0.04597902131228831,0.04597902131228831,lexical
narrative_tfidf__бисопролоть,0.04574347222799156,0.04574347222799156,lexical
narrative_tfidf__гречневый,-0.045495932105199643,0.045495932105199643,lexical
narrative_tfidf__слив,-0.045495932105199643,0.045495932105199643,lexical
narrative_tfidf__собственный,-0.045495932105199643,0.045495932105199643,lexical
narrative_tfidf__функциональный,-0.045495932105199643,0.045495932105199643,lexical
narrative_tfidf__пшеничный,-0.045495932105199643,0.045495932105199643,lexical
narrative_tfidf__миндаль,-0.045495932105199643,0.045495932105199643,lexical
narrative_tfidf__очаг,-0.045495932105199643,0.045495932105199643,lexical
narrative_tfidf__пакетик,-0.045495932105199643,0.045495932105199643,lexical
narrative_tfidf__цельносмолоть,-0.045495932105199643,0.045495932105199643,lexical
narrative_tfidf__голодание,-0.045495932105199643,0.045495932105199643,lexical
narrative_tfidf__арахис,-0.045495932105199643,0.045495932105199643,lexical
narrative_tfidf__псиллиум,-0.045495932105199643,0.045495932105199643,lexical
narrative_tfidf__фовеолярный,-0.045495932105199643,0.045495932105199643,lexical
narrative_tfidf__хлебобулочный,-0.045495932105199643,0.045495932105199643,lexical
narrative_tfidf__оливковый,-0.045495932105199643,0.045495932105199643,lexical
narrative_tfidf__опорожнение,-0.045495932105199643,0.045495932105199643,lexical
narrative_tfidf__орех,-0.045495932105199643,0.045495932105199643,lexical
narrative_tfidf__противопоказание,-0.045495932105199643,0.045495932105199643,lexical
narrative_tfidf__курага,-0.045495932105199643,0.045495932105199643,lexical
narrative_tfidf__простокваша,-0.045495932105199643,0.045495932105199643,lexical
narrative_tfidf__крупа,-0.045495932105199643,0.045495932105199643,lexical
narrative_tfidf__прапаратый,-0.045495932105199643,0.045495932105199643,lexical
narrative_tfidf__овсяный,-0.045495932105199643,0.045495932105199643,lexical
narrative_tfidf__ячневый,-0.045495932105199643,0.045495932105199643,lexical
narrative_tfidf__отруби,-0.045495932105199643,0.045495932105199643,lexical
narrative_tfidf__онколог,-0.045495932105199643,0.045495932105199643,lexical
narrative_tfidf__ограничивать,-0.045495932105199643,0.045495932105199643,lexical
narrative_tfidf__регуляция,-0.045495932105199643,0.045495932105199643,lexical
narrative_tfidf__пюре,-0.045495932105199643,0.045495932105199643,lexical
narrative_tfidf__переносимость,-0.045495932105199643,0.045495932105199643,lexical
narrative_tfidf__лимфома,-0.045495932105199643,0.045495932105199643,lexical
narrative_tfidf__допустить,-0.045495932105199643,0.045495932105199643,lexical
narrative_tfidf__маргарин,-0.045495932105199643,0.045495932105199643,lexical
narrative_tfidf__советовать,-0.045495932105199643,0.045495932105199643,lexical
narrative_tfidf__слабовыраженный,-0.045495932105199643,0.045495932105199643,lexical
narrative_tfidf__гиперчувствительность,-0.045495932105199643,0.045495932105199643,lexical
narrative_tfidf__готовый,-0.045495932105199643,0.045495932105199643,lexical
narrative_tfidf__пневмония,-0.045495932105199643,0.045495932105199643,lexical
narrative_tfidf__мскт,-0.045495932105199643,0.045495932105199643,lexical
narrative_tfidf__мукофальк,-0.045495932105199643,0.045495932105199643,lexical
narrative_tfidf__неприятный,-0.045495932105199643,0.045495932105199643,lexical
narrative_tfidf__волокно,-0.045495932105199643,0.045495932105199643,lexical
narrative_tfidf__умерить,-0.045495932105199643,0.045495932105199643,lexical
narrative_tfidf__инжир,-0.045495932105199643,0.045495932105199643,lexical
narrative_tfidf__изделие,-0.045495932105199643,0.045495932105199643,lexical
narrative_tfidf__сало,-0.045495932105199643,0.045495932105199643,lexical
narrative_tfidf__блюдо,-0.045495932105199643,0.045495932105199643,lexical
narrative_tfidf__нижнедолевой,-0.045495932105199643,0.045495932105199643,lexical
narrative_tfidf__фисташка,-0.045495932105199643,0.045495932105199643,lexical
narrative_tfidf__фитомуцил,-0.045495932105199643,0.045495932105199643,lexical
narrative_tfidf__кефир,-0.045495932105199643,0.045495932105199643,lexical
narrative_tfidf__бараний,-0.045495932105199643,0.045495932105199643,lexical
narrative_tfidf__фиброз,-0.045495932105199643,0.045495932105199643,lexical
narrative_tfidf__финик,-0.045495932105199643,0.045495932105199643,lexical
narrative_tfidf__билиарна,-0.045495932105199643,0.045495932105199643,lexical
narrative_tfidf__перерыв,-0.045495932105199643,0.045495932105199643,lexical
narrative_tfidf__регулировать,-0.045495932105199643,0.045495932105199643,lexical
narrative_tfidf__жанин,-0.045495932105199643,0.045495932105199643,lexical
narrative_tfidf__свиной,-0.045495932105199643,0.045495932105199643,lexical
narrative_tfidf__зерно,-0.045495932105199643,0.045495932105199643,lexical
narrative_tfidf__тугоплавкий,-0.045495932105199643,0.045495932105199643,lexical
narrative_tfidf__моторика,-0.045495932105199643,0.045495932105199643,lexical
narrative_tfidf__пластинка,-0.045495932105199643,0.045495932105199643,lexical
narrative_tfidf__ежегодно,-0.045495932105199643,0.045495932105199643,lexical
narrative_tfidf__желчевыводить,-0.045495932105199643,0.045495932105199643,lexical
narrative_tfidf__гевискон,-0.045495932105199643,0.045495932105199643,lexical
narrative_tfidf__спазмолитик,-0.045495932105199643,0.045495932105199643,lexical
narrative_tfidf__сухофрукты,-0.045495932105199643,0.045495932105199643,lexical
narrative_tfidf__сос,-0.045495932105199643,0.045495932105199643,lexical
narrative_tfidf__допускаться,-0.045495932105199643,0.045495932105199643,lexical
narrative_tfidf__желчнокаменный,-0.045495932105199643,0.045495932105199643,lexical
narrative_tfidf__диспепсия,-0.045495932105199643,0.045495932105199643,lexical
narrative_tfidf__склонность,-0.045329323248138334,0.045329323248138334,lexical
narrative_tfidf__запор,-0.045329323248138334,0.045329323248138334,lexical
narrative_tfidf__пр,-0.04526469565622969,0.04526469565622969,lexical
narrative_tfidf__рнк,-0.04522199432958234,0.04522199432958234,lexical
narrative_tfidf__потеря,-0.04522199432958234,0.04522199432958234,lexical
narrative_tfidf__коронавирусный,-0.04522199432958234,0.04522199432958234,lexical
narrative_tfidf__обоняние,-0.04522199432958234,0.04522199432958234,lexical
narrative_tfidf__нерациональный,-0.04522199432958234,0.04522199432958234,lexical
narrative_tfidf__ка,-0.04522199432958234,0.04522199432958234,lexical
narrative_tfidf__носоглотка,-0.04522199432958234,0.04522199432958234,lexical
narrative_tfidf__фактор,-0.04522199432958234,0.04522199432958234,lexical
narrative_tfidf__обстановка,-0.04522199432958234,0.04522199432958234,lexical
narrative_tfidf__усугублять,-0.04522199432958234,0.04522199432958234,lexical
narrative_tfidf__последствие,-0.04522199432958234,0.04522199432958234,lexical
narrative_tfidf__мазок,-0.04522199432958234,0.04522199432958234,lexical
narrative_tfidf__сообщить,-0.04522199432958234,0.04522199432958234,lexical
narrative_tfidf__диспансерный,-0.04522199432958234,0.04522199432958234,lexical
narrative_tfidf__covid,-0.04516179014691151,0.04516179014691151,lexical
narrative_tfidf__вызывать,0.04502258951938438,0.04502258951938438,lexical
narrative_tfidf__выскабливание,-0.04485001783257735,0.04485001783257735,lexical
title_tfidf__холедохолитиаз,0.044845646079295164,0.044845646079295164,lexical
title_tfidf__холангиолитиаз,0.044845646079295164,0.044845646079295164,lexical
narrative_tfidf__сахар,0.044763144879846964,0.044763144879846964,lexical
narrative_tfidf__ага,-0.04466378075176133,0.04466378075176133,lexical
narrative_tfidf__снижать,0.044659989463553915,0.044659989463553915,lexical
narrative_tfidf__соматический,-0.04464941784144829,0.04464941784144829,lexical
narrative_tfidf__сифилис,-0.04464941784144829,0.04464941784144829,lexical
narrative_tfidf__флюорография,-0.04464941784144829,0.04464941784144829,lexical
narrative_tfidf__водный,-0.044637522267736617,0.044637522267736617,lexical
narrative_tfidf__повздошный,-0.044637522267736617,0.044637522267736617,lexical
narrative_tfidf__осм,-0.044637522267736617,0.044637522267736617,lexical
narrative_tfidf__helicobacter,0.04445240488419014,0.04445240488419014,lexical
narrative_tfidf__метрия,0.04445240488419014,0.04445240488419014,lexical
narrative_tfidf__точный,-0.044270320782274955,0.044270320782274955,lexical
narrative_tfidf__глотание,0.044260448314110586,0.044260448314110586,lexical
narrative_tfidf__напряжение,0.04419108663011382,0.04419108663011382,lexical
narrative_tfidf__выявить,0.044053502412893214,0.044053502412893214,negation
narrative_tfidf__gynecologica,-0.04400653415013278,0.04400653415013278,lexical
narrative_tfidf__психический,-0.04400653415013278,0.04400653415013278,lexical
narrative_tfidf__заразный,-0.04400653415013278,0.04400653415013278,lexical
narrative_tfidf__выезд,-0.04400653415013278,0.04400653415013278,lexical
narrative_tfidf__онкопатология,-0.04400653415013278,0.04400653415013278,lexical
narrative_tfidf__vitae,-0.04400653415013278,0.04400653415013278,lexical
narrative_tfidf__mensis,-0.04400653415013278,0.04400653415013278,lexical
narrative_tfidf__гонартроз,0.04387111324790306,0.04387111324790306,lexical
narrative_tfidf__рефлюкс,-0.04379889916028949,0.04379889916028949,lexical
narrative_tfidf__дэк,-0.0437153040371056,0.0437153040371056,lexical
narrative_tfidf__широта,-0.0437153040371056,0.0437153040371056,lexical
narrative_tfidf__моксонидин,0.04370935651327486,0.04370935651327486,lexical
narrative_tfidf__полностью,-0.043609965293296866,0.043609965293296866,lexical
narrative_tfidf__лёжа,-0.04335318537320122,0.04335318537320122,lexical
narrative_tfidf__уреазный,-0.04333439725076728,0.04333439725076728,lexical
narrative_tfidf__выпивать,0.043268565005021936,0.043268565005021936,lexical
narrative_tfidf__ps,0.043116985176243704,0.043116985176243704,lexical
narrative_tfidf__много,-0.04274250763110498,0.04274250763110498,lexical
narrative_tfidf__задний,0.04262550218578319,0.04262550218578319,lexical
narrative_tfidf__отрица,0.042267431710465216,0.042267431710465216,lexical
narrative_tfidf__креон,-0.04209948257825605,0.04209948257825605,lexical
narrative_tfidf__назад,0.042096594428961964,0.042096594428961964,lexical
narrative_tfidf__перевести,0.04205604538238233,0.04205604538238233,lexical
narrative_tfidf__жёлчь,-0.0419652460830603,0.0419652460830603,lexical
narrative_tfidf__проходимый,-0.0419652460830603,0.0419652460830603,lexical
narrative_tfidf__гастродуоденит,-0.0419652460830603,0.0419652460830603,lexical
narrative_tfidf__сопа,-0.0419652460830603,0.0419652460830603,lexical
narrative_tfidf__орган,0.04196407981526781,0.04196407981526781,lexical
narrative_tfidf__сингуляр,0.04190744097531463,0.04190744097531463,lexical
narrative_tfidf__берёза,0.04190744097531463,0.04190744097531463,lexical
narrative_tfidf__запланировать,-0.04169967510020605,0.04169967510020605,lexical
narrative_tfidf__толерантность,-0.04169967510020605,0.04169967510020605,lexical
narrative_tfidf__сниженый,-0.04169967510020605,0.04169967510020605,lexical
narrative_tfidf__максимум,-0.04169967510020605,0.04169967510020605,lexical
narrative_tfidf__лизиноприть,-0.04169967510020605,0.04169967510020605,lexical
narrative_tfidf__реабилитационный,-0.04169967510020605,0.04169967510020605,lexical
narrative_tfidf__иррадиация,-0.04169967510020605,0.04169967510020605,lexical
narrative_tfidf__закруглить,-0.04169967510020605,0.04169967510020605,lexical
narrative_tfidf__выразить,-0.04169967510020605,0.04169967510020605,lexical
narrative_tfidf__лася,-0.04169967510020605,0.04169967510020605,lexical
narrative_tfidf__аллергоанамнез,-0.04169967510020605,0.04169967510020605,lexical
narrative_tfidf__нестабильность,-0.04169967510020605,0.04169967510020605,lexical
narrative_tfidf__апиксабан,-0.04169967510020605,0.04169967510020605,lexical
narrative_tfidf__мероприятие,-0.04169967510020605,0.04169967510020605,lexical
narrative_tfidf__ёмкий,-0.041338112114847635,0.041338112114847635,lexical
narrative_tfidf__гемоглобин,-0.04110116505855977,0.04110116505855977,lexical
narrative_tfidf__стать,-0.04110116505855977,0.04110116505855977,lexical
narrative_tfidf__салофальк,-0.04110116505855977,0.04110116505855977,lexical
narrative_tfidf__место,-0.04110116505855977,0.04110116505855977,lexical
narrative_tfidf__снить,-0.04110116505855977,0.04110116505855977,lexical
narrative_tfidf__сниматься,-0.04110116505855977,0.04110116505855977,lexical
narrative_tfidf__жительство,-0.04110116505855977,0.04110116505855977,lexical
narrative_tfidf__мсэ,-0.04110116505855977,0.04110116505855977,lexical
narrative_tfidf__эмуран,-0.04110116505855977,0.04110116505855977,lexical
narrative_tfidf__участиться,-0.04110116505855977,0.04110116505855977,lexical
narrative_tfidf__приёмный,-0.04110116505855977,0.04110116505855977,lexical
narrative_tfidf__тотем,-0.04110116505855977,0.04110116505855977,lexical
narrative_tfidf__достаточно,-0.04110116505855977,0.04110116505855977,lexical
narrative_tfidf__уролог,0.041085036254247614,0.041085036254247614,lexical
narrative_tfidf__реактивный,-0.04083292597323846,0.04083292597323846,lexical
narrative_tfidf__нос,0.04059598409801138,0.04059598409801138,lexical
narrative_tfidf__ока,0.04008513522610157,0.04008513522610157,lexical
narrative_tfidf__ясный,0.03993486264666188,0.03993486264666188,lexical
narrative_tfidf__чуть,-0.03990123977142406,0.03990123977142406,lexical
narrative_tfidf__прерв,-0.03990123977142406,0.03990123977142406,lexical
narrative_tfidf__нмц,-0.03990123977142406,0.03990123977142406,lexical
narrative_tfidf__эрозира,-0.03990123977142406,0.03990123977142406,lexical
narrative_tfidf__контрац,-0.03990123977142406,0.03990123977142406,lexical
narrative_tfidf__ncov,0.03978789591138415,0.03978789591138415,lexical
narrative_tfidf__подвздошный,-0.03954815432547178,0.03954815432547178,lexical
narrative_tfidf__внемат,-0.039457606845563424,0.039457606845563424,lexical
narrative_tfidf__кислород,0.03942425875413764,0.03942425875413764,lexical
narrative_tfidf__мочевина,-0.03933584064752369,0.03933584064752369,lexical
narrative_tfidf__пальпаторный,-0.03921017369795706,0.03921017369795706,lexical
narrative_tfidf__свой,-0.039203844842237566,0.039203844842237566,lexical
narrative_tfidf__употребление,-0.038821401746298875,0.038821401746298875,lexical
narrative_tfidf__амлодипин,0.03877653864598668,0.03877653864598668,lexical
narrative_tfidf__реза,-0.03875017010353812,0.03875017010353812,lexical
narrative_tfidf__тот,-0.03875017010353812,0.03875017010353812,lexical
narrative_tfidf__сосковый,-0.03866960852711583,0.03866960852711583,lexical
narrative_tfidf__устойчивый,0.03847420832485359,0.03847420832485359,lexical
narrative_tfidf__перитонеальный,0.0383964891584446,0.0383964891584446,lexical
narrative_tfidf__визанна,-0.03816853579407981,0.03816853579407981,lexical
narrative_tfidf__барьерный,-0.03816853579407981,0.03816853579407981,lexical
narrative_tfidf__узкий,-0.03816853579407981,0.03816853579407981,lexical
narrative_tfidf__визуализироваться,0.0381372335201985,0.0381372335201985,lexical
narrative_tfidf__вдох,-0.03811240938489557,0.03811240938489557,lexical
narrative_tfidf__пальпировать,0.037988039144515186,0.037988039144515186,lexical
narrative_tfidf__nyha,0.037937070208142167,0.037937070208142167,lexical
narrative_tfidf__ntprobnp,0.037937070208142167,0.037937070208142167,lexical
narrative_tfidf__factum,0.037937070208142167,0.037937070208142167,lexical
narrative_tfidf__epi,0.037937070208142167,0.037937070208142167,lexical
narrative_tfidf__iiiст,0.037937070208142167,0.037937070208142167,lexical
narrative_tfidf__iiа,0.037937070208142167,0.037937070208142167,lexical
narrative_tfidf__lown,0.037937070208142167,0.037937070208142167,lexical
narrative_tfidf__max,0.037937070208142167,0.037937070208142167,lexical
narrative_tfidf__кардиологический,0.037937070208142167,0.037937070208142167,lexical
narrative_tfidf__пароксизмальный,0.037937070208142167,0.037937070208142167,lexical
narrative_tfidf__пг,0.037937070208142167,0.037937070208142167,lexical
narrative_tfidf__тк,0.037937070208142167,0.037937070208142167,lexical
narrative_tfidf__суправентрикулярный,0.037937070208142167,0.037937070208142167,lexical
narrative_tfidf__лг,0.037937070208142167,0.037937070208142167,lexical
narrative_tfidf__осн,0.037937070208142167,0.037937070208142167,lexical
narrative_tfidf__пикс,0.037937070208142167,0.037937070208142167,lexical
narrative_tfidf__глж,0.037937070208142167,0.037937070208142167,lexical
narrative_tfidf__мрб,0.037937070208142167,0.037937070208142167,lexical
narrative_tfidf__скd,0.037937070208142167,0.037937070208142167,lexical
narrative_tfidf__мк,0.037937070208142167,0.037937070208142167,lexical
narrative_tfidf__ротовой,0.037937070208142167,0.037937070208142167,lexical
narrative_tfidf__ощупь,0.037937070208142167,0.037937070208142167,lexical
narrative_tfidf__хбп,0.037937070208142167,0.037937070208142167,lexical
narrative_tfidf__фкiii,0.037937070208142167,0.037937070208142167,lexical
narrative_tfidf__постинфарктный,0.037937070208142167,0.037937070208142167,lexical
narrative_tfidf__кардиосклероз,0.037937070208142167,0.037937070208142167,lexical
narrative_tfidf__нефроангиосклероз,0.037937070208142167,0.037937070208142167,lexical
narrative_tfidf__венечный,0.037937070208142167,0.037937070208142167,lexical
narrative_tfidf__post,0.037937070208142167,0.037937070208142167,lexical
narrative_tfidf__очень,0.037937070208142167,0.037937070208142167,lexical
narrative_tfidf__ась,0.037937070208142167,0.037937070208142167,lexical
narrative_tfidf__хорошо,0.037910444123232724,0.037910444123232724,lexical
narrative_tfidf__повышенный,-0.037906865195566124,0.037906865195566124,lexical
narrative_tfidf__данные,-0.03785346975901069,0.03785346975901069,lexical
narrative_tfidf__хороший,0.037842734599162174,0.037842734599162174,lexical
narrative_tfidf__вода,0.03780999469495198,0.03780999469495198,lexical
narrative_tfidf__слой,0.037767810843470334,0.037767810843470334,lexical
narrative_tfidf__поведение,0.037767810843470334,0.037767810843470334,lexical
narrative_tfidf__история,0.037767810843470334,0.037767810843470334,lexical
narrative_tfidf__км,0.037355368973958865,0.037355368973958865,lexical
narrative_tfidf__порядок,0.037355368973958865,0.037355368973958865,lexical
narrative_tfidf__легкоусвояемый,0.037355368973958865,0.037355368973958865,lexical
narrative_tfidf__вздутие,-0.03700574023877213,0.03700574023877213,lexical
narrative_tfidf__трия,-0.0369019777360731,0.0369019777360731,lexical
narrative_tfidf__воспалительный,-0.03677400277057344,0.03677400277057344,lexical
narrative_tfidf__омепразол,-0.03670646089145734,0.03670646089145734,lexical
narrative_tfidf__фиксировать,0.03670267726595178,0.03670267726595178,lexical
narrative_tfidf__потребоваться,0.03670267726595178,0.03670267726595178,lexical
narrative_tfidf__река,-0.03650352116054513,0.03650352116054513,lexical
narrative_tfidf__энтеросгель,-0.03635992613204502,0.03635992613204502,lexical
narrative_tfidf__пупок,-0.03635992613204502,0.03635992613204502,lexical
narrative_tfidf__микразима,-0.03635992613204502,0.03635992613204502,lexical
narrative_tfidf__амиксина,-0.03635992613204502,0.03635992613204502,lexical
narrative_tfidf__панкреатин,-0.03635992613204502,0.03635992613204502,lexical
narrative_tfidf__регидрон,-0.03635992613204502,0.03635992613204502,lexical
narrative_tfidf__инфекционист,-0.03635992613204502,0.03635992613204502,lexical
narrative_tfidf__исклый,-0.03635992613204502,0.03635992613204502,lexical
narrative_tfidf__литр,-0.03635992613204502,0.03635992613204502,lexical
narrative_tfidf__лейкоформула,-0.03635992613204502,0.03635992613204502,lexical
narrative_tfidf__противовирусный,-0.03635992613204502,0.03635992613204502,lexical
narrative_tfidf__антидиарейный,-0.03635992613204502,0.03635992613204502,lexical
narrative_tfidf__арбидол,-0.03635992613204502,0.03635992613204502,lexical
narrative_tfidf__диарея,-0.03635992613204502,0.03635992613204502,lexical
narrative_tfidf__щадить,-0.03635992613204502,0.03635992613204502,lexical
narrative_tfidf__электролитный,-0.03635992613204502,0.03635992613204502,lexical
narrative_tfidf__смект,-0.03635992613204502,0.03635992613204502,lexical
narrative_tfidf__растворить,-0.03635992613204502,0.03635992613204502,lexical
narrative_tfidf__зак,-0.03635992613204502,0.03635992613204502,lexical
narrative_tfidf__нэрба,-0.03635992613204502,0.03635992613204502,lexical
narrative_tfidf__энтерофурить,-0.03635992613204502,0.03635992613204502,lexical
narrative_tfidf__восполнение,-0.03635992613204502,0.03635992613204502,lexical
narrative_tfidf__эспумизать,-0.03635992613204502,0.03635992613204502,lexical
narrative_tfidf__ингавирина,-0.03635992613204502,0.03635992613204502,lexical
narrative_tfidf__ротавирусный,-0.03635992613204502,0.03635992613204502,lexical
narrative_tfidf__brat,-0.03635992613204502,0.03635992613204502,lexical
narrative_tfidf__можно,0.03624502093318842,0.03624502093318842,lexical
narrative_tfidf__квадрант,0.03624065332612933,0.03624065332612933,lexical
narrative_tfidf__органический,0.036061670511936005,0.036061670511936005,lexical
narrative_tfidf__пенестер,0.03589077647983859,0.03589077647983859,lexical
narrative_tfidf__дутастерид,0.03589077647983859,0.03589077647983859,lexical
narrative_tfidf__тамсолузин,0.03589077647983859,0.03589077647983859,lexical
narrative_tfidf__тамсулозина,0.03589077647983859,0.03589077647983859,lexical
narrative_tfidf__финастерид,0.03589077647983859,0.03589077647983859,lexical
narrative_tfidf__дуодарт,0.03589077647983859,0.03589077647983859,lexical
narrative_tfidf__афалаз,0.03589077647983859,0.03589077647983859,lexical
narrative_tfidf__фокусина,0.03589077647983859,0.03589077647983859,lexical
narrative_tfidf__последгия,-0.035785612017157714,0.035785612017157714,lexical
narrative_tfidf__физичека,-0.035785612017157714,0.035785612017157714,lexical
narrative_tfidf__постановка,-0.035785612017157714,0.035785612017157714,lexical
narrative_tfidf__важный,-0.035785612017157714,0.035785612017157714,lexical
narrative_tfidf__продолжить,0.0357212146218862,0.0357212146218862,lexical
narrative_tfidf__гинекологический,0.03557056501860292,0.03557056501860292,lexical
narrative_tfidf__телзап,0.03546297835231382,0.03546297835231382,lexical
narrative_tfidf__растительный,-0.0352939487891437,0.0352939487891437,lexical
narrative_tfidf__оперативный,-0.035292337845423204,0.035292337845423204,lexical
narrative_tfidf__правильный,0.035155575000560706,0.035155575000560706,lexical
narrative_tfidf__проводиться,-0.03497618376841444,0.03497618376841444,lexical
narrative_tfidf__отяготить,-0.03466182192191991,0.03466182192191991,lexical
narrative_tfidf__стресс,0.034509633141538175,0.034509633141538175,lexical
narrative_tfidf__курс,0.03442523403807826,0.03442523403807826,lexical
narrative_tfidf__поясница,-0.03427102495462841,0.03427102495462841,lexical
narrative_tfidf__дежурный,0.033952942824756464,0.033952942824756464,lexical
narrative_tfidf__муж,0.033952942824756464,0.033952942824756464,lexical
narrative_tfidf__спиронолактон,0.033952942824756464,0.033952942824756464,lexical
narrative_tfidf__диуретик,0.033952942824756464,0.033952942824756464,lexical
narrative_tfidf__спиртовой,0.033952942824756464,0.033952942824756464,lexical
narrative_tfidf__обязательно,0.033952942824756464,0.033952942824756464,lexical
narrative_tfidf__метастаз,0.033952942824756464,0.033952942824756464,lexical
narrative_tfidf__корректировать,0.033952942824756464,0.033952942824756464,lexical
narrative_tfidf__стоить,0.033952942824756464,0.033952942824756464,lexical
narrative_tfidf__детравенол,0.033952942824756464,0.033952942824756464,lexical
narrative_tfidf__электролит,0.033952942824756464,0.033952942824756464,lexical
narrative_tfidf__эквивалент,0.033952942824756464,0.033952942824756464,lexical
narrative_tfidf__предыдузый,0.033952942824756464,0.033952942824756464,lexical
narrative_tfidf__конкор,0.033952942824756464,0.033952942824756464,lexical
narrative_tfidf__кфк,0.033952942824756464,0.033952942824756464,lexical
narrative_tfidf__часто,0.033952942824756464,0.033952942824756464,lexical
narrative_tfidf__измерять,0.033952942824756464,0.033952942824756464,lexical
narrative_tfidf__выбрать,0.033952942824756464,0.033952942824756464,lexical
narrative_tfidf__отмена,0.033952942824756464,0.033952942824756464,lexical
narrative_tfidf__воспользоваться,0.033952942824756464,0.033952942824756464,lexical
narrative_tfidf__пожизненно,0.033952942824756464,0.033952942824756464,lexical
narrative_tfidf__тётя,0.033952942824756464,0.033952942824756464,lexical
narrative_tfidf__весна,0.033952942824756464,0.033952942824756464,lexical
narrative_tfidf__насосный,0.033952942824756464,0.033952942824756464,lexical
narrative_tfidf__найза,0.033952942824756464,0.033952942824756464,lexical
narrative_tfidf__направить,0.033952942824756464,0.033952942824756464,lexical
narrative_tfidf__ортостатический,0.033952942824756464,0.033952942824756464,lexical
narrative_tfidf__подобный,0.033952942824756464,0.033952942824756464,lexical
narrative_tfidf__дочь,0.033952942824756464,0.033952942824756464,lexical
narrative_tfidf__измерить,0.033952942824756464,0.033952942824756464,lexical
narrative_tfidf__торасемид,0.033952942824756464,0.033952942824756464,lexical
narrative_tfidf__избежание,0.033952942824756464,0.033952942824756464,lexical
narrative_tfidf__габапентина,0.033952942824756464,0.033952942824756464,lexical
narrative_tfidf__таблица,0.033952942824756464,0.033952942824756464,lexical
narrative_tfidf__понимать,0.033952942824756464,0.033952942824756464,lexical
narrative_tfidf__недостаточный,0.033952942824756464,0.033952942824756464,lexical
narrative_tfidf__ранний,0.033952942824756464,0.033952942824756464,lexical
narrative_tfidf__кальциевый,0.033952942824756464,0.033952942824756464,lexical
narrative_tfidf__болиголов,0.033952942824756464,0.033952942824756464,lexical
narrative_tfidf__файл,0.033952942824756464,0.033952942824756464,lexical
narrative_tfidf__гипотиазид,0.033952942824756464,0.033952942824756464,lexical
narrative_tfidf__рамка,0.033952942824756464,0.033952942824756464,lexical
narrative_tfidf__нитроглицерин,0.033952942824756464,0.033952942824756464,lexical
narrative_tfidf__родитель,0.033952942824756464,0.033952942824756464,lexical
narrative_tfidf__требование,0.033952942824756464,0.033952942824756464,lexical
narrative_tfidf__закончить,0.033952942824756464,0.033952942824756464,lexical
narrative_tfidf__гемитиреоидэктомия,0.033952942824756464,0.033952942824756464,lexical
narrative_tfidf__зима,0.033952942824756464,0.033952942824756464,lexical
narrative_tfidf__вероятно,0.033952942824756464,0.033952942824756464,lexical
narrative_tfidf__параллельно,0.033952942824756464,0.033952942824756464,lexical
narrative_tfidf__редко,0.033952942824756464,0.033952942824756464,lexical
narrative_tfidf__усиленный,0.033952942824756464,0.033952942824756464,lexical
narrative_tfidf__обезболивание,0.033952942824756464,0.033952942824756464,lexical
narrative_tfidf__гипотензия,0.033952942824756464,0.033952942824756464,lexical
narrative_tfidf__настойка,0.033952942824756464,0.033952942824756464,lexical
narrative_tfidf__регулы,0.033782162139399614,0.033782162139399614,lexical
narrative_tfidf__дюспаталина,-0.033192112711998,0.033192112711998,lexical
narrative_tfidf__контролировать,-0.03293969305907939,0.03293969305907939,lexical
narrative_tfidf__киста,-0.03279857722620417,0.03279857722620417,lexical
narrative_tfidf__постоянно,0.03274954858038794,0.03274954858038794,lexical
narrative_tfidf__слизистый,0.03239969448849151,0.03239969448849151,lexical
narrative_tfidf__матк,-0.03221133871935536,0.03221133871935536,lexical
narrative_tfidf__желза,-0.03221133871935536,0.03221133871935536,lexical
narrative_tfidf__выделоение,-0.03221133871935536,0.03221133871935536,lexical
narrative_tfidf__особьен,-0.03221133871935536,0.03221133871935536,lexical
narrative_tfidf__джес,-0.03221133871935536,0.03221133871935536,lexical
narrative_tfidf__бартол,-0.03221133871935536,0.03221133871935536,lexical
narrative_tfidf__мексидол,-0.03208189711559865,0.03208189711559865,lexical
narrative_tfidf__инъекция,-0.032008779199802745,0.032008779199802745,lexical
narrative_tfidf__жидковатый,-0.03189397129808768,0.03189397129808768,lexical
narrative_tfidf__вновь,-0.03189397129808768,0.03189397129808768,lexical
narrative_tfidf__предпочтительно,0.03172169284014755,0.03172169284014755,lexical
narrative_tfidf__olga,0.03172169284014755,0.03172169284014755,lexical
narrative_tfidf__единица,0.03159630201786651,0.03159630201786651,lexical
narrative_tfidf__референсный,0.03159630201786651,0.03159630201786651,lexical
narrative_tfidf__педикулёз,-0.031548908198727334,0.031548908198727334,lexical
narrative_tfidf__варикозный,-0.03154726988619618,0.03154726988619618,lexical
narrative_tfidf__предстательный,0.03145411646819785,0.03145411646819785,lexical
narrative_tfidf__озноб,-0.031387507978961934,0.031387507978961934,lexical
narrative_tfidf__предудыщи,-0.031387507978961934,0.031387507978961934,lexical
narrative_tfidf__процесс,-0.031387507978961934,0.031387507978961934,lexical
narrative_tfidf__диагностик,-0.031387507978961934,0.031387507978961934,lexical
narrative_tfidf__чтобы,-0.031387507978961934,0.031387507978961934,lexical
narrative_tfidf__детально,-0.031387507978961934,0.031387507978961934,lexical
narrative_tfidf__скрытый,-0.031387507978961934,0.031387507978961934,lexical
narrative_tfidf__альфанормикс,-0.031387507978961934,0.031387507978961934,lexical
narrative_tfidf__кока,-0.031387507978961934,0.031387507978961934,lexical
narrative_tfidf__сложно,-0.031387507978961934,0.031387507978961934,lexical
narrative_tfidf__накануне,-0.031387507978961934,0.031387507978961934,lexical
narrative_tfidf__эластаз,-0.031387507978961934,0.031387507978961934,lexical
narrative_tfidf__дифференциальный,-0.031387507978961934,0.031387507978961934,lexical
narrative_tfidf__диагностический,-0.031387507978961934,0.031387507978961934,lexical
narrative_tfidf__поздний,-0.031387507978961934,0.031387507978961934,lexical
narrative_tfidf__перестать,-0.031387507978961934,0.031387507978961934,lexical
narrative_tfidf__ть,-0.031387507978961934,0.031387507978961934,lexical
narrative_tfidf__исходить,-0.031387507978961934,0.031387507978961934,lexical
narrative_tfidf__потемнение,-0.031387507978961934,0.031387507978961934,lexical
narrative_tfidf__разобраться,-0.031387507978961934,0.031387507978961934,lexical
narrative_tfidf__иха,-0.031387507978961934,0.031387507978961934,lexical
narrative_tfidf__сдавливать,-0.031387507978961934,0.031387507978961934,lexical
narrative_tfidf__описывать,-0.031387507978961934,0.031387507978961934,lexical
narrative_tfidf__тонзиллит,-0.031387507978961934,0.031387507978961934,lexical
narrative_tfidf__пж,-0.031387507978961934,0.031387507978961934,lexical
narrative_tfidf__миомэктомия,-0.031387507978961934,0.031387507978961934,lexical
narrative_tfidf__ломота,-0.031387507978961934,0.031387507978961934,lexical
narrative_tfidf__неболнуть,-0.031384666475180414,0.031384666475180414,lexical
narrative_tfidf__план,0.03137113280686428,0.03137113280686428,lexical
narrative_tfidf__гистаминовый,-0.030951463860922564,0.030951463860922564,lexical
narrative_tfidf__ранитидина,-0.030951463860922564,0.030951463860922564,lexical
narrative_tfidf__рецептор,-0.030951463860922564,0.030951463860922564,lexical
narrative_tfidf__дуоденит,-0.03086432905142302,0.03086432905142302,lexical
narrative_tfidf__блокатор,0.030859699975292757,0.030859699975292757,lexical
narrative_tfidf__эпид,0.03074670487848367,0.03074670487848367,lexical
narrative_tfidf__мужской,-0.03073289210963955,0.03073289210963955,lexical
narrative_tfidf__дата,-0.03073289210963955,0.03073289210963955,lexical
narrative_tfidf__номер,-0.03073289210963955,0.03073289210963955,lexical
narrative_tfidf__порядковый,-0.03073289210963955,0.03073289210963955,lexical
narrative_tfidf__полова,-0.030732068456717224,0.030732068456717224,lexical
narrative_tfidf__тяжистость,-0.030732068456717224,0.030732068456717224,lexical
narrative_tfidf__удлинение,-0.030732068456717224,0.030732068456717224,lexical
narrative_tfidf__регулярно,-0.030732068456717224,0.030732068456717224,lexical
narrative_tfidf__внутренный,-0.030732068456717224,0.030732068456717224,lexical
narrative_tfidf__межменструальный,-0.030732068456717224,0.030732068456717224,lexical
narrative_tfidf__кровянистый,-0.030732068456717224,0.030732068456717224,lexical
narrative_tfidf__изжога,-0.030646058097064832,0.030646058097064832,lexical
narrative_tfidf__миокард,0.030602280060084332,0.030602280060084332,lexical
narrative_tfidf__компенсация,0.030602280060084332,0.030602280060084332,lexical
narrative_tfidf__амлодпин,0.030602280060084332,0.030602280060084332,lexical
narrative_tfidf__антиоксидант,0.030602280060084332,0.030602280060084332,lexical
narrative_tfidf__гипертрофия,0.030602280060084332,0.030602280060084332,lexical
narrative_tfidf__полиненасыщенный,0.030602280060084332,0.030602280060084332,lexical
narrative_tfidf__мужчина,0.030602280060084332,0.030602280060084332,lexical
narrative_tfidf__образ,0.030602280060084332,0.030602280060084332,lexical
narrative_tfidf__plt,0.030602280060084332,0.030602280060084332,lexical
narrative_tfidf__rbc,0.030602280060084332,0.030602280060084332,lexical
narrative_tfidf__ох,0.030602280060084332,0.030602280060084332,lexical
narrative_tfidf__wbc,0.030602280060084332,0.030602280060084332,lexical
narrative_tfidf__mcv,0.030602280060084332,0.030602280060084332,lexical
narrative_tfidf__лж,0.030602280060084332,0.030602280060084332,lexical
narrative_tfidf__ничто,0.030602280060084332,0.030602280060084332,lexical
narrative_tfidf__пмк,0.030602280060084332,0.030602280060084332,lexical
narrative_tfidf__быстроусвояемый,0.030602280060084332,0.030602280060084332,lexical
narrative_tfidf__вигантон,0.030602280060084332,0.030602280060084332,lexical
narrative_tfidf__брахиоцефальный,0.030602280060084332,0.030602280060084332,lexical
narrative_tfidf__зерновой,0.030602280060084332,0.030602280060084332,lexical
narrative_tfidf__замена,0.030602280060084332,0.030602280060084332,lexical
narrative_tfidf__камера,0.030602280060084332,0.030602280060084332,lexical
narrative_tfidf__ммль,0.030602280060084332,0.030602280060084332,lexical
narrative_tfidf__мкд,0.030602280060084332,0.030602280060084332,lexical
narrative_tfidf__моно,0.030602280060084332,0.030602280060084332,lexical
narrative_tfidf__зслж,0.030602280060084332,0.030602280060084332,lexical
narrative_tfidf__cтадий,0.030602280060084332,0.030602280060084332,lexical
narrative_tfidf__cнижение,0.030602280060084332,0.030602280060084332,lexical
narrative_tfidf__fl,0.030602280060084332,0.030602280060084332,lexical
narrative_tfidf__hbg,0.030602280060084332,0.030602280060084332,lexical
narrative_tfidf__отклонение,0.030602280060084332,0.030602280060084332,lexical
narrative_tfidf__ягода,0.030602280060084332,0.030602280060084332,lexical
narrative_tfidf__увеличение,-0.030588365128487168,0.030588365128487168,lexical
narrative_tfidf__очаговый,0.030487095562189384,0.030487095562189384,lexical
narrative_tfidf__гипертензивный,0.03028678969202105,0.03028678969202105,lexical
narrative_tfidf__преимущественный,0.03028678969202105,0.03028678969202105,lexical
narrative_tfidf__сдача,-0.03019559673757181,0.03019559673757181,lexical
narrative_tfidf__тургор,-0.029973503348854784,0.029973503348854784,lexical
narrative_tfidf__щитовидный,0.02996427829449123,0.02996427829449123,lexical
narrative_tfidf__основа,0.02990150624942998,0.02990150624942998,lexical
narrative_tfidf__быть,-0.02988682368064954,0.02988682368064954,lexical
narrative_tfidf__жидкий,-0.029882192759601633,0.029882192759601633,lexical
narrative_tfidf__мрхпг,0.029806601914902215,0.029806601914902215,lexical
narrative_tfidf__status,0.0296470829874038,0.0296470829874038,lexical
narrative_tfidf__мазать,-0.029502375377825647,0.029502375377825647,lexical
narrative_tfidf__гинька,-0.029502375377825647,0.029502375377825647,lexical
narrative_tfidf__рожать,-0.029502375377825647,0.029502375377825647,lexical
narrative_tfidf__мол,-0.029184728817348526,0.029184728817348526,lexical
narrative_tfidf__подмышеный,-0.029184728817348526,0.029184728817348526,lexical
narrative_tfidf__лимфоаденопатия,-0.029184728817348526,0.029184728817348526,lexical
narrative_tfidf__предохраняться,-0.029184728817348526,0.029184728817348526,lexical
narrative_tfidf__фиброзный,-0.029184728817348526,0.029184728817348526,lexical
narrative_tfidf__неясный,-0.029184728817348526,0.029184728817348526,lexical
narrative_tfidf__фиброаденома,-0.029184728817348526,0.029184728817348526,lexical
narrative_tfidf__са,-0.029184728817348526,0.029184728817348526,lexical
narrative_tfidf__кистозный,-0.029184728817348526,0.029184728817348526,lexical
narrative_tfidf__сак,-0.029184728817348526,0.029184728817348526,lexical
narrative_tfidf__этиология,-0.029184728817348526,0.029184728817348526,lexical
narrative_tfidf__иметь,-0.02916490411615933,0.02916490411615933,lexical
narrative_tfidf__момент,0.028985321291987196,0.028985321291987196,lexical
narrative_tfidf__наследственность,-0.02897035239921869,0.02897035239921869,lexical
narrative_tfidf__огк,0.0289423934421397,0.0289423934421397,lexical
narrative_tfidf__избыточный,0.028860035378876586,0.028860035378876586,lexical
narrative_tfidf__лабораторный,-0.028814816428751125,0.028814816428751125,lexical
narrative_tfidf__онкологический,-0.028697025925578608,0.028697025925578608,lexical
narrative_tfidf__неинтенсивный,0.028680435883382847,0.028680435883382847,lexical
title_tfidf__iv,-0.028666178518086026,0.028666178518086026,lexical
title_tfidf__функциональный,-0.028666178518086026,0.028666178518086026,lexical
title_tfidf__мочь,-0.028666178518086026,0.028666178518086026,lexical
title_tfidf__опасно,-0.028666178518086026,0.028666178518086026,lexical
title_tfidf__который,-0.028666178518086026,0.028666178518086026,lexical
title_tfidf__ii,-0.028666178518086026,0.028666178518086026,lexical
title_tfidf__класс,-0.028666178518086026,0.028666178518086026,lexical
narrative_tfidf__носовой,0.028626839730255024,0.028626839730255024,lexical
narrative_tfidf__соскоб,0.028369829700782754,0.028369829700782754,lexical
narrative_tfidf__уголок,0.028369829700782754,0.028369829700782754,lexical
narrative_tfidf__дерматолог,0.028369829700782754,0.028369829700782754,lexical
narrative_tfidf__специфический,-0.028334048653495737,0.028334048653495737,lexical
narrative_tfidf__ринит,-0.028334048653495737,0.028334048653495737,lexical
narrative_tfidf__антиген,0.028195701764994266,0.028195701764994266,lexical
narrative_tfidf__окончательный,0.028186215842865802,0.028186215842865802,lexical
narrative_tfidf__код,-0.028124532333039923,0.028124532333039923,lexical
narrative_tfidf__помощь,0.0278075539772052,0.0278075539772052,lexical
narrative_tfidf__альгинат,-0.02764415253829932,0.02764415253829932,lexical
narrative_tfidf__прокинетик,-0.02764415253829932,0.02764415253829932,lexical
narrative_tfidf__экзофтальм,0.027452846676521446,0.027452846676521446,lexical
narrative_tfidf__левосторонний,-0.027419874501948445,0.027419874501948445,lexical
narrative_tfidf__anteflexio,0.027301371516239445,0.027301371516239445,lexical
narrative_tfidf__жировой,-0.02722908491123365,0.02722908491123365,lexical
narrative_tfidf__лицо,0.027076598780222342,0.027076598780222342,lexical
narrative_tfidf__жп,-0.026958112216238003,0.026958112216238003,lexical
narrative_tfidf__благополучный,0.026956508165539482,0.026956508165539482,lexical
narrative_tfidf__обслый,-0.026904339893270818,0.026904339893270818,lexical
narrative_tfidf__привести,0.026878196816299157,0.026878196816299157,lexical
title_tfidf__головной,0.026863712439168772,0.026863712439168772,lexical
title_tfidf__гбн,0.026863712439168772,0.026863712439168772,lexical
title_tfidf__боль,0.026863712439168772,0.026863712439168772,clinical terms
title_tfidf__железа,0.02684921905413606,0.02684921905413606,lexical
narrative_tfidf__ож,-0.026641851512197712,0.026641851512197712,lexical
narrative_tfidf__гипертрофированный,-0.026641851512197712,0.026641851512197712,lexical
narrative_tfidf__кольпоскопия,-0.026641851512197712,0.026641851512197712,lexical
narrative_tfidf__стык,-0.026641851512197712,0.026641851512197712,lexical
narrative_tfidf__пмэ,-0.026641851512197712,0.026641851512197712,lexical
narrative_tfidf__цэ,-0.026641851512197712,0.026641851512197712,lexical
narrative_tfidf__типичный,-0.026641851512197712,0.026641851512197712,lexical
narrative_tfidf__ручной,-0.026641851512197712,0.026641851512197712,lexical
narrative_tfidf__аднексит,-0.026641851512197712,0.026641851512197712,lexical
narrative_tfidf__послед,-0.026641851512197712,0.026641851512197712,lexical
narrative_tfidf__мпэ,-0.026641851512197712,0.026641851512197712,lexical
narrative_tfidf__гин,-0.026641851512197712,0.026641851512197712,lexical
narrative_tfidf__зт,-0.026641851512197712,0.026641851512197712,lexical
narrative_tfidf__эпиданамнез,0.026590897173809882,0.026590897173809882,lexical
narrative_tfidf__нижний,0.026560865129612907,0.026560865129612907,lexical
narrative_tfidf__ассоиировать,-0.02648587246282513,0.02648587246282513,lexical
narrative_tfidf__делаться,-0.02648587246282513,0.02648587246282513,lexical
narrative_tfidf__дыхата,-0.02648587246282513,0.02648587246282513,lexical
narrative_tfidf__дом,-0.026423132877459815,0.026423132877459815,lexical
narrative_tfidf__справа,-0.026271161468065476,0.026271161468065476,lexical
narrative_tfidf__кардиолга,0.02619171260536421,0.02619171260536421,lexical
narrative_tfidf__связь,-0.025824837385878638,0.025824837385878638,lexical
narrative_tfidf__кап,0.025807818436745483,0.025807818436745483,lexical
narrative_tfidf__фаза,-0.025753427598371525,0.025753427598371525,lexical
narrative_tfidf__небоьшать,-0.025717282877882882,0.025717282877882882,lexical
narrative_tfidf__рефлюксный,0.025677721864351122,0.025677721864351122,lexical
narrative_tfidf__урсосать,0.025677721864351122,0.025677721864351122,lexical
narrative_tfidf__округлый,0.025677721864351122,0.025677721864351122,lexical
narrative_tfidf__разо,0.025677721864351122,0.025677721864351122,lexical
narrative_tfidf__эндокринолог,-0.02553222935676372,0.02553222935676372,lexical
narrative_tfidf__сутки,-0.025498752578625133,0.025498752578625133,lexical
narrative_tfidf__мм,0.025404175787122694,0.025404175787122694,lexical
narrative_tfidf__явка,0.025334467480199303,0.025334467480199303,lexical
narrative_tfidf__темп,-0.02524674432288297,0.02524674432288297,lexical
narrative_tfidf__снизить,-0.025200060829452822,0.025200060829452822,lexical
narrative_tfidf__кал,0.025066374469262395,0.025066374469262395,lexical
narrative_tfidf__нач,-0.024955150321392342,0.024955150321392342,lexical
narrative_tfidf__эктопия,-0.024955150321392342,0.024955150321392342,lexical
narrative_tfidf__признак,-0.024922252135765863,0.024922252135765863,lexical
narrative_tfidf__выставить,0.02477812615134814,0.02477812615134814,lexical
narrative_tfidf__эрозия,-0.024530975600489297,0.024530975600489297,lexical
narrative_tfidf__случайный,-0.024443850474658912,0.024443850474658912,lexical
narrative_tfidf__режим,0.024365056668964925,0.024365056668964925,lexical
narrative_tfidf__селективный,-0.02433076456956162,0.02433076456956162,lexical
narrative_tfidf__чувствительность,-0.024189039019753136,0.024189039019753136,lexical
narrative_tfidf__диурез,0.02406410352506697,0.02406410352506697,lexical
narrative_tfidf__praesens,0.02389195652938837,0.02389195652938837,lexical
narrative_tfidf__алкоголь,0.02376615290009012,0.02376615290009012,lexical
narrative_tfidf__внутро,-0.02371600416431708,0.02371600416431708,lexical
narrative_tfidf__скудный,-0.02371600416431708,0.02371600416431708,lexical
narrative_tfidf__нр,0.023674742675035564,0.023674742675035564,lexical
narrative_tfidf__вживот,-0.023669629841528716,0.023669629841528716,lexical
narrative_tfidf__субиктеричный,-0.023669629841528716,0.023669629841528716,lexical
narrative_tfidf__склера,-0.023669629841528716,0.023669629841528716,lexical
narrative_tfidf__телемедицинский,0.02363984049120809,0.02363984049120809,lexical
narrative_tfidf__гиперемирован,-0.023562334927807467,0.023562334927807467,lexical
narrative_tfidf__язвенный,0.023477868692362562,0.023477868692362562,lexical
narrative_tfidf__повторно,-0.023417436453048827,0.023417436453048827,lexical
narrative_tfidf__решение,-0.023417436453048827,0.023417436453048827,lexical
narrative_tfidf__маткицилиндрический,-0.02341139733189121,0.02341139733189121,lexical
narrative_tfidf__участок,-0.02341139733189121,0.02341139733189121,lexical
narrative_tfidf__бонадэ,-0.02341139733189121,0.02341139733189121,lexical
narrative_tfidf__эндометриоидный,-0.02341139733189121,0.02341139733189121,lexical
narrative_tfidf__кальций,0.023393138275180123,0.023393138275180123,lexical
narrative_tfidf__инструментальный,0.023293063420852973,0.023293063420852973,lexical
narrative_tfidf__частый,-0.02318384911373952,0.02318384911373952,lexical
narrative_tfidf__желчеооток,0.023148245437198886,0.023148245437198886,lexical
narrative_tfidf__следить,0.023147320643310182,0.023147320643310182,lexical
narrative_tfidf__зависимость,0.023147320643310182,0.023147320643310182,lexical
narrative_tfidf__нерегулы,-0.023134754856325268,0.023134754856325268,lexical
narrative_tfidf__июнь,-0.023134754856325268,0.023134754856325268,lexical
narrative_tfidf__амбулаторно,0.0230787700374759,0.0230787700374759,lexical
narrative_tfidf__физнагрузка,0.0230787700374759,0.0230787700374759,lexical
narrative_tfidf__паренхима,0.0230787700374759,0.0230787700374759,lexical
narrative_tfidf__кищечник,0.0230787700374759,0.0230787700374759,lexical
narrative_tfidf__послый,0.0230787700374759,0.0230787700374759,lexical
narrative_tfidf__заинтересованный,0.0230787700374759,0.0230787700374759,lexical
narrative_tfidf__ирригоскопия,0.0230787700374759,0.0230787700374759,lexical
narrative_tfidf__дексаметазон,0.0230787700374759,0.0230787700374759,lexical
narrative_tfidf__мочеиспускательный,0.0230787700374759,0.0230787700374759,lexical
narrative_tfidf__дротаверин,0.0230787700374759,0.0230787700374759,lexical
narrative_tfidf__кале,0.0230787700374759,0.0230787700374759,lexical
narrative_tfidf__гастропатия,0.0230787700374759,0.0230787700374759,lexical
narrative_tfidf__доброкачественный,0.0230787700374759,0.0230787700374759,lexical
narrative_tfidf__эндоузи,0.023044845557025826,0.023044845557025826,lexical
narrative_tfidf__рн,0.02279850363806837,0.02279850363806837,lexical
narrative_tfidf__диакарба,0.02262574018499077,0.02262574018499077,lexical
narrative_tfidf__оценка,-0.022597365411333413,0.022597365411333413,lexical
narrative_tfidf__дополнить,-0.022505152388625653,0.022505152388625653,lexical
narrative_tfidf__плацнтарный,-0.022425008916288677,0.022425008916288677,lexical
narrative_tfidf__гиперимия,-0.022425008916288677,0.022425008916288677,lexical
narrative_tfidf__творожистый,-0.022425008916288677,0.022425008916288677,lexical
narrative_tfidf__нары,-0.022425008916288677,0.022425008916288677,lexical
narrative_tfidf__гистый,-0.022425008916288677,0.022425008916288677,lexical
narrative_tfidf__ткань,-0.022425008916288677,0.022425008916288677,lexical
narrative_tfidf__самопроизвольный,-0.022425008916288677,0.022425008916288677,lexical
narrative_tfidf__оага,-0.022425008916288677,0.022425008916288677,lexical
narrative_tfidf__оим,-0.022365445716858764,0.022365445716858764,lexical
narrative_tfidf__жидкость,-0.02220005013999026,0.02220005013999026,lexical
narrative_tfidf__острый,0.022028001881921645,0.022028001881921645,lexical
narrative_tfidf__коленный,-0.021999888627033237,0.021999888627033237,lexical
narrative_tfidf__обратиться,0.021901918293329395,0.021901918293329395,lexical
narrative_tfidf__исключение,-0.021863268241628736,0.021863268241628736,lexical
narrative_tfidf__апрель,0.021759587058257823,0.021759587058257823,lexical
narrative_tfidf__мазка,-0.021759568752145308,0.021759568752145308,lexical
narrative_tfidf__развить,-0.021291826778925965,0.021291826778925965,lexical
narrative_tfidf__внешний,-0.021019601643906358,0.021019601643906358,lexical
narrative_tfidf__спирография,-0.021019601643906358,0.021019601643906358,lexical
narrative_tfidf__стадия,0.021006890255239632,0.021006890255239632,lexical
narrative_tfidf__пищеводный,-0.02098262304153015,0.02098262304153015,lexical
narrative_tfidf__отрицательно,-0.02098262304153015,0.02098262304153015,lexical
narrative_tfidf__дробный,-0.02098262304153015,0.02098262304153015,lexical
narrative_tfidf__солёный,-0.02098262304153015,0.02098262304153015,lexical
narrative_tfidf__лист,-0.02098262304153015,0.02098262304153015,lexical
narrative_tfidf__соус,-0.02098262304153015,0.02098262304153015,lexical
narrative_tfidf__центр,-0.02098262304153015,0.02098262304153015,lexical
narrative_tfidf__днк,-0.02098262304153015,0.02098262304153015,lexical
narrative_tfidf__очагово,-0.02098262304153015,0.02098262304153015,lexical
narrative_tfidf__альфазокс,-0.02098262304153015,0.02098262304153015,lexical
narrative_tfidf__маг,-0.02098262304153015,0.02098262304153015,lexical
narrative_tfidf__смыкаться,-0.02098262304153015,0.02098262304153015,lexical
narrative_tfidf__мс,-0.02098262304153015,0.02098262304153015,lexical
narrative_tfidf__переход,-0.02098262304153015,0.02098262304153015,lexical
narrative_tfidf__заброс,-0.02098262304153015,0.02098262304153015,lexical
narrative_tfidf__гипоацидность,-0.02098262304153015,0.02098262304153015,lexical
narrative_tfidf__жирный,-0.02098262304153015,0.02098262304153015,lexical
narrative_tfidf__эпидситуация,-0.02098262304153015,0.02098262304153015,lexical
narrative_tfidf__этап,-0.02098262304153015,0.02098262304153015,lexical
narrative_tfidf__helycobacter,-0.02098262304153015,0.02098262304153015,lexical
narrative_tfidf__луковица,-0.02098262304153015,0.02098262304153015,lexical
narrative_tfidf__привратник,-0.02098262304153015,0.02098262304153015,lexical
narrative_tfidf__пка,-0.02098262304153015,0.02098262304153015,lexical
narrative_tfidf__гепатоз,-0.02098262304153015,0.02098262304153015,lexical
narrative_tfidf__гастростат,-0.02098262304153015,0.02098262304153015,lexical
narrative_tfidf__саша,-0.02098262304153015,0.02098262304153015,lexical
narrative_tfidf__дискинетический,-0.02098262304153015,0.02098262304153015,lexical
narrative_tfidf__складка,-0.02098262304153015,0.02098262304153015,lexical
narrative_tfidf__декабрь,-0.02098262304153015,0.02098262304153015,lexical
narrative_tfidf__фибрин,-0.02098262304153015,0.02098262304153015,lexical
narrative_tfidf__расправляться,-0.02098262304153015,0.02098262304153015,lexical
narrative_tfidf__хайробезол,-0.02098262304153015,0.02098262304153015,lexical
narrative_tfidf__грануляция,-0.02098262304153015,0.02098262304153015,lexical
narrative_tfidf__ребамипид,-0.02098262304153015,0.02098262304153015,lexical
narrative_tfidf__мутный,-0.02098262304153015,0.02098262304153015,lexical
narrative_tfidf__рб,-0.02098262304153015,0.02098262304153015,lexical
narrative_tfidf__постбульбарный,-0.02098262304153015,0.02098262304153015,lexical
narrative_tfidf__бдс,-0.02098262304153015,0.02098262304153015,lexical
narrative_tfidf__джвп,-0.02098262304153015,0.02098262304153015,lexical
narrative_tfidf__мотилиум,-0.02098262304153015,0.02098262304153015,lexical
narrative_tfidf__обед,-0.02098262304153015,0.02098262304153015,lexical
narrative_tfidf__рамиприл,-0.02098262304153015,0.02098262304153015,lexical
narrative_tfidf__кленовый,-0.02098262304153015,0.02098262304153015,lexical
narrative_tfidf__копчёность,-0.02098262304153015,0.02098262304153015,lexical
narrative_tfidf__диспансеризация,-0.02098262304153015,0.02098262304153015,lexical
narrative_tfidf__дицитрат,-0.02098262304153015,0.02098262304153015,lexical
narrative_tfidf__сочный,-0.02098262304153015,0.02098262304153015,lexical
narrative_tfidf__дисхолия,-0.02098262304153015,0.02098262304153015,lexical
narrative_tfidf__специя,-0.02098262304153015,0.02098262304153015,lexical
narrative_tfidf__некоррегир,-0.02098262304153015,0.02098262304153015,lexical
narrative_tfidf__извить,-0.02098262304153015,0.02098262304153015,lexical
narrative_tfidf__ровышение,-0.02098262304153015,0.02098262304153015,lexical
narrative_tfidf__свободно,-0.02098262304153015,0.02098262304153015,lexical
narrative_tfidf__розетка,-0.02098262304153015,0.02098262304153015,lexical
narrative_tfidf__сгладить,-0.02098262304153015,0.02098262304153015,lexical
narrative_tfidf__трикалия,-0.02098262304153015,0.02098262304153015,lexical
narrative_tfidf__независимо,-0.02098262304153015,0.02098262304153015,lexical
narrative_tfidf__ужин,-0.02098262304153015,0.02098262304153015,lexical
narrative_tfidf__гиперхолестеринемия,-0.02098262304153015,0.02098262304153015,lexical
narrative_tfidf__медикаментозный,0.02061234820360903,0.02061234820360903,lexical
narrative_tfidf__крона,-0.02060428791129573,0.02060428791129573,lexical
narrative_tfidf__течен,-0.020552306805975983,0.020552306805975983,lexical
narrative_tfidf__перистальтика,0.020310352687427747,0.020310352687427747,lexical
narrative_tfidf__геморроидальный,0.020202210873581292,0.020202210873581292,lexical
narrative_tfidf__предьявлять,-0.020175161139195704,0.020175161139195704,lexical
narrative_tfidf__эндометрий,-0.020175161139195704,0.020175161139195704,lexical
narrative_tfidf__фолликулярный,-0.020175161139195704,0.020175161139195704,lexical
narrative_tfidf__полип,-0.020175161139195704,0.020175161139195704,lexical
narrative_tfidf__сукровичный,-0.020175161139195704,0.020175161139195704,lexical
narrative_tfidf__часть,-0.020120119205287182,0.020120119205287182,lexical
narrative_tfidf__эхо,-0.020011702572065,0.020011702572065,lexical
narrative_tfidf__биопсия,-0.020004985980586643,0.020004985980586643,lexical
narrative_tfidf__урчание,-0.019824684545378703,0.019824684545378703,lexical
narrative_tfidf__малый,0.019738540442793124,0.019738540442793124,lexical
narrative_tfidf__st,-0.01971029286415848,0.01971029286415848,lexical
narrative_tfidf__уза,-0.01958354429441301,0.01958354429441301,lexical
narrative_tfidf__синдром,0.01958293729323841,0.01958293729323841,clinical terms
narrative_tfidf__свет,-0.019571597533065834,0.019571597533065834,lexical
narrative_tfidf__выше,-0.019370853292556778,0.019370853292556778,lexical
narrative_tfidf__цикл,0.01925861240445656,0.01925861240445656,lexical
narrative_tfidf__бронхит,-0.01910039958196521,0.01910039958196521,lexical
narrative_tfidf__предварительный,0.019062950777512952,0.019062950777512952,lexical
narrative_tfidf__новый,0.019000846858655412,0.019000846858655412,lexical
narrative_tfidf__эффективный,-0.01888936576899716,0.01888936576899716,lexical
narrative_tfidf__правило,-0.01888936576899716,0.01888936576899716,lexical
narrative_tfidf__аллергодиагностика,-0.01888936576899716,0.01888936576899716,lexical
narrative_tfidf__панель,-0.01888936576899716,0.01888936576899716,lexical
narrative_tfidf__rida,-0.01888936576899716,0.01888936576899716,lexical
narrative_tfidf__ru,-0.01888936576899716,0.01888936576899716,lexical
narrative_tfidf__immunocap,-0.01888936576899716,0.01888936576899716,lexical
narrative_tfidf__сезон,-0.01888936576899716,0.01888936576899716,lexical
narrative_tfidf__иммуноглобулин,-0.01888936576899716,0.01888936576899716,lexical
narrative_tfidf__бронх,-0.01888936576899716,0.01888936576899716,lexical
narrative_tfidf__верхушечный,-0.018768926351883857,0.018768926351883857,lexical
narrative_tfidf__толчок,-0.018768926351883857,0.018768926351883857,lexical
narrative_tfidf__принемаять,-0.01845098886803655,0.01845098886803655,lexical
narrative_tfidf__пренимаять,-0.01845098886803655,0.01845098886803655,lexical
narrative_tfidf__контрацептивный,-0.01845098886803655,0.01845098886803655,lexical
narrative_tfidf__сокол,-0.01845098886803655,0.01845098886803655,lexical
narrative_tfidf__мёд,-0.01845098886803655,0.01845098886803655,lexical
narrative_tfidf__retroflexio,-0.01845098886803655,0.01845098886803655,lexical
narrative_tfidf__детский,-0.01845098886803655,0.01845098886803655,lexical
narrative_tfidf__миоматозный,-0.01845098886803655,0.01845098886803655,lexical
narrative_tfidf__енения,-0.01845098886803655,0.01845098886803655,lexical
narrative_tfidf__дисменорея,-0.01845098886803655,0.01845098886803655,lexical
narrative_tfidf__мц,-0.01845098886803655,0.01845098886803655,lexical
narrative_tfidf__кеторол,-0.01845098886803655,0.01845098886803655,lexical
narrative_tfidf__формироваться,-0.01845098886803655,0.01845098886803655,lexical
narrative_tfidf__себябольной,-0.01845098886803655,0.01845098886803655,lexical
narrative_tfidf__изм,-0.01845098886803655,0.01845098886803655,lexical
narrative_tfidf__структурный,-0.01845098886803655,0.01845098886803655,lexical
narrative_tfidf__течень,-0.01845098886803655,0.01845098886803655,lexical
narrative_tfidf__считать,-0.01845098886803655,0.01845098886803655,lexical
narrative_tfidf__самоконтроль,0.01841018019181396,0.01841018019181396,lexical
narrative_tfidf__холтер,-0.018365101952147554,0.018365101952147554,lexical
narrative_tfidf__рацион,-0.018119918138672617,0.018119918138672617,lexical
narrative_tfidf__мониторирование,0.018098528895312493,0.018098528895312493,lexical
narrative_tfidf__везикулярный,-0.01799921919727586,0.01799921919727586,lexical
narrative_tfidf__липидный,-0.017821114928745607,0.017821114928745607,lexical
narrative_tfidf__периодический,-0.01780961276544612,0.01780961276544612,lexical
narrative_tfidf__потребность,-0.017806538600752497,0.017806538600752497,lexical
narrative_tfidf__влажный,-0.017773598097153228,0.017773598097153228,lexical
narrative_tfidf__ассоциированный,0.017703012106733803,0.017703012106733803,lexical
narrative_tfidf__насморк,-0.01762028821893963,0.01762028821893963,lexical
narrative_tfidf__уздс,0.017571585024643885,0.017571585024643885,lexical
narrative_tfidf__средство,-0.01752707133573856,0.01752707133573856,lexical
narrative_tfidf__препарат,0.017436863703550347,0.017436863703550347,lexical
narrative_tfidf__нервный,0.017291793871267086,0.017291793871267086,lexical
narrative_tfidf__изменение,-0.017044245907611433,0.017044245907611433,lexical
narrative_tfidf__гастроэзофагеальный,0.01686509016370228,0.01686509016370228,lexical
narrative_tfidf__аппетит,-0.01668472985784847,0.01668472985784847,lexical
narrative_tfidf__вне,-0.016663936075627647,0.016663936075627647,lexical
narrative_tfidf__правый,0.016583161170598805,0.016583161170598805,lexical
narrative_tfidf__например,0.016581822343498812,0.016581822343498812,lexical
narrative_tfidf__специалист,0.016564690997125157,0.016564690997125157,lexical
narrative_tfidf__выраженный,-0.01656357697861988,0.01656357697861988,lexical
narrative_tfidf__окружение,-0.016553188624742993,0.016553188624742993,lexical
narrative_tfidf__регионарный,0.016550465380444655,0.016550465380444655,lexical
narrative_tfidf__жёлчный,0.016161865984198442,0.016161865984198442,lexical
narrative_tfidf__тон,0.01610126728163792,0.01610126728163792,lexical
narrative_tfidf__себя,0.01604443757984007,0.01604443757984007,lexical
narrative_tfidf__боль,0.016010526636802577,0.016010526636802577,clinical terms
narrative_tfidf__увелич,-0.01600649972264145,0.01600649972264145,lexical
narrative_tfidf__наружний,-0.01600649972264145,0.01600649972264145,lexical
narrative_tfidf__кров,-0.01600649972264145,0.01600649972264145,lexical
narrative_tfidf__месакола,-0.01594698564904384,0.01594698564904384,lexical
narrative_tfidf__гормонзависить,-0.01594698564904384,0.01594698564904384,lexical
narrative_tfidf__обследовать,-0.01594698564904384,0.01594698564904384,lexical
narrative_tfidf__среднетяжёлый,-0.01594698564904384,0.01594698564904384,lexical
narrative_tfidf__выписка,-0.01594698564904384,0.01594698564904384,lexical
narrative_tfidf__тыс,-0.01594698564904384,0.01594698564904384,lexical
narrative_tfidf__биллирубин,-0.01594698564904384,0.01594698564904384,lexical
narrative_tfidf__бифудумбактерин,-0.01594698564904384,0.01594698564904384,lexical
narrative_tfidf__экспресс,-0.01594698564904384,0.01594698564904384,lexical
narrative_tfidf__биохимия,-0.01594698564904384,0.01594698564904384,lexical
narrative_tfidf__два,0.01576012004673632,0.01576012004673632,lexical
narrative_tfidf__набухание,0.01566226744192951,0.01566226744192951,lexical
narrative_tfidf__май,0.015368225957712292,0.015368225957712292,lexical
narrative_tfidf__индапамид,0.015073952176503628,0.015073952176503628,lexical
narrative_tfidf__курение,-0.01492646699788067,0.01492646699788067,lexical
narrative_tfidf__вторичный,-0.01489056220513689,0.01489056220513689,lexical
narrative_tfidf__подкожно,0.014862686490550297,0.014862686490550297,lexical
narrative_tfidf__основный,-0.014715970859510753,0.014715970859510753,lexical
narrative_tfidf__приступ,0.014643023768123159,0.014643023768123159,lexical
narrative_tfidf__слева,0.014576090199747833,0.014576090199747833,lexical
narrative_tfidf__нарастать,0.01454461590310371,0.01454461590310371,lexical
narrative_tfidf__презерватив,0.01412486962712587,0.01412486962712587,lexical
narrative_tfidf__акт,-0.014086030636578104,0.014086030636578104,lexical
narrative_tfidf__подтвердить,0.01392629191272559,0.01392629191272559,lexical
narrative_tfidf__ощущение,-0.013770678721648404,0.013770678721648404,lexical
title_tfidf__сочетаться,0.013431856219584386,0.013431856219584386,lexical
title_tfidf__лигб,0.013431856219584386,0.013431856219584386,lexical
title_tfidf__лекарственный,0.013431856219584386,0.013431856219584386,lexical
title_tfidf__напряжение,0.013431856219584386,0.013431856219584386,lexical
narrative_tfidf__следующий,0.013386760186253868,0.013386760186253868,lexical
narrative_tfidf__фп,0.013289536428772,0.013289536428772,lexical
narrative_tfidf__макс,0.013212566249681862,0.013212566249681862,lexical
narrative_tfidf__наиболее,-0.013141353198337872,0.013141353198337872,lexical
narrative_tfidf__усилиться,0.013139748270621853,0.013139748270621853,lexical
narrative_tfidf__установить,0.013121550491100418,0.013121550491100418,lexical
narrative_tfidf__возможный,0.012962054177472874,0.012962054177472874,lexical
narrative_tfidf__креатинин,0.012933264573339391,0.012933264573339391,lexical
narrative_tfidf__сопровождаться,0.012677670004150527,0.012677670004150527,lexical
narrative_tfidf__кнутереть,-0.012594574372961591,0.012594574372961591,lexical
narrative_tfidf__начало,-0.012477562498420471,0.012477562498420471,lexical
narrative_tfidf__холангиопанкреатография,-0.012415501537826808,0.012415501537826808,lexical
narrative_tfidf__мр,-0.012415501537826808,0.012415501537826808,lexical
narrative_tfidf__неблагополучный,-0.012348543538019039,0.012348543538019039,lexical
narrative_tfidf__ла,-0.012348543538019039,0.012348543538019039,lexical
narrative_tfidf__посещать,-0.012348543538019039,0.012348543538019039,lexical
narrative_tfidf__эпидемиологический,-0.012348543538019039,0.012348543538019039,lexical
narrative_tfidf__страна,-0.012348543538019039,0.012348543538019039,lexical
narrative_tfidf__вызвать,-0.012348543538019039,0.012348543538019039,lexical
narrative_tfidf__диаметр,-0.012313398152739552,0.012313398152739552,lexical
narrative_tfidf__пароксизм,0.012237029534928069,0.012237029534928069,lexical
narrative_tfidf__курить,-0.012211270747421801,0.012211270747421801,lexical
narrative_tfidf__натощак,0.012196853876170343,0.012196853876170343,lexical
narrative_tfidf__нексиум,-0.0121032131923756,0.0121032131923756,lexical
narrative_tfidf__травма,-0.012093603069356449,0.012093603069356449,lexical
narrative_tfidf__множественный,-0.011952343354167411,0.011952343354167411,lexical
narrative_tfidf__presens,0.01193858718250783,0.01193858718250783,lexical
narrative_tfidf__кпереди,0.01193858718250783,0.01193858718250783,lexical
narrative_tfidf__мучной,0.011824122225666771,0.011824122225666771,lexical
narrative_tfidf__слизь,0.011777850394509501,0.011777850394509501,lexical
narrative_tfidf__вяжущий,-0.011498291549926692,0.011498291549926692,lexical
narrative_tfidf__льняной,-0.011498291549926692,0.011498291549926692,lexical
narrative_tfidf__обволакивающий,-0.011498291549926692,0.011498291549926692,lexical
narrative_tfidf__облепиховый,-0.011498291549926692,0.011498291549926692,lexical
narrative_tfidf__время,0.011447471600330236,0.011447471600330236,lexical
narrative_tfidf__внутренний,0.011423983262970224,0.011423983262970224,lexical
narrative_tfidf__чсс,0.011378372438518128,0.011378372438518128,lexical
narrative_tfidf__расширение,-0.011051763940244418,0.011051763940244418,lexical
narrative_tfidf__неоформленный,-0.0108228113452176,0.0108228113452176,lexical
narrative_tfidf__азотиоприн,0.010738685503019658,0.010738685503019658,lexical
narrative_tfidf__снижение,0.010726786932511239,0.010726786932511239,lexical
narrative_tfidf__неоднородный,0.010725535379825934,0.010725535379825934,lexical
narrative_tfidf__турбухалер,0.0106612097198254,0.0106612097198254,lexical
narrative_tfidf__громкий,0.01062908828426066,0.01062908828426066,lexical
narrative_tfidf__далее,0.01046137720438347,0.01046137720438347,lexical
narrative_tfidf__увеличить,-0.010138455591554223,0.010138455591554223,lexical
narrative_tfidf__нерегулярный,0.010101105436790646,0.010101105436790646,lexical
narrative_tfidf__паховой,0.010101105436790646,0.010101105436790646,lexical
narrative_tfidf__перчатка,0.010101105436790646,0.010101105436790646,lexical
narrative_tfidf__анальный,0.010101105436790646,0.010101105436790646,lexical
narrative_tfidf__спасться,0.010101105436790646,0.010101105436790646,lexical
narrative_tfidf__сфинктер,0.010101105436790646,0.010101105436790646,lexical
narrative_tfidf__полуоформить,0.010101105436790646,0.010101105436790646,lexical
narrative_tfidf__отрицательнастула,0.010101105436790646,0.010101105436790646,lexical
narrative_tfidf__rectum,0.010101105436790646,0.010101105436790646,lexical
narrative_tfidf__ала,0.010101105436790646,0.010101105436790646,lexical
title_tfidf__рак,-0.010067165245138893,0.010067165245138893,lexical
narrative_tfidf__приглушить,0.010058391959170257,0.010058391959170257,lexical
narrative_tfidf__спокойно,-0.01003956874170042,0.01003956874170042,lexical
narrative_tfidf__после,0.00992754713985221,0.00992754713985221,lexical
narrative_tfidf__утомляемость,0.009918565874815877,0.009918565874815877,lexical
narrative_tfidf__гипотеза,0.009775908540116372,0.009775908540116372,lexical
narrative_tfidf__визуально,-0.009743884961728674,0.009743884961728674,lexical
narrative_tfidf__февраль,-0.009717720178583687,0.009717720178583687,lexical
narrative_tfidf__удобный,-0.00944468288449858,0.00944468288449858,lexical
narrative_tfidf__сужение,-0.00944468288449858,0.00944468288449858,lexical
narrative_tfidf__ige,-0.00944468288449858,0.00944468288449858,lexical
narrative_tfidf__эриус,-0.00944468288449858,0.00944468288449858,lexical
narrative_tfidf__перегородка,-0.00944468288449858,0.00944468288449858,lexical
narrative_tfidf__подозревать,-0.00944468288449858,0.00944468288449858,lexical
narrative_tfidf__asit,-0.00944468288449858,0.00944468288449858,lexical
narrative_tfidf__дуб,-0.00944468288449858,0.00944468288449858,lexical
narrative_tfidf__желательно,-0.00944468288449858,0.00944468288449858,lexical
narrative_tfidf__московский,-0.00944468288449858,0.00944468288449858,lexical
narrative_tfidf__последовательный,-0.00944468288449858,0.00944468288449858,lexical
narrative_tfidf__возрастать,-0.00944468288449858,0.00944468288449858,lexical
narrative_tfidf__иммунный,-0.00944468288449858,0.00944468288449858,lexical
narrative_tfidf__иммунокап,-0.00944468288449858,0.00944468288449858,lexical
narrative_tfidf__интраназальный,-0.00944468288449858,0.00944468288449858,lexical
narrative_tfidf__возможность,-0.00944468288449858,0.00944468288449858,lexical
narrative_tfidf__бронхоспазм,-0.00944468288449858,0.00944468288449858,lexical
narrative_tfidf__индивидуальный,-0.00944468288449858,0.00944468288449858,lexical
narrative_tfidf__респираторный,-0.00944468288449858,0.00944468288449858,lexical
narrative_tfidf__начальный,-0.00944468288449858,0.00944468288449858,lexical
narrative_tfidf__вентолина,-0.00944468288449858,0.00944468288449858,lexical
narrative_tfidf__сайт,-0.00944468288449858,0.00944468288449858,lexical
narrative_tfidf__впоследствии,-0.00944468288449858,0.00944468288449858,lexical
narrative_tfidf__кошка,-0.00944468288449858,0.00944468288449858,lexical
narrative_tfidf__отношение,-0.00944468288449858,0.00944468288449858,lexical
narrative_tfidf__лето,-0.00944468288449858,0.00944468288449858,lexical
narrative_tfidf__про,-0.00944468288449858,0.00944468288449858,lexical
narrative_tfidf__screen,-0.00944468288449858,0.00944468288449858,lexical
narrative_tfidf__достигаться,-0.00944468288449858,0.00944468288449858,lexical
narrative_tfidf__снуп,-0.00944468288449858,0.00944468288449858,lexical
narrative_tfidf__отдельность,-0.00944468288449858,0.00944468288449858,lexical
narrative_tfidf__определённый,-0.00944468288449858,0.00944468288449858,lexical
narrative_tfidf__состав,-0.00944468288449858,0.00944468288449858,lexical
narrative_tfidf__сораняться,-0.00944468288449858,0.00944468288449858,lexical
narrative_tfidf__организм,-0.00944468288449858,0.00944468288449858,lexical
narrative_tfidf__отдавать,-0.00944468288449858,0.00944468288449858,lexical
narrative_tfidf__проживать,-0.00944468288449858,0.00944468288449858,lexical
narrative_tfidf__гиперреактивность,-0.00944468288449858,0.00944468288449858,lexical
narrative_tfidf__pro,-0.00944468288449858,0.00944468288449858,lexical
narrative_tfidf__наконечник,-0.00944468288449858,0.00944468288449858,lexical
narrative_tfidf__статистика,-0.00944468288449858,0.00944468288449858,lexical
narrative_tfidf__обратимый,-0.00944468288449858,0.00944468288449858,lexical
narrative_tfidf__баланс,-0.00944468288449858,0.00944468288449858,lexical
narrative_tfidf__ба,-0.00944468288449858,0.00944468288449858,lexical
narrative_tfidf__единственный,-0.00944468288449858,0.00944468288449858,lexical
narrative_tfidf__спреть,-0.00944468288449858,0.00944468288449858,lexical
narrative_tfidf__антилейкотриеновый,-0.00944468288449858,0.00944468288449858,lexical
narrative_tfidf__знать,-0.00944468288449858,0.00944468288449858,lexical
narrative_tfidf__неконтролируемый,-0.00944468288449858,0.00944468288449858,lexical
narrative_tfidf__спазм,-0.00944468288449858,0.00944468288449858,lexical
narrative_tfidf__аллергопанелый,-0.00944468288449858,0.00944468288449858,lexical
narrative_tfidf__аллергокомплекс,-0.00944468288449858,0.00944468288449858,lexical
narrative_tfidf__характеризоваться,-0.00944468288449858,0.00944468288449858,lexical
narrative_tfidf__пульмикорт,-0.00944468288449858,0.00944468288449858,lexical
narrative_tfidf__персонализировать,-0.00944468288449858,0.00944468288449858,lexical
narrative_tfidf__восстанавливать,-0.00944468288449858,0.00944468288449858,lexical
narrative_tfidf__топический,-0.00944468288449858,0.00944468288449858,lexical
narrative_tfidf__удушье,-0.00944468288449858,0.00944468288449858,lexical
narrative_tfidf__взрослый,-0.00944468288449858,0.00944468288449858,lexical
narrative_tfidf__методика,-0.00944468288449858,0.00944468288449858,lexical
narrative_tfidf__монтелара,-0.00944468288449858,0.00944468288449858,lexical
narrative_tfidf__монтерало,-0.00944468288449858,0.00944468288449858,lexical
narrative_tfidf__иммунотерапия,-0.00944468288449858,0.00944468288449858,lexical
narrative_tfidf__риалтрис,-0.00944468288449858,0.00944468288449858,lexical
narrative_tfidf__заключаться,-0.00944468288449858,0.00944468288449858,lexical
narrative_tfidf__существовать,-0.00944468288449858,0.00944468288449858,lexical
narrative_tfidf__свистящий,-0.00944468288449858,0.00944468288449858,lexical
narrative_tfidf__весенний,-0.00944468288449858,0.00944468288449858,lexical
narrative_tfidf__мировой,-0.00944468288449858,0.00944468288449858,lexical
narrative_tfidf__asitru,-0.00944468288449858,0.00944468288449858,lexical
narrative_tfidf__попугай,-0.00944468288449858,0.00944468288449858,lexical
narrative_tfidf__популярный,-0.00944468288449858,0.00944468288449858,lexical
narrative_tfidf__обструкция,-0.00944468288449858,0.00944468288449858,lexical
narrative_tfidf__раздражитель,-0.00944468288449858,0.00944468288449858,lexical
narrative_tfidf__оценить,-0.00944468288449858,0.00944468288449858,lexical
narrative_tfidf__впрыскивание,-0.00944468288449858,0.00944468288449858,lexical
narrative_tfidf__непереносимость,-0.00944468288449858,0.00944468288449858,lexical
narrative_tfidf__невосприимчивость,-0.00944468288449858,0.00944468288449858,lexical
narrative_tfidf__предпочтение,-0.00944468288449858,0.00944468288449858,lexical
narrative_tfidf__аcит,-0.00944468288449858,0.00944468288449858,lexical
narrative_tfidf__целесообразный,-0.00944468288449858,0.00944468288449858,lexical
narrative_tfidf__тело,-0.00932561422659193,0.00932561422659193,lexical
narrative_tfidf__значение,-0.009232672790054216,0.009232672790054216,lexical
narrative_tfidf__выпить,0.009137617615731827,0.009137617615731827,lexical
narrative_tfidf__почка,-0.009005450949100095,0.009005450949100095,lexical
narrative_tfidf__образование,-0.00874653062095632,0.00874653062095632,lexical
narrative_tfidf__гиперплазия,-0.008703495413921224,0.008703495413921224,lexical
narrative_tfidf__месяц,0.008427223305469366,0.008427223305469366,lexical
narrative_tfidf__воспаление,-0.008294743208053509,0.008294743208053509,lexical
narrative_tfidf__ориентировать,-0.008235313675874977,0.008235313675874977,lexical
narrative_tfidf__плохо,-0.008207052158661885,0.008207052158661885,lexical
narrative_tfidf__плотный,0.008191589454680912,0.008191589454680912,lexical
narrative_tfidf__болезненность,-0.008121216941960909,0.008121216941960909,lexical
narrative_tfidf__дефицит,-0.008087711483954476,0.008087711483954476,lexical
narrative_tfidf__записывать,-0.007971502198435476,0.007971502198435476,lexical
narrative_tfidf__наблюдение,0.00795408606162612,0.00795408606162612,lexical
narrative_tfidf__фло,-0.007859774573086288,0.007859774573086288,lexical
narrative_tfidf__спид,-0.007859774573086288,0.007859774573086288,lexical
narrative_tfidf__из,-0.007859774573086288,0.007859774573086288,lexical
narrative_tfidf__фгс,-0.007859774573086288,0.007859774573086288,lexical
narrative_tfidf__неопределённый,-0.007859774573086288,0.007859774573086288,lexical
narrative_tfidf__прожёвывать,-0.007859774573086288,0.007859774573086288,lexical
narrative_tfidf__прослушиваться,-0.007859774573086288,0.007859774573086288,lexical
narrative_tfidf__зболевания,-0.007859774573086288,0.007859774573086288,lexical
narrative_tfidf__жевание,-0.007859774573086288,0.007859774573086288,lexical
narrative_tfidf__запах,-0.007859774573086288,0.007859774573086288,lexical
narrative_tfidf__эмоциональный,-0.007859774573086288,0.007859774573086288,lexical
narrative_tfidf__вкусовой,-0.007859774573086288,0.007859774573086288,lexical
narrative_tfidf__кашицеобразный,-0.007859774573086288,0.007859774573086288,lexical
narrative_tfidf__предположить,0.007786977933509376,0.007786977933509376,lexical
narrative_tfidf__железо,-0.00768763154352662,0.00768763154352662,lexical
narrative_tfidf__более,0.007621530898556852,0.007621530898556852,lexical
narrative_tfidf__резко,0.007529330624199178,0.007529330624199178,lexical
narrative_tfidf__жкт,-0.007504895849110497,0.007504895849110497,lexical
narrative_tfidf__черепный,-0.007413302806297743,0.007413302806297743,lexical
narrative_tfidf__сухожильный,-0.007413302806297743,0.007413302806297743,lexical
narrative_tfidf__нерв,-0.007413302806297743,0.007413302806297743,lexical
narrative_tfidf__живой,-0.007413302806297743,0.007413302806297743,lexical
narrative_tfidf__мозговой,-0.007413302806297743,0.007413302806297743,lexical
narrative_tfidf__тримедата,-0.007355341279195984,0.007355341279195984,lexical
narrative_tfidf__яичник,0.007130790485552653,0.007130790485552653,lexical
narrative_tfidf__удар,-0.007051349401504179,0.007051349401504179,lexical
narrative_tfidf__неспецефический,-0.00699879205676539,0.00699879205676539,lexical
narrative_tfidf__консервативный,-0.00699879205676539,0.00699879205676539,lexical
narrative_tfidf__мочить,-0.006960160424050845,0.006960160424050845,lexical
narrative_tfidf__шум,0.0068078257292897865,0.0068078257292897865,lexical
narrative_tfidf__ибупрофный,-0.006601348200019797,0.006601348200019797,lexical
narrative_tfidf__скорый,-0.006450939858618133,0.006450939858618133,lexical
narrative_tfidf__рассосать,-0.006450939858618133,0.006450939858618133,lexical
narrative_tfidf__антральный,0.00635957831219558,0.00635957831219558,lexical
narrative_tfidf__неэффективность,0.0063334835952461085,0.0063334835952461085,lexical
narrative_tfidf__богатый,0.006215870464418261,0.006215870464418261,lexical
narrative_tfidf__узловой,-0.006160175951014932,0.006160175951014932,lexical
narrative_tfidf__причина,-0.005950650236944541,0.005950650236944541,lexical
narrative_tfidf__бронхорасширять,0.005906457430216712,0.005906457430216712,lexical
narrative_tfidf__рациональный,0.005906457430216712,0.005906457430216712,lexical
narrative_tfidf__использоваться,0.005906457430216712,0.005906457430216712,lexical
narrative_tfidf__схема,0.005906457430216712,0.005906457430216712,lexical
narrative_tfidf__противовоспалительный,0.005906457430216712,0.005906457430216712,lexical
narrative_tfidf__компонент,0.005906457430216712,0.005906457430216712,lexical
narrative_tfidf__дозировать,0.005906457430216712,0.005906457430216712,lexical
narrative_tfidf__стратовый,0.005906457430216712,0.005906457430216712,lexical
narrative_tfidf__мж,0.005769909689521332,0.005769909689521332,lexical
narrative_tfidf__длительный,0.0056917679334014685,0.0056917679334014685,lexical
narrative_tfidf__съесть,0.005636138578996752,0.005636138578996752,lexical
narrative_tfidf__информация,0.005449307944295306,0.005449307944295306,lexical
narrative_tfidf__наркотик,-0.0053967101296035136,0.0053967101296035136,lexical
narrative_tfidf__аорта,0.005366288756214816,0.005366288756214816,lexical
narrative_tfidf__тошнота,-0.005245926499426174,0.005245926499426174,lexical
narrative_tfidf__беременность,0.004676022428714703,0.004676022428714703,lexical
narrative_tfidf__подбор,-0.004573539715214218,0.004573539715214218,lexical
narrative_tfidf__так,-0.0045712439063890055,0.0045712439063890055,lexical
narrative_tfidf__стихать,0.004474096796139225,0.004474096796139225,lexical
narrative_tfidf__кфс,0.004474096796139225,0.004474096796139225,lexical
narrative_tfidf__госпитализировать,0.004474096796139225,0.004474096796139225,lexical
narrative_tfidf__диффузный,0.00424898341261038,0.00424898341261038,lexical
narrative_tfidf__описание,-0.004152384760238696,0.004152384760238696,lexical
narrative_tfidf__поражение,0.003823271544512201,0.003823271544512201,lexical
narrative_tfidf__нижненть,0.003764665312099589,0.003764665312099589,lexical
narrative_tfidf__жиройо,0.003764665312099589,0.003764665312099589,lexical
narrative_tfidf__цвб,0.003764665312099589,0.003764665312099589,lexical
narrative_tfidf__жёлтый,0.003764665312099589,0.003764665312099589,lexical
narrative_tfidf__треть,0.003764665312099589,0.003764665312099589,lexical
narrative_tfidf__ранее,0.003708877353429609,0.003708877353429609,lexical
narrative_tfidf__важно,-0.003696670313839313,0.003696670313839313,lexical
narrative_tfidf__они,-0.0036455007753945935,0.0036455007753945935,lexical
narrative_tfidf__алат,0.003325734317958757,0.003325734317958757,lexical
narrative_tfidf__асат,0.003325734317958757,0.003325734317958757,lexical
narrative_tfidf__выслушивание,-0.0032627117634815486,0.0032627117634815486,lexical
narrative_tfidf__подвижность,-0.0032627117634815486,0.0032627117634815486,lexical
narrative_tfidf__точка,-0.0032627117634815486,0.0032627117634815486,lexical
narrative_tfidf__кризовой,-0.003167107693903195,0.003167107693903195,lexical
narrative_tfidf__неделя,0.0031026538844802004,0.0031026538844802004,lexical
narrative_tfidf__деформация,-0.0028327354742764934,0.0028327354742764934,lexical
narrative_tfidf__влажность,-0.0024231408216833505,0.0024231408216833505,lexical
narrative_tfidf__безболезненно,-0.002201266255837494,0.002201266255837494,lexical
narrative_tfidf__аторвастатин,-0.00211041885691264,0.00211041885691264,lexical
narrative_tfidf__глубокий,0.0020835810717746623,0.0020835810717746623,lexical
narrative_tfidf__назначаться,0.0019558564666322317,0.0019558564666322317,lexical
narrative_tfidf__ходьба,0.0018986950979519633,0.0018986950979519633,lexical
narrative_tfidf__менее,-0.0016764442331556003,0.0016764442331556003,lexical
narrative_tfidf__повышаться,-0.0013276912190496183,0.0013276912190496183,lexical
narrative_tfidf__подмышечный,-0.0010377971592775465,0.0010377971592775465,lexical
narrative_tfidf__lokalis,-0.0010377971592775465,0.0010377971592775465,lexical
narrative_tfidf__выходить,-0.0010377971592775465,0.0010377971592775465,lexical
narrative_tfidf__specialis,-0.0010377971592775465,0.0010377971592775465,lexical
narrative_tfidf__надключичный,-0.0010377971592775465,0.0010377971592775465,lexical
narrative_tfidf__бартолиниевый,-0.0010377971592775465,0.0010377971592775465,lexical
narrative_tfidf__умереть,-0.0010377971592775465,0.0010377971592775465,lexical
narrative_tfidf__зеркало,-0.0010377971592775465,0.0010377971592775465,lexical
narrative_tfidf__добавлять,-0.0009765024896615448,0.0009765024896615448,lexical
narrative_tfidf__онлайн,-0.0009765024896615448,0.0009765024896615448,lexical
narrative_tfidf__неполный,0.0006034785951925182,0.0006034785951925182,lexical
narrative_tfidf__применять,0.0005245341906822799,0.0005245341906822799,lexical
narrative_tfidf__явление,-0.0005075770475623983,0.0005075770475623983,lexical
narrative_tfidf__гинеколог,0.0003444574127194923,0.0003444574127194923,lexical
narrative_tfidf__эластичный,-0.0003032236392170476,0.0003032236392170476,lexical
narrative_tfidf__роды,-0.000297915460280785,0.000297915460280785,lexical
narrative_tfidf__перкуссия,0.00022961477593944074,0.00022961477593944074,lexical
narrative_tfidf__ночью,0.00019912828189087503,0.00019912828189087503,lexical
