id,title_text,label,oof_proba_c2
526,"Клинические рекомендации ""Мочекаменная болезнь""
Возрастная категория: Взрослые
# Лечение
## Лечение мочекаменной болезни в особых группах пациентов",1,0.7891383568162819
314,"Клинические рекомендации ""Болезнь Крона""
Возрастная категория: Взрослые
# Лечение
## Консервативное лечение
### Тяжелое течение активной БК любой локализации",1,0.7872205490496874
672,"Клинические рекомендации ""Болезнь Крона""
Возрастная категория: Взрослые
# Лечение
## Хирургическое лечение БК
### Хирургическое лечение БК в форме терминального илеита или илеоколита",1,0.5356191771938354
707,"Клинические рекомендации ""Артериальная гипертензия у взрослых""
Возрастная категория: Взрослые
# Лечение
## Лечение артериальной гипертензии в отдельных клинических ситуациях",1,0.6131682025554469
665,"Клинические рекомендации ""Хроническая сердечная недостаточность""
Возрастная категория: Взрослые
# Лечение
## Консервативное лечение
### Терапия, рекомендованная пациентам с симптомной сердечной недостаточностью со сниженной фракцией выброса левого желудочка",1,0.7378124694138929
346,"Клинические рекомендации ""Эндометриоз""
Возрастная категория: Взрослые и дети
# Лечение
## Эндометриоз в постменопаузе",0,0.04879104686015641
213,"Клинические рекомендации ""Хроническая сердечная недостаточность""
Возрастная категория: Взрослые
# Лечение
## Консервативное лечение
### Терапия, рекомендованная пациентам с симптомной сердечной недостаточностью со сниженной фракцией выброса левого желудочка",1,0.9360788885243332
509,"Клинические рекомендации ""Болезнь Крона""
Возрастная категория: Взрослые
# Лечение
## Хирургическое лечение БК
### Лечение БК с перианальными проявлениями (перианальная БК)",0,0.44753901903282656
559,"Клинические рекомендации ""Хроническая сердечная недостаточность""
Возрастная категория: Взрослые
# Лечение
## Консервативное лечение
### Лечение пациентов с хронической сердечной недостаточностью и сочетанной патологией",1,0.8960032094055198
321,"Клинические рекомендации ""Эндометриоз""
Возрастная категория: Взрослые и дети
# Лечение
## Эндометриоз у подростков (до 18 лет)",0,0.055278717751781586
49,"Клинические рекомендации ""Хроническая сердечная недостаточность""
Возрастная категория: Взрослые
# Лечение
## Консервативное лечение
### Лечение пациентов с хронической сердечной недостаточностью и сочетанной патологией",1,0.9732374976623916
112,"Клинические рекомендации ""Гастрит и дуоденит""
Возрастная категория: Взрослые
# Лечение
## Эндоскопическое лечение",1,0.24773848550364103
338,"Клинические рекомендации ""Болезнь Крона""
Возрастная категория: Взрослые
# Лечение
## Консервативное лечение
### Легкая БК илеоцекальной локализации",1,0.6941749023123451
447,"Клинические рекомендации ""Эндометриоз""
Возрастная категория: Взрослые и дети
# Лечение
## Эндометриоз и рак",0,0.05882242893252588
554,"Клинические рекомендации ""Эндометриоз""
Возрастная категория: Взрослые и дети
# Лечение
## Эндометриоз у подростков (до 18 лет)",0,0.04677218878014593
643,"Клинические рекомендации ""Болезнь Крона""
Возрастная категория: Взрослые
# Лечение
## Консервативное лечение
### Легкая БК илеоцекальной локализации",1,0.6879166751052495
703,"Клинические рекомендации ""Эндометриоз""
Возрастная категория: Взрослые и дети
# Лечение
## Эндометриоз и рак",0,0.0737732144859202
578,"Клинические рекомендации ""Эндометриоз""
Возрастная категория: Взрослые и дети
# Лечение
## Эндометриоз у подростков (до 18 лет)",0,0.044566127844012836
527,"Клинические рекомендации ""Эндометриоз""
Возрастная категория: Взрослые и дети
# Лечение
## Эндометриоз в постменопаузе",0,0.044482096910378736
790,"Клинические рекомендации ""Хроническая сердечная недостаточность""
Возрастная категория: Взрослые
# Лечение
## Консервативное лечение
### Рекомендации по контролю ритма у пациентов с фибрилляцией предсердий, симптомной ХСН, систолической дисфункцией левого желудочка при отсутствии острой декомпенсации",0,0.11198243923825778
192,"Клинические рекомендации ""Хроническая сердечная недостаточность""
Возрастная категория: Взрослые
# Лечение
## Консервативное лечение
### Лечение пациентов с ХСН в особых группах",1,0.9462010609210456
583,"Клинические рекомендации ""Хроническая сердечная недостаточность""
Возрастная категория: Взрослые
# Лечение
## Консервативное лечение
### Лечение пациентов с хронической сердечной недостаточностью и сочетанной патологией",1,0.9149829421260335
580,"Клинические рекомендации ""Головная боль напряжения (ГБН)""
Возрастная категория: Взрослые
# Лечение
## Особенности лечения ГБН, сочетающейся с лекарственно-индуцированной головной болью (ЛИГБ)",1,0.22335715927474736
448,"Клинические рекомендации ""Эндометриоз""
Возрастная категория: Взрослые и дети
# Лечение
## Эндометриоз у подростков (до 18 лет)",0,0.06347166599883214
784,"Клинические рекомендации ""Хроническая сердечная недостаточность""
Возрастная категория: Взрослые
# Лечение
## Консервативное лечение
### Лечение пациентов с ХСН в особых группах",1,0.6841874808310663
471,"Клинические рекомендации ""Эндометриоз""
Возрастная категория: Взрослые и дети
# Лечение
## Эндометриоз в постменопаузе",0,0.059834686819690286
295,"Клинические рекомендации ""Эндометриоз""
Возрастная категория: Взрослые и дети
# Лечение
## Эндометриоз и рак",0,0.07163241211406839
396,"Клинические рекомендации ""Эндометриоз""
Возрастная категория: Взрослые и дети
# Лечение
## Эндометриоз в постменопаузе",0,0.05515852997455491
298,"Клинические рекомендации ""Головная боль напряжения (ГБН)""
Возрастная категория: Взрослые
# Лечение
## Особенности лечения ГБН, сочетающейся с лекарственно-индуцированной головной болью (ЛИГБ)",1,0.24274582798464278
852,"Клинические рекомендации ""Болезнь Крона""
Возрастная категория: Взрослые
# Лечение
## Хирургическое лечение БК
### Хирургическое лечение БК с поражением верхних отделов ЖКТ",0,0.510704542639002
480,"Клинические рекомендации ""Хроническая сердечная недостаточность""
Возрастная категория: Взрослые
# Лечение
## Консервативное лечение
### Особенности лечения пациентов с хронической сердечной недостаточностью и фибрилляцией предсердий",0,0.6672465791148202
695,"Клинические рекомендации ""Болезнь Крона""
Возрастная категория: Взрослые
# Лечение
## Хирургическое лечение БК
### Лечение БК с перианальными проявлениями (перианальная БК)",0,0.31210031826760976
333,"Клинические рекомендации ""Хроническая сердечная недостаточность""
Возрастная категория: Взрослые
# Лечение
## Консервативное лечение
### Терапия, применение которой может быть опасно, и не рекомендовано для пациентов с хронической сердечной недостаточностью II-IV функционального класса и сниженной фракцией выброса левого желудочка",0,0.5106173591393832
39,"Клинические рекомендации ""Хроническая сердечная недостаточность""
Возрастная категория: Взрослые
# Лечение
## Консервативное лечение
### Особенности лечения пациентов с хронической сердечной недостаточностью и желудочковыми нарушениями ритма сердца",1,0.7632555439677937
749,"Клинические рекомендации ""Болезнь Крона""
Возрастная категория: Взрослые
# Лечение
## Консервативное лечение
### Тяжелое течение активной БК любой локализации",1,0.9002766175123098
733,"Клинические рекомендации ""Артериальная гипертензия у взрослых""
Возрастная категория: Взрослые
# Лечение
## Лечение артериальной гипертензии в отдельных клинических ситуациях",1,0.6056049362525281
222,"Клинические рекомендации ""Хроническая сердечная недостаточность""
Возрастная категория: Взрослые
# Лечение
## Консервативное лечение
### Терапия, не рекомендованная (не доказан положительный эффект) пациентам с симптомной сердечной недостаточностью и сниженной фракцией выброса левого желудочка",1,0.9492661317559057
126,"Клинические рекомендации ""Бронхиальная астма""
Возрастная категория: Взрослые и дети
# Лечение
## Особенности лечения БА у беременных и в период грудного вскармливания",1,0.1768407192714997
107,"Клинические рекомендации ""Гастрит и дуоденит""
Возрастная категория: Взрослые
# Лечение
## Медикаментозное лечение
### Медикаментозная терапия при эрозивном гастрите и дуодените",1,0.3038094635060421
181,"Клинические рекомендации ""Хроническая сердечная недостаточность""
Возрастная категория: Взрослые
# Лечение
## Консервативное лечение
### Лечение пациентов с ХСН в особых группах",1,0.9599530932538939
215,"Клинические рекомендации ""Хроническая сердечная недостаточность""
Возрастная категория: Взрослые
# Лечение
## Консервативное лечение
### Лечение пациентов с ХСН с умеренно сниженной и сохраненной ФВ ЛЖ",1,0.9712274524552978
366,"Клинические рекомендации ""Болезнь Крона""
Возрастная категория: Взрослые
# Лечение
## Консервативное лечение
### Тяжелое течение активной БК любой локализации",1,0.9185636398760995
836,"Клинические рекомендации ""Хроническая сердечная недостаточность""
Возрастная категория: Взрослые
# Лечение
## Консервативное лечение
### Лечение пациентов с хронической сердечной недостаточностью и сочетанной патологией",1,0.6668285011465952
500,"Клинические рекомендации ""Хроническая сердечная недостаточность""
Возрастная категория: Взрослые
# Лечение
## Консервативное лечение
### Рекомендации по начальному лечению пациентов с хронической сердечной недостаточностью и фибрилляцией предсердий с высокой частотой желудочковых сокращений в острой или хронической ситуации",1,0.36850520238478357
562,"Клинические рекомендации ""Хроническая сердечная недостаточность""
Возрастная категория: Взрослые
# Лечение
## Консервативное лечение
### Профилактика фибрилляции предсердий у пациентов с хронической сердечной недостаточностью",1,0.7871452988869417
766,"Клинические рекомендации ""Хроническая сердечная недостаточность""
Возрастная категория: Взрослые
# Лечение
## Консервативное лечение
### Рекомендации по начальному лечению пациентов с хронической сердечной недостаточностью и фибрилляцией предсердий с высокой частотой желудочковых сокращений в острой или хронической ситуации",0,0.09550320712803241
100,"Клинические рекомендации ""Артериальная гипертензия у взрослых""
Возрастная категория: Взрослые
# Лечение
## Лечение артериальной гипертензии в отдельных клинических ситуациях",1,0.864092163992363
531,"Клинические рекомендации ""Головная боль напряжения (ГБН)""
Возрастная категория: Взрослые
# Лечение
## Особенности лечения ГБН, сочетающейся с лекарственно-индуцированной головной болью (ЛИГБ)",0,0.5004430429227699
821,"Клинические рекомендации ""Болезнь Крона""
Возрастная категория: Взрослые
# Лечение
## Консервативное лечение
### БК толстой кишки легкой и средней тяжести",1,0.8932317236878947
114,"Клинические рекомендации ""Гастрит и дуоденит""
Возрастная категория: Взрослые
# Лечение
## Медикаментозное лечение
### Эрадикационная терапия инфекции H. рylori",0,0.4729851003261568
706,"Клинические рекомендации ""Головная боль напряжения (ГБН)""
Возрастная категория: Взрослые
# Лечение
## Особенности лечения ГБН, сочетающейся с лекарственно-индуцированной головной болью (ЛИГБ)",0,0.3634968422550431
274,"Клинические рекомендации ""Хроническая сердечная недостаточность""
Возрастная категория: Взрослые
# Лечение
## Консервативное лечение
### Лечение пациентов с ХСН в особых группах",1,0.6671634871915155
428,"Клинические рекомендации ""Хроническая сердечная недостаточность""
Возрастная категория: Взрослые
# Лечение
## Консервативное лечение
### Лечение пациентов с хронической сердечной недостаточностью и сочетанной патологией",1,0.6386144709703483
700,"Клинические рекомендации ""Гонартроз""
Возрастная категория: Взрослые и дети
# Лечение
## Хирургическое лечение
### Особенности органосохраняющего оперативного лечения у детей с гонартрозом",0,0.19711027026442507
701,"Клинические рекомендации ""Мочекаменная болезнь""
Возрастная категория: Взрослые
# Лечение
## Лечение мочекаменной болезни в особых группах пациентов",1,0.5974824488929975
746,"Клинические рекомендации ""Болезнь Крона""
Возрастная категория: Взрослые
# Лечение
## Консервативное лечение
### БК толстой кишки легкой и средней тяжести",1,0.8809280167716651
322,"Клинические рекомендации ""Амиодарон-индуцированная дисфункция щитовидной железы""
Возрастная категория: Взрослые
# Лечение
## Консервативное лечение амиодарон-индуцированного гипотиреоза",1,0.7035461459807437
216,"Клинические рекомендации ""Хроническая сердечная недостаточность""
Возрастная категория: Взрослые
# Лечение
## Консервативное лечение
### Лечение пациентов с хронической сердечной недостаточностью и сочетанной патологией",1,0.9475176409412177
443,"Клинические рекомендации ""Болезнь Крона""
Возрастная категория: Взрослые
# Лечение
## Хирургическое лечение БК
### Хирургическое лечение БК в форме терминального илеита или илеоколита",0,0.45566691148192695
17,"Клинические рекомендации ""Хроническая сердечная недостаточность""
Возрастная категория: Взрослые
# Лечение
## Консервативное лечение
### Особенности лечения пациентов с хронической сердечной недостаточностью и желудочковыми нарушениями ритма сердца",1,0.7394082514459236
812,"Клинические рекомендации ""Хроническая сердечная недостаточность""
Возрастная категория: Взрослые
# Лечение
## Консервативное лечение
### Особенности лечения пациентов с хронической сердечной недостаточностью и желудочковыми нарушениями ритма сердца",0,0.12298476740047008
773,"Клинические рекомендации ""Болезнь Крона""
Возрастная категория: Взрослые
# Лечение
## Консервативное лечение
### Легкая БК илеоцекальной локализации",1,0.8008016350846883
78,"Клинические рекомендации ""Хроническая сердечная недостаточность""
Возрастная категория: Взрослые
# Лечение
## Консервативное лечение
### Терапия, применение которой может быть опасно, и не рекомендовано для пациентов с хронической сердечной недостаточностью II-IV функционального класса и сниженной фракцией выброса левого желудочка",1,0.9552161637800748
683,"Клинические рекомендации ""Хроническая сердечная недостаточность""
Возрастная категория: Взрослые
# Лечение
## Консервативное лечение
### Особенности лечения пациентов с хронической сердечной недостаточностью и фибрилляцией предсердий",0,0.6261759900216092
606,"Клинические рекомендации ""Хроническая сердечная недостаточность""
Возрастная категория: Взрослые
# Лечение
## Консервативное лечение
### Лечение пациентов с ХСН с умеренно сниженной и сохраненной ФВ ЛЖ",1,0.9584152542092925
755,"Клинические рекомендации ""Эндометриоз""
Возрастная категория: Взрослые и дети
# Лечение
## Эндометриоз и рак",0,0.06783243114992997
68,"Клинические рекомендации ""Хроническая сердечная недостаточность""
Возрастная категория: Взрослые
# Лечение
## Консервативное лечение
### Терапия, рекомендованная пациентам с симптомной сердечной недостаточностью со сниженной фракцией выброса левого желудочка",1,0.9823907024601162
399,"Клинические рекомендации ""Амиодарон-индуцированная дисфункция щитовидной железы""
Возрастная категория: Взрослые
# Лечение
## Консервативное лечение амиодарон-индуцированного гипотиреоза",0,0.6731411726088903
632,"Клинические рекомендации ""Хроническая сердечная недостаточность""
Возрастная категория: Взрослые
# Лечение
## Консервативное лечение
### Особенности лечения пациентов с хронической сердечной недостаточностью и желудочковыми нарушениями ритма сердца",1,0.5977631094500697
529,"Клинические рекомендации ""Эндометриоз""
Возрастная категория: Взрослые и дети
# Лечение
## Эндометриоз у подростков (до 18 лет)",0,0.04269748013051562
427,"Клинические рекомендации ""Хроническая сердечная недостаточность""
Возрастная категория: Взрослые
# Лечение
## Консервативное лечение
### Лечение пациентов с ХСН с умеренно сниженной и сохраненной ФВ ЛЖ",1,0.721035298995837
709,"Клинические рекомендации ""Хроническая сердечная недостаточность""
Возрастная категория: Взрослые
# Лечение
## Консервативное лечение
### Лечение пациентов с ХСН с умеренно сниженной и сохраненной ФВ ЛЖ",1,0.9530823829716528
743,"Клинические рекомендации ""Хроническая сердечная недостаточность""
Возрастная категория: Взрослые
# Лечение
## Консервативное лечение
### Терапия, применение которой может быть опасно, и не рекомендовано для пациентов с хронической сердечной недостаточностью II-IV функционального класса и сниженной фракцией выброса левого желудочка",1,0.8115584080868699
461,"Клинические рекомендации ""Хроническая сердечная недостаточность""
Возрастная категория: Взрослые
# Лечение
## Консервативное лечение
### Терапия, рекомендованная пациентам с симптомной сердечной недостаточностью со сниженной фракцией выброса левого желудочка",1,0.7697705752589422
326,"Клинические рекомендации ""Хроническая сердечная недостаточность""
Возрастная категория: Взрослые
# Лечение
## Консервативное лечение
### Лечение пациентов с хронической сердечной недостаточностью и сочетанной патологией",1,0.6229741787030173
841,"Клинические рекомендации ""Хроническая сердечная недостаточность""
Возрастная категория: Взрослые
# Лечение
## Консервативное лечение
### Рекомендации по начальному лечению пациентов с хронической сердечной недостаточностью и фибрилляцией предсердий с высокой частотой желудочковых сокращений в острой или хронической ситуации",0,0.13829000448065676
316,"Клинические рекомендации ""Болезнь Крона""
Возрастная категория: Взрослые
# Лечение
## Хирургическое лечение БК
### Хирургическое лечение БК в форме терминального илеита или илеоколита",0,0.48820270098695356
287,"Клинические рекомендации ""Болезнь Крона""
Возрастная категория: Взрослые
# Лечение
## Консервативное лечение
### БК тонкой кишки (кроме терминального илеита)",0,0.3647719508040948
204,"Клинические рекомендации ""Хроническая сердечная недостаточность""
Возрастная категория: Взрослые
# Лечение
## Консервативное лечение
### Лечение пациентов с ХСН с умеренно сниженной и сохраненной ФВ ЛЖ",1,0.9708237137821296
310,"Клинические рекомендации ""Болезнь Крона""
Возрастная категория: Взрослые
# Лечение
## Консервативное лечение
### БК илеоцекальной локализации средней тяжести",1,0.8438008448399652
305,"Клинические рекомендации ""Хроническая сердечная недостаточность""
Возрастная категория: Взрослые
# Лечение
## Консервативное лечение
### Рекомендации по контролю ритма у пациентов с фибрилляцией предсердий, симптомной ХСН, систолической дисфункцией левого желудочка при отсутствии острой декомпенсации",0,0.16218793961550654
157,"Клинические рекомендации ""Гастрит и дуоденит""
Возрастная категория: Взрослые
# Лечение
## Эндоскопическое лечение",1,0.6688166075045592
269,"Клинические рекомендации ""Желчнокаменная болезнь""
Возрастная категория: Взрослые
# Лечение
## Хирургическое лечение
### Холедохолитиаз/холангиолитиаз",1,0.727431758519646
577,"Клинические рекомендации ""Эндометриоз""
Возрастная категория: Взрослые и дети
# Лечение
## Эндометриоз и рак",0,0.07820495514322325
217,"Клинические рекомендации ""Хроническая сердечная недостаточность""
Возрастная категория: Взрослые
# Лечение
## Консервативное лечение
### Особенности лечения пациентов с хронической сердечной недостаточностью и желудочковыми нарушениями ритма сердца",1,0.7350236131115345
832,"Клинические рекомендации ""Амиодарон-индуцированная дисфункция щитовидной железы""
Возрастная категория: Взрослые
# Лечение
## Консервативное лечение амиодарон-индуцированного гипотиреоза",0,0.5054883886710712
564,"Клинические рекомендации ""Хроническая сердечная недостаточность""
Возрастная категория: Взрослые
# Лечение
## Консервативное лечение
### Рекомендации по начальному лечению пациентов с хронической сердечной недостаточностью и фибрилляцией предсердий с высокой частотой желудочковых сокращений в острой или хронической ситуации",1,0.3411602012284215
219,"Клинические рекомендации ""Хроническая сердечная недостаточность""
Возрастная категория: Взрослые
# Лечение
## Консервативное лечение
### Профилактика фибрилляции предсердий у пациентов с хронической сердечной недостаточностью",1,0.7804889789184924
104,"Клинические рекомендации ""Гастрит и дуоденит""
Возрастная категория: Взрослые
# Лечение
## Медикаментозное лечение
### Медикаментозная терапия при эрозивном гастрите и дуодените",1,0.5052222540829397
551,"Клинические рекомендации ""Мочекаменная болезнь""
Возрастная категория: Взрослые
# Лечение
## Лечение мочекаменной болезни в особых группах пациентов",1,0.7514158615338189
361,"Клинические рекомендации ""Хроническая сердечная недостаточность""
Возрастная категория: Взрослые
# Лечение
## Консервативное лечение
### Терапия, рекомендованная пациентам с симптомной сердечной недостаточностью со сниженной фракцией выброса левого желудочка",1,0.7238942860604695
553,"Клинические рекомендации ""Эндометриоз""
Возрастная категория: Взрослые и дети
# Лечение
## Эндометриоз и рак",0,0.06689226186525696
228,"Клинические рекомендации ""Хроническая сердечная недостаточность""
Возрастная категория: Взрослые
# Лечение
## Консервативное лечение
### Особенности лечения пациентов с хронической сердечной недостаточностью и желудочковыми нарушениями ритма сердца",1,0.5548350867052729
660,"Клинические рекомендации ""Хроническая сердечная недостаточность""
Возрастная категория: Взрослые
# Лечение
## Консервативное лечение
### Профилактика фибрилляции предсердий у пациентов с хронической сердечной недостаточностью",1,0.3555620623364901
170,"Клинические рекомендации ""Хроническая сердечная недостаточность""
Возрастная категория: Взрослые
# Лечение
## Консервативное лечение
### Лечение пациентов с ХСН в особых группах",1,0.9470191260167731
748,"Клинические рекомендации ""Болезнь Крона""
Возрастная категория: Взрослые
# Лечение
## Консервативное лечение
### Легкая БК илеоцекальной локализации",1,0.8470436744326468
77,"Клинические рекомендации ""Хроническая сердечная недостаточность""
Возрастная категория: Взрослые
# Лечение
## Консервативное лечение
### Терапия, не рекомендованная (не доказан положительный эффект) пациентам с симптомной сердечной недостаточностью и сниженной фракцией выброса левого желудочка",1,0.9671766336426534
265,"Клинические рекомендации ""Болезнь Крона""
Возрастная категория: Взрослые
# Лечение
## Хирургическое лечение БК
### Лечение БК с перианальными проявлениями (перианальная БК)",1,0.26921393434908225
30,"Клинические рекомендации ""Хроническая сердечная недостаточность""
Возрастная категория: Взрослые
# Лечение
## Консервативное лечение
### Профилактика фибрилляции предсердий у пациентов с хронической сердечной недостаточностью",1,0.93191613168511
7,"Клинические рекомендации ""Желчнокаменная болезнь""
Возрастная категория: Взрослые
# Лечение
## Хирургическое лечение
### Острый калькулезный холецистит",1,0.7405048788806669
833,"Клинические рекомендации ""Головная боль напряжения (ГБН)""
Возрастная категория: Взрослые
# Лечение
## Особенности лечения ГБН, сочетающейся с лекарственно-индуцированной головной болью (ЛИГБ)",1,0.2703425145141722
785,"Клинические рекомендации ""Хроническая сердечная недостаточность""
Возрастная категория: Взрослые
# Лечение
## Консервативное лечение
### Лечение пациентов с ХСН с умеренно сниженной и сохраненной ФВ ЛЖ",1,0.6987395628802682
297,"Клинические рекомендации ""Амиодарон-индуцированная дисфункция щитовидной железы""
Возрастная категория: Взрослые
# Лечение
## Консервативное лечение амиодарон-индуцированного гипотиреоза",1,0.8139078609263268
802,"Клинические рекомендации ""Болезнь Крона""
Возрастная категория: Взрослые
# Лечение
## Хирургическое лечение БК
### Хирургическое лечение БК с поражением верхних отделов ЖКТ",0,0.3383419306090565
388,"Клинические рекомендации ""Болезнь Крона""
Возрастная категория: Взрослые
# Лечение
## Консервативное лечение
### БК толстой кишки легкой и средней тяжести",1,0.8609286016247403
175,"Клинические рекомендации ""Хроническая сердечная недостаточность""
Возрастная категория: Взрослые
# Лечение
## Консервативное лечение
### Профилактика фибрилляции предсердий у пациентов с хронической сердечной недостаточностью",1,0.8032223086393869
318,"Клинические рекомендации ""Мочекаменная болезнь""
Возрастная категория: Взрослые
# Лечение
## Лечение мочекаменной болезни в особых группах пациентов",0,0.6790565503296466
590,"Клинические рекомендации ""Хроническая сердечная недостаточность""
Возрастная категория: Взрослые
# Лечение
## Консервативное лечение
### Терапия, применение которой может быть опасно, и не рекомендовано для пациентов с хронической сердечной недостаточностью II-IV функционального класса и сниженной фракцией выброса левого желудочка",1,0.8787663972650569
150,"Клинические рекомендации ""Гастрит и дуоденит""
Возрастная категория: Взрослые
# Лечение
## Медикаментозное лечение
### Эрадикационная терапия инфекции H. рylori",1,0.4078622648609431
426,"Клинические рекомендации ""Хроническая сердечная недостаточность""
Возрастная категория: Взрослые
# Лечение
## Консервативное лечение
### Лечение пациентов с ХСН в особых группах",1,0.7734438773147031
604,"Клинические рекомендации ""Головная боль напряжения (ГБН)""
Возрастная категория: Взрослые
# Лечение
## Особенности лечения ГБН, сочетающейся с лекарственно-индуцированной головной болью (ЛИГБ)",1,0.45666507103554826
306,"Клинические рекомендации ""Хроническая сердечная недостаточность""
Возрастная категория: Взрослые
# Лечение
## Консервативное лечение
### Рекомендации по начальному лечению пациентов с хронической сердечной недостаточностью и фибрилляцией предсердий с высокой частотой желудочковых сокращений в острой или хронической ситуации",0,0.1052770145860445
565,"Клинические рекомендации ""Хроническая сердечная недостаточность""
Возрастная категория: Взрослые
# Лечение
## Консервативное лечение
### Терапия, не рекомендованная (не доказан положительный эффект) пациентам с симптомной сердечной недостаточностью и сниженной фракцией выброса левого желудочка",0,0.9092892127312856
152,"Клинические рекомендации ""Гастрит и дуоденит""
Возрастная категория: Взрослые
# Лечение
## Медикаментозное лечение
### Медикаментозная терапия при эрозивном гастрите и дуодените",1,0.9030498413015617
647,"Клинические рекомендации ""Болезнь Крона""
Возрастная категория: Взрослые
# Лечение
## Хирургическое лечение БК
### Хирургическое лечение БК с поражением верхних отделов ЖКТ",1,0.2516940002964818
454,"Клинические рекомендации ""Хроническая сердечная недостаточность""
Возрастная категория: Взрослые
# Лечение
## Консервативное лечение
### Особенности лечения пациентов с хронической сердечной недостаточностью и желудочковыми нарушениями ритма сердца",0,0.285352652773911
670,"Клинические рекомендации ""Болезнь Крона""
Возрастная категория: Взрослые
# Лечение
## Консервативное лечение
### Тяжелое течение активной БК любой локализации",1,0.8682993444580144
385,"Клинические рекомендации ""Хроническая сердечная недостаточность""
Возрастная категория: Взрослые
# Лечение
## Консервативное лечение
### Терапия, применение которой может быть опасно, и не рекомендовано для пациентов с хронической сердечной недостаточностью II-IV функционального класса и сниженной фракцией выброса левого желудочка",0,0.5708905711874683
251,"Клинические рекомендации ""Хроническая сердечная недостаточность""
Возрастная категория: Взрослые
# Лечение
## Консервативное лечение
### Лечение пациентов с хронической сердечной недостаточностью и сочетанной патологией",1,0.7959030123535596
739,"Клинические рекомендации ""Хроническая сердечная недостаточность""
Возрастная категория: Взрослые
# Лечение
## Консервативное лечение
### Профилактика фибрилляции предсердий у пациентов с хронической сердечной недостаточностью",1,0.6362534483218314
630,"Клинические рекомендации ""Хроническая сердечная недостаточность""
Возрастная категория: Взрослые
# Лечение
## Консервативное лечение
### Лечение пациентов с ХСН с умеренно сниженной и сохраненной ФВ ЛЖ",1,0.9588264079770084
759,"Клинические рекомендации ""Хроническая сердечная недостаточность""
Возрастная категория: Взрослые
# Лечение
## Консервативное лечение
### Лечение пациентов с ХСН в особых группах",1,0.7026242052009569
525,"Клинические рекомендации ""Гонартроз""
Возрастная категория: Взрослые и дети
# Лечение
## Хирургическое лечение
### Особенности органосохраняющего оперативного лечения у детей с гонартрозом",1,0.1859489478055679
679,"Клинические рекомендации ""Хроническая сердечная недостаточность""
Возрастная категория: Взрослые
# Лечение
## Консервативное лечение
### Лечение пациентов с ХСН в особых группах",1,0.8955362817071729
131,"Клинические рекомендации ""Бронхиальная астма""
Возрастная категория: Взрослые и дети
# Лечение
## Особенности лечения БА у беременных и в период грудного вскармливания",1,0.2790532533813466
857,"Клинические рекомендации ""Амиодарон-индуцированная дисфункция щитовидной железы""
Возрастная категория: Взрослые
# Лечение
## Консервативное лечение амиодарон-индуцированного гипотиреоза",1,0.6024045062131911
486,"Клинические рекомендации ""Хроническая сердечная недостаточность""
Возрастная категория: Взрослые
# Лечение
## Консервативное лечение
### Терапия, рекомендованная пациентам с симптомной сердечной недостаточностью со сниженной фракцией выброса левого желудочка",1,0.944340068287085
414,"Клинические рекомендации ""Болезнь Крона""
Возрастная категория: Взрослые
# Лечение
## Консервативное лечение
### БК тонкой кишки (кроме терминального илеита)",0,0.19990149641582483
610,"Клинические рекомендации ""Хроническая сердечная недостаточность""
Возрастная категория: Взрослые
# Лечение
## Консервативное лечение
### Профилактика фибрилляции предсердий у пациентов с хронической сердечной недостаточностью",1,0.7871452988869417
588,"Клинические рекомендации ""Хроническая сердечная недостаточность""
Возрастная категория: Взрослые
# Лечение
## Консервативное лечение
### Рекомендации по начальному лечению пациентов с хронической сердечной недостаточностью и фибрилляцией предсердий с высокой частотой желудочковых сокращений в острой или хронической ситуации",1,0.3680165404836139
714,"Клинические рекомендации ""Хроническая сердечная недостаточность""
Возрастная категория: Взрослые
# Лечение
## Консервативное лечение
### Рекомендации по контролю ритма у пациентов с фибрилляцией предсердий, симптомной ХСН, систолической дисфункцией левого желудочка при отсутствии острой декомпенсации",1,0.4717580164300323
783,"Клинические рекомендации ""Головная боль напряжения (ГБН)""
Возрастная категория: Взрослые
# Лечение
## Особенности лечения ГБН, сочетающейся с лекарственно-индуцированной головной болью (ЛИГБ)",0,0.23069038745158832
689,"Клинические рекомендации ""Хроническая сердечная недостаточность""
Возрастная категория: Взрослые
# Лечение
## Консервативное лечение
### Терапия, рекомендованная пациентам с симптомной сердечной недостаточностью со сниженной фракцией выброса левого желудочка",1,0.9311628385379739
552,"Клинические рекомендации ""Эндометриоз""
Возрастная категория: Взрослые и дети
# Лечение
## Эндометриоз в постменопаузе",0,0.040757684403221944
477,"Клинические рекомендации ""Хроническая сердечная недостаточность""
Возрастная категория: Взрослые
# Лечение
## Консервативное лечение
### Лечение пациентов с ХСН с умеренно сниженной и сохраненной ФВ ЛЖ",1,0.9588264079770084
848,"Клинические рекомендации ""Болезнь Крона""
Возрастная категория: Взрослые
# Лечение
## Консервативное лечение
### Легкая БК илеоцекальной локализации",1,0.7384558387431934
256,"Клинические рекомендации ""Хроническая сердечная недостаточность""
Возрастная категория: Взрослые
# Лечение
## Консервативное лечение
### Рекомендации по начальному лечению пациентов с хронической сердечной недостаточностью и фибрилляцией предсердий с высокой частотой желудочковых сокращений в острой или хронической ситуации",0,0.33964547558031066
9,"Клинические рекомендации ""Дегенеративные заболевания позвоночника""
Возрастная категория: Взрослые и дети
# Лечение
## Пункционные вмешательства
### Пункционные интервенционные процедуры в области дугоотростчатых (фасеточных) суставов поясничного отдела позвоночника",0,0.29946282792624696
129,"Клинические рекомендации ""Бронхиальная астма""
Возрастная категория: Взрослые и дети
# Лечение
## Особенности лечения БА у беременных и в период грудного вскармливания",0,0.5990682259134144
364,"Клинические рекомендации ""Болезнь Крона""
Возрастная категория: Взрослые
# Лечение
## Консервативное лечение
### БК тонкой кишки (кроме терминального илеита)",1,0.35914176727418406
528,"Клинические рекомендации ""Эндометриоз""
Возрастная категория: Взрослые и дети
# Лечение
## Эндометриоз и рак",0,0.07052556340236305
421,"Клинические рекомендации ""Эндометриоз""
Возрастная категория: Взрослые и дети
# Лечение
## Эндометриоз в постменопаузе",0,0.04937990928130112
38,"Клинические рекомендации ""Хроническая сердечная недостаточность""
Возрастная категория: Взрослые
# Лечение
## Консервативное лечение
### Лечение пациентов с хронической сердечной недостаточностью и сочетанной патологией",1,0.9662302286722821
349,"Клинические рекомендации ""Амиодарон-индуцированная дисфункция щитовидной железы""
Возрастная категория: Взрослые
# Лечение
## Консервативное лечение амиодарон-индуцированного гипотиреоза",1,0.7052624057007492
302,"Клинические рекомендации ""Хроническая сердечная недостаточность""
Возрастная категория: Взрослые
# Лечение
## Консервативное лечение
### Особенности лечения пациентов с хронической сердечной недостаточностью и желудочковыми нарушениями ритма сердца",0,0.15701139231181127
484,"Клинические рекомендации ""Хроническая сердечная недостаточность""
Возрастная категория: Взрослые
# Лечение
## Консервативное лечение
### Терапия, не рекомендованная (не доказан положительный эффект) пациентам с симптомной сердечной недостаточностью и сниженной фракцией выброса левого желудочка",0,0.8823315861162917
494,"Клинические рекомендации ""Хроническая сердечная недостаточность""
Возрастная категория: Взрослые
# Лечение
## Консервативное лечение
### Лечение пациентов с ХСН с умеренно сниженной и сохраненной ФВ ЛЖ",1,0.9532035250748357
793,"Клинические рекомендации ""Хроническая сердечная недостаточность""
Возрастная категория: Взрослые
# Лечение
## Консервативное лечение
### Терапия, применение которой может быть опасно, и не рекомендовано для пациентов с хронической сердечной недостаточностью II-IV функционального класса и сниженной фракцией выброса левого желудочка",1,0.4101552265036451
110,"Клинические рекомендации ""Гастрит и дуоденит""
Возрастная категория: Взрослые
# Лечение
## Медикаментозное лечение
### Медикаментозная терапия при эрозивном гастрите и дуодените",1,0.5160106476352958
81,"Клинические рекомендации ""Бронхиальная астма""
Возрастная категория: Взрослые и дети
# Лечение
## Особенности лечения БА у беременных и в период грудного вскармливания",0,0.176081066368952
239,"Клинические рекомендации ""Гастрит и дуоденит""
Возрастная категория: Взрослые
# Лечение
## Медикаментозное лечение
### Медикаментозная терапия при эрозивном гастрите и дуодените",1,0.5600839600957859
511,"Клинические рекомендации ""Болезнь Крона""
Возрастная категория: Взрослые
# Лечение
## Хирургическое лечение БК
### Хирургическое лечение БК с поражением верхних отделов ЖКТ",0,0.260489391972869
476,"Клинические рекомендации ""Хроническая сердечная недостаточность""
Возрастная категория: Взрослые
# Лечение
## Консервативное лечение
### Лечение пациентов с ХСН в особых группах",1,0.950558825700617
460,"Клинические рекомендации ""Хроническая сердечная недостаточность""
Возрастная категория: Взрослые
# Лечение
## Консервативное лечение
### Терапия, применение которой может быть опасно, и не рекомендовано для пациентов с хронической сердечной недостаточностью II-IV функционального класса и сниженной фракцией выброса левого желудочка",1,0.5826653798479653
286,"Клинические рекомендации ""Болезнь Крона""
Возрастная категория: Взрослые
# Лечение
## Консервативное лечение
### БК толстой кишки легкой и средней тяжести",1,0.8577465063568832
614,"Клинические рекомендации ""Хроническая сердечная недостаточность""
Возрастная категория: Взрослые
# Лечение
## Консервативное лечение
### Терапия, применение которой может быть опасно, и не рекомендовано для пациентов с хронической сердечной недостаточностью II-IV функционального класса и сниженной фракцией выброса левого желудочка",1,0.8640441840624656
184,"Клинические рекомендации ""Хроническая сердечная недостаточность""
Возрастная категория: Взрослые
# Лечение
## Консервативное лечение
### Особенности лечения пациентов с хронической сердечной недостаточностью и желудочковыми нарушениями ритма сердца",0,0.7355074498291381
51,"Клинические рекомендации ""Хроническая сердечная недостаточность""
Возрастная категория: Взрослые
# Лечение
## Консервативное лечение
### Особенности лечения пациентов с хронической сердечной недостаточностью и фибрилляцией предсердий",1,0.8051745918277963
757,"Клинические рекомендации ""Амиодарон-индуцированная дисфункция щитовидной железы""
Возрастная категория: Взрослые
# Лечение
## Консервативное лечение амиодарон-индуцированного гипотиреоза",1,0.7321363473937699
101,"Клинические рекомендации ""Артериальная гипертензия у взрослых""
Возрастная категория: Взрослые
# Лечение
## Лечение артериальной гипертензии в отдельных клинических ситуациях",1,0.8277798382026673
266,"Клинические рекомендации ""Болезнь Крона""
Возрастная категория: Взрослые
# Лечение
## Хирургическое лечение БК
### Хирургическое лечение БК в форме терминального илеита или илеоколита",1,0.5287524221850446
692,"Клинические рекомендации ""Болезнь Крона""
Возрастная категория: Взрослые
# Лечение
## Консервативное лечение
### БК тонкой кишки (кроме терминального илеита)",0,0.2450628120025026
278,"Клинические рекомендации ""Хроническая сердечная недостаточность""
Возрастная категория: Взрослые
# Лечение
## Консервативное лечение
### Особенности лечения пациентов с хронической сердечной недостаточностью и фибрилляцией предсердий",0,0.13318932118485352
622,"Клинические рекомендации ""Болезнь Крона""
Возрастная категория: Взрослые
# Лечение
## Хирургическое лечение БК
### Хирургическое лечение БК в форме терминального илеита или илеоколита",1,0.5744707393695508
719,"Клинические рекомендации ""Болезнь Крона""
Возрастная категория: Взрослые
# Лечение
## Консервативное лечение
### БК илеоцекальной локализации средней тяжести",1,0.8996496015108313
762,"Клинические рекомендации ""Хроническая сердечная недостаточность""
Возрастная категория: Взрослые
# Лечение
## Консервативное лечение
### Особенности лечения пациентов с хронической сердечной недостаточностью и желудочковыми нарушениями ритма сердца",0,0.14148876851500988
711,"Клинические рекомендации ""Хроническая сердечная недостаточность""
Возрастная категория: Взрослые
# Лечение
## Консервативное лечение
### Особенности лечения пациентов с хронической сердечной недостаточностью и желудочковыми нарушениями ритма сердца",1,0.3022911644103761
249,"Клинические рекомендации ""Хроническая сердечная недостаточность""
Возрастная категория: Взрослые
# Лечение
## Консервативное лечение
### Лечение пациентов с ХСН в особых группах",1,0.9462767544390351
254,"Клинические рекомендации ""Хроническая сердечная недостаточность""
Возрастная категория: Взрослые
# Лечение
## Консервативное лечение
### Профилактика фибрилляции предсердий у пациентов с хронической сердечной недостаточностью",1,0.7497556462973137
258,"Клинические рекомендации ""Хроническая сердечная недостаточность""
Возрастная категория: Взрослые
# Лечение
## Консервативное лечение
### Терапия, применение которой может быть опасно, и не рекомендовано для пациентов с хронической сердечной недостаточностью II-IV функционального класса и сниженной фракцией выброса левого желудочка",1,0.8115584080868699
581,"Клинические рекомендации ""Хроническая сердечная недостаточность""
Возрастная категория: Взрослые
# Лечение
## Консервативное лечение
### Лечение пациентов с ХСН в особых группах",1,0.950558825700617
767,"Клинические рекомендации ""Хроническая сердечная недостаточность""
Возрастная категория: Взрослые
# Лечение
## Консервативное лечение
### Терапия, не рекомендованная (не доказан положительный эффект) пациентам с симптомной сердечной недостаточностью и сниженной фракцией выброса левого желудочка",1,0.5234691557485066
136,"Клинические рекомендации ""Гастрит и дуоденит""
Возрастная категория: Взрослые
# Лечение
## Эндоскопическое лечение",0,0.3312172640279944
355,"Клинические рекомендации ""Хроническая сердечная недостаточность""
Возрастная категория: Взрослые
# Лечение
## Консервативное лечение
### Особенности лечения пациентов с хронической сердечной недостаточностью и фибрилляцией предсердий",0,0.15888391935565538
88,"Клинические рекомендации ""Артериальная гипертензия у взрослых""
Возрастная категория: Взрослые
# Лечение
## Лечение артериальной гипертензии в отдельных клинических ситуациях",0,0.5251590856608168
82,"Клинические рекомендации ""Бронхиальная астма""
Возрастная категория: Взрослые и дети
# Лечение
## Особенности лечения БА у беременных и в период грудного вскармливания",0,0.1785227737349271
236,"Клинические рекомендации ""Гастрит и дуоденит""
Возрастная категория: Взрослые
# Лечение
## Медикаментозное лечение
### Медикаментозная терапия при эрозивном гастрите и дуодените",1,0.6083100157653124
633,"Клинические рекомендации ""Хроническая сердечная недостаточность""
Возрастная категория: Взрослые
# Лечение
## Консервативное лечение
### Особенности лечения пациентов с хронической сердечной недостаточностью и фибрилляцией предсердий",1,0.6552248425215788
244,"Клинические рекомендации ""Амиодарон-индуцированная дисфункция щитовидной железы""
Возрастная категория: Взрослые
# Лечение
## Консервативное лечение амиодарон-индуцированного гипотиреоза",0,0.6262345801103318
379,"Клинические рекомендации ""Хроническая сердечная недостаточность""
Возрастная категория: Взрослые
# Лечение
## Консервативное лечение
### Особенности лечения пациентов с хронической сердечной недостаточностью и желудочковыми нарушениями ритма сердца",0,0.20247202946199658
76,"Клинические рекомендации ""Хроническая сердечная недостаточность""
Возрастная категория: Взрослые
# Лечение
## Консервативное лечение
### Рекомендации по начальному лечению пациентов с хронической сердечной недостаточностью и фибрилляцией предсердий с высокой частотой желудочковых сокращений в острой или хронической ситуации",0,0.7738312914038131
412,"Клинические рекомендации ""Болезнь Крона""
Возрастная категория: Взрослые
# Лечение
## Консервативное лечение
### БК илеоцекальной локализации средней тяжести",1,0.842729357065112
382,"Клинические рекомендации ""Хроническая сердечная недостаточность""
Возрастная категория: Взрослые
# Лечение
## Консервативное лечение
### Рекомендации по контролю ритма у пациентов с фибрилляцией предсердий, симптомной ХСН, систолической дисфункцией левого желудочка при отсутствии острой декомпенсации",0,0.15618253426668346
842,"Клинические рекомендации ""Хроническая сердечная недостаточность""
Возрастная категория: Взрослые
# Лечение
## Консервативное лечение
### Терапия, не рекомендованная (не доказан положительный эффект) пациентам с симптомной сердечной недостаточностью и сниженной фракцией выброса левого желудочка",1,0.5642638892504929
304,"Клинические рекомендации ""Хроническая сердечная недостаточность""
Возрастная категория: Взрослые
# Лечение
## Консервативное лечение
### Профилактика фибрилляции предсердий у пациентов с хронической сердечной недостаточностью",1,0.3069394750433558
859,"Клинические рекомендации ""Амиодарон-индуцированная дисфункция щитовидной железы""
Возрастная категория: Взрослые
# Лечение
## Консервативное лечение амиодарон-индуцированного гипотиреоза",1,0.4293955208812189
350,"Клинические рекомендации ""Головная боль напряжения (ГБН)""
Возрастная категория: Взрослые
# Лечение
## Особенности лечения ГБН, сочетающейся с лекарственно-индуцированной головной болью (ЛИГБ)",1,0.3140454152135504
433,"Клинические рекомендации ""Хроническая сердечная недостаточность""
Возрастная категория: Взрослые
# Лечение
## Консервативное лечение
### Рекомендации по начальному лечению пациентов с хронической сердечной недостаточностью и фибрилляцией предсердий с высокой частотой желудочковых сокращений в острой или хронической ситуации",0,0.08726043201188742
751,"Клинические рекомендации ""Болезнь Крона""
Возрастная категория: Взрослые
# Лечение
## Хирургическое лечение БК
### Хирургическое лечение БК в форме терминального илеита или илеоколита",1,0.6044395590007208
18,"Клинические рекомендации ""Хроническая сердечная недостаточность""
Возрастная категория: Взрослые
# Лечение
## Консервативное лечение
### Особенности лечения пациентов с хронической сердечной недостаточностью и фибрилляцией предсердий",1,0.8451809333522066
763,"Клинические рекомендации ""Хроническая сердечная недостаточность""
Возрастная категория: Взрослые
# Лечение
## Консервативное лечение
### Особенности лечения пациентов с хронической сердечной недостаточностью и фибрилляцией предсердий",0,0.1552026410569589
591,"Клинические рекомендации ""Хроническая сердечная недостаточность""
Возрастная категория: Взрослые
# Лечение
## Консервативное лечение
### Терапия, рекомендованная пациентам с симптомной сердечной недостаточностью со сниженной фракцией выброса левого желудочка",1,0.920593429890147
599,"Клинические рекомендации ""Болезнь Крона""
Возрастная категория: Взрослые
# Лечение
## Хирургическое лечение БК
### Хирургическое лечение БК с поражением верхних отделов ЖКТ",0,0.16319370666133226
285,"Клинические рекомендации ""Болезнь Крона""
Возрастная категория: Взрослые
# Лечение
## Консервативное лечение
### БК илеоцекальной локализации средней тяжести",1,0.9354909866077958
847,"Клинические рекомендации ""Болезнь Крона""
Возрастная категория: Взрослые
# Лечение
## Консервативное лечение
### БК тонкой кишки (кроме терминального илеита)",1,0.29150143515052296
761,"Клинические рекомендации ""Хроническая сердечная недостаточность""
Возрастная категория: Взрослые
# Лечение
## Консервативное лечение
### Лечение пациентов с хронической сердечной недостаточностью и сочетанной патологией",1,0.5175246004667235
119,"Клинические рекомендации ""Гастрит и дуоденит""
Возрастная категория: Взрослые
# Лечение
## Медикаментозное лечение
### Медикаментозная терапия при эрозивном гастрите и дуодените",1,0.3155938097534454
504,"Клинические рекомендации ""Болезнь Крона""
Возрастная категория: Взрослые
# Лечение
## Консервативное лечение
### БК илеоцекальной локализации средней тяжести",1,0.9047751155363145
277,"Клинические рекомендации ""Хроническая сердечная недостаточность""
Возрастная категория: Взрослые
# Лечение
## Консервативное лечение
### Особенности лечения пациентов с хронической сердечной недостаточностью и желудочковыми нарушениями ритма сердца",0,0.11794507425052653
800,"Клинические рекомендации ""Болезнь Крона""
Возрастная категория: Взрослые
# Лечение
## Хирургическое лечение БК
### Лечение БК с перианальными проявлениями (перианальная БК)",0,0.45194300993360875
666,"Клинические рекомендации ""Болезнь Крона""
Возрастная категория: Взрослые
# Лечение
## Консервативное лечение
### БК илеоцекальной локализации средней тяжести",1,0.8864548518034773
337,"Клинические рекомендации ""Болезнь Крона""
Возрастная категория: Взрослые
# Лечение
## Консервативное лечение
### БК тонкой кишки (кроме терминального илеита)",0,0.21551851961014593
176,"Клинические рекомендации ""Хроническая сердечная недостаточность""
Возрастная категория: Взрослые
# Лечение
## Консервативное лечение
### Рекомендации по контролю ритма у пациентов с фибрилляцией предсердий, симптомной ХСН, систолической дисфункцией левого желудочка при отсутствии острой декомпенсации",0,0.6599623176795139
91,"Клинические рекомендации ""Артериальная гипертензия у взрослых""
Возрастная категория: Взрослые
# Лечение
## Лечение артериальной гипертензии в отдельных клинических ситуациях",0,0.5239979333175
245,"Клинические рекомендации ""Амиодарон-индуцированная дисфункция щитовидной железы""
Возрастная категория: Взрослые
# Лечение
## Консервативное лечение амиодарон-индуцированного гипотиреоза",1,0.4644342207960449
467,"Клинические рекомендации ""Болезнь Крона""
Возрастная категория: Взрослые
# Лечение
## Хирургическое лечение БК
### Лечение БК с перианальными проявлениями (перианальная БК)",1,0.27154294199252926
823,"Клинические рекомендации ""Болезнь Крона""
Возрастная категория: Взрослые
# Лечение
## Консервативное лечение
### Легкая БК илеоцекальной локализации",1,0.8386570176919287
195,"Клинические рекомендации ""Хроническая сердечная недостаточность""
Возрастная категория: Взрослые
# Лечение
## Консервативное лечение
### Особенности лечения пациентов с хронической сердечной недостаточностью и желудочковыми нарушениями ритма сердца",1,0.731147329501766
495,"Клинические рекомендации ""Хроническая сердечная недостаточность""
Возрастная категория: Взрослые
# Лечение
## Консервативное лечение
### Лечение пациентов с хронической сердечной недостаточностью и сочетанной патологией",1,0.9062989559092849
571,"Клинические рекомендации ""Болезнь Крона""
Возрастная категория: Взрослые
# Лечение
## Консервативное лечение
### Легкая БК илеоцекальной локализации",1,0.7415847381777521
485,"Клинические рекомендации ""Хроническая сердечная недостаточность""
Возрастная категория: Взрослые
# Лечение
## Консервативное лечение
### Терапия, применение которой может быть опасно, и не рекомендовано для пациентов с хронической сердечной недостаточностью II-IV функционального класса и сниженной фракцией выброса левого желудочка",1,0.8640441840624656
132,"Клинические рекомендации ""Бронхиальная астма""
Возрастная категория: Взрослые и дети
# Лечение
## Особенности лечения БА у беременных и в период грудного вскармливания",1,0.31209064642455797
685,"Клинические рекомендации ""Хроническая сердечная недостаточность""
Возрастная категория: Взрослые
# Лечение
## Консервативное лечение
### Рекомендации по контролю ритма у пациентов с фибрилляцией предсердий, симптомной ХСН, систолической дисфункцией левого желудочка при отсутствии острой декомпенсации",0,0.4472300230015504
111,"Клинические рекомендации ""Гастрит и дуоденит""
Возрастная категория: Взрослые
# Лечение
## Медикаментозное лечение
### Эрадикационная терапия инфекции H. рylori",0,0.4694505542636192
225,"Клинические рекомендации ""Хроническая сердечная недостаточность""
Возрастная категория: Взрослые
# Лечение
## Консервативное лечение
### Лечение пациентов с ХСН в особых группах",1,0.9479816539586817
63,"Клинические рекомендации ""Хроническая сердечная недостаточность""
Возрастная категория: Взрослые
# Лечение
## Консервативное лечение
### Профилактика фибрилляции предсердий у пациентов с хронической сердечной недостаточностью",1,0.9126669111184533
635,"Клинические рекомендации ""Хроническая сердечная недостаточность""
Возрастная категория: Взрослые
# Лечение
## Консервативное лечение
### Рекомендации по контролю ритма у пациентов с фибрилляцией предсердий, симптомной ХСН, систолической дисфункцией левого желудочка при отсутствии острой декомпенсации",1,0.5746249636766284
218,"Клинические рекомендации ""Хроническая сердечная недостаточность""
Возрастная категория: Взрослые
# Лечение
## Консервативное лечение
### Особенности лечения пациентов с хронической сердечной недостаточностью и фибрилляцией предсердий",1,0.6724884339822526
792,"Клинические рекомендации ""Хроническая сердечная недостаточность""
Возрастная категория: Взрослые
# Лечение
## Консервативное лечение
### Терапия, не рекомендованная (не доказан положительный эффект) пациентам с симптомной сердечной недостаточностью и сниженной фракцией выброса левого желудочка",1,0.4603296061979298
402,"Клинические рекомендации ""Хроническая сердечная недостаточность""
Возрастная категория: Взрослые
# Лечение
## Консервативное лечение
### Лечение пациентов с ХСН с умеренно сниженной и сохраненной ФВ ЛЖ",1,0.7907075231549197
309,"Клинические рекомендации ""Хроническая сердечная недостаточность""
Возрастная категория: Взрослые
# Лечение
## Консервативное лечение
### Терапия, рекомендованная пациентам с симптомной сердечной недостаточностью со сниженной фракцией выброса левого желудочка",1,0.6828300151336637
745,"Клинические рекомендации ""Болезнь Крона""
Возрастная категория: Взрослые
# Лечение
## Консервативное лечение
### БК илеоцекальной локализации средней тяжести",1,0.9230077575991166
855,"Клинические рекомендации ""Эндометриоз""
Возрастная категория: Взрослые и дети
# Лечение
## Эндометриоз у подростков (до 18 лет)",0,0.04858069751585038
243,"Клинические рекомендации ""Артериальная гипертензия у взрослых""
Возрастная категория: Взрослые
# Лечение
## Лечение артериальной гипертензии в отдельных клинических ситуациях",1,0.5832817534299712
654,"Клинические рекомендации ""Головная боль напряжения (ГБН)""
Возрастная категория: Взрослые
# Лечение
## Особенности лечения ГБН, сочетающейся с лекарственно-индуцированной головной болью (ЛИГБ)",0,0.4192826093505776
799,"Клинические рекомендации ""Болезнь Крона""
Возрастная категория: Взрослые
# Лечение
## Консервативное лечение
### Тяжелое течение активной БК любой локализации",1,0.7113516791614933
46,"Клинические рекомендации ""Хроническая сердечная недостаточность""
Возрастная категория: Взрослые
# Лечение
## Консервативное лечение
### Терапия, рекомендованная пациентам с симптомной сердечной недостаточностью со сниженной фракцией выброса левого желудочка",1,0.9746082634336067
263,"Клинические рекомендации ""Болезнь Крона""
Возрастная категория: Взрослые
# Лечение
## Консервативное лечение
### Легкая БК илеоцекальной локализации",1,0.8678736531144894
99,"Клинические рекомендации ""Артериальная гипертензия у взрослых""
Возрастная категория: Взрослые
# Лечение
## Лечение артериальной гипертензии в отдельных клинических ситуациях",1,0.8580785206700056
641,"Клинические рекомендации ""Болезнь Крона""
Возрастная категория: Взрослые
# Лечение
## Консервативное лечение
### БК толстой кишки легкой и средней тяжести",1,0.8100657089821514
22,"Клинические рекомендации ""Хроническая сердечная недостаточность""
Возрастная категория: Взрослые
# Лечение
## Консервативное лечение
### Терапия, не рекомендованная (не доказан положительный эффект) пациентам с симптомной сердечной недостаточностью и сниженной фракцией выброса левого желудочка",1,0.9546212266879428
403,"Клинические рекомендации ""Хроническая сердечная недостаточность""
Возрастная категория: Взрослые
# Лечение
## Консервативное лечение
### Лечение пациентов с хронической сердечной недостаточностью и сочетанной патологией",1,0.6386144709703483
235,"Клинические рекомендации ""Хроническая сердечная недостаточность""
Возрастная категория: Взрослые
# Лечение
## Консервативное лечение
### Терапия, рекомендованная пациентам с симптомной сердечной недостаточностью со сниженной фракцией выброса левого желудочка",1,0.9510290009367046
267,"Клинические рекомендации ""Болезнь Крона""
Возрастная категория: Взрослые
# Лечение
## Хирургическое лечение БК
### Хирургическое лечение БК с поражением верхних отделов ЖКТ",0,0.4306869031574188
57,"Клинические рекомендации ""Хроническая сердечная недостаточность""
Возрастная категория: Взрослые
# Лечение
## Консервативное лечение
### Терапия, рекомендованная пациентам с симптомной сердечной недостаточностью со сниженной фракцией выброса левого желудочка",1,0.9747982962155661
124,"Клинические рекомендации ""Бронхиальная астма""
Возрастная категория: Взрослые и дети
# Лечение
## Особенности лечения БА у беременных и в период грудного вскармливания",0,0.3987269713223008
240,"Клинические рекомендации ""Гастрит и дуоденит""
Возрастная категория: Взрослые
# Лечение
## Медикаментозное лечение
### Эрадикационная терапия инфекции H. рylori",0,0.7299851764692523
334,"Клинические рекомендации ""Хроническая сердечная недостаточность""
Возрастная категория: Взрослые
# Лечение
## Консервативное лечение
### Терапия, рекомендованная пациентам с симптомной сердечной недостаточностью со сниженной фракцией выброса левого желудочка",1,0.6876778749712417
291,"Клинические рекомендации ""Болезнь Крона""
Возрастная категория: Взрослые
# Лечение
## Хирургическое лечение БК
### Хирургическое лечение БК в форме терминального илеита или илеоколита",1,0.6422064309404774
676,"Клинические рекомендации ""Эндометриоз""
Возрастная категория: Взрослые и дети
# Лечение
## Эндометриоз у подростков (до 18 лет)",0,0.0932968269324053
696,"Клинические рекомендации ""Болезнь Крона""
Возрастная категория: Взрослые
# Лечение
## Хирургическое лечение БК
### Хирургическое лечение БК в форме терминального илеита или илеоколита",0,0.4319920961182669
123,"Клинические рекомендации ""Бронхиальная астма""
Возрастная категория: Взрослые и дети
# Лечение
## Особенности лечения БА у беременных и в период грудного вскармливания",0,0.3038571183307754
652,"Клинические рекомендации ""Эндометриоз""
Возрастная категория: Взрослые и дети
# Лечение
## Эндометриоз у подростков (до 18 лет)",0,0.07123152398053613
143,"Клинические рекомендации ""Гастрит и дуоденит""
Возрастная категория: Взрослые
# Лечение
## Медикаментозное лечение
### Медикаментозная терапия при эрозивном гастрите и дуодените",0,0.5355244903312973
469,"Клинические рекомендации ""Болезнь Крона""
Возрастная категория: Взрослые
# Лечение
## Хирургическое лечение БК
### Хирургическое лечение БК с поражением верхних отделов ЖКТ",0,0.17109326633626973
226,"Клинические рекомендации ""Хроническая сердечная недостаточность""
Возрастная категория: Взрослые
# Лечение
## Консервативное лечение
### Лечение пациентов с ХСН с умеренно сниженной и сохраненной ФВ ЛЖ",1,0.9711991236883788
411,"Клинические рекомендации ""Хроническая сердечная недостаточность""
Возрастная категория: Взрослые
# Лечение
## Консервативное лечение
### Терапия, рекомендованная пациентам с симптомной сердечной недостаточностью со сниженной фракцией выброса левого желудочка",1,0.6512048879754875
615,"Клинические рекомендации ""Хроническая сердечная недостаточность""
Возрастная категория: Взрослые
# Лечение
## Консервативное лечение
### Терапия, рекомендованная пациентам с симптомной сердечной недостаточностью со сниженной фракцией выброса левого желудочка",1,0.920593429890147
777,"Клинические рекомендации ""Болезнь Крона""
Возрастная категория: Взрослые
# Лечение
## Хирургическое лечение БК
### Хирургическое лечение БК с поражением верхних отделов ЖКТ",0,0.37416587487526537
270,"Клинические рекомендации ""Гонартроз""
Возрастная категория: Взрослые и дети
# Лечение
## Хирургическое лечение
### Особенности органосохраняющего оперативного лечения у детей с гонартрозом",0,0.25378295259223826
850,"Клинические рекомендации ""Болезнь Крона""
Возрастная категория: Взрослые
# Лечение
## Хирургическое лечение БК
### Лечение БК с перианальными проявлениями (перианальная БК)",1,0.24420540245380698
325,"Клинические рекомендации ""Хроническая сердечная недостаточность""
Возрастная категория: Взрослые
# Лечение
## Консервативное лечение
### Лечение пациентов с ХСН с умеренно сниженной и сохраненной ФВ ЛЖ",1,0.8004404462828641
193,"Клинические рекомендации ""Хроническая сердечная недостаточность""
Возрастная категория: Взрослые
# Лечение
## Консервативное лечение
### Лечение пациентов с ХСН с умеренно сниженной и сохраненной ФВ ЛЖ",1,0.9701043384245005
658,"Клинические рекомендации ""Хроническая сердечная недостаточность""
Возрастная категория: Взрослые
# Лечение
## Консервативное лечение
### Особенности лечения пациентов с хронической сердечной недостаточностью и желудочковыми нарушениями ритма сердца",0,0.19433657631220302
307,"Клинические рекомендации ""Хроническая сердечная недостаточность""
Возрастная категория: Взрослые
# Лечение
## Консервативное лечение
### Терапия, не рекомендованная (не доказан положительный эффект) пациентам с симптомной сердечной недостаточностью и сниженной фракцией выброса левого желудочка",1,0.4667495951482356
803,"Клинические рекомендации ""Мочекаменная болезнь""
Возрастная категория: Взрослые
# Лечение
## Лечение мочекаменной болезни в особых группах пациентов",1,0.6363934434307462
659,"Клинические рекомендации ""Хроническая сердечная недостаточность""
Возрастная категория: Взрослые
# Лечение
## Консервативное лечение
### Особенности лечения пациентов с хронической сердечной недостаточностью и фибрилляцией предсердий",0,0.20787158107403028
35,"Клинические рекомендации ""Хроническая сердечная недостаточность""
Возрастная категория: Взрослые
# Лечение
## Консервативное лечение
### Терапия, рекомендованная пациентам с симптомной сердечной недостаточностью со сниженной фракцией выброса левого желудочка",1,0.9698486002194968
726,"Клинические рекомендации ""Болезнь Крона""
Возрастная категория: Взрослые
# Лечение
## Хирургическое лечение БК
### Хирургическое лечение БК с поражением верхних отделов ЖКТ",0,0.27903418246644557
137,"Клинические рекомендации ""Гастрит и дуоденит""
Возрастная категория: Взрослые
# Лечение
## Медикаментозное лечение
### Медикаментозная терапия при эрозивном гастрите и дуодените",1,0.3480765603284208
716,"Клинические рекомендации ""Хроническая сердечная недостаточность""
Возрастная категория: Взрослые
# Лечение
## Консервативное лечение
### Терапия, не рекомендованная (не доказан положительный эффект) пациентам с симптомной сердечной недостаточностью и сниженной фракцией выброса левого желудочка",1,0.739136334909813
397,"Клинические рекомендации ""Эндометриоз""
Возрастная категория: Взрослые и дети
# Лечение
## Эндометриоз и рак",0,0.040858793971736834
624,"Клинические рекомендации ""Эндометриоз""
Возрастная категория: Взрослые и дети
# Лечение
## Эндометриоз в постменопаузе",0,0.05095936774306821
673,"Клинические рекомендации ""Болезнь Крона""
Возрастная категория: Взрослые
# Лечение
## Хирургическое лечение БК
### Хирургическое лечение БК с поражением верхних отделов ЖКТ",1,0.3231613223773387
639,"Клинические рекомендации ""Хроническая сердечная недостаточность""
Возрастная категория: Взрослые
# Лечение
## Консервативное лечение
### Терапия, рекомендованная пациентам с симптомной сердечной недостаточностью со сниженной фракцией выброса левого желудочка",1,0.910491736915758
574,"Клинические рекомендации ""Болезнь Крона""
Возрастная категория: Взрослые
# Лечение
## Хирургическое лечение БК
### Хирургическое лечение БК в форме терминального илеита или илеоколита",1,0.4155137345064937
625,"Клинические рекомендации ""Эндометриоз""
Возрастная категория: Взрослые и дети
# Лечение
## Эндометриоз и рак",0,0.0725952434462289
199,"Клинические рекомендации ""Хроническая сердечная недостаточность""
Возрастная категория: Взрослые
# Лечение
## Консервативное лечение
### Рекомендации по начальному лечению пациентов с хронической сердечной недостаточностью и фибрилляцией предсердий с высокой частотой желудочковых сокращений в острой или хронической ситуации",1,0.42147089686276573
705,"Клинические рекомендации ""Амиодарон-индуцированная дисфункция щитовидной железы""
Возрастная категория: Взрослые
# Лечение
## Консервативное лечение амиодарон-индуцированного гипотиреоза",1,0.5582170507642762
161,"Клинические рекомендации ""Гастрит и дуоденит""
Возрастная категория: Взрослые
# Лечение
## Медикаментозное лечение
### Медикаментозная терапия при эрозивном гастрите и дуодените",1,0.8305527063705817
690,"Клинические рекомендации ""Болезнь Крона""
Возрастная категория: Взрослые
# Лечение
## Консервативное лечение
### БК илеоцекальной локализации средней тяжести",1,0.8132739937808275
93,"Клинические рекомендации ""Артериальная гипертензия у взрослых""
Возрастная категория: Взрослые
# Лечение
## Лечение артериальной гипертензии в отдельных клинических ситуациях",1,0.788358058411327
342,"Клинические рекомендации ""Болезнь Крона""
Возрастная категория: Взрослые
# Лечение
## Хирургическое лечение БК
### Хирургическое лечение БК с поражением верхних отделов ЖКТ",0,0.2708327778902767
169,"Клинические рекомендации ""Гастрит и дуоденит""
Возрастная категория: Взрослые
# Лечение
## Эндоскопическое лечение",1,0.7848115868965142
510,"Клинические рекомендации ""Болезнь Крона""
Возрастная категория: Взрослые
# Лечение
## Хирургическое лечение БК
### Хирургическое лечение БК в форме терминального илеита или илеоколита",1,0.4651173287066732
548,"Клинические рекомендации ""Болезнь Крона""
Возрастная категория: Взрослые
# Лечение
## Хирургическое лечение БК
### Лечение БК с перианальными проявлениями (перианальная БК)",1,0.25815951164318207
730,"Клинические рекомендации ""Мочекаменная болезнь""
Возрастная категория: Взрослые
# Лечение
## Лечение мочекаменной болезни в особых группах пациентов",1,0.640745171219432
449,"Клинические рекомендации ""Амиодарон-индуцированная дисфункция щитовидной железы""
Возрастная категория: Взрослые
# Лечение
## Консервативное лечение амиодарон-индуцированного гипотиреоза",0,0.48887216845858616
187,"Клинические рекомендации ""Хроническая сердечная недостаточность""
Возрастная категория: Взрослые
# Лечение
## Консервативное лечение
### Рекомендации по контролю ритма у пациентов с фибрилляцией предсердий, симптомной ХСН, систолической дисфункцией левого желудочка при отсутствии острой декомпенсации",1,0.6163124078476097
186,"Клинические рекомендации ""Хроническая сердечная недостаточность""
Возрастная категория: Взрослые
# Лечение
## Консервативное лечение
### Профилактика фибрилляции предсердий у пациентов с хронической сердечной недостаточностью",1,0.7936906397108432
419,"Клинические рекомендации ""Болезнь Крона""
Возрастная категория: Взрослые
# Лечение
## Хирургическое лечение БК
### Хирургическое лечение БК с поражением верхних отделов ЖКТ",0,0.24756985218929822
356,"Клинические рекомендации ""Хроническая сердечная недостаточность""
Возрастная категория: Взрослые
# Лечение
## Консервативное лечение
### Профилактика фибрилляции предсердий у пациентов с хронической сердечной недостаточностью",1,0.31938171349465494
678,"Клинические рекомендации ""Головная боль напряжения (ГБН)""
Возрастная категория: Взрослые
# Лечение
## Особенности лечения ГБН, сочетающейся с лекарственно-индуцированной головной болью (ЛИГБ)",0,0.4180314721756669
324,"Клинические рекомендации ""Хроническая сердечная недостаточность""
Возрастная категория: Взрослые
# Лечение
## Консервативное лечение
### Лечение пациентов с ХСН в особых группах",1,0.7071087543228229
830,"Клинические рекомендации ""Эндометриоз""
Возрастная категория: Взрослые и дети
# Лечение
## Эндометриоз и рак",0,0.05574201965833916
675,"Клинические рекомендации ""Эндометриоз""
Возрастная категория: Взрослые и дети
# Лечение
## Эндометриоз и рак",0,0.10824502314778861
31,"Клинические рекомендации ""Хроническая сердечная недостаточность""
Возрастная категория: Взрослые
# Лечение
## Консервативное лечение
### Рекомендации по контролю ритма у пациентов с фибрилляцией предсердий, симптомной ХСН, систолической дисфункцией левого желудочка при отсутствии острой декомпенсации",1,0.7691151840595987
629,"Клинические рекомендации ""Хроническая сердечная недостаточность""
Возрастная категория: Взрослые
# Лечение
## Консервативное лечение
### Лечение пациентов с ХСН в особых группах",1,0.950558825700617
473,"Клинические рекомендации ""Эндометриоз""
Возрастная категория: Взрослые и дети
# Лечение
## Эндометриоз у подростков (до 18 лет)",0,0.054075118990245426
542,"Клинические рекомендации ""Хроническая сердечная недостаточность""
Возрастная категория: Взрослые
# Лечение
## Консервативное лечение
### Терапия, рекомендованная пациентам с симптомной сердечной недостаточностью со сниженной фракцией выброса левого желудочка",1,0.910491736915758
1,"Клинические рекомендации ""Гастрит и дуоденит""
Возрастная категория: Взрослые
# Лечение
## Медикаментозное лечение
### Эрадикационная терапия инфекции H. рylori",1,0.5918045243243857
534,"Клинические рекомендации ""Хроническая сердечная недостаточность""
Возрастная категория: Взрослые
# Лечение
## Консервативное лечение
### Лечение пациентов с хронической сердечной недостаточностью и сочетанной патологией",1,0.9062989559092849
407,"Клинические рекомендации ""Хроническая сердечная недостаточность""
Возрастная категория: Взрослые
# Лечение
## Консервативное лечение
### Рекомендации по контролю ритма у пациентов с фибрилляцией предсердий, симптомной ХСН, систолической дисфункцией левого желудочка при отсутствии острой декомпенсации",0,0.15618253426668346
839,"Клинические рекомендации ""Хроническая сердечная недостаточность""
Возрастная категория: Взрослые
# Лечение
## Консервативное лечение
### Профилактика фибрилляции предсердий у пациентов с хронической сердечной недостаточностью",1,0.3920947488127298
713,"Клинические рекомендации ""Хроническая сердечная недостаточность""
Возрастная категория: Взрослые
# Лечение
## Консервативное лечение
### Профилактика фибрилляции предсердий у пациентов с хронической сердечной недостаточностью",1,0.5568755139692708
547,"Клинические рекомендации ""Болезнь Крона""
Возрастная категория: Взрослые
# Лечение
## Консервативное лечение
### Тяжелое течение активной БК любой локализации",1,0.8531526883825227
282,"Клинические рекомендации ""Хроническая сердечная недостаточность""
Возрастная категория: Взрослые
# Лечение
## Консервативное лечение
### Терапия, не рекомендованная (не доказан положительный эффект) пациентам с симптомной сердечной недостаточностью и сниженной фракцией выброса левого желудочка",0,0.5375975331078494
153,"Клинические рекомендации ""Гастрит и дуоденит""
Возрастная категория: Взрослые
# Лечение
## Медикаментозное лечение
### Эрадикационная терапия инфекции H. рylori",1,0.7410580604531036
122,"Клинические рекомендации ""Бронхиальная астма""
Возрастная категория: Взрослые и дети
# Лечение
## Особенности лечения БА у беременных и в период грудного вскармливания",0,0.3851438304390428
185,"Клинические рекомендации ""Хроническая сердечная недостаточность""
Возрастная категория: Взрослые
# Лечение
## Консервативное лечение
### Особенности лечения пациентов с хронической сердечной недостаточностью и фибрилляцией предсердий",0,0.780516736545074
420,"Клинические рекомендации ""Мочекаменная болезнь""
Возрастная категория: Взрослые
# Лечение
## Лечение мочекаменной болезни в особых группах пациентов",1,0.7419093847853323
21,"Клинические рекомендации ""Хроническая сердечная недостаточность""
Возрастная категория: Взрослые
# Лечение
## Консервативное лечение
### Рекомендации по начальному лечению пациентов с хронической сердечной недостаточностью и фибрилляцией предсердий с высокой частотой желудочковых сокращений в острой или хронической ситуации",1,0.6152474434729465
395,"Клинические рекомендации ""Мочекаменная болезнь""
Возрастная категория: Взрослые
# Лечение
## Лечение мочекаменной болезни в особых группах пациентов",1,0.7001998508267442
631,"Клинические рекомендации ""Хроническая сердечная недостаточность""
Возрастная категория: Взрослые
# Лечение
## Консервативное лечение
### Лечение пациентов с хронической сердечной недостаточностью и сочетанной патологией",1,0.9059084356756881
425,"Клинические рекомендации ""Головная боль напряжения (ГБН)""
Возрастная категория: Взрослые
# Лечение
## Особенности лечения ГБН, сочетающейся с лекарственно-индуцированной головной болью (ЛИГБ)",0,0.41408768903483734
367,"Клинические рекомендации ""Болезнь Крона""
Возрастная категория: Взрослые
# Лечение
## Хирургическое лечение БК
### Лечение БК с перианальными проявлениями (перианальная БК)",0,0.6599762843651796
487,"Клинические рекомендации ""Мочекаменная болезнь""
Возрастная категория: Взрослые
# Лечение
## Лечение мочекаменной болезни в особых группах пациентов",0,0.7568405003216168
674,"Клинические рекомендации ""Эндометриоз""
Возрастная категория: Взрослые и дети
# Лечение
## Эндометриоз в постменопаузе",0,0.05265153937050982
708,"Клинические рекомендации ""Хроническая сердечная недостаточность""
Возрастная категория: Взрослые
# Лечение
## Консервативное лечение
### Лечение пациентов с ХСН в особых группах",1,0.9270634285702426
756,"Клинические рекомендации ""Эндометриоз""
Возрастная категория: Взрослые и дети
# Лечение
## Эндометриоз у подростков (до 18 лет)",0,0.05559139752762814
648,"Клинические рекомендации ""Желчнокаменная болезнь""
Возрастная категория: Взрослые
# Лечение
## Хирургическое лечение
### Острый калькулезный холецистит",1,0.6529531306774689
472,"Клинические рекомендации ""Эндометриоз""
Возрастная категория: Взрослые и дети
# Лечение
## Эндометриоз и рак",0,0.05261092886320545
408,"Клинические рекомендации ""Хроническая сердечная недостаточность""
Возрастная категория: Взрослые
# Лечение
## Консервативное лечение
### Рекомендации по начальному лечению пациентов с хронической сердечной недостаточностью и фибрилляцией предсердий с высокой частотой желудочковых сокращений в острой или хронической ситуации",0,0.08726043201188742
789,"Клинические рекомендации ""Хроническая сердечная недостаточность""
Возрастная категория: Взрослые
# Лечение
## Консервативное лечение
### Профилактика фибрилляции предсердий у пациентов с хронической сердечной недостаточностью",0,0.30618264516515425
257,"Клинические рекомендации ""Хроническая сердечная недостаточность""
Возрастная категория: Взрослые
# Лечение
## Консервативное лечение
### Терапия, не рекомендованная (не доказан положительный эффект) пациентам с симптомной сердечной недостаточностью и сниженной фракцией выброса левого желудочка",1,0.8983247113285253
296,"Клинические рекомендации ""Эндометриоз""
Возрастная категория: Взрослые и дети
# Лечение
## Эндометриоз у подростков (до 18 лет)",0,0.04127611538862629
556,"Клинические рекомендации ""Головная боль напряжения (ГБН)""
Возрастная категория: Взрослые
# Лечение
## Особенности лечения ГБН, сочетающейся с лекарственно-индуцированной головной болью (ЛИГБ)",0,0.20650797375378696
780,"Клинические рекомендации ""Эндометриоз""
Возрастная категория: Взрослые и дети
# Лечение
## Эндометриоз и рак",0,0.06686899268235023
858,"Клинические рекомендации ""Амиодарон-индуцированная дисфункция щитовидной железы""
Возрастная категория: Взрослые
# Лечение
## Консервативное лечение амиодарон-индуцированного гипотиреоза",0,0.5916422475116031
854,"Клинические рекомендации ""Эндометриоз""
Возрастная категория: Взрослые и дети
# Лечение
## Эндометриоз и рак",0,0.06500542775017248
682,"Клинические рекомендации ""Хроническая сердечная недостаточность""
Возрастная категория: Взрослые
# Лечение
## Консервативное лечение
### Особенности лечения пациентов с хронической сердечной недостаточностью и желудочковыми нарушениями ритма сердца",1,0.3022911644103761
183,"Клинические рекомендации ""Хроническая сердечная недостаточность""
Возрастная категория: Взрослые
# Лечение
## Консервативное лечение
### Лечение пациентов с хронической сердечной недостаточностью и сочетанной патологией",1,0.9390738823525059
376,"Клинические рекомендации ""Хроническая сердечная недостаточность""
Возрастная категория: Взрослые
# Лечение
## Консервативное лечение
### Лечение пациентов с ХСН в особых группах",1,0.7071087543228229
646,"Клинические рекомендации ""Болезнь Крона""
Возрастная категория: Взрослые
# Лечение
## Хирургическое лечение БК
### Хирургическое лечение БК в форме терминального илеита или илеоколита",1,0.4541750356497604
16,"Клинические рекомендации ""Хроническая сердечная недостаточность""
Возрастная категория: Взрослые
# Лечение
## Консервативное лечение
### Лечение пациентов с хронической сердечной недостаточностью и сочетанной патологией",1,0.9674605735852797
14,"Клинические рекомендации ""Хроническая сердечная недостаточность""
Возрастная категория: Взрослые
# Лечение
## Консервативное лечение
### Лечение пациентов с ХСН в особых группах",1,0.9891960024757324
300,"Клинические рекомендации ""Хроническая сердечная недостаточность""
Возрастная категория: Взрослые
# Лечение
## Консервативное лечение
### Лечение пациентов с ХСН с умеренно сниженной и сохраненной ФВ ЛЖ",1,0.721035298995837
156,"Клинические рекомендации ""Гастрит и дуоденит""
Возрастная категория: Взрослые
# Лечение
## Медикаментозное лечение
### Эрадикационная терапия инфекции H. рylori",1,0.8297773831381198
702,"Клинические рекомендации ""Эндометриоз""
Возрастная категория: Взрослые и дети
# Лечение
## Эндометриоз в постменопаузе",0,0.03863447012767216
96,"Клинические рекомендации ""Артериальная гипертензия у взрослых""
Возрастная категория: Взрослые
# Лечение
## Лечение артериальной гипертензии в отдельных клинических ситуациях",1,0.8209212931264195
62,"Клинические рекомендации ""Хроническая сердечная недостаточность""
Возрастная категория: Взрослые
# Лечение
## Консервативное лечение
### Особенности лечения пациентов с хронической сердечной недостаточностью и фибрилляцией предсердий",1,0.8455117058077176
281,"Клинические рекомендации ""Хроническая сердечная недостаточность""
Возрастная категория: Взрослые
# Лечение
## Консервативное лечение
### Рекомендации по начальному лечению пациентов с хронической сердечной недостаточностью и фибрилляцией предсердий с высокой частотой желудочковых сокращений в острой или хронической ситуации",0,0.08899903305500252
89,"Клинические рекомендации ""Артериальная гипертензия у взрослых""
Возрастная категория: Взрослые
# Лечение
## Лечение артериальной гипертензии в отдельных клинических ситуациях",0,0.5258521032326045
20,"Клинические рекомендации ""Хроническая сердечная недостаточность""
Возрастная категория: Взрослые
# Лечение
## Консервативное лечение
### Рекомендации по контролю ритма у пациентов с фибрилляцией предсердий, симптомной ХСН, систолической дисфункцией левого желудочка при отсутствии острой декомпенсации",1,0.732908565215832
102,"Клинические рекомендации ""Артериальная гипертензия у взрослых""
Возрастная категория: Взрослые
# Лечение
## Лечение артериальной гипертензии в отдельных клинических ситуациях",1,0.8273011334159475
820,"Клинические рекомендации ""Болезнь Крона""
Возрастная категория: Взрослые
# Лечение
## Консервативное лечение
### БК илеоцекальной локализации средней тяжести",1,0.9076842061849917
229,"Клинические рекомендации ""Хроническая сердечная недостаточность""
Возрастная категория: Взрослые
# Лечение
## Консервативное лечение
### Особенности лечения пациентов с хронической сердечной недостаточностью и фибрилляцией предсердий",1,0.6722652266986188
636,"Клинические рекомендации ""Хроническая сердечная недостаточность""
Возрастная категория: Взрослые
# Лечение
## Консервативное лечение
### Рекомендации по начальному лечению пациентов с хронической сердечной недостаточностью и фибрилляцией предсердий с высокой частотой желудочковых сокращений в острой или хронической ситуации",1,0.36850520238478357
416,"Клинические рекомендации ""Болезнь Крона""
Возрастная категория: Взрослые
# Лечение
## Консервативное лечение
### Тяжелое течение активной БК любой локализации",1,0.7448507738590399
345,"Клинические рекомендации ""Мочекаменная болезнь""
Возрастная категория: Взрослые
# Лечение
## Лечение мочекаменной болезни в особых группах пациентов",1,0.5995117093733472
718,"Клинические рекомендации ""Хроническая сердечная недостаточность""
Возрастная категория: Взрослые
# Лечение
## Консервативное лечение
### Терапия, рекомендованная пациентам с симптомной сердечной недостаточностью со сниженной фракцией выброса левого желудочка",1,0.9311628385379739
656,"Клинические рекомендации ""Хроническая сердечная недостаточность""
Возрастная категория: Взрослые
# Лечение
## Консервативное лечение
### Лечение пациентов с ХСН с умеренно сниженной и сохраненной ФВ ЛЖ",1,0.7474507595131078
108,"Клинические рекомендации ""Гастрит и дуоденит""
Возрастная категория: Взрослые
# Лечение
## Медикаментозное лечение
### Эрадикационная терапия инфекции H. рylori",0,0.3159270344469294
727,"Клинические рекомендации ""Желчнокаменная болезнь""
Возрастная категория: Взрослые
# Лечение
## Хирургическое лечение
### Острый калькулезный холецистит",1,0.6460350256517599
736,"Клинические рекомендации ""Хроническая сердечная недостаточность""
Возрастная категория: Взрослые
# Лечение
## Консервативное лечение
### Лечение пациентов с хронической сердечной недостаточностью и сочетанной патологией",1,0.7959030123535596
498,"Клинические рекомендации ""Хроническая сердечная недостаточность""
Возрастная категория: Взрослые
# Лечение
## Консервативное лечение
### Профилактика фибрилляции предсердий у пациентов с хронической сердечной недостаточностью",1,0.7599922507864101
550,"Клинические рекомендации ""Болезнь Крона""
Возрастная категория: Взрослые
# Лечение
## Хирургическое лечение БК
### Хирургическое лечение БК с поражением верхних отделов ЖКТ",1,0.28368817954765746
824,"Клинические рекомендации ""Болезнь Крона""
Возрастная категория: Взрослые
# Лечение
## Консервативное лечение
### Тяжелое течение активной БК любой локализации",1,0.8869503680342684
794,"Клинические рекомендации ""Хроническая сердечная недостаточность""
Возрастная категория: Взрослые
# Лечение
## Консервативное лечение
### Терапия, рекомендованная пациентам с симптомной сердечной недостаточностью со сниженной фракцией выброса левого желудочка",1,0.6482184853438908
816,"Клинические рекомендации ""Хроническая сердечная недостаточность""
Возрастная категория: Взрослые
# Лечение
## Консервативное лечение
### Рекомендации по начальному лечению пациентов с хронической сердечной недостаточностью и фибрилляцией предсердий с высокой частотой желудочковых сокращений в острой или хронической ситуации",0,0.0684558077157042
844,"Клинические рекомендации ""Хроническая сердечная недостаточность""
Возрастная категория: Взрослые
# Лечение
## Консервативное лечение
### Терапия, рекомендованная пациентам с симптомной сердечной недостаточностью со сниженной фракцией выброса левого желудочка",1,0.8139985164481134
818,"Клинические рекомендации ""Хроническая сердечная недостаточность""
Возрастная категория: Взрослые
# Лечение
## Консервативное лечение
### Терапия, применение которой может быть опасно, и не рекомендовано для пациентов с хронической сердечной недостаточностью II-IV функционального класса и сниженной фракцией выброса левого желудочка",0,0.49949791633294305
92,"Клинические рекомендации ""Артериальная гипертензия у взрослых""
Возрастная категория: Взрослые
# Лечение
## Лечение артериальной гипертензии в отдельных клинических ситуациях",1,0.7800929313090134
276,"Клинические рекомендации ""Хроническая сердечная недостаточность""
Возрастная категория: Взрослые
# Лечение
## Консервативное лечение
### Лечение пациентов с хронической сердечной недостаточностью и сочетанной патологией",1,0.43775369735358316
797,"Клинические рекомендации ""Болезнь Крона""
Возрастная категория: Взрослые
# Лечение
## Консервативное лечение
### БК тонкой кишки (кроме терминального илеита)",0,0.3062648136514151
341,"Клинические рекомендации ""Болезнь Крона""
Возрастная категория: Взрослые
# Лечение
## Хирургическое лечение БК
### Хирургическое лечение БК в форме терминального илеита или илеоколита",0,0.49471784529677826
582,"Клинические рекомендации ""Хроническая сердечная недостаточность""
Возрастная категория: Взрослые
# Лечение
## Консервативное лечение
### Лечение пациентов с ХСН с умеренно сниженной и сохраненной ФВ ЛЖ",1,0.9584152542092925
344,"Клинические рекомендации ""Желчнокаменная болезнь""
Возрастная категория: Взрослые
# Лечение
## Хирургическое лечение
### Холедохолитиаз/холангиолитиаз",1,0.6120010088577802
807,"Клинические рекомендации ""Амиодарон-индуцированная дисфункция щитовидной железы""
Возрастная категория: Взрослые
# Лечение
## Консервативное лечение амиодарон-индуцированного гипотиреоза",0,0.3407909652395015
97,"Клинические рекомендации ""Артериальная гипертензия у взрослых""
Возрастная категория: Взрослые
# Лечение
## Лечение артериальной гипертензии в отдельных клинических ситуациях",1,0.7917844654927653
752,"Клинические рекомендации ""Болезнь Крона""
Возрастная категория: Взрослые
# Лечение
## Хирургическое лечение БК
### Хирургическое лечение БК с поражением верхних отделов ЖКТ",1,0.29236822166141324
445,"Клинические рекомендации ""Мочекаменная болезнь""
Возрастная категория: Взрослые
# Лечение
## Лечение мочекаменной болезни в особых группах пациентов",1,0.781948439394305
230,"Клинические рекомендации ""Хроническая сердечная недостаточность""
Возрастная категория: Взрослые
# Лечение
## Консервативное лечение
### Профилактика фибрилляции предсердий у пациентов с хронической сердечной недостаточностью",1,0.8051810395705804
568,"Клинические рекомендации ""Болезнь Крона""
Возрастная категория: Взрослые
# Лечение
## Консервативное лечение
### БК илеоцекальной локализации средней тяжести",1,0.8757457324513719
329,"Клинические рекомендации ""Хроническая сердечная недостаточность""
Возрастная категория: Взрослые
# Лечение
## Консервативное лечение
### Профилактика фибрилляции предсердий у пациентов с хронической сердечной недостаточностью",0,0.34204795346798905
840,"Клинические рекомендации ""Хроническая сердечная недостаточность""
Возрастная категория: Взрослые
# Лечение
## Консервативное лечение
### Рекомендации по контролю ритма у пациентов с фибрилляцией предсердий, симптомной ХСН, систолической дисфункцией левого желудочка при отсутствии острой декомпенсации",0,0.30614006364194135
253,"Клинические рекомендации ""Хроническая сердечная недостаточность""
Возрастная категория: Взрослые
# Лечение
## Консервативное лечение
### Особенности лечения пациентов с хронической сердечной недостаточностью и фибрилляцией предсердий",0,0.6261759900216092
214,"Клинические рекомендации ""Хроническая сердечная недостаточность""
Возрастная категория: Взрослые
# Лечение
## Консервативное лечение
### Лечение пациентов с ХСН в особых группах",1,0.9608191032890916
569,"Клинические рекомендации ""Болезнь Крона""
Возрастная категория: Взрослые
# Лечение
## Консервативное лечение
### БК толстой кишки легкой и средней тяжести",1,0.8661312622650993
354,"Клинические рекомендации ""Хроническая сердечная недостаточность""
Возрастная категория: Взрослые
# Лечение
## Консервативное лечение
### Особенности лечения пациентов с хронической сердечной недостаточностью и желудочковыми нарушениями ритма сердца",0,0.20247202946199658
377,"Клинические рекомендации ""Хроническая сердечная недостаточность""
Возрастная категория: Взрослые
# Лечение
## Консервативное лечение
### Лечение пациентов с ХСН с умеренно сниженной и сохраненной ФВ ЛЖ",1,0.721035298995837
744,"Клинические рекомендации ""Хроническая сердечная недостаточность""
Возрастная категория: Взрослые
# Лечение
## Консервативное лечение
### Терапия, рекомендованная пациентам с симптомной сердечной недостаточностью со сниженной фракцией выброса левого желудочка",1,0.8399337800324466
162,"Клинические рекомендации ""Гастрит и дуоденит""
Возрастная категория: Взрослые
# Лечение
## Медикаментозное лечение
### Эрадикационная терапия инфекции H. рylori",1,0.7200775596843605
722,"Клинические рекомендации ""Болезнь Крона""
Возрастная категория: Взрослые
# Лечение
## Консервативное лечение
### Легкая БК илеоцекальной локализации",0,0.8175468221073913
699,"Клинические рекомендации ""Желчнокаменная болезнь""
Возрастная категория: Взрослые
# Лечение
## Хирургическое лечение
### Холедохолитиаз/холангиолитиаз",0,0.6224644795878449
373,"Клинические рекомендации ""Эндометриоз""
Возрастная категория: Взрослые и дети
# Лечение
## Эндометриоз у подростков (до 18 лет)",0,0.03425754160552315
544,"Клинические рекомендации ""Болезнь Крона""
Возрастная категория: Взрослые
# Лечение
## Консервативное лечение
### БК толстой кишки легкой и средней тяжести",1,0.875971669487837
370,"Клинические рекомендации ""Мочекаменная болезнь""
Возрастная категория: Взрослые
# Лечение
## Лечение мочекаменной болезни в особых группах пациентов",1,0.6371452310387166
623,"Клинические рекомендации ""Болезнь Крона""
Возрастная категория: Взрослые
# Лечение
## Хирургическое лечение БК
### Хирургическое лечение БК с поражением верхних отделов ЖКТ",1,0.3234217199096138
539,"Клинические рекомендации ""Хроническая сердечная недостаточность""
Возрастная категория: Взрослые
# Лечение
## Консервативное лечение
### Рекомендации по начальному лечению пациентов с хронической сердечной недостаточностью и фибрилляцией предсердий с высокой частотой желудочковых сокращений в острой или хронической ситуации",0,0.4811336309946195
125,"Клинические рекомендации ""Бронхиальная астма""
Возрастная категория: Взрослые и дети
# Лечение
## Особенности лечения БА у беременных и в период грудного вскармливания",0,0.30160588211629313
687,"Клинические рекомендации ""Хроническая сердечная недостаточность""
Возрастная категория: Взрослые
# Лечение
## Консервативное лечение
### Терапия, не рекомендованная (не доказан положительный эффект) пациентам с симптомной сердечной недостаточностью и сниженной фракцией выброса левого желудочка",1,0.739136334909813
405,"Клинические рекомендации ""Хроническая сердечная недостаточность""
Возрастная категория: Взрослые
# Лечение
## Консервативное лечение
### Особенности лечения пациентов с хронической сердечной недостаточностью и фибрилляцией предсердий",0,0.20283646196414276
798,"Клинические рекомендации ""Болезнь Крона""
Возрастная категория: Взрослые
# Лечение
## Консервативное лечение
### Легкая БК илеоцекальной локализации",1,0.692467907719558
829,"Клинические рекомендации ""Эндометриоз""
Возрастная категория: Взрослые и дети
# Лечение
## Эндометриоз в постменопаузе",0,0.058614145655916265
351,"Клинические рекомендации ""Хроническая сердечная недостаточность""
Возрастная категория: Взрослые
# Лечение
## Консервативное лечение
### Лечение пациентов с ХСН в особых группах",1,0.7594101413375588
602,"Клинические рекомендации ""Эндометриоз""
Возрастная категория: Взрослые и дети
# Лечение
## Эндометриоз у подростков (до 18 лет)",0,0.0984848569636201
795,"Клинические рекомендации ""Болезнь Крона""
Возрастная категория: Взрослые
# Лечение
## Консервативное лечение
### БК илеоцекальной локализации средней тяжести",1,0.8126516601369494
98,"Клинические рекомендации ""Артериальная гипертензия у взрослых""
Возрастная категория: Взрослые
# Лечение
## Лечение артериальной гипертензии в отдельных клинических ситуациях",1,0.8445626089001477
617,"Клинические рекомендации ""Болезнь Крона""
Возрастная категория: Взрослые
# Лечение
## Консервативное лечение
### БК толстой кишки легкой и средней тяжести",1,0.9154882938538418
311,"Клинические рекомендации ""Болезнь Крона""
Возрастная категория: Взрослые
# Лечение
## Консервативное лечение
### БК толстой кишки легкой и средней тяжести",1,0.781474780408971
115,"Клинические рекомендации ""Гастрит и дуоденит""
Возрастная категория: Взрослые
# Лечение
## Эндоскопическое лечение",0,0.3261954717666757
47,"Клинические рекомендации ""Хроническая сердечная недостаточность""
Возрастная категория: Взрослые
# Лечение
## Консервативное лечение
### Лечение пациентов с ХСН в особых группах",1,0.9833749614201149
452,"Клинические рекомендации ""Хроническая сердечная недостаточность""
Возрастная категория: Взрослые
# Лечение
## Консервативное лечение
### Лечение пациентов с ХСН с умеренно сниженной и сохраненной ФВ ЛЖ",1,0.7644144511643391
172,"Клинические рекомендации ""Хроническая сердечная недостаточность""
Возрастная категория: Взрослые
# Лечение
## Консервативное лечение
### Лечение пациентов с хронической сердечной недостаточностью и сочетанной патологией",1,0.9323992307853419
808,"Клинические рекомендации ""Головная боль напряжения (ГБН)""
Возрастная категория: Взрослые
# Лечение
## Особенности лечения ГБН, сочетающейся с лекарственно-индуцированной головной болью (ЛИГБ)",1,0.23882350315484405
34,"Клинические рекомендации ""Хроническая сердечная недостаточность""
Возрастная категория: Взрослые
# Лечение
## Консервативное лечение
### Терапия, применение которой может быть опасно, и не рекомендовано для пациентов с хронической сердечной недостаточностью II-IV функционального класса и сниженной фракцией выброса левого желудочка",1,0.9522694413311491
835,"Клинические рекомендации ""Хроническая сердечная недостаточность""
Возрастная категория: Взрослые
# Лечение
## Консервативное лечение
### Лечение пациентов с ХСН с умеренно сниженной и сохраненной ФВ ЛЖ",1,0.8401035372898071
87,"Клинические рекомендации ""Артериальная гипертензия у взрослых""
Возрастная категория: Взрослые
# Лечение
## Лечение артериальной гипертензии в отдельных клинических ситуациях",0,0.391585005817776
437,"Клинические рекомендации ""Болезнь Крона""
Возрастная категория: Взрослые
# Лечение
## Консервативное лечение
### БК илеоцекальной локализации средней тяжести",1,0.7833556161400013
12,"Клинические рекомендации ""Доброкачественная дисплазия молочной железы""
Возрастная категория: Взрослые и дети
# Лечение
## Применение гормональных контрацептивов при ДДМЖ",0,0.6594709098655785
750,"Клинические рекомендации ""Болезнь Крона""
Возрастная категория: Взрослые
# Лечение
## Хирургическое лечение БК
### Лечение БК с перианальными проявлениями (перианальная БК)",1,0.5054669738557368
117,"Клинические рекомендации ""Гастрит и дуоденит""
Возрастная категория: Взрослые
# Лечение
## Медикаментозное лечение
### Эрадикационная терапия инфекции H. рylori",0,0.5089530593275237
268,"Клинические рекомендации ""Желчнокаменная болезнь""
Возрастная категория: Взрослые
# Лечение
## Хирургическое лечение
### Острый калькулезный холецистит",1,0.6866753827628647
279,"Клинические рекомендации ""Хроническая сердечная недостаточность""
Возрастная категория: Взрослые
# Лечение
## Консервативное лечение
### Профилактика фибрилляции предсердий у пациентов с хронической сердечной недостаточностью",0,0.2803726181187838
603,"Клинические рекомендации ""Амиодарон-индуцированная дисфункция щитовидной железы""
Возрастная категория: Взрослые
# Лечение
## Консервативное лечение амиодарон-индуцированного гипотиреоза",1,0.6794218386707002
691,"Клинические рекомендации ""Болезнь Крона""
Возрастная категория: Взрослые
# Лечение
## Консервативное лечение
### БК толстой кишки легкой и средней тяжести",1,0.731191325067288
747,"Клинические рекомендации ""Болезнь Крона""
Возрастная категория: Взрослые
# Лечение
## Консервативное лечение
### БК тонкой кишки (кроме терминального илеита)",0,0.5125328378145868
210,"Клинические рекомендации ""Хроническая сердечная недостаточность""
Возрастная категория: Взрослые
# Лечение
## Консервативное лечение
### Рекомендации по начальному лечению пациентов с хронической сердечной недостаточностью и фибрилляцией предсердий с высокой частотой желудочковых сокращений в острой или хронической ситуации",0,0.42709044486834236
90,"Клинические рекомендации ""Артериальная гипертензия у взрослых""
Возрастная категория: Взрослые
# Лечение
## Лечение артериальной гипертензии в отдельных клинических ситуациях",1,0.5338875905643772
242,"Клинические рекомендации ""Артериальная гипертензия у взрослых""
Возрастная категория: Взрослые
# Лечение
## Лечение артериальной гипертензии в отдельных клинических ситуациях",1,0.5518384979500437
130,"Клинические рекомендации ""Бронхиальная астма""
Возрастная категория: Взрослые и дети
# Лечение
## Особенности лечения БА у беременных и в период грудного вскармливания",0,0.5909211700691531
845,"Клинические рекомендации ""Болезнь Крона""
Возрастная категория: Взрослые
# Лечение
## Консервативное лечение
### БК илеоцекальной локализации средней тяжести",1,0.9285832924190485
320,"Клинические рекомендации ""Эндометриоз""
Возрастная категория: Взрослые и дети
# Лечение
## Эндометриоз и рак",0,0.05130874778482081
179,"Клинические рекомендации ""Хроническая сердечная недостаточность""
Возрастная категория: Взрослые
# Лечение
## Консервативное лечение
### Терапия, применение которой может быть опасно, и не рекомендовано для пациентов с хронической сердечной недостаточностью II-IV функционального класса и сниженной фракцией выброса левого желудочка",1,0.900623368687029
693,"Клинические рекомендации ""Болезнь Крона""
Возрастная категория: Взрослые
# Лечение
## Консервативное лечение
### Легкая БК илеоцекальной локализации",1,0.6507794510218767
496,"Клинические рекомендации ""Хроническая сердечная недостаточность""
Возрастная категория: Взрослые
# Лечение
## Консервативное лечение
### Особенности лечения пациентов с хронической сердечной недостаточностью и желудочковыми нарушениями ритма сердца",1,0.4890744220088912
237,"Клинические рекомендации ""Гастрит и дуоденит""
Возрастная категория: Взрослые
# Лечение
## Медикаментозное лечение
### Эрадикационная терапия инфекции H. рylori",1,0.5335004665838495
729,"Клинические рекомендации ""Гонартроз""
Возрастная категория: Взрослые и дети
# Лечение
## Хирургическое лечение
### Особенности органосохраняющего оперативного лечения у детей с гонартрозом",0,0.28861069936736045
177,"Клинические рекомендации ""Хроническая сердечная недостаточность""
Возрастная категория: Взрослые
# Лечение
## Консервативное лечение
### Рекомендации по начальному лечению пациентов с хронической сердечной недостаточностью и фибрилляцией предсердий с высокой частотой желудочковых сокращений в острой или хронической ситуации",0,0.5222504492363242
40,"Клинические рекомендации ""Хроническая сердечная недостаточность""
Возрастная категория: Взрослые
# Лечение
## Консервативное лечение
### Особенности лечения пациентов с хронической сердечной недостаточностью и фибрилляцией предсердий",1,0.8535193794256639
723,"Клинические рекомендации ""Болезнь Крона""
Возрастная категория: Взрослые
# Лечение
## Консервативное лечение
### Тяжелое течение активной БК любой локализации",1,0.8151051965159047
613,"Клинические рекомендации ""Хроническая сердечная недостаточность""
Возрастная категория: Взрослые
# Лечение
## Консервативное лечение
### Терапия, не рекомендованная (не доказан положительный эффект) пациентам с симптомной сердечной недостаточностью и сниженной фракцией выброса левого желудочка",1,0.8478960211077561
292,"Клинические рекомендации ""Болезнь Крона""
Возрастная категория: Взрослые
# Лечение
## Хирургическое лечение БК
### Хирургическое лечение БК с поражением верхних отделов ЖКТ",1,0.25190846439606546
753,"Клинические рекомендации ""Мочекаменная болезнь""
Возрастная категория: Взрослые
# Лечение
## Лечение мочекаменной болезни в особых группах пациентов",1,0.7302263725229367
260,"Клинические рекомендации ""Болезнь Крона""
Возрастная категория: Взрослые
# Лечение
## Консервативное лечение
### БК илеоцекальной локализации средней тяжести",1,0.8926684894392181
627,"Клинические рекомендации ""Амиодарон-индуцированная дисфункция щитовидной железы""
Возрастная категория: Взрослые
# Лечение
## Консервативное лечение амиодарон-индуцированного гипотиреоза",1,0.5771462507811308
834,"Клинические рекомендации ""Хроническая сердечная недостаточность""
Возрастная категория: Взрослые
# Лечение
## Консервативное лечение
### Лечение пациентов с ХСН в особых группах",1,0.8512194220975584
165,"Клинические рекомендации ""Гастрит и дуоденит""
Возрастная категория: Взрослые
# Лечение
## Медикаментозное лечение
### Эрадикационная терапия инфекции H. рylori",1,0.7373610902062888
180,"Клинические рекомендации ""Хроническая сердечная недостаточность""
Возрастная категория: Взрослые
# Лечение
## Консервативное лечение
### Терапия, рекомендованная пациентам с симптомной сердечной недостаточностью со сниженной фракцией выброса левого желудочка",1,0.9506629130405354
664,"Клинические рекомендации ""Хроническая сердечная недостаточность""
Возрастная категория: Взрослые
# Лечение
## Консервативное лечение
### Терапия, применение которой может быть опасно, и не рекомендовано для пациентов с хронической сердечной недостаточностью II-IV функционального класса и сниженной фракцией выброса левого желудочка",0,0.665277080125173
611,"Клинические рекомендации ""Хроническая сердечная недостаточность""
Возрастная категория: Взрослые
# Лечение
## Консервативное лечение
### Рекомендации по контролю ритма у пациентов с фибрилляцией предсердий, симптомной ХСН, систолической дисфункцией левого желудочка при отсутствии острой декомпенсации",1,0.47050367432117407
393,"Клинические рекомендации ""Болезнь Крона""
Возрастная категория: Взрослые
# Лечение
## Хирургическое лечение БК
### Хирургическое лечение БК в форме терминального илеита или илеоколита",1,0.3848445003586729
83,"Клинические рекомендации ""Бронхиальная астма""
Возрастная категория: Взрослые и дети
# Лечение
## Особенности лечения БА у беременных и в период грудного вскармливания",0,0.23953683515271915
383,"Клинические рекомендации ""Хроническая сердечная недостаточность""
Возрастная категория: Взрослые
# Лечение
## Консервативное лечение
### Рекомендации по начальному лечению пациентов с хронической сердечной недостаточностью и фибрилляцией предсердий с высокой частотой желудочковых сокращений в острой или хронической ситуации",0,0.1052770145860445
313,"Клинические рекомендации ""Болезнь Крона""
Возрастная категория: Взрослые
# Лечение
## Консервативное лечение
### Легкая БК илеоцекальной локализации",1,0.6472935379457379
596,"Клинические рекомендации ""Болезнь Крона""
Возрастная категория: Взрослые
# Лечение
## Консервативное лечение
### Тяжелое течение активной БК любой локализации",1,0.7409918979869983
838,"Клинические рекомендации ""Хроническая сердечная недостаточность""
Возрастная категория: Взрослые
# Лечение
## Консервативное лечение
### Особенности лечения пациентов с хронической сердечной недостаточностью и фибрилляцией предсердий",0,0.4503805270561549
677,"Клинические рекомендации ""Амиодарон-индуцированная дисфункция щитовидной железы""
Возрастная категория: Взрослые
# Лечение
## Консервативное лечение амиодарон-индуцированного гипотиреоза",1,0.7236260720828436
133,"Клинические рекомендации ""Бронхиальная астма""
Возрастная категория: Взрослые и дети
# Лечение
## Особенности лечения БА у беременных и в период грудного вскармливания",1,0.2842983105155007
774,"Клинические рекомендации ""Болезнь Крона""
Возрастная категория: Взрослые
# Лечение
## Консервативное лечение
### Тяжелое течение активной БК любой локализации",1,0.872000208617079
628,"Клинические рекомендации ""Головная боль напряжения (ГБН)""
Возрастная категория: Взрослые
# Лечение
## Особенности лечения ГБН, сочетающейся с лекарственно-индуцированной головной болью (ЛИГБ)",0,0.5349203122926144
517,"Клинические рекомендации ""Болезнь Крона""
Возрастная категория: Взрослые
# Лечение
## Консервативное лечение
### БК илеоцекальной локализации средней тяжести",1,0.8786971544141073
567,"Клинические рекомендации ""Хроническая сердечная недостаточность""
Возрастная категория: Взрослые
# Лечение
## Консервативное лечение
### Терапия, рекомендованная пациентам с симптомной сердечной недостаточностью со сниженной фракцией выброса левого желудочка",1,0.930610389424417
11,"Клинические рекомендации ""Артериальная гипертензия у взрослых""
Возрастная категория: Взрослые
# Лечение
## Лечение артериальной гипертензии в отдельных клинических ситуациях",1,0.7653025019986079
754,"Клинические рекомендации ""Эндометриоз""
Возрастная категория: Взрослые и дети
# Лечение
## Эндометриоз в постменопаузе",0,0.06256337466417737
561,"Клинические рекомендации ""Хроническая сердечная недостаточность""
Возрастная категория: Взрослые
# Лечение
## Консервативное лечение
### Особенности лечения пациентов с хронической сердечной недостаточностью и фибрилляцией предсердий",1,0.6552248425215788
335,"Клинические рекомендации ""Болезнь Крона""
Возрастная категория: Взрослые
# Лечение
## Консервативное лечение
### БК илеоцекальной локализации средней тяжести",1,0.8655956804185277
688,"Клинические рекомендации ""Хроническая сердечная недостаточность""
Возрастная категория: Взрослые
# Лечение
## Консервативное лечение
### Терапия, применение которой может быть опасно, и не рекомендовано для пациентов с хронической сердечной недостаточностью II-IV функционального класса и сниженной фракцией выброса левого желудочка",1,0.8467804288148734
434,"Клинические рекомендации ""Хроническая сердечная недостаточность""
Возрастная категория: Взрослые
# Лечение
## Консервативное лечение
### Терапия, не рекомендованная (не доказан положительный эффект) пациентам с симптомной сердечной недостаточностью и сниженной фракцией выброса левого желудочка",1,0.4706672164505867
458,"Клинические рекомендации ""Хроническая сердечная недостаточность""
Возрастная категория: Взрослые
# Лечение
## Консервативное лечение
### Рекомендации по начальному лечению пациентов с хронической сердечной недостаточностью и фибрилляцией предсердий с высокой частотой желудочковых сокращений в острой или хронической ситуации",0,0.1441301205119594
15,"Клинические рекомендации ""Хроническая сердечная недостаточность""
Возрастная категория: Взрослые
# Лечение
## Консервативное лечение
### Лечение пациентов с ХСН с умеренно сниженной и сохраненной ФВ ЛЖ",1,0.9851201457420616
740,"Клинические рекомендации ""Хроническая сердечная недостаточность""
Возрастная категория: Взрослые
# Лечение
## Консервативное лечение
### Рекомендации по контролю ритма у пациентов с фибрилляцией предсердий, симптомной ХСН, систолической дисфункцией левого желудочка при отсутствии острой декомпенсации",0,0.4717580164300323
663,"Клинические рекомендации ""Хроническая сердечная недостаточность""
Возрастная категория: Взрослые
# Лечение
## Консервативное лечение
### Терапия, не рекомендованная (не доказан положительный эффект) пациентам с симптомной сердечной недостаточностью и сниженной фракцией выброса левого желудочка",1,0.5666550668173485
776,"Клинические рекомендации ""Болезнь Крона""
Возрастная категория: Взрослые
# Лечение
## Хирургическое лечение БК
### Хирургическое лечение БК в форме терминального илеита или илеоколита",1,0.46552658562251736
724,"Клинические рекомендации ""Болезнь Крона""
Возрастная категория: Взрослые
# Лечение
## Хирургическое лечение БК
### Лечение БК с перианальными проявлениями (перианальная БК)",0,0.31269052922955126
52,"Клинические рекомендации ""Хроническая сердечная недостаточность""
Возрастная категория: Взрослые
# Лечение
## Консервативное лечение
### Профилактика фибрилляции предсердий у пациентов с хронической сердечной недостаточностью",1,0.9145272707983064
182,"Клинические рекомендации ""Хроническая сердечная недостаточность""
Возрастная категория: Взрослые
# Лечение
## Консервативное лечение
### Лечение пациентов с ХСН с умеренно сниженной и сохраненной ФВ ЛЖ",1,0.9773379764415357
540,"Клинические рекомендации ""Хроническая сердечная недостаточность""
Возрастная категория: Взрослые
# Лечение
## Консервативное лечение
### Терапия, не рекомендованная (не доказан положительный эффект) пациентам с симптомной сердечной недостаточностью и сниженной фракцией выброса левого желудочка",1,0.9092892127312856
418,"Клинические рекомендации ""Болезнь Крона""
Возрастная категория: Взрослые
# Лечение
## Хирургическое лечение БК
### Хирургическое лечение БК в форме терминального илеита или илеоколита",1,0.41047342340883375
109,"Клинические рекомендации ""Гастрит и дуоденит""
Возрастная категория: Взрослые
# Лечение
## Эндоскопическое лечение",0,0.33642492213716485
530,"Клинические рекомендации ""Амиодарон-индуцированная дисфункция щитовидной железы""
Возрастная категория: Взрослые
# Лечение
## Консервативное лечение амиодарон-индуцированного гипотиреоза",1,0.5067800471277618
810,"Клинические рекомендации ""Хроническая сердечная недостаточность""
Возрастная категория: Взрослые
# Лечение
## Консервативное лечение
### Лечение пациентов с ХСН с умеренно сниженной и сохраненной ФВ ЛЖ",1,0.7259558240033054
174,"Клинические рекомендации ""Хроническая сердечная недостаточность""
Возрастная категория: Взрослые
# Лечение
## Консервативное лечение
### Особенности лечения пациентов с хронической сердечной недостаточностью и фибрилляцией предсердий",1,0.6201166662578634
514,"Клинические рекомендации ""Эндометриоз""
Возрастная категория: Взрослые и дети
# Лечение
## Эндометриоз и рак",0,0.09107404853895451
489,"Клинические рекомендации ""Эндометриоз""
Возрастная категория: Взрослые и дети
# Лечение
## Эндометриоз и рак",0,0.07353396775243834
572,"Клинические рекомендации ""Болезнь Крона""
Возрастная категория: Взрослые
# Лечение
## Консервативное лечение
### Тяжелое течение активной БК любой локализации",1,0.8104463285193991
66,"Клинические рекомендации ""Хроническая сердечная недостаточность""
Возрастная категория: Взрослые
# Лечение
## Консервативное лечение
### Терапия, не рекомендованная (не доказан положительный эффект) пациентам с симптомной сердечной недостаточностью и сниженной фракцией выброса левого желудочка",1,0.9371010694124514
796,"Клинические рекомендации ""Болезнь Крона""
Возрастная категория: Взрослые
# Лечение
## Консервативное лечение
### БК толстой кишки легкой и средней тяжести",1,0.750509284920203
490,"Клинические рекомендации ""Эндометриоз""
Возрастная категория: Взрослые и дети
# Лечение
## Эндометриоз у подростков (до 18 лет)",0,0.06304036551118761
598,"Клинические рекомендации ""Болезнь Крона""
Возрастная категория: Взрослые
# Лечение
## Хирургическое лечение БК
### Хирургическое лечение БК в форме терминального илеита или илеоколита",0,0.4232712763062235
650,"Клинические рекомендации ""Эндометриоз""
Возрастная категория: Взрослые и дети
# Лечение
## Эндометриоз в постменопаузе",0,0.07866646120982039
173,"Клинические рекомендации ""Хроническая сердечная недостаточность""
Возрастная категория: Взрослые
# Лечение
## Консервативное лечение
### Особенности лечения пациентов с хронической сердечной недостаточностью и желудочковыми нарушениями ритма сердца",1,0.7357216274594127
164,"Клинические рекомендации ""Гастрит и дуоденит""
Возрастная категория: Взрослые
# Лечение
## Медикаментозное лечение
### Медикаментозная терапия при эрозивном гастрите и дуодените",1,0.8302956498770037
158,"Клинические рекомендации ""Гастрит и дуоденит""
Возрастная категория: Взрослые
# Лечение
## Медикаментозное лечение
### Медикаментозная терапия при эрозивном гастрите и дуодените",1,0.809917614888412
389,"Клинические рекомендации ""Болезнь Крона""
Возрастная категория: Взрослые
# Лечение
## Консервативное лечение
### БК тонкой кишки (кроме терминального илеита)",0,0.2753301573952034
264,"Клинические рекомендации ""Болезнь Крона""
Возрастная категория: Взрослые
# Лечение
## Консервативное лечение
### Тяжелое течение активной БК любой локализации",1,0.8782100631278369
493,"Клинические рекомендации ""Хроническая сердечная недостаточность""
Возрастная категория: Взрослые
# Лечение
## Консервативное лечение
### Лечение пациентов с ХСН в особых группах",1,0.950558825700617
644,"Клинические рекомендации ""Болезнь Крона""
Возрастная категория: Взрослые
# Лечение
## Консервативное лечение
### Тяжелое течение активной БК любой локализации",1,0.7950975946225265
444,"Клинические рекомендации ""Болезнь Крона""
Возрастная категория: Взрослые
# Лечение
## Хирургическое лечение БК
### Хирургическое лечение БК с поражением верхних отделов ЖКТ",0,0.1845669303212343
470,"Клинические рекомендации ""Мочекаменная болезнь""
Возрастная категория: Взрослые
# Лечение
## Лечение мочекаменной болезни в особых группах пациентов",1,0.7701839579600582
208,"Клинические рекомендации ""Хроническая сердечная недостаточность""
Возрастная категория: Взрослые
# Лечение
## Консервативное лечение
### Профилактика фибрилляции предсердий у пациентов с хронической сердечной недостаточностью",1,0.8039994641286953
323,"Клинические рекомендации ""Головная боль напряжения (ГБН)""
Возрастная категория: Взрослые
# Лечение
## Особенности лечения ГБН, сочетающейся с лекарственно-индуцированной головной болью (ЛИГБ)",1,0.3240696530403529
261,"Клинические рекомендации ""Болезнь Крона""
Возрастная категория: Взрослые
# Лечение
## Консервативное лечение
### БК толстой кишки легкой и средней тяжести",1,0.8421304587821371
735,"Клинические рекомендации ""Хроническая сердечная недостаточность""
Возрастная категория: Взрослые
# Лечение
## Консервативное лечение
### Лечение пациентов с ХСН с умеренно сниженной и сохраненной ФВ ЛЖ",1,0.905967003480154
145,"Клинические рекомендации ""Гастрит и дуоденит""
Возрастная категория: Взрослые
# Лечение
## Эндоскопическое лечение",0,0.35096402626640205
507,"Клинические рекомендации ""Болезнь Крона""
Возрастная категория: Взрослые
# Лечение
## Консервативное лечение
### Легкая БК илеоцекальной локализации",1,0.707018342720128
103,"Клинические рекомендации ""Артериальная гипертензия у взрослых""
Возрастная категория: Взрослые
# Лечение
## Лечение артериальной гипертензии в отдельных клинических ситуациях",1,0.8442640174686573
120,"Клинические рекомендации ""Гастрит и дуоденит""
Возрастная категория: Взрослые
# Лечение
## Медикаментозное лечение
### Эрадикационная терапия инфекции H. рylori",0,0.49661056044543017
642,"Клинические рекомендации ""Болезнь Крона""
Возрастная категория: Взрослые
# Лечение
## Консервативное лечение
### БК тонкой кишки (кроме терминального илеита)",0,0.22503774140365282
503,"Клинические рекомендации ""Хроническая сердечная недостаточность""
Возрастная категория: Взрослые
# Лечение
## Консервативное лечение
### Терапия, рекомендованная пациентам с симптомной сердечной недостаточностью со сниженной фракцией выброса левого желудочка",1,0.944340068287085
146,"Клинические рекомендации ""Гастрит и дуоденит""
Возрастная категория: Взрослые
# Лечение
## Медикаментозное лечение
### Медикаментозная терапия при эрозивном гастрите и дуодените",1,0.3658427117459835
154,"Клинические рекомендации ""Гастрит и дуоденит""
Возрастная категория: Взрослые
# Лечение
## Эндоскопическое лечение",1,0.7162102470942966
768,"Клинические рекомендации ""Хроническая сердечная недостаточность""
Возрастная категория: Взрослые
# Лечение
## Консервативное лечение
### Терапия, применение которой может быть опасно, и не рекомендовано для пациентов с хронической сердечной недостаточностью II-IV функционального класса и сниженной фракцией выброса левого желудочка",1,0.49949791633294305
74,"Клинические рекомендации ""Хроническая сердечная недостаточность""
Возрастная категория: Взрослые
# Лечение
## Консервативное лечение
### Профилактика фибрилляции предсердий у пациентов с хронической сердечной недостаточностью",1,0.9010161671721985
637,"Клинические рекомендации ""Хроническая сердечная недостаточность""
Возрастная категория: Взрослые
# Лечение
## Консервативное лечение
### Терапия, не рекомендованная (не доказан положительный эффект) пациентам с симптомной сердечной недостаточностью и сниженной фракцией выброса левого желудочка",1,0.8823315861162917
431,"Клинические рекомендации ""Хроническая сердечная недостаточность""
Возрастная категория: Взрослые
# Лечение
## Консервативное лечение
### Профилактика фибрилляции предсердий у пациентов с хронической сердечной недостаточностью",0,0.36736926403564374
597,"Клинические рекомендации ""Болезнь Крона""
Возрастная категория: Взрослые
# Лечение
## Хирургическое лечение БК
### Лечение БК с перианальными проявлениями (перианальная БК)",0,0.28624983572500573
398,"Клинические рекомендации ""Эндометриоз""
Возрастная категория: Взрослые и дети
# Лечение
## Эндометриоз у подростков (до 18 лет)",0,0.046148832726273174
492,"Клинические рекомендации ""Головная боль напряжения (ГБН)""
Возрастная категория: Взрослые
# Лечение
## Особенности лечения ГБН, сочетающейся с лекарственно-индуцированной головной болью (ЛИГБ)",1,0.2055574908429693
655,"Клинические рекомендации ""Хроническая сердечная недостаточность""
Возрастная категория: Взрослые
# Лечение
## Консервативное лечение
### Лечение пациентов с ХСН в особых группах",1,0.8075825355700152
684,"Клинические рекомендации ""Хроническая сердечная недостаточность""
Возрастная категория: Взрослые
# Лечение
## Консервативное лечение
### Профилактика фибрилляции предсердий у пациентов с хронической сердечной недостаточностью",1,0.6286555592430575
456,"Клинические рекомендации ""Хроническая сердечная недостаточность""
Возрастная категория: Взрослые
# Лечение
## Консервативное лечение
### Профилактика фибрилляции предсердий у пациентов с хронической сердечной недостаточностью",0,0.48096206206713876
538,"Клинические рекомендации ""Хроническая сердечная недостаточность""
Возрастная категория: Взрослые
# Лечение
## Консервативное лечение
### Рекомендации по контролю ритма у пациентов с фибрилляцией предсердий, симптомной ХСН, систолической дисфункцией левого желудочка при отсутствии острой декомпенсации",0,0.6310664273911969
280,"Клинические рекомендации ""Хроническая сердечная недостаточность""
Возрастная категория: Взрослые
# Лечение
## Консервативное лечение
### Рекомендации по контролю ритма у пациентов с фибрилляцией предсердий, симптомной ХСН, систолической дисфункцией левого желудочка при отсутствии острой декомпенсации",0,0.11616262835126955
275,"Клинические рекомендации ""Хроническая сердечная недостаточность""
Возрастная категория: Взрослые
# Лечение
## Консервативное лечение
### Лечение пациентов с ХСН с умеренно сниженной и сохраненной ФВ ЛЖ",1,0.7277497092991999
3,"Клинические рекомендации ""Артериальная гипертензия у взрослых""
Возрастная категория: Взрослые
# Лечение
## Лечение артериальной гипертензии в отдельных клинических ситуациях",1,0.6841209849476794
95,"Клинические рекомендации ""Артериальная гипертензия у взрослых""
Возрастная категория: Взрослые
# Лечение
## Лечение артериальной гипертензии в отдельных клинических ситуациях",1,0.7733007675292917
363,"Клинические рекомендации ""Болезнь Крона""
Возрастная категория: Взрослые
# Лечение
## Консервативное лечение
### БК толстой кишки легкой и средней тяжести",1,0.9083159652323805
563,"Клинические рекомендации ""Хроническая сердечная недостаточность""
Возрастная категория: Взрослые
# Лечение
## Консервативное лечение
### Рекомендации по контролю ритма у пациентов с фибрилляцией предсердий, симптомной ХСН, систолической дисфункцией левого желудочка при отсутствии острой декомпенсации",1,0.5371188052067271
353,"Клинические рекомендации ""Хроническая сердечная недостаточность""
Возрастная категория: Взрослые
# Лечение
## Консервативное лечение
### Лечение пациентов с хронической сердечной недостаточностью и сочетанной патологией",1,0.6386144709703483
394,"Клинические рекомендации ""Болезнь Крона""
Возрастная категория: Взрослые
# Лечение
## Хирургическое лечение БК
### Хирургическое лечение БК с поражением верхних отделов ЖКТ",0,0.2870806114320083
118,"Клинические рекомендации ""Гастрит и дуоденит""
Возрастная категория: Взрослые
# Лечение
## Эндоскопическое лечение",1,0.26016161739649235
616,"Клинические рекомендации ""Болезнь Крона""
Возрастная категория: Взрослые
# Лечение
## Консервативное лечение
### БК илеоцекальной локализации средней тяжести",1,0.9167668356749259
455,"Клинические рекомендации ""Хроническая сердечная недостаточность""
Возрастная категория: Взрослые
# Лечение
## Консервативное лечение
### Особенности лечения пациентов с хронической сердечной недостаточностью и фибрилляцией предсердий",0,0.3145188201528417
73,"Клинические рекомендации ""Хроническая сердечная недостаточность""
Возрастная категория: Взрослые
# Лечение
## Консервативное лечение
### Особенности лечения пациентов с хронической сердечной недостаточностью и фибрилляцией предсердий",1,0.8543374872859957
113,"Клинические рекомендации ""Гастрит и дуоденит""
Возрастная категория: Взрослые
# Лечение
## Медикаментозное лечение
### Медикаментозная терапия при эрозивном гастрите и дуодените",0,0.5077424075558101
435,"Клинические рекомендации ""Хроническая сердечная недостаточность""
Возрастная категория: Взрослые
# Лечение
## Консервативное лечение
### Терапия, применение которой может быть опасно, и не рекомендовано для пациентов с хронической сердечной недостаточностью II-IV функционального класса и сниженной фракцией выброса левого желудочка",1,0.5708905711874683
595,"Клинические рекомендации ""Болезнь Крона""
Возрастная категория: Взрослые
# Лечение
## Консервативное лечение
### Легкая БК илеоцекальной локализации",1,0.7221624600792065
59,"Клинические рекомендации ""Хроническая сердечная недостаточность""
Возрастная категория: Взрослые
# Лечение
## Консервативное лечение
### Лечение пациентов с ХСН с умеренно сниженной и сохраненной ФВ ЛЖ",1,0.99130246293315
605,"Клинические рекомендации ""Хроническая сердечная недостаточность""
Возрастная категория: Взрослые
# Лечение
## Консервативное лечение
### Лечение пациентов с ХСН в особых группах",1,0.950558825700617
54,"Клинические рекомендации ""Хроническая сердечная недостаточность""
Возрастная категория: Взрослые
# Лечение
## Консервативное лечение
### Рекомендации по начальному лечению пациентов с хронической сердечной недостаточностью и фибрилляцией предсердий с высокой частотой желудочковых сокращений в острой или хронической ситуации",1,0.6788717898555169
116,"Клинические рекомендации ""Гастрит и дуоденит""
Возрастная категория: Взрослые
# Лечение
## Медикаментозное лечение
### Медикаментозная терапия при эрозивном гастрите и дуодените",1,0.31714095500557504
791,"Клинические рекомендации ""Хроническая сердечная недостаточность""
Возрастная категория: Взрослые
# Лечение
## Консервативное лечение
### Рекомендации по начальному лечению пациентов с хронической сердечной недостаточностью и фибрилляцией предсердий с высокой частотой желудочковых сокращений в острой или хронической ситуации",0,0.0989383055699124
505,"Клинические рекомендации ""Болезнь Крона""
Возрастная категория: Взрослые
# Лечение
## Консервативное лечение
### БК толстой кишки легкой и средней тяжести",1,0.8085128009092847
543,"Клинические рекомендации ""Болезнь Крона""
Возрастная категория: Взрослые
# Лечение
## Консервативное лечение
### БК илеоцекальной локализации средней тяжести",1,0.9139456848062172
48,"Клинические рекомендации ""Хроническая сердечная недостаточность""
Возрастная категория: Взрослые
# Лечение
## Консервативное лечение
### Лечение пациентов с ХСН с умеренно сниженной и сохраненной ФВ ЛЖ",1,0.987450999554083
686,"Клинические рекомендации ""Хроническая сердечная недостаточность""
Возрастная категория: Взрослые
# Лечение
## Консервативное лечение
### Рекомендации по начальному лечению пациентов с хронической сердечной недостаточностью и фибрилляцией предсердий с высокой частотой желудочковых сокращений в острой или хронической ситуации",0,0.2779666845004707
75,"Клинические рекомендации ""Хроническая сердечная недостаточность""
Возрастная категория: Взрослые
# Лечение
## Консервативное лечение
### Рекомендации по контролю ритма у пациентов с фибрилляцией предсердий, симптомной ХСН, систолической дисфункцией левого желудочка при отсутствии острой декомпенсации",1,0.792669928556671
369,"Клинические рекомендации ""Болезнь Крона""
Возрастная категория: Взрослые
# Лечение
## Хирургическое лечение БК
### Хирургическое лечение БК с поражением верхних отделов ЖКТ",1,0.37262984953922484
336,"Клинические рекомендации ""Болезнь Крона""
Возрастная категория: Взрослые
# Лечение
## Консервативное лечение
### БК толстой кишки легкой и средней тяжести",1,0.7524550762427766
516,"Клинические рекомендации ""Головная боль напряжения (ГБН)""
Возрастная категория: Взрослые
# Лечение
## Особенности лечения ГБН, сочетающейся с лекарственно-индуцированной головной болью (ЛИГБ)",0,0.4937037619978844
360,"Клинические рекомендации ""Хроническая сердечная недостаточность""
Возрастная категория: Взрослые
# Лечение
## Консервативное лечение
### Терапия, применение которой может быть опасно, и не рекомендовано для пациентов с хронической сердечной недостаточностью II-IV функционального класса и сниженной фракцией выброса левого желудочка",1,0.5265478970319222
446,"Клинические рекомендации ""Эндометриоз""
Возрастная категория: Взрослые и дети
# Лечение
## Эндометриоз в постменопаузе",0,0.04959994692495954
731,"Клинические рекомендации ""Амиодарон-индуцированная дисфункция щитовидной железы""
Возрастная категория: Взрослые
# Лечение
## Консервативное лечение амиодарон-индуцированного гипотиреоза",1,0.7112229750809674
160,"Клинические рекомендации ""Гастрит и дуоденит""
Возрастная категория: Взрослые
# Лечение
## Эндоскопическое лечение",1,0.6842311280296756
720,"Клинические рекомендации ""Болезнь Крона""
Возрастная категория: Взрослые
# Лечение
## Консервативное лечение
### БК толстой кишки легкой и средней тяжести",1,0.80474058048112
410,"Клинические рекомендации ""Хроническая сердечная недостаточность""
Возрастная категория: Взрослые
# Лечение
## Консервативное лечение
### Терапия, применение которой может быть опасно, и не рекомендовано для пациентов с хронической сердечной недостаточностью II-IV функционального класса и сниженной фракцией выброса левого желудочка",1,0.5106173591393832
163,"Клинические рекомендации ""Гастрит и дуоденит""
Возрастная категория: Взрослые
# Лечение
## Эндоскопическое лечение",1,0.7078164930416384
250,"Клинические рекомендации ""Хроническая сердечная недостаточность""
Возрастная категория: Взрослые
# Лечение
## Консервативное лечение
### Лечение пациентов с ХСН с умеренно сниженной и сохраненной ФВ ЛЖ",1,0.905967003480154
634,"Клинические рекомендации ""Хроническая сердечная недостаточность""
Возрастная категория: Взрослые
# Лечение
## Консервативное лечение
### Профилактика фибрилляции предсердий у пациентов с хронической сердечной недостаточностью",1,0.7871452988869417
347,"Клинические рекомендации ""Эндометриоз""
Возрастная категория: Взрослые и дети
# Лечение
## Эндометриоз и рак",0,0.04427109651178216
36,"Клинические рекомендации ""Хроническая сердечная недостаточность""
Возрастная категория: Взрослые
# Лечение
## Консервативное лечение
### Лечение пациентов с ХСН в особых группах",1,0.9814449687900838
439,"Клинические рекомендации ""Болезнь Крона""
Возрастная категория: Взрослые
# Лечение
## Консервативное лечение
### БК тонкой кишки (кроме терминального илеита)",0,0.14256861886208316
518,"Клинические рекомендации ""Болезнь Крона""
Возрастная категория: Взрослые
# Лечение
## Консервативное лечение
### БК толстой кишки легкой и средней тяжести",1,0.8292756657688449
380,"Клинические рекомендации ""Хроническая сердечная недостаточность""
Возрастная категория: Взрослые
# Лечение
## Консервативное лечение
### Особенности лечения пациентов с хронической сердечной недостаточностью и фибрилляцией предсердий",0,0.20283646196414276
127,"Клинические рекомендации ""Бронхиальная астма""
Возрастная категория: Взрослые и дети
# Лечение
## Особенности лечения БА у беременных и в период грудного вскармливания",1,0.198353068699302
200,"Клинические рекомендации ""Хроническая сердечная недостаточность""
Возрастная категория: Взрослые
# Лечение
## Консервативное лечение
### Терапия, не рекомендованная (не доказан положительный эффект) пациентам с симптомной сердечной недостаточностью и сниженной фракцией выброса левого желудочка",1,0.8842215070614884
589,"Клинические рекомендации ""Хроническая сердечная недостаточность""
Возрастная категория: Взрослые
# Лечение
## Консервативное лечение
### Терапия, не рекомендованная (не доказан положительный эффект) пациентам с симптомной сердечной недостаточностью и сниженной фракцией выброса левого желудочка",1,0.8266567803967205
704,"Клинические рекомендации ""Эндометриоз""
Возрастная категория: Взрослые и дети
# Лечение
## Эндометриоз у подростков (до 18 лет)",0,0.05255872707068175
465,"Клинические рекомендации ""Болезнь Крона""
Возрастная категория: Взрослые
# Лечение
## Консервативное лечение
### Легкая БК илеоцекальной локализации",0,0.7550060769810233
669,"Клинические рекомендации ""Болезнь Крона""
Возрастная категория: Взрослые
# Лечение
## Консервативное лечение
### Легкая БК илеоцекальной локализации",1,0.8049646861609743
453,"Клинические рекомендации ""Хроническая сердечная недостаточность""
Возрастная категория: Взрослые
# Лечение
## Консервативное лечение
### Лечение пациентов с хронической сердечной недостаточностью и сочетанной патологией",1,0.7579358969412134
620,"Клинические рекомендации ""Болезнь Крона""
Возрастная категория: Взрослые
# Лечение
## Консервативное лечение
### Тяжелое течение активной БК любой локализации",1,0.8448879329763996
94,"Клинические рекомендации ""Артериальная гипертензия у взрослых""
Возрастная категория: Взрослые
# Лечение
## Лечение артериальной гипертензии в отдельных клинических ситуациях",1,0.7982318655954187
205,"Клинические рекомендации ""Хроническая сердечная недостаточность""
Возрастная категория: Взрослые
# Лечение
## Консервативное лечение
### Лечение пациентов с хронической сердечной недостаточностью и сочетанной патологией",1,0.9327089542312226
330,"Клинические рекомендации ""Хроническая сердечная недостаточность""
Возрастная категория: Взрослые
# Лечение
## Консервативное лечение
### Рекомендации по контролю ритма у пациентов с фибрилляцией предсердий, симптомной ХСН, систолической дисфункцией левого желудочка при отсутствии острой декомпенсации",0,0.14022328308843532
535,"Клинические рекомендации ""Хроническая сердечная недостаточность""
Возрастная категория: Взрослые
# Лечение
## Консервативное лечение
### Особенности лечения пациентов с хронической сердечной недостаточностью и желудочковыми нарушениями ритма сердца",0,0.4890744220088912
4,"Клинические рекомендации ""Дегенеративные заболевания позвоночника""
Возрастная категория: Взрослые и дети
# Лечение
## Пункционные вмешательства
### Пункционные интервенционные процедуры в области дугоотростчатых (фасеточных) суставов поясничного отдела позвоночника",0,0.404609203559344
211,"Клинические рекомендации ""Хроническая сердечная недостаточность""
Возрастная категория: Взрослые
# Лечение
## Консервативное лечение
### Терапия, не рекомендованная (не доказан положительный эффект) пациентам с симптомной сердечной недостаточностью и сниженной фракцией выброса левого желудочка",1,0.9004798069758445
86,"Клинические рекомендации ""Артериальная гипертензия у взрослых""
Возрастная категория: Взрослые
# Лечение
## Лечение артериальной гипертензии в отдельных клинических ситуациях",0,0.39908201809286203
601,"Клинические рекомендации ""Эндометриоз""
Возрастная категория: Взрослые и дети
# Лечение
## Эндометриоз и рак",1,0.057801305595830535
787,"Клинические рекомендации ""Хроническая сердечная недостаточность""
Возрастная категория: Взрослые
# Лечение
## Консервативное лечение
### Особенности лечения пациентов с хронической сердечной недостаточностью и желудочковыми нарушениями ритма сердца",0,0.1320527897750025
148,"Клинические рекомендации ""Гастрит и дуоденит""
Возрастная категория: Взрослые
# Лечение
## Эндоскопическое лечение",0,0.3613086463792589
339,"Клинические рекомендации ""Болезнь Крона""
Возрастная категория: Взрослые
# Лечение
## Консервативное лечение
### Тяжелое течение активной БК любой локализации",1,0.7595299170949772
856,"Клинические рекомендации ""Амиодарон-индуцированная дисфункция щитовидной железы""
Возрастная категория: Взрослые
# Лечение
## Консервативное лечение амиодарон-индуцированного гипотиреоза",1,0.6986079366897933
386,"Клинические рекомендации ""Хроническая сердечная недостаточность""
Возрастная категория: Взрослые
# Лечение
## Консервативное лечение
### Терапия, рекомендованная пациентам с симптомной сердечной недостаточностью со сниженной фракцией выброса левого желудочка",1,0.6512048879754875
819,"Клинические рекомендации ""Хроническая сердечная недостаточность""
Возрастная категория: Взрослые
# Лечение
## Консервативное лечение
### Терапия, рекомендованная пациентам с симптомной сердечной недостаточностью со сниженной фракцией выброса левого желудочка",1,0.5907645501401426
782,"Клинические рекомендации ""Амиодарон-индуцированная дисфункция щитовидной железы""
Возрастная категория: Взрослые
# Лечение
## Консервативное лечение амиодарон-индуцированного гипотиреоза",1,0.65957485921561
825,"Клинические рекомендации ""Болезнь Крона""
Возрастная категория: Взрослые
# Лечение
## Хирургическое лечение БК
### Лечение БК с перианальными проявлениями (перианальная БК)",1,0.24637123294239677
194,"Клинические рекомендации ""Хроническая сердечная недостаточность""
Возрастная категория: Взрослые
# Лечение
## Консервативное лечение
### Лечение пациентов с хронической сердечной недостаточностью и сочетанной патологией",1,0.9312505713476641
69,"Клинические рекомендации ""Хроническая сердечная недостаточность""
Возрастная категория: Взрослые
# Лечение
## Консервативное лечение
### Лечение пациентов с ХСН в особых группах",1,0.981545754747914
415,"Клинические рекомендации ""Болезнь Крона""
Возрастная категория: Взрослые
# Лечение
## Консервативное лечение
### Легкая БК илеоцекальной локализации",1,0.7071240925760371
478,"Клинические рекомендации ""Хроническая сердечная недостаточность""
Возрастная категория: Взрослые
# Лечение
## Консервативное лечение
### Лечение пациентов с хронической сердечной недостаточностью и сочетанной патологией",1,0.9059084356756881
134,"Клинические рекомендации ""Гастрит и дуоденит""
Возрастная категория: Взрослые
# Лечение
## Медикаментозное лечение
### Медикаментозная терапия при эрозивном гастрите и дуодените",1,0.3532070926027365
462,"Клинические рекомендации ""Болезнь Крона""
Возрастная категория: Взрослые
# Лечение
## Консервативное лечение
### БК илеоцекальной локализации средней тяжести",1,0.8249616973211983
575,"Клинические рекомендации ""Болезнь Крона""
Возрастная категория: Взрослые
# Лечение
## Хирургическое лечение БК
### Хирургическое лечение БК с поражением верхних отделов ЖКТ",0,0.38757181748405356
438,"Клинические рекомендации ""Болезнь Крона""
Возрастная категория: Взрослые
# Лечение
## Консервативное лечение
### БК толстой кишки легкой и средней тяжести",1,0.7401636719114802
519,"Клинические рекомендации ""Болезнь Крона""
Возрастная категория: Взрослые
# Лечение
## Консервативное лечение
### БК тонкой кишки (кроме терминального илеита)",0,0.28672100428936986
140,"Клинические рекомендации ""Гастрит и дуоденит""
Возрастная категория: Взрослые
# Лечение
## Медикаментозное лечение
### Медикаментозная терапия при эрозивном гастрите и дуодените",1,0.5574445249374708
72,"Клинические рекомендации ""Хроническая сердечная недостаточность""
Возрастная категория: Взрослые
# Лечение
## Консервативное лечение
### Особенности лечения пациентов с хронической сердечной недостаточностью и желудочковыми нарушениями ритма сердца",1,0.8137262901317038
651,"Клинические рекомендации ""Эндометриоз""
Возрастная категория: Взрослые и дети
# Лечение
## Эндометриоз и рак",1,0.045744327014680314
459,"Клинические рекомендации ""Хроническая сердечная недостаточность""
Возрастная категория: Взрослые
# Лечение
## Консервативное лечение
### Терапия, не рекомендованная (не доказан положительный эффект) пациентам с симптомной сердечной недостаточностью и сниженной фракцией выброса левого желудочка",1,0.6079831698649181
851,"Клинические рекомендации ""Болезнь Крона""
Возрастная категория: Взрослые
# Лечение
## Хирургическое лечение БК
### Хирургическое лечение БК в форме терминального илеита или илеоколита",1,0.4738467369724057
432,"Клинические рекомендации ""Хроническая сердечная недостаточность""
Возрастная категория: Взрослые
# Лечение
## Консервативное лечение
### Рекомендации по контролю ритма у пациентов с фибрилляцией предсердий, симптомной ХСН, систолической дисфункцией левого желудочка при отсутствии острой декомпенсации",0,0.16218793961550654
262,"Клинические рекомендации ""Болезнь Крона""
Возрастная категория: Взрослые
# Лечение
## Консервативное лечение
### БК тонкой кишки (кроме терминального илеита)",0,0.39125780482965417
814,"Клинические рекомендации ""Хроническая сердечная недостаточность""
Возрастная категория: Взрослые
# Лечение
## Консервативное лечение
### Профилактика фибрилляции предсердий у пациентов с хронической сердечной недостаточностью",0,0.2737689618683432
499,"Клинические рекомендации ""Хроническая сердечная недостаточность""
Возрастная категория: Взрослые
# Лечение
## Консервативное лечение
### Рекомендации по контролю ритма у пациентов с фибрилляцией предсердий, симптомной ХСН, систолической дисфункцией левого желудочка при отсутствии острой декомпенсации",1,0.47050367432117407
332,"Клинические рекомендации ""Хроническая сердечная недостаточность""
Возрастная категория: Взрослые
# Лечение
## Консервативное лечение
### Терапия, не рекомендованная (не доказан положительный эффект) пациентам с симптомной сердечной недостаточностью и сниженной фракцией выброса левого желудочка",0,0.6313280582050479
541,"Клинические рекомендации ""Хроническая сердечная недостаточность""
Возрастная категория: Взрослые
# Лечение
## Консервативное лечение
### Терапия, применение которой может быть опасно, и не рекомендовано для пациентов с хронической сердечной недостаточностью II-IV функционального класса и сниженной фракцией выброса левого желудочка",1,0.8975881838771733
521,"Клинические рекомендации ""Болезнь Крона""
Возрастная категория: Взрослые
# Лечение
## Консервативное лечение
### Тяжелое течение активной БК любой локализации",1,0.8148333374700965
417,"Клинические рекомендации ""Болезнь Крона""
Возрастная категория: Взрослые
# Лечение
## Хирургическое лечение БК
### Лечение БК с перианальными проявлениями (перианальная БК)",0,0.19987753220958415
497,"Клинические рекомендации ""Хроническая сердечная недостаточность""
Возрастная категория: Взрослые
# Лечение
## Консервативное лечение
### Особенности лечения пациентов с хронической сердечной недостаточностью и фибрилляцией предсердий",1,0.5421755085528337
202,"Клинические рекомендации ""Хроническая сердечная недостаточность""
Возрастная категория: Взрослые
# Лечение
## Консервативное лечение
### Терапия, рекомендованная пациентам с симптомной сердечной недостаточностью со сниженной фракцией выброса левого желудочка",1,0.9400615028020968
283,"Клинические рекомендации ""Хроническая сердечная недостаточность""
Возрастная категория: Взрослые
# Лечение
## Консервативное лечение
### Терапия, применение которой может быть опасно, и не рекомендовано для пациентов с хронической сердечной недостаточностью II-IV функционального класса и сниженной фракцией выброса левого желудочка",0,0.480083578732023
813,"Клинические рекомендации ""Хроническая сердечная недостаточность""
Возрастная категория: Взрослые
# Лечение
## Консервативное лечение
### Особенности лечения пациентов с хронической сердечной недостаточностью и фибрилляцией предсердий",0,0.174070819747002
545,"Клинические рекомендации ""Болезнь Крона""
Возрастная категория: Взрослые
# Лечение
## Консервативное лечение
### БК тонкой кишки (кроме терминального илеита)",1,0.26903478630043903
301,"Клинические рекомендации ""Хроническая сердечная недостаточность""
Возрастная категория: Взрослые
# Лечение
## Консервативное лечение
### Лечение пациентов с хронической сердечной недостаточностью и сочетанной патологией",0,0.6386144709703483
828,"Клинические рекомендации ""Мочекаменная болезнь""
Возрастная категория: Взрослые
# Лечение
## Лечение мочекаменной болезни в особых группах пациентов",0,0.7704347289284548
592,"Клинические рекомендации ""Болезнь Крона""
Возрастная категория: Взрослые
# Лечение
## Консервативное лечение
### БК илеоцекальной локализации средней тяжести",1,0.8032581522906382
85,"Клинические рекомендации ""Бронхиальная астма""
Возрастная категория: Взрослые и дети
# Лечение
## Особенности лечения БА у беременных и в период грудного вскармливания",0,0.2438145398965828
293,"Клинические рекомендации ""Мочекаменная болезнь""
Возрастная категория: Взрослые
# Лечение
## Лечение мочекаменной болезни в особых группах пациентов",1,0.7582970160835267
362,"Клинические рекомендации ""Болезнь Крона""
Возрастная категория: Взрослые
# Лечение
## Консервативное лечение
### БК илеоцекальной локализации средней тяжести",1,0.9391961421681819
166,"Клинические рекомендации ""Гастрит и дуоденит""
Возрастная категория: Взрослые
# Лечение
## Эндоскопическое лечение",1,0.7080461479181163
271,"Клинические рекомендации ""Мочекаменная болезнь""
Возрастная категория: Взрослые
# Лечение
## Лечение мочекаменной болезни в особых группах пациентов",1,0.7891383568162819
0,"Клинические рекомендации ""Гастрит и дуоденит""
Возрастная категория: Взрослые
# Лечение
## Медикаментозное лечение
### Медикаментозная терапия при эрозивном гастрите и дуодените",0,0.7342187331206912
391,"Клинические рекомендации ""Болезнь Крона""
Возрастная категория: Взрослые
# Лечение
## Консервативное лечение
### Тяжелое течение активной БК любой локализации",1,0.846768186016164
10,"Клинические рекомендации ""Дегенеративные заболевания позвоночника""
Возрастная категория: Взрослые и дети
# Лечение
## Пункционные вмешательства
### Пункционные интервенционные процедуры в области дугоотростчатых (фасеточных) суставов шейного отдела позвоночника",0,0.3111055347278986
587,"Клинические рекомендации ""Хроническая сердечная недостаточность""
Возрастная категория: Взрослые
# Лечение
## Консервативное лечение
### Рекомендации по контролю ритма у пациентов с фибрилляцией предсердий, симптомной ХСН, систолической дисфункцией левого желудочка при отсутствии острой декомпенсации",1,0.6310664273911969
594,"Клинические рекомендации ""Болезнь Крона""
Возрастная категория: Взрослые
# Лечение
## Консервативное лечение
### БК тонкой кишки (кроме терминального илеита)",0,0.2000193326425118
621,"Клинические рекомендации ""Болезнь Крона""
Возрастная категория: Взрослые
# Лечение
## Хирургическое лечение БК
### Лечение БК с перианальными проявлениями (перианальная БК)",1,0.3814550140708546
144,"Клинические рекомендации ""Гастрит и дуоденит""
Возрастная категория: Взрослые
# Лечение
## Медикаментозное лечение
### Эрадикационная терапия инфекции H. рylori",1,0.3166020649880346
189,"Клинические рекомендации ""Хроническая сердечная недостаточность""
Возрастная категория: Взрослые
# Лечение
## Консервативное лечение
### Терапия, не рекомендованная (не доказан положительный эффект) пациентам с симптомной сердечной недостаточностью и сниженной фракцией выброса левого желудочка",1,0.8853721944400181
501,"Клинические рекомендации ""Хроническая сердечная недостаточность""
Возрастная категория: Взрослые
# Лечение
## Консервативное лечение
### Терапия, не рекомендованная (не доказан положительный эффект) пациентам с симптомной сердечной недостаточностью и сниженной фракцией выброса левого желудочка",1,0.9060782145443617
817,"Клинические рекомендации ""Хроническая сердечная недостаточность""
Возрастная категория: Взрослые
# Лечение
## Консервативное лечение
### Терапия, не рекомендованная (не доказан положительный эффект) пациентам с симптомной сердечной недостаточностью и сниженной фракцией выброса левого желудочка",0,0.5234691557485066
317,"Клинические рекомендации ""Болезнь Крона""
Возрастная категория: Взрослые
# Лечение
## Хирургическое лечение БК
### Хирургическое лечение БК с поражением верхних отделов ЖКТ",0,0.23754576363457613
312,"Клинические рекомендации ""Болезнь Крона""
Возрастная категория: Взрослые
# Лечение
## Консервативное лечение
### БК тонкой кишки (кроме терминального илеита)",0,0.20278662947188772
259,"Клинические рекомендации ""Хроническая сердечная недостаточность""
Возрастная категория: Взрослые
# Лечение
## Консервативное лечение
### Терапия, рекомендованная пациентам с симптомной сердечной недостаточностью со сниженной фракцией выброса левого желудочка",1,0.8986459114198639
436,"Клинические рекомендации ""Хроническая сердечная недостаточность""
Возрастная категория: Взрослые
# Лечение
## Консервативное лечение
### Терапия, рекомендованная пациентам с симптомной сердечной недостаточностью со сниженной фракцией выброса левого желудочка",1,0.649029891086725
80,"Клинические рекомендации ""Бронхиальная астма""
Возрастная категория: Взрослые и дети
# Лечение
## Особенности лечения БА у беременных и в период грудного вскармливания",0,0.13490207765100584
758,"Клинические рекомендации ""Головная боль напряжения (ГБН)""
Возрастная категория: Взрослые
# Лечение
## Особенности лечения ГБН, сочетающейся с лекарственно-индуцированной головной болью (ЛИГБ)",0,0.3271113177162091
387,"Клинические рекомендации ""Болезнь Крона""
Возрастная категория: Взрослые
# Лечение
## Консервативное лечение
### БК илеоцекальной локализации средней тяжести",1,0.8348333600567986
697,"Клинические рекомендации ""Болезнь Крона""
Возрастная категория: Взрослые
# Лечение
## Хирургическое лечение БК
### Хирургическое лечение БК с поражением верхних отделов ЖКТ",0,0.211209845783019
619,"Клинические рекомендации ""Болезнь Крона""
Возрастная категория: Взрослые
# Лечение
## Консервативное лечение
### Легкая БК илеоцекальной локализации",0,0.8992829568322015
25,"Клинические рекомендации ""Хроническая сердечная недостаточность""
Возрастная категория: Взрослые
# Лечение
## Консервативное лечение
### Лечение пациентов с ХСН в особых группах",1,0.9894036675025409
220,"Клинические рекомендации ""Хроническая сердечная недостаточность""
Возрастная категория: Взрослые
# Лечение
## Консервативное лечение
### Рекомендации по контролю ритма у пациентов с фибрилляцией предсердий, симптомной ХСН, систолической дисфункцией левого желудочка при отсутствии острой декомпенсации",1,0.5668773085436947
608,"Клинические рекомендации ""Хроническая сердечная недостаточность""
Возрастная категория: Взрослые
# Лечение
## Консервативное лечение
### Особенности лечения пациентов с хронической сердечной недостаточностью и желудочковыми нарушениями ритма сердца",0,0.5977631094500697
809,"Клинические рекомендации ""Хроническая сердечная недостаточность""
Возрастная категория: Взрослые
# Лечение
## Консервативное лечение
### Лечение пациентов с ХСН в особых группах",1,0.6890745187038312
390,"Клинические рекомендации ""Болезнь Крона""
Возрастная категория: Взрослые
# Лечение
## Консервативное лечение
### Легкая БК илеоцекальной локализации",1,0.7163450626604343
273,"Клинические рекомендации ""Головная боль напряжения (ГБН)""
Возрастная категория: Взрослые
# Лечение
## Особенности лечения ГБН, сочетающейся с лекарственно-индуцированной головной болью (ЛИГБ)",1,0.3332881026075156
441,"Клинические рекомендации ""Болезнь Крона""
Возрастная категория: Взрослые
# Лечение
## Консервативное лечение
### Тяжелое течение активной БК любой локализации",1,0.7685386412371303
512,"Клинические рекомендации ""Мочекаменная болезнь""
Возрастная категория: Взрослые
# Лечение
## Лечение мочекаменной болезни в особых группах пациентов",1,0.7553371968657451
536,"Клинические рекомендации ""Хроническая сердечная недостаточность""
Возрастная категория: Взрослые
# Лечение
## Консервативное лечение
### Особенности лечения пациентов с хронической сердечной недостаточностью и фибрилляцией предсердий",1,0.6672465791148202
667,"Клинические рекомендации ""Болезнь Крона""
Возрастная категория: Взрослые
# Лечение
## Консервативное лечение
### БК толстой кишки легкой и средней тяжести",1,0.8335366613467878
41,"Клинические рекомендации ""Хроническая сердечная недостаточность""
Возрастная категория: Взрослые
# Лечение
## Консервативное лечение
### Профилактика фибрилляции предсердий у пациентов с хронической сердечной недостаточностью",1,0.9142314004864865
79,"Клинические рекомендации ""Хроническая сердечная недостаточность""
Возрастная категория: Взрослые
# Лечение
## Консервативное лечение
### Терапия, рекомендованная пациентам с симптомной сердечной недостаточностью со сниженной фракцией выброса левого желудочка",1,0.9783144206029751
742,"Клинические рекомендации ""Хроническая сердечная недостаточность""
Возрастная категория: Взрослые
# Лечение
## Консервативное лечение
### Терапия, не рекомендованная (не доказан положительный эффект) пациентам с симптомной сердечной недостаточностью и сниженной фракцией выброса левого желудочка",1,0.8983247113285253
37,"Клинические рекомендации ""Хроническая сердечная недостаточность""
Возрастная категория: Взрослые
# Лечение
## Консервативное лечение
### Лечение пациентов с ХСН с умеренно сниженной и сохраненной ФВ ЛЖ",1,0.9914921889280667
846,"Клинические рекомендации ""Болезнь Крона""
Возрастная категория: Взрослые
# Лечение
## Консервативное лечение
### БК толстой кишки легкой и средней тяжести",1,0.8882173675201965
618,"Клинические рекомендации ""Болезнь Крона""
Возрастная категория: Взрослые
# Лечение
## Консервативное лечение
### БК тонкой кишки (кроме терминального илеита)",1,0.42447834246738697
197,"Клинические рекомендации ""Хроническая сердечная недостаточность""
Возрастная категория: Взрослые
# Лечение
## Консервативное лечение
### Профилактика фибрилляции предсердий у пациентов с хронической сердечной недостаточностью",1,0.8615050695837785
71,"Клинические рекомендации ""Хроническая сердечная недостаточность""
Возрастная категория: Взрослые
# Лечение
## Консервативное лечение
### Лечение пациентов с хронической сердечной недостаточностью и сочетанной патологией",1,0.977101385341666
424,"Клинические рекомендации ""Амиодарон-индуцированная дисфункция щитовидной железы""
Возрастная категория: Взрослые
# Лечение
## Консервативное лечение амиодарон-индуцированного гипотиреоза",1,0.5599713635984028
178,"Клинические рекомендации ""Хроническая сердечная недостаточность""
Возрастная категория: Взрослые
# Лечение
## Консервативное лечение
### Терапия, не рекомендованная (не доказан положительный эффект) пациентам с симптомной сердечной недостаточностью и сниженной фракцией выброса левого желудочка",1,0.8848449788909504
649,"Клинические рекомендации ""Желчнокаменная болезнь""
Возрастная категория: Взрослые
# Лечение
## Хирургическое лечение
### Холедохолитиаз/холангиолитиаз",1,0.6006060744120911
6,"Клинические рекомендации ""Артериальная гипертензия у взрослых""
Возрастная категория: Взрослые
# Лечение
## Лечение артериальной гипертензии в отдельных клинических ситуациях",1,0.7711988873875356
537,"Клинические рекомендации ""Хроническая сердечная недостаточность""
Возрастная категория: Взрослые
# Лечение
## Консервативное лечение
### Профилактика фибрилляции предсердий у пациентов с хронической сердечной недостаточностью",1,0.7352048998072374
375,"Клинические рекомендации ""Головная боль напряжения (ГБН)""
Возрастная категория: Взрослые
# Лечение
## Особенности лечения ГБН, сочетающейся с лекарственно-индуцированной головной болью (ЛИГБ)",1,0.4432354102324602
549,"Клинические рекомендации ""Болезнь Крона""
Возрастная категория: Взрослые
# Лечение
## Хирургическое лечение БК
### Хирургическое лечение БК в форме терминального илеита или илеоколита",1,0.6077987129957888
167,"Клинические рекомендации ""Гастрит и дуоденит""
Возрастная категория: Взрослые
# Лечение
## Медикаментозное лечение
### Медикаментозная терапия при эрозивном гастрите и дуодените",1,0.8340792291340934
671,"Клинические рекомендации ""Болезнь Крона""
Возрастная категория: Взрослые
# Лечение
## Хирургическое лечение БК
### Лечение БК с перианальными проявлениями (перианальная БК)",0,0.4667278267058736
196,"Клинические рекомендации ""Хроническая сердечная недостаточность""
Возрастная категория: Взрослые
# Лечение
## Консервативное лечение
### Особенности лечения пациентов с хронической сердечной недостаточностью и фибрилляцией предсердий",1,0.6186775777697004
55,"Клинические рекомендации ""Хроническая сердечная недостаточность""
Возрастная категория: Взрослые
# Лечение
## Консервативное лечение
### Терапия, не рекомендованная (не доказан положительный эффект) пациентам с симптомной сердечной недостаточностью и сниженной фракцией выброса левого желудочка",1,0.9620307652282851
781,"Клинические рекомендации ""Эндометриоз""
Возрастная категория: Взрослые и дети
# Лечение
## Эндометриоз у подростков (до 18 лет)",0,0.048794918943759986
139,"Клинические рекомендации ""Гастрит и дуоденит""
Возрастная категория: Взрослые
# Лечение
## Эндоскопическое лечение",0,0.3270861168262639
474,"Клинические рекомендации ""Амиодарон-индуцированная дисфункция щитовидной железы""
Возрастная категория: Взрослые
# Лечение
## Консервативное лечение амиодарон-индуцированного гипотиреоза",0,0.615108668406993
475,"Клинические рекомендации ""Головная боль напряжения (ГБН)""
Возрастная категория: Взрослые
# Лечение
## Особенности лечения ГБН, сочетающейся с лекарственно-индуцированной головной болью (ЛИГБ)",0,0.38167114936400304
155,"Клинические рекомендации ""Гастрит и дуоденит""
Возрастная категория: Взрослые
# Лечение
## Медикаментозное лечение
### Медикаментозная терапия при эрозивном гастрите и дуодените",0,0.9004362791451883
303,"Клинические рекомендации ""Хроническая сердечная недостаточность""
Возрастная категория: Взрослые
# Лечение
## Консервативное лечение
### Особенности лечения пациентов с хронической сердечной недостаточностью и фибрилляцией предсердий",0,0.20283646196414276
289,"Клинические рекомендации ""Болезнь Крона""
Возрастная категория: Взрослые
# Лечение
## Консервативное лечение
### Тяжелое течение активной БК любой локализации",1,0.8316442581341086
502,"Клинические рекомендации ""Хроническая сердечная недостаточность""
Возрастная категория: Взрослые
# Лечение
## Консервативное лечение
### Терапия, применение которой может быть опасно, и не рекомендовано для пациентов с хронической сердечной недостаточностью II-IV функционального класса и сниженной фракцией выброса левого желудочка",1,0.8640441840624656
384,"Клинические рекомендации ""Хроническая сердечная недостаточность""
Возрастная категория: Взрослые
# Лечение
## Консервативное лечение
### Терапия, не рекомендованная (не доказан положительный эффект) пациентам с симптомной сердечной недостаточностью и сниженной фракцией выброса левого желудочка",0,0.5503897433797666
772,"Клинические рекомендации ""Болезнь Крона""
Возрастная категория: Взрослые
# Лечение
## Консервативное лечение
### БК тонкой кишки (кроме терминального илеита)",0,0.3058088838582769
585,"Клинические рекомендации ""Хроническая сердечная недостаточность""
Возрастная категория: Взрослые
# Лечение
## Консервативное лечение
### Особенности лечения пациентов с хронической сердечной недостаточностью и фибрилляцией предсердий",1,0.5421755085528337
712,"Клинические рекомендации ""Хроническая сердечная недостаточность""
Возрастная категория: Взрослые
# Лечение
## Консервативное лечение
### Особенности лечения пациентов с хронической сердечной недостаточностью и фибрилляцией предсердий",0,0.6261759900216092
843,"Клинические рекомендации ""Хроническая сердечная недостаточность""
Возрастная категория: Взрослые
# Лечение
## Консервативное лечение
### Терапия, применение которой может быть опасно, и не рекомендовано для пациентов с хронической сердечной недостаточностью II-IV функционального класса и сниженной фракцией выброса левого желудочка",1,0.6479234799399325
661,"Клинические рекомендации ""Хроническая сердечная недостаточность""
Возрастная категория: Взрослые
# Лечение
## Консервативное лечение
### Рекомендации по контролю ритма у пациентов с фибрилляцией предсердий, симптомной ХСН, систолической дисфункцией левого желудочка при отсутствии острой декомпенсации",0,0.22084868160869356
374,"Клинические рекомендации ""Амиодарон-индуцированная дисфункция щитовидной железы""
Возрастная категория: Взрослые
# Лечение
## Консервативное лечение амиодарон-индуцированного гипотиреоза",1,0.7486605246181982
442,"Клинические рекомендации ""Болезнь Крона""
Возрастная категория: Взрослые
# Лечение
## Хирургическое лечение БК
### Лечение БК с перианальными проявлениями (перианальная БК)",0,0.23026006948619673
612,"Клинические рекомендации ""Хроническая сердечная недостаточность""
Возрастная категория: Взрослые
# Лечение
## Консервативное лечение
### Рекомендации по начальному лечению пациентов с хронической сердечной недостаточностью и фибрилляцией предсердий с высокой частотой желудочковых сокращений в острой или хронической ситуации",0,0.4811336309946195
147,"Клинические рекомендации ""Гастрит и дуоденит""
Возрастная категория: Взрослые
# Лечение
## Медикаментозное лечение
### Эрадикационная терапия инфекции H. рylori",1,0.48927489760252085
837,"Клинические рекомендации ""Хроническая сердечная недостаточность""
Возрастная категория: Взрослые
# Лечение
## Консервативное лечение
### Особенности лечения пациентов с хронической сердечной недостаточностью и желудочковыми нарушениями ритма сердца",0,0.3905345193644128
764,"Клинические рекомендации ""Хроническая сердечная недостаточность""
Возрастная категория: Взрослые
# Лечение
## Консервативное лечение
### Профилактика фибрилляции предсердий у пациентов с хронической сердечной недостаточностью",0,0.30618264516515425
681,"Клинические рекомендации ""Хроническая сердечная недостаточность""
Возрастная категория: Взрослые
# Лечение
## Консервативное лечение
### Лечение пациентов с хронической сердечной недостаточностью и сочетанной патологией",1,0.7959030123535596
288,"Клинические рекомендации ""Болезнь Крона""
Возрастная категория: Взрослые
# Лечение
## Консервативное лечение
### Легкая БК илеоцекальной локализации",1,0.8700124298339041
404,"Клинические рекомендации ""Хроническая сердечная недостаточность""
Возрастная категория: Взрослые
# Лечение
## Консервативное лечение
### Особенности лечения пациентов с хронической сердечной недостаточностью и желудочковыми нарушениями ритма сердца",0,0.16832167300645318
788,"Клинические рекомендации ""Хроническая сердечная недостаточность""
Возрастная категория: Взрослые
# Лечение
## Консервативное лечение
### Особенности лечения пациентов с хронической сердечной недостаточностью и фибрилляцией предсердий",0,0.18588708024170159
13,"Клинические рекомендации ""Доброкачественная дисплазия молочной железы""
Возрастная категория: Взрослые и дети
# Лечение
## Применение средств МГТ при ДДМЖ",1,0.30206444297408624
27,"Клинические рекомендации ""Хроническая сердечная недостаточность""
Возрастная категория: Взрослые
# Лечение
## Консервативное лечение
### Лечение пациентов с хронической сердечной недостаточностью и сочетанной патологией",1,0.9683881538384207
520,"Клинические рекомендации ""Болезнь Крона""
Возрастная категория: Взрослые
# Лечение
## Консервативное лечение
### Легкая БК илеоцекальной локализации",1,0.7232282102434562
640,"Клинические рекомендации ""Болезнь Крона""
Возрастная категория: Взрослые
# Лечение
## Консервативное лечение
### БК илеоцекальной локализации средней тяжести",1,0.8692750690166224
29,"Клинические рекомендации ""Хроническая сердечная недостаточность""
Возрастная категория: Взрослые
# Лечение
## Консервативное лечение
### Особенности лечения пациентов с хронической сердечной недостаточностью и фибрилляцией предсердий",1,0.8481774248186674
319,"Клинические рекомендации ""Эндометриоз""
Возрастная категория: Взрослые и дети
# Лечение
## Эндометриоз в постменопаузе",0,0.06048732400416838
151,"Клинические рекомендации ""Гастрит и дуоденит""
Возрастная категория: Взрослые
# Лечение
## Эндоскопическое лечение",0,0.3912416570775567
272,"Клинические рекомендации ""Амиодарон-индуцированная дисфункция щитовидной железы""
Возрастная категория: Взрослые
# Лечение
## Консервативное лечение амиодарон-индуцированного гипотиреоза",1,0.6492465718228367
64,"Клинические рекомендации ""Хроническая сердечная недостаточность""
Возрастная категория: Взрослые
# Лечение
## Консервативное лечение
### Рекомендации по контролю ритма у пациентов с фибрилляцией предсердий, симптомной ХСН, систолической дисфункцией левого желудочка при отсутствии острой декомпенсации",1,0.7351719146451458
770,"Клинические рекомендации ""Болезнь Крона""
Возрастная категория: Взрослые
# Лечение
## Консервативное лечение
### БК илеоцекальной локализации средней тяжести",1,0.9004641174432421
638,"Клинические рекомендации ""Хроническая сердечная недостаточность""
Возрастная категория: Взрослые
# Лечение
## Консервативное лечение
### Терапия, применение которой может быть опасно, и не рекомендовано для пациентов с хронической сердечной недостаточностью II-IV функционального класса и сниженной фракцией выброса левого желудочка",1,0.8975881838771733
725,"Клинические рекомендации ""Болезнь Крона""
Возрастная категория: Взрослые
# Лечение
## Хирургическое лечение БК
### Хирургическое лечение БК в форме терминального илеита или илеоколита",1,0.5528550033578344
775,"Клинические рекомендации ""Болезнь Крона""
Возрастная категория: Взрослые
# Лечение
## Хирургическое лечение БК
### Лечение БК с перианальными проявлениями (перианальная БК)",0,0.4354443162219615
