id,title_text,label
245,"Клинические рекомендации ""Менопауза и климактерическое состояние у женщины""
Возрастная категория: Взрослые
# Лечение
## Негормональное лечение",0
1987,"Клинические рекомендации ""Рак ротоглотки""
Возрастная категория: Взрослые
# Лечение
## Иное лечение",0
509,"Клинические рекомендации ""Брюшной тиф (инфекция, вызванная Salmonella Typhi) у взрослых""
Возрастная категория: Взрослые
# Лечение
## Тактика ведения больных при остром и хроническом носительстве S. Typhi",1
1921,"Клинические рекомендации ""Врожденная глаукома""
Возрастная категория: Дети
# Лечение
## Медикаментозное гипотензивное лечение~~ ~~",0
1112,"Клинические рекомендации ""Искусственный аборт (медицинский аборт)""
Возрастная категория: Взрослые и дети
# Лечение
## Хирургические методы лечения",0
738,"Клинические рекомендации ""Бронхиальная астма""
Возрастная категория: Взрослые и дети
# Лечение
## Хирургическое лечение",0
1288,"Клинические рекомендации ""Варикозное расширение вен нижних конечностей""
Возрастная категория: Взрослые
# Лечение
## Фармакотерапия
### Применение флеботропных лекарственных средств у беременных женщин и при лактации",1
1110,"Клинические рекомендации ""Вторичное злокачественное новообразование головного мозга и мозговых оболочек""
Возрастная категория: Взрослые
# Лечение
## Противосудорожная терапия",0
1798,"Клинические рекомендации ""Артериальная гипертензия у взрослых""
Возрастная категория: Взрослые
# Лечение
## Аппаратное лечение артериальной гипертензии",0
824,"Клинические рекомендации ""Прогрессирующая мышечная дистрофия Дюшенна. Прогрессирующая мышечная дистрофия Беккера""
Возрастная категория: Дети
# Лечение
## Медикаментозная терапия. Симптоматическое лечение",0
708,"Клинические рекомендации ""Кистозный фиброз (муковисцидоз)""
Возрастная категория: Взрослые и дети
# Лечение
## Диетотерапия и витаминотерапия
### Общие принципы диетотерапии у пациентов с МВ",0
1525,"Клинические рекомендации ""Мукополисахаридоз тип VI""
Возрастная категория: 
# Лечение
## Хирургическое лечение",0
2124,"Клинические рекомендации ""Перерыв дуги аорты. Двойная дуга аорты""
Возрастная категория: Дети
# Лечение
## Иное лечение",0
61,"Клинические рекомендации ""Психические и поведенческие расстройства, вызванные употреблением психоактивных веществ. Пагубное (с вредными последствиями) употребление""
Возрастная категория: Взрослые
# Лечение
## Немедикаментозная терапия
### Психодиагностическое обследование",0
1717,"Клинические рекомендации ""Резус-изоиммунизация. Гемолитическая болезнь плода""
Возрастная категория: Взрослые и дети
# Лечение
## Медикаментозные методы лечения",0
479,"Клинические рекомендации ""Свищ заднего прохода и прямой кишки""
Возрастная категория: Взрослые
# Лечение
## Лечение интрасфинктерных и транссфинктерных свищей, захватывающих менее 30% наружного сфинктера",1
1136,"Клинические рекомендации ""Аллергический ринит""
Возрастная категория: Взрослые и дети
# Лечение
## Медикаментозная терапия",0
1825,"Клинические рекомендации ""Острые и хронические тиреоидиты (исключая аутоиммунный и  амиодарон-индуцированный тиреоидит)""
Возрастная категория: Взрослые
# Лечение
## Подострый тиреоидит",1
667,"Клинические рекомендации ""Острый гепатит В (ОГВ) у детей""
Возрастная категория: Дети
# Лечение
## Консервативное лечение",0
653,"Клинические рекомендации ""Язвенный колит""
Возрастная категория: Взрослые
# Лечение
## Хирургическое лечение
### Особенности хирургического вмешательства при формировании тонкокишечного резервуара",1
923,"Клинические рекомендации ""Делирий, не обусловленный алкоголем и другими психоактивными веществами, у лиц пожилого и старческого возраста""
Возрастная категория: Взрослые
# Лечение",0
469,"Клинические рекомендации ""Недостаточность анального сфинктера""
Возрастная категория: Взрослые
# Лечение
## Консервативное лечение",0
2203,"Клинические рекомендации ""Брадиаритмии и нарушения проводимости""
Возрастная категория: 
# Лечение
## Постоянная электрокардиостимуляция",0
1565,"Клинические рекомендации ""Тиреоидиты у детей""
Возрастная категория: Дети
# Лечение
## Хронический фиброзный тиреоидит Риделя",1
1426,"Клинические рекомендации ""Послеродовые инфекционные осложнения""
Возрастная категория: Взрослые и дети
# Лечение
## Лечение сепсиса, септического шока
### Трансфузионная терапия",0
1209,"Клинические рекомендации ""Внутрипеченочный холестаз при беременности""
Возрастная категория: Взрослые и дети
# Лечение
## Иное лечение",0
1231,"Клинические рекомендации ""Нарушения митохондриального β-окисления жирных кислот""
Возрастная категория: Взрослые и дети
# Лечение
## Рекомендации по терапии отдельных форм FAOD
### Рекомендации по лечению дефицита карнитин-ацилкарнитин транслоказы",1
1534,"Клинические рекомендации ""Прочие первичные грыжи брюшной стенки""
Возрастная категория: Взрослые
# Лечение
## Профилактика тромбоэмболических осложнений",0
694,"Клинические рекомендации ""Рак молочной железы""
Возрастная категория: Взрослые
# Лечение
## Первично операбельный рак молочной железы (0, I, IIA, IIB, IIIA стадии)
### Стадии IIА (Т1N1М0), IIВ (Т2N1М0, Т3N0М0), IIIA (Т3N1М0) (локальная терапия)",1
429,"Клинические рекомендации ""Гломерулярные болезни:  иммуноглобулин А-нефропатия""
Возрастная категория: Взрослые и дети
# Лечение
## Общие подходы к лечению IgAN у взрослых",1
230,"Клинические рекомендации ""Вывих надколенника""
Возрастная категория: Взрослые и дети
# Лечение
## Оперативное лечение",0
489,"Клинические рекомендации ""Нормальные роды (роды одноплодные, самопроизвольное родоразрешение в затылочном предлежании)""
Возрастная категория: Взрослые и дети
# Лечение
## Ведение второго периода родов",0
1439,"Клинические рекомендации ""Острые порфирии""
Возрастная категория: Взрослые и дети
# Лечение
## Исключение действия порфириногенных факторов",0
465,"Клинические рекомендации ""Менингококковая инфекция у детей""
Возрастная категория: Дети
# Лечение
## Иное лечение",0
244,"Клинические рекомендации ""Злокачественные новообразования костей и суставных хрящей: остеосаркома, саркома Юинга""
Возрастная категория: Дети
# Лечение
## Нутритивная поддержка",0
243,"Клинические рекомендации ""Рак предстательной железы""
Возрастная категория: Взрослые
# Лечение
## Сопроводительная терапия у пациентов с раком предстательной железы",0
2085,"Клинические рекомендации ""Рассеянный склероз""
Возрастная категория: Взрослые и дети
# Лечение
## Терапия обострений РС",0
847,"Клинические рекомендации ""Прогрессирующая мышечная дистрофия Дюшенна. Прогрессирующая мышечная дистрофия Беккера""
Возрастная категория: Дети
# Лечение
## Хирургическое лечение",0
1621,"Клинические рекомендации ""Гемофилия""
Возрастная категория: Взрослые и дети
# Лечение
## Лечение ортопедических осложнений гемофилии",0
1611,"Клинические рекомендации ""Злокачественные новообразования почек, почечных лоханок, мочеточника, других и неуточненных мочевых органов""
Возрастная категория: Дети
# Лечение
## Послеоперационная терапия
### Адъювантная терапия для пациентов с НБ после первичного оперативного вмешательства без неоадъюватной (предоперационной) химиотерапии",1
1601,"Клинические рекомендации ""Волосатоклеточный лейкоз""
Возрастная категория: Взрослые
# Лечение
## Показания к началу терапии и определение стратегии лечения ВКЛ",0
1006,"Клинические рекомендации ""Мукополисахаридоз тип II""
Возрастная категория: Дети
# Лечение
## Патогенетическое лечение",0
1655,"Клинические рекомендации ""Острые миелоидные лейкозы""
Возрастная категория: Дети
# Лечение
## Сопутствующая и сопроводительная терапия",0
798,"Клинические рекомендации ""Легочная гипертензия, в том числе хроническая тромбоэмболическая легочная гипертензия""
Возрастная категория: Взрослые
# Лечение
## Хирургическое лечение",0
1812,"Клинические рекомендации ""Прочие первичные грыжи брюшной стенки""
Возрастная категория: Взрослые
# Лечение
## Предоперационная подготовка",0
1668,"Клинические рекомендации ""Язвенный колит""
Возрастная категория: Взрослые
# Лечение
## Консервативное лечение
### Проктит. Тяжёлое течение (развивается крайне редко)",1
114,"Клинические рекомендации ""Перелом верхней челюсти""
Возрастная категория: Взрослые
# Лечение
## Ортопедический метод лечения",0
276,"Клинические рекомендации ""Лимфома Ходжкина""
Возрастная категория: Взрослые и дети
# Лечение
## Выбор терапии второй и последующих линий у пациентов с кЛХ",0
1954,"Клинические рекомендации ""Воздействие вибрации (Вибрационная болезнь)""
Возрастная категория: Взрослые
# Лечение
## Иные методы лечения",0
2133,"Клинические рекомендации ""Внебольничная пневмония у взрослых""
Возрастная категория: Взрослые
# Лечение
## Лечение госпитализированных пациентов
### Респираторная поддержка",0
332,"Клинические рекомендации ""Хронический вирусный гепатит D (ХВГD) у взрослых""
Возрастная категория: Взрослые
# Лечение
## Хирургическое лечение",0
111,"Клинические рекомендации ""ВИЧ-инфекция у взрослых""
Возрастная категория: Взрослые
# Лечение
## Иное лечение",0
18,"Клинические рекомендации ""Хронический панкреатит""
Возрастная категория: Взрослые
# Лечение
## Консервативное лечение",0
138,"Клинические рекомендации ""Болезнь Крона""
Возрастная категория: Взрослые
# Лечение
## Консервативное лечение
### БК тонкой кишки (кроме терминального илеита)",1
1442,"Клинические рекомендации ""Внебольничная пневмония у взрослых""
Возрастная категория: Взрослые
# Лечение
## Лечение госпитализированных пациентов
### Немедикаментозное лечение",0
668,"Клинические рекомендации ""Меланома кожи и слизистых оболочек""
Возрастная категория: Взрослые
# Лечение
## Лечение пациентов метастатической и нерезектабельной меланомой кожи (IIIC/D нерезектабельная – IV стадия или их эквивалент)
### Лечение пациентов с особыми формами метастатической меланомы: олигометастатической, местно-распространенной, с метастазами в костях",1
40,"Клинические рекомендации ""Злокачественные новообразования  губы""
Возрастная категория: Взрослые
# Лечение
## Общие принципы лечения в зависимости от стадии",0
422,"Клинические рекомендации ""Гепатобластома""
Возрастная категория: Дети
# Лечение
## Проведение сопутствующей и сопроводительной терапии",0
934,"Клинические рекомендации ""Хронический лимфоцитарный лейкоз /  лимфома из малых лимфоцитов""
Возрастная категория: Взрослые
# Лечение
## Оценка ответа на лечение",0
388,"Клинические рекомендации ""Меланома кожи и слизистых оболочек""
Возрастная категория: Взрослые
# Лечение
## Лечение пациентов метастатической и нерезектабельной меланомой кожи (IIIC/D нерезектабельная – IV стадия или их эквивалент)
### Выбор терапии 1-й линии у пациентов метастатической или неоперабельной меланомой кожи с мутацией в гене BRAF",1
1300,"Клинические рекомендации ""Эректильная дисфункция""
Возрастная категория: Взрослые
# Лечение
## Консервативное медикаментозное лечение",0
1556,"Клинические рекомендации ""Астигматизм""
Возрастная категория: Взрослые и дети
# Лечение
## Хирургическая коррекция",0
1732,"Клинические рекомендации ""Ректовагинальный свищ""
Возрастная категория: Взрослые
# Лечение
## Хирургическое лечение",0
467,"Клинические рекомендации ""Миелодиспластический синдром. Миелодиспластические/ миелопролиферативные новообразования""
Возрастная категория: Взрослые
# Лечение
## Консервативное лечение",0
1678,"Клинические рекомендации ""Рак яичников / рак маточной трубы / первичный рак брюшины""
Возрастная категория: Взрослые
# Лечение
## Диетотерапия",0
1723,"Клинические рекомендации ""Перелом верхней челюсти""
Возрастная категория: Взрослые
# Лечение
## Хирургическо-ортопедический способ лечения",0
1519,"Клинические рекомендации ""Митральная недостаточность""
Возрастная категория: Взрослые
# Лечение
## Хирургическое лечение
### Показания для повторного хирургического вмешательства",1
1158,"Клинические рекомендации ""Врожденные и приобретенные аномалии и деформации зубочелюстной системы  и лицевого черепа""
Возрастная категория: Взрослые
# Лечение
## Хирургическое лечение",0
839,"Клинические рекомендации ""Повреждения хряща коленного сустава""
Возрастная категория: Взрослые и дети
# Лечение
## Консервативное лечение",0
1686,"Клинические рекомендации ""Другие сфинголипидозы (болезнь Гоше)""
Возрастная категория: Дети
# Лечение
## Хирургическое лечение",0
915,"Клинические рекомендации ""Острые и хронические тиреоидиты (исключая аутоиммунный и  амиодарон-индуцированный тиреоидит)""
Возрастная категория: Взрослые
# Лечение
## Цитокин-индуцированные тиреоидиты",1
1182,"Клинические рекомендации ""Хронический вирусный гепатит С""
Возрастная категория: Взрослые
# Лечение
## Хирургическое лечение",0
1819,"Клинические рекомендации ""Посттравматическое стрессовое расстройство""
Возрастная категория: Взрослые
# Лечение
## Комплексная терапия",0
0,"Клинические рекомендации ""Повреждение связок коленного сустава""
Возрастная категория: Взрослые и дети
# Лечение
## Хирургическое лечение",0
833,"Клинические рекомендации ""Плоскоклеточный рак кожи""
Возрастная категория: Взрослые
# Лечение
## Лечение локальных стадий заболевания (I-II)",0
941,"Клинические рекомендации ""Врожденная митральная недостаточность (ВМН)""
Возрастная категория: 
# Лечение
## Эндоваскулярные вмешательства",0
865,"Клинические рекомендации ""Пограничные опухоли яичников""
Возрастная категория: Взрослые
# Лечение
## Пограничные опухоли яичников несерозных гистологических типов",1
1154,"Клинические рекомендации ""Нормальная беременность""
Возрастная категория: Взрослые и дети
# Лечение
## Медикаментозные методы коррекции жалоб, возникающих во время нормальной беременности",0
2128,"Клинические рекомендации ""Хронический лимфоцитарный лейкоз /  лимфома из малых лимфоцитов""
Возрастная категория: Взрослые
# Лечение
## Сопутствующая и сопроводительная терапия",0
880,"Клинические рекомендации ""Ожоги глаз""
Возрастная категория: Взрослые и дети
# Лечение
## Иное лечение",0
740,"Клинические рекомендации ""Переломы дистального отдела плечевой кости""
Возрастная категория: Взрослые и дети
# Лечение
## Хирургическое лечение",0
723,"Клинические рекомендации ""Миокардиты""
Возрастная категория: Взрослые
# Лечение
## Консервативное лечение миокардитов",0
312,"Клинические рекомендации ""Переломы ключицы и лопатки""
Возрастная категория: Взрослые и дети
# Лечение
## Хирургическое лечение",0
1942,"Клинические рекомендации ""Нормальные роды (роды одноплодные, самопроизвольное родоразрешение в затылочном предлежании)""
Возрастная категория: Взрослые и дети
# Лечение
## Наблюдение за состоянием матери в первые 2 часа после родов",0
950,"Клинические рекомендации ""Медицинская помощь матери при установленных или предполагаемых аномалиях и повреждениях плода, и антенатальной гибели плода""
Возрастная категория: Взрослые и дети
# Лечение
## Послеродовой период",0
146,"Клинические рекомендации ""Болезнь Крона""
Возрастная категория: Взрослые
# Лечение
## Хирургическое лечение БК
### Хирургическое лечение БК в форме терминального илеита или илеоколита",1
767,"Клинические рекомендации ""Гастроинтестинальные стромальные опухоли""
Возрастная категория: Взрослые
# Лечение
## Обезболивание",0
1498,"Клинические рекомендации ""Психические и поведенческие расстройства, вызванные употреблением алкоголя Синдром зависимости от алкоголя""
Возрастная категория: Взрослые и дети
# Лечение
## Психотерапия",0
428,"Клинические рекомендации ""Дегенеративные заболевания позвоночника""
Возрастная категория: Взрослые и дети
# Лечение
## Пункционные вмешательства
### Пункционные интервенционные процедуры в области дугоотростчатых (фасеточных) суставов шейного отдела позвоночника",1
1026,"Клинические рекомендации ""Вторичное злокачественное новообразование головного мозга и мозговых оболочек""
Возрастная категория: Взрослые
# Лечение
## Лептоменингеальное поражение",1
1144,"Клинические рекомендации ""Вторичное злокачественное новообразование головного мозга и мозговых оболочек""
Возрастная категория: Взрослые
# Лечение
## Противоопухолевое лекарственное лечение",0
1018,"Клинические рекомендации ""Дифференцированный рак щитовидной железы""
Возрастная категория: Взрослые
# Лечение
## Терапия остеомодифицирующими агентами",0
165,"Клинические рекомендации ""Воздействие вибрации (Вибрационная болезнь)""
Возрастная категория: Взрослые
# Лечение
## Хирургическое лечение",0
1163,"Клинические рекомендации ""Дивертикулярная болезнь""
Возрастная категория: Взрослые
# Лечение
## Хирургическое лечение",0
270,"Клинические рекомендации ""Ректоцеле""
Возрастная категория: Взрослые
# Лечение
## Общие принципы лечения ректоцеле",0
1329,"Клинические рекомендации ""Вирусные пневмонии""
Возрастная категория: 
# Лечение
## Консервативное лечение",0
1648,"Клинические рекомендации ""Идиопатический сколиоз""
Возрастная категория: Взрослые и дети
# Лечение
## Иное лечение",0
75,"Клинические рекомендации ""Множественные переломы мозгового и лицевого отделов черепа""
Возрастная категория: Взрослые и дети
# Лечение
## Обезболивание",0
1124,"Клинические рекомендации ""Скелетно-мышечные (неспецифические) боли в нижней части спины""
Возрастная категория: Взрослые
# Лечение
## Хирургическое лечение",0
625,"Клинические рекомендации ""Прочие первичные грыжи брюшной стенки""
Возрастная категория: Взрослые
# Лечение
## Антибиотикопрофилактика",0
1393,"Клинические рекомендации ""Наследственный ангиоотёк""
Возрастная категория: Взрослые и дети
# Лечение
## Долгосрочная профилактика",0
303,"Клинические рекомендации ""Дефект межпредсердной перегородки""
Возрастная категория: Взрослые и дети
# Лечение
## Хирургическое лечение",0
648,"Клинические рекомендации ""Гипопаратиреоз у взрослых""
Возрастная категория: 
# Лечение
## Подраздел 3. Хирургическое лечение",0
1673,"Клинические рекомендации ""Аногенитальная герпетическая вирусная инфекция""
Возрастная категория: Взрослые и дети
# Лечение
## Хирургическое лечение",0
1394,"Клинические рекомендации ""Язвенная болезнь""
Возрастная категория: Взрослые
# Лечение
## Диетотерапия",0
1911,"Клинические рекомендации ""Фолликулярная лимфома""
Возрастная категория: Взрослые и дети
# Лечение
## Первая линия терапии ФЛ у пациентов старше 18 лет",1
483,"Клинические рекомендации ""Саркомы костей""
Возрастная категория: Взрослые
# Лечение
## Сопроводительная т ерапия",0
725,"Клинические рекомендации ""Вывих надколенника""
Возрастная категория: Взрослые и дети
# Лечение
## Консервативное лечение",0
927,"Клинические рекомендации ""Язвенная болезнь""
Возрастная категория: Взрослые
# Лечение
## Хирургическое лечение
### Предоперационная подготовка",1
1796,"Клинические рекомендации ""Рак желчевыводящей системы""
Возрастная категория: Взрослые и дети
# Лечение
## Предоперационное лечение",0
1599,"Клинические рекомендации ""Привычный выкидыш""
Возрастная категория: Взрослые и дети
# Лечение
## Медикаментозные методы лечения",0
737,"Клинические рекомендации ""Психические и поведенческие расстройства, вызванные употреблением алкоголя Синдром зависимости от алкоголя""
Возрастная категория: Взрослые и дети
# Лечение
## Медикаментозная терапия
### Другие лекарственные средства",0
106,"Клинические рекомендации ""Острые и хронические тиреоидиты (исключая аутоиммунный и  амиодарон-индуцированный тиреоидит)""
Возрастная категория: Взрослые
# Лечение
## Острый тиреоидит",1
314,"Клинические рекомендации ""Крапивница""
Возрастная категория: Взрослые и дети
# Лечение
## Терапия крапивницы при беременности и лактации",1
1299,"Клинические рекомендации ""Психические и поведенческие расстройства, вызванные употреблением психоактивных веществ Синдром отмены психоактивных веществ (абстинентное состояние, вызванное употреблением психоактивных веществ) (кроме алкоголя и никотина)""
Возрастная категория: Взрослые и дети
# Лечение
## Психотерапия",0
1724,"Клинические рекомендации ""Переломы диафиза костей предплечья""
Возрастная категория: Взрослые и дети
# Лечение
## Консервативное лечение:",0
1469,"Клинические рекомендации ""Рак яичников / рак маточной трубы / первичный рак брюшины""
Возрастная категория: Взрослые
# Лечение
## Хирургическое лечение III-IV стадий рака яичников",1
734,"Клинические рекомендации ""5q-ассоциированная спинальная мышечная атрофия""
Возрастная категория: Взрослые
# Лечение
## Иное лечение",0
889,"Клинические рекомендации ""Хроническая сердечная недостаточность""
Возрастная категория: Взрослые
# Лечение
## Консервативное лечение
### Дапаглифлозин**/эмпаглифлозин** (ингибиторы натрийзависимого переносчика глюкозы 2–го типа)",0
1685,"Клинические рекомендации ""Болезнь Гоше""
Возрастная категория: Взрослые
# Лечение
## Хирургическое лечение",0
1508,"Клинические рекомендации ""ВИЧ-инфекция у детей""
Возрастная категория: Дети
# Лечение
## Изменение схемы стартовой АРТ
### Изменение схемы АРТ при выявлении неэффективности лечения",1
324,"Клинические рекомендации ""Атопический дерматит""
Возрастная категория: Взрослые и дети
# Лечение
## Иное лечение",0
1032,"Клинические рекомендации ""Генерализованное тревожное расстройство""
Возрастная категория: Взрослые
# Лечение
## Комплексная терапия",0
359,"Клинические рекомендации ""Плоскоклеточный рак кожи""
Возрастная категория: Взрослые
# Лечение
## Лечение плоскоклеточного рака кожи с метастазами в регионарные лимфоузлы (III стадия)",1
1711,"Клинические рекомендации ""Крапивница""
Возрастная категория: Взрослые и дети
# Лечение
## Альтернативная терапия крапивницы",0
406,"Клинические рекомендации ""Рак шейки матки""
Возрастная категория: Взрослые
# Лечение
## Лекарственное лечение",0
44,"Клинические рекомендации ""Травма уха""
Возрастная категория: Взрослые и дети
# Лечение
## Консервативное лечение",0
1260,"Клинические рекомендации ""Болезнь Крона""
Возрастная категория: Взрослые
# Лечение
## Консервативное лечение
### Биосимиляры (Биоаналоги)",0
603,"Клинические рекомендации ""Острые и хронические тиреоидиты (исключая аутоиммунный и  амиодарон-индуцированный тиреоидит)""
Возрастная категория: Взрослые
# Лечение
## Тиреоидит Риделя",1
1632,"Клинические рекомендации ""Инфекционный эндокардит и инфекция внутрисердечных устройств""
Возрастная категория: Взрослые
# Лечение
## Хирургическое лечение
### Показания и сроки проведения хирургического вмешательства у пациентов с инфекционным эндокардитом и микотическими аневризмами",1
1402,"Клинические рекомендации ""Нейросенсорная тугоухость у взрослых""
Возрастная категория: Взрослые
# Лечение
## Хирургическое лечение",0
1752,"Клинические рекомендации ""Кисты челюстно-лицевой области и шеи""
Возрастная категория: 
# Лечение
## Профилактика инфекционных раневых осложнений после хирургического лечения:",0
816,"Клинические рекомендации ""Синдром поликистозных яичников""
Возрастная категория: Взрослые и дети
# Лечение
## Хирургическое лечение",0
854,"Клинические рекомендации ""Кишечная инвагинация у детей""
Возрастная категория: Дети
# Лечение
## Методы хирургического лечения",0
264,"Клинические рекомендации ""Тиреоидиты у детей""
Возрастная категория: Дети
# Лечение
## Подострый тиреоидит (вирусный, гранулематозный, тиреоидит де Кервена)",1
1146,"Клинические рекомендации ""Недостаточность анального сфинктера""
Возрастная категория: Взрослые
# Лечение
## Хирургическое лечение",0
2130,"Клинические рекомендации ""Макулярная дегенерация возрастная""
Возрастная категория: Взрослые
# Лечение
## Консервативное лечение",0
1258,"Клинические рекомендации ""Бронхиальная астма""
Возрастная категория: Взрослые и дети
# Лечение
## Респираторная терапия",0
606,"Клинические рекомендации ""5q-ассоциированная спинальная мышечная атрофия""
Возрастная категория: Взрослые
# Лечение
## Медикаментозная терапия",0
74,"Клинические рекомендации ""Другие воспалительные полинейропатии (Хроническая воспалительная демиелинизирующая полирадикулонейропатия)""
Возрастная категория: Дети
# Лечение
## Консервативное лечение",0
2206,"Клинические рекомендации ""Кистозный фиброз (муковисцидоз)""
Возрастная категория: Взрослые и дети
# Лечение
## Консервативное лечение
### Терапия препаратами других групп и/или по особым показаниям",0
1959,"Клинические рекомендации ""Раны мягких тканей челюстно-лицевой области""
Возрастная категория: Взрослые и дети
# Лечение
## Лечение ран",0
416,"Клинические рекомендации ""Хронический болевой синдром (ХБС) у взрослых пациентов, нуждающихся в паллиативной медицинской помощи""
Возрастная категория: Взрослые
# Лечение
## Консервативная терапия
### Терапия боли умеренной интенсивности",0
1856,"Клинические рекомендации ""Гастроинтестинальные стромальные опухоли""
Возрастная категория: Взрослые
# Лечение
## Сопутствующая терапия",0
1118,"Клинические рекомендации ""Депрессивный эпизод, Рекуррентное депрессивное расстройство""
Возрастная категория: 
# Лечение
## Купирующая терапия ДЭ на втором этапе",0
1176,"Клинические рекомендации ""Миопическая макулярная дегенерация (Миопическая макулопатия)""
Возрастная категория: Взрослые
# Лечение
## Лазерное лечение",0
1772,"Клинические рекомендации ""Тиреоидиты у детей""
Возрастная категория: Дети
# Лечение
## Хронический аутоиммунный тиреоидит",1
1521,"Клинические рекомендации ""Ревматоидный артрит""
Возрастная категория: Взрослые
# Лечение
## Консервативное лечение",0
1278,"Клинические рекомендации ""Лимфома Ходжкина""
Возрастная категория: Взрослые и дети
# Лечение
## Лечение нодулярной с лимфоидным преобладанием лимфомы Ходжкина",1
1984,"Клинические рекомендации ""5q-ассоциированная спинальная мышечная атрофия""
Возрастная категория: Взрослые
# Лечение
## Хирургическое лечение",0
910,"Клинические рекомендации ""Ожирение""
Возрастная категория: Взрослые
# Лечение
## Хирургическое лечение",0
1529,"Клинические рекомендации ""Инфекция мочевых путей""
Возрастная категория: Дети
# Лечение
## Хирургическое лечение",0
2097,"Клинические рекомендации ""Повреждение связок коленного сустава""
Возрастная категория: Взрослые и дети
# Лечение
## Хирургическая антибиотикопрофилактика",0
1926,"Клинические рекомендации ""Острый промиелоцитарный лейкоз""
Возрастная категория: Взрослые
# Лечение
## Поддерживающая терапия",0
1376,"Клинические рекомендации ""Бактериальный вагиноз""
Возрастная категория: Взрослые и дети
# Лечение
## Хирургическое лечение",0
1410,"Клинические рекомендации ""Хронический панкреатит""
Возрастная категория: Взрослые
# Лечение
## Хирургическое лечение
### Послеоперационные осложнения",0
1610,"Клинические рекомендации ""Токсическое действие окиси углерода. Токсическое действие других газов, дымов и паров""
Возрастная категория: Взрослые и дети
# Лечение
## Оказание специализированной медицинской помощи",0
248,"Клинические рекомендации ""Кистозный фиброз (муковисцидоз)""
Возрастная категория: Взрослые и дети
# Лечение
## Консервативное лечение
### Терапия псевдо - Барттер синдрома",1
882,"Клинические рекомендации ""Единственный желудочек сердца""
Возрастная категория: Взрослые и дети
# Лечение
## Хирургическое лечение",0
699,"Клинические рекомендации ""Рак желчевыводящей системы""
Возрастная категория: Взрослые и дети
# Лечение
## Хирургическое лечение",0
926,"Клинические рекомендации ""Головная боль напряжения""
Возрастная категория: Дети
# Лечение
## Другие методы лечения",0
2048,"Клинические рекомендации ""Переломы ключицы и лопатки""
Возрастная категория: Взрослые и дети
# Лечение
## Иное лечение",0
507,"Клинические рекомендации ""Рак полового члена""
Возрастная категория: Взрослые
# Лечение
## Химиотерапия в лечении пациентов с РПЧ",1
920,"Клинические рекомендации ""Иммунная тромбоцитопения""
Возрастная категория: Дети
# Лечение
## Терапия пациентов с хронической ИТП",1
212,"Клинические рекомендации ""Химический ожог пищевода""
Возрастная категория: Взрослые и дети
# Лечение
## Лечение в стадии сформированных рубцовых стриктур",1
1540,"Клинические рекомендации ""Миокардиты""
Возрастная категория: Взрослые
# Лечение
## Применение иммуноглобулинов и метода иммуносорбции в лечении острого миокардита",1
241,"Клинические рекомендации ""Серповидно-клеточные нарушения""
Возрастная категория: Взрослые и дети
# Лечение
## Консервативное лечение",0
1062,"Клинические рекомендации ""Болезнь Шёйермана""
Возрастная категория: Взрослые и дети
# Лечение
## Диетотерапия",0
612,"Клинические рекомендации ""Острый гепатит С (ОГС) у взрослых""
Возрастная категория: Взрослые
# Лечение
## Хирургическое лечение",0
1296,"Клинические рекомендации ""Хронический средний отит""
Возрастная категория: Взрослые и дети
# Лечение
## Консервативное лечение",0
70,"Клинические рекомендации ""Острые лимфобластные лейкозы""
Возрастная категория: Взрослые
# Лечение
## Лечение пациентов с Ph-негативными ОЛЛ",1
1142,"Клинические рекомендации ""Псориаз""
Возрастная категория: Взрослые и дети
# Лечение
## Хирургическое лечение",0
1156,"Клинические рекомендации ""Травма гортани""
Возрастная категория: Взрослые и дети
# Лечение
## Обезболивание",0
605,"Клинические рекомендации ""Тиреоидиты у детей""
Возрастная категория: Дети
# Лечение
## Специфические тиреоидиты",1
2063,"Клинические рекомендации ""Свищ заднего прохода и прямой кишки""
Возрастная категория: Взрослые
# Лечение
## Лечение транссфинктерных свищей, захватывающих более 30% сфинктера и экстрасфинктерных свищей",1
1623,"Клинические рекомендации ""Психические и поведенческие расстройства, вызванные употреблением табака (никотина). Синдром зависимости от табака, синдром отмены табака у взрослых""
Возрастная категория: Взрослые
# Лечение
## Иное лечение",0
257,"Клинические рекомендации ""Переломы бедренной кости (кроме проксимального отдела бедренной кости)""
Возрастная категория: Взрослые и дети
# Лечение
## Хирургическое лечение
### Переломы ДОБК",1
216,"Клинические рекомендации ""Бронхиальная астма""
Возрастная категория: Взрослые и дети
# Лечение
## Медикаментозная терапия
### Лечение стабильной астмы",0
691,"Клинические рекомендации ""Доброкачественная дисплазия молочной железы""
Возрастная категория: Взрослые и дети
# Лечение
## Применение гормональных контрацептивов при ДДМЖ",1
436,"Клинические рекомендации ""Сахарный диабет 2 типа у детей""
Возрастная категория: Дети
# Лечение
## Иное лечение",0
383,"Клинические рекомендации ""Гепатобластома""
Возрастная категория: Дети
# Лечение
## Лечение микроскопической остаточной болезни",1
705,"Клинические рекомендации ""Нодальные Т-клеточные лимфомы""
Возрастная категория: Взрослые и дети
# Лечение
## Сопутствующая и сопроводительная терапия",0
311,"Клинические рекомендации ""Токсическое действие галогенпроизводных алифатических и ароматических углеводородов""
Возрастная категория: Взрослые и дети
# Лечение
## Оказание специализированной медицинской помощи",0
347,"Клинические рекомендации ""Вывих надколенника""
Возрастная категория: Взрослые и дети
# Лечение
## Диетотерапия",0
975,"Клинические рекомендации ""Острые порфирии""
Возрастная категория: Взрослые и дети
# Лечение
## Ведение пациентов с поздними осложнения ОП",1
506,"Клинические рекомендации ""Сахарный диабет 2 типа у детей""
Возрастная категория: Дети
# Лечение
## Диетотерапия",0
1665,"Клинические рекомендации ""Болезнь Помпе""
Возрастная категория: Взрослые и дети
# Лечение
## Иное лечение",0
969,"Клинические рекомендации ""Плазмоклеточный лейкоз""
Возрастная категория: Взрослые
# Лечение
## Сопутствующая и сопроводительная терапия",0
2090,"Клинические рекомендации ""Ректоцеле""
Возрастная категория: Взрослые
# Лечение
## Консервативная терапия",0
1218,"Клинические рекомендации ""Рак молочной железы""
Возрастная категория: Взрослые
# Лечение
## Первично операбельный рак молочной железы (0, I, IIA, IIB, IIIA стадии)
### Стадии I (Т1N0М0) и IIА (Т2N0М0) (локальная терапия)",1
955,"Клинические рекомендации ""Гастроинтестинальные стромальные опухоли""
Возрастная категория: Взрослые
# Лечение
## Лечение пациентов с метастатическими ГИСО",1
1765,"Клинические рекомендации ""Гастрит и дуоденит""
Возрастная категория: Взрослые
# Лечение
## Медикаментозное лечение
### Эрадикационная терапия инфекции H. рylori",1
2025,"Клинические рекомендации ""Ожирение""
Возрастная категория: Взрослые
# Лечение
## Консервативное лечение
### Медикаментозная терапия",0
569,"Клинические рекомендации ""Острый панкреатит""
Возрастная категория: Взрослые и дети
# Лечение
## Хирургическое лечение",0
2038,"Клинические рекомендации ""Локализованный гипертрихоз""
Возрастная категория: Взрослые
# Лечение
## Иное лечение",0
2190,"Клинические рекомендации ""Перелом верхней челюсти и скуловой кости""
Возрастная категория: Дети
# Лечение
## Ортопедический метод лечения",0
1252,"Клинические рекомендации ""Флебит и тромбофлебит поверхностных сосудов""
Возрастная категория: Взрослые
# Лечение
## Эластическая компрессия",0
1411,"Клинические рекомендации ""Отморожение. Гипотермия. Другие эффекты воздействия низкой температуры.""
Возрастная категория: Взрослые и дети
# Лечение
## Хирургическое лечение",0
1420,"Клинические рекомендации ""Нормальные роды (роды одноплодные, самопроизвольное родоразрешение в затылочном предлежании)""
Возрастная категория: Взрослые и дети
# Лечение
## Ведение третьего периода родов",0
1481,"Клинические рекомендации ""Головная боль напряжения""
Возрастная категория: Дети
# Лечение
## Немедикаментозные методы лечения",0
2125,"Клинические рекомендации ""Флебит и тромбофлебит поверхностных сосудов""
Возрастная категория: Взрослые
# Лечение
## Хирургическое лечение",0
1500,"Клинические рекомендации ""Саркомы костей""
Возрастная категория: Взрослые
# Лечение
## Лечение при метастатическом и рецидивном опухолевом процессе",1
1344,"Клинические рекомендации ""Психические и поведенческие расстройства, вызванные употреблением психоактивных веществ. Пагубное (с вредными последствиями) употребление""
Возрастная категория: Взрослые
# Лечение
## Немедикаментозная терапия
### Выбор методов немедикаментозного лечения",0
1543,"Клинические рекомендации ""Доброкачественные остеогенные и хондрогенные опухоли носа и околоносовых пазух""
Возрастная категория: Взрослые
# Лечение",0
370,"Клинические рекомендации ""Саркомы костей""
Возрастная категория: Взрослые
# Лечение
## Консервативное лечение",0
220,"Клинические рекомендации ""Желчнокаменная болезнь""
Возрастная категория: Взрослые
# Лечение
## Хирургическое лечение
### Холедохолитиаз/холангиолитиаз",1
2144,"Клинические рекомендации ""Рак прямой кишки""
Возрастная категория: Взрослые
# Лечение
## Лечение пациентов с резектабельными метастазами в печени",1
1065,"Клинические рекомендации ""Шизофрения""
Возрастная категория: Дети
# Лечение
## Иное лечение",0
1625,"Клинические рекомендации ""5q-ассоциированная спинальная мышечная атрофия""
Возрастная категория: Взрослые
# Лечение
## Патогенетическая медикаментозная терапия",0
2032,"Клинические рекомендации ""Хроническая боль у пациентов пожилого и старческого возраста""
Возрастная категория: Взрослые
# Лечение
## Основные принципы лечения хронической боли у пациентов старше 60 лет",1
2112,"Клинические рекомендации ""Хронический болевой синдром (ХБС) у взрослых пациентов, нуждающихся в паллиативной медицинской помощи""
Возрастная категория: Взрослые
# Лечение
## Консервативная терапия
### Титрование дозы сильного опиоида",1
2039,"Клинические рекомендации ""Злокачественное новообразование бронхов и легкого""
Возрастная категория: Взрослые
# Лечение
## Лечение пациентов с немелкоклеточным раком легкого
### Принципы лечения пациентов с IIIB–IIIC стадией заболевания",1
1074,"Клинические рекомендации ""Хроническая сердечная недостаточность""
Возрастная категория: Взрослые
# Лечение
## Консервативное лечение
### Лечение пациентов с ХСН с умеренно сниженной и сохраненной ФВ ЛЖ",1
289,"Клинические рекомендации ""Чрезмерная рвота беременных""
Возрастная категория: Взрослые и дети
# Лечение
## Немедикаментозное лечение",0
1105,"Клинические рекомендации ""Грыжи передней брюшной стенки""
Возрастная категория: Дети
# Лечение
## Антибиотикопрофилактика",0
1613,"Клинические рекомендации ""Цирроз и фиброз печени""
Возрастная категория: Взрослые
# Лечение
## Консервативное лечение
### Лечениецирроза печени, осложненного инфицированным асцитом",1
339,"Клинические рекомендации ""Рак яичников / рак маточной трубы / первичный рак брюшины""
Возрастная категория: Взрослые
# Лечение
## Профилактика и лечение осложнений злокачественных опухолей и противоопухолевой лекарственной терапии",0
1510,"Клинические рекомендации ""Экзема""
Возрастная категория: Взрослые и дети
# Лечение
## Консервативное лечение",0
893,"Клинические рекомендации ""Камни нижних отделов мочевых путей""
Возрастная категория: Взрослые и дети
# Лечение
## Хирургическое лечение",0
928,"Клинические рекомендации ""Ректоцеле""
Возрастная категория: Взрослые
# Лечение
## Хирургическое лечение ректоцеле",0
1968,"Клинические рекомендации ""Острые миелоидные лейкозы""
Возрастная категория: Взрослые
# Лечение
## Терапия рецидивов и резистентных форм острого миелоидного лейкоза",0
1707,"Клинические рекомендации ""Рак желудка""
Возрастная категория: Взрослые
# Лечение
## Комбинированное лечение РЖ при отсутствии отдаленных метастазов",1
1860,"Клинические рекомендации ""Сепсис (у взрослых)""
Возрастная категория: Взрослые
# Лечение
## Инфузионно – трансфузионная терапия",0
1361,"Клинические рекомендации ""Рак предстательной железы""
Возрастная категория: Взрослые
# Лечение
## Хирургическое лечение",0
993,"Клинические рекомендации ""Волосатоклеточный лейкоз""
Возрастная категория: Взрослые
# Лечение
## Определение эффективности лечения",0
1758,"Клинические рекомендации ""Психические и поведенческие расстройства, вызванные употреблением алкоголя Синдром зависимости от алкоголя""
Возрастная категория: Взрослые и дети
# Лечение
## Медикаментозная терапия
### Специфические лекарственные средства",0
873,"Клинические рекомендации ""Врожденная цитомегаловирусная инфекция""
Возрастная категория: Дети
# Лечение
## Хирургическое лечение",0
119,"Клинические рекомендации ""Буллезный пемфигоид""
Возрастная категория: Взрослые и дети
# Лечение
## Консервативное лечение",0
744,"Клинические рекомендации ""Интраокулярная ретинобластома""
Возрастная категория: 
# Лечение
## Лечение детей с односторонней РБ после первичной энуклеации",1
461,"Клинические рекомендации ""Рак тела матки и саркомы матки""
Возрастная категория: Взрослые
# Лечение
## Лучевое лечение",0
1891,"Клинические рекомендации ""Апластическая анемия""
Возрастная категория: Взрослые
# Лечение
## Консервативная терапия",0
2002,"Клинические рекомендации ""Гестационный сахарный диабет""
Возрастная категория: Взрослые и дети
# Лечение
## Инсулинотерапия",0
1377,"Клинические рекомендации ""Женское бесплодие""
Возрастная категория: Взрослые
# Лечение
## Немедикаментозные методы лечения бесплодия",0
777,"Клинические рекомендации ""Головная боль напряжения (ГБН)""
Возрастная категория: Взрослые
# Лечение
## Поведенческая терапия",0
305,"Клинические рекомендации ""Грибовидный микоз""
Возрастная категория: Взрослые и дети
# Лечение
## Иное лечение",0
418,"Клинические рекомендации ""Рак тела матки и саркомы матки""
Возрастная категория: Взрослые
# Лечение
## Лечение прогрессирования рака тела матки",0
81,"Клинические рекомендации ""Аногенитальная герпетическая вирусная инфекция""
Возрастная категория: Взрослые и дети
# Лечение
## Консервативное лечение",0
1254,"Клинические рекомендации ""Рак молочной железы""
Возрастная категория: Взрослые
# Лечение
## Сопроводительная терапия у пациентов раком молочной железы",0
1047,"Клинические рекомендации ""Послеродовые инфекционные осложнения""
Возрастная категория: Взрослые и дети
# Лечение
## Лечение сепсиса, септического шока
### Респираторная терапия",0
345,"Клинические рекомендации ""Транспозиция магистральных артерий""
Возрастная категория: Взрослые и дети
# Лечение
## Консервативное лечение",0
310,"Клинические рекомендации ""Рак желчевыводящей системы""
Возрастная категория: Взрослые и дети
# Лечение
## Химиотерапия",0
1447,"Клинические рекомендации ""Острые лимфобластные лейкозы""
Возрастная категория: Взрослые
# Лечение
## Трансплантация гемопоэтических стволовых клеток",0
849,"Клинические рекомендации ""Варикозное расширение вен нижних конечностей""
Возрастная категория: Взрослые
# Лечение
## Фармакотерапия
### Общие положения",0
426,"Клинические рекомендации ""Аллергический ринит""
Возрастная категория: Взрослые и дети
# Лечение
## Особенности лечения АР у детей",1
1740,"Клинические рекомендации ""Психические и поведенческие расстройства,  вызванные употреблением психоактивных веществ Синдром зависимости от психоактивных веществ (кроме алкоголя и никотина)""
Возрастная категория: Взрослые и дети
# Лечение
## Психотерапия",0
864,"Клинические рекомендации ""Хронический вирусный гепатит С""
Возрастная категория: Взрослые
# Лечение
## Симптоматическая терапия",0
2017,"Клинические рекомендации ""Фибрилляция и трепетание предсердий у взрослых""
Возрастная категория: Взрослые
# Лечение
## Хирургическое и интервенционное лечение фибрилляции предсердий
### Хирургические методы лечения фибрилляции предсердий",0
1267,"Клинические рекомендации ""Кистозный фиброз (муковисцидоз)""
Возрастная категория: Взрослые и дети
# Лечение
## Консервативное лечение
### Терапия остеопороза у пациентов с МВ",1
791,"Клинические рекомендации ""Саркома Капоши""
Возрастная категория: Взрослые
# Лечение
## Обезболивание",0
2106,"Клинические рекомендации ""Токсическое действие метанола и этиленгликоля""
Возрастная категория: Взрослые и дети
# Лечение
## Оказание скорой медицинской помощи вне медицинской организации",0
1200,"Клинические рекомендации ""Злокачественное новообразование бронхов и легкого""
Возрастная категория: Взрослые
# Лечение
## Лечение пациентов с немелкоклеточным раком легкого
### Принципы лечения пациентов с IV стадией заболевания",1
158,"Клинические рекомендации ""Преэклампсия. Эклампсия. Отеки, протеинурия и гипертензивные расстройства во время беременности, в родах и послеродовом периоде.""
Возрастная категория: Взрослые и дети
# Лечение
## Помощь пациентке с ПЭ в приемном покое",0
1652,"Клинические рекомендации ""Рак вульвы""
Возрастная категория: Взрослые
# Лечение
## Принципы системной химиотерапии",0
714,"Клинические рекомендации ""Рак трахеи""
Возрастная категория: Взрослые
# Лечение
## Лекарственное лечение",0
140,"Клинические рекомендации ""Рак гортани""
Возрастная категория: Взрослые
# Лечение
## Диетотерапия",0
1380,"Клинические рекомендации ""Аногенитальные (венерические) бородавки""
Возрастная категория: Взрослые и дети
# Лечение
## Хирургическое лечение",0
2177,"Клинические рекомендации ""Острые миелоидные лейкозы""
Возрастная категория: Дети
# Лечение
## Лечение ОМЛ и транзиторного аномально миелопоэза у пациентов с синдромом Дауна",1
545,"Клинические рекомендации ""Наружный отит""
Возрастная категория: Дети
# Лечение
## Иное лечение",0
110,"Клинические рекомендации ""Острый ларингит""
Возрастная категория: Взрослые и дети
# Лечение
## Хирургическое лечение",0
2195,"Клинические рекомендации ""Рак гортани""
Возрастная категория: Взрослые
# Лечение
## Принципы хирургического лечения",0
1117,"Клинические рекомендации ""Перелом нижней челюсти""
Возрастная категория: Дети
# Лечение
## Обезболивание",0
1313,"Клинические рекомендации ""Перелом верхней челюсти""
Возрастная категория: Взрослые
# Лечение
## Консервативное лечение",0
1575,"Клинические рекомендации ""Нарушения липидного обмена""
Возрастная категория: Взрослые
# Лечение
## Лечение ДЛП в отдельных клинических ситуациях
### ДЛП у женщин, при беременности и лактации",1
1277,"Клинические рекомендации ""Меланома кожи и слизистых оболочек""
Возрастная категория: Дети
# Лечение
## Обезболивание",0
203,"Клинические рекомендации ""Кисты челюстно-лицевой области и шеи""
Возрастная категория: 
# Лечение
## Консервативное лечение. Терапевтическая подготовка к хирургическому  лечению",0
1270,"Клинические рекомендации ""Глаукома первичная открытоугольная""
Возрастная категория: Взрослые
# Лечение
## Диетотерапия, обезболивание и другие методы лечения",0
224,"Клинические рекомендации ""Переломы проксимального отдела костей предплечья""
Возрастная категория: Взрослые и дети
# Лечение
## Хирургическое лечение",0
1007,"Клинические рекомендации ""Недостаточный рост плода, требующий предоставления медицинской помощи матери (задержка роста плода)""
Возрастная категория: Взрослые и дети
# Лечение
## Медикаментозная терапия",0
1676,"Клинические рекомендации ""Врожденная пневмония""
Возрастная категория: Дети
# Лечение
## Иное лечение",0
1691,"Клинические рекомендации ""Нарушения липидного обмена""
Возрастная категория: Взрослые
# Лечение
## Лечение ДЛП в отдельных клинических ситуациях
### ДЛП и сахарный диабет",1
458,"Клинические рекомендации ""Нодальные Т-клеточные лимфомы""
Возрастная категория: Взрослые и дети
# Лечение
## Первая линия терапии у пациентов с интестинальными Т-клеточными лимфомами",1
2116,"Клинические рекомендации ""Полипы эндометрия""
Возрастная категория: Взрослые
# Лечение
## Консервативное лечение",0
818,"Клинические рекомендации ""Серповидно-клеточные нарушения""
Возрастная категория: Взрослые и дети
# Лечение
## Трансфузионная терапия донорскими эритроцитами",0
1817,"Клинические рекомендации ""Язвенный колит""
Возрастная категория: Взрослые
# Лечение
## Хирургическое лечение
### Показания к хирургическому лечению ЯК: колоректальный рак",1
1406,"Клинические рекомендации ""Болезнь Крона""
Возрастная категория: Взрослые
# Лечение
## Консервативное лечение
### Легкая БК илеоцекальной локализации",1
908,"Клинические рекомендации ""Острые порфирии""
Возрастная категория: Взрослые и дети
# Лечение
## Ведение пациенток с регулярными менструально-ассоциированными атаками",1
145,"Клинические рекомендации ""Неалкогольная жировая болезнь печени""
Возрастная категория: Взрослые
# Лечение
## Хирургическое лечение",0
2188,"Клинические рекомендации ""Недостаточность 3-метилкротонил-КоА карбоксилазы (3-метилкротонилглицинурия, метилкротонил КоА карбоксилазная недостаточность)""
Возрастная категория: Взрослые и дети
# Лечение
## Хирургическое лечение",0
966,"Клинические рекомендации ""Рак мочевого пузыря""
Возрастная категория: Взрослые
# Лечение
## Лучевая терапия",0
98,"Клинические рекомендации ""Рак гортаноглотки""
Возрастная категория: Взрослые
# Лечение
## Принципы лекарственной химиотерапии",0
1349,"Клинические рекомендации ""Инфекция мочевых путей при беременности""
Возрастная категория: Взрослые
# Лечение
## Медикаментозные методы лечения",0
1894,"Клинические рекомендации ""Энтероколит, вызванный Clostridioides difficile (C. difficile)""
Возрастная категория: Взрослые
# Лечение
## Иное лечение",0
924,"Клинические рекомендации ""Синдром поликистозных яичников""
Возрастная категория: Взрослые и дети
# Лечение
## Консервативное лечение",0
1712,"Клинические рекомендации ""Инфекционный эндокардит и инфекция внутрисердечных устройств""
Возрастная категория: Взрослые
# Лечение
## Ведение пациентов с инфекционным эндокардитом в отдельных клинических ситуациях
### Инфекционный эндокардит, связанный с имплантируемыми внутрисердечными устройствами",1
15,"Клинические рекомендации ""Кистозный фиброз (муковисцидоз)""
Возрастная категория: Взрослые и дети
# Лечение
## Диетотерапия и витаминотерапия
### Микронутриенты и витамины",0
757,"Клинические рекомендации ""Анемия при злокачественных новообразованиях""
Возрастная категория: Взрослые
# Лечение
## Консервативное лечение",0
173,"Клинические рекомендации ""Женское бесплодие""
Возрастная категория: Взрослые
# Лечение
## Медикаментозные методы лечения бесплодия",0
170,"Клинические рекомендации ""Мочекаменная болезнь""
Возрастная категория: Дети
# Лечение
## Иное лечение",0
299,"Клинические рекомендации ""Атопический дерматит""
Возрастная категория: Взрослые и дети
# Лечение
## Наружная терапия
### Системная терапия для уменьшения интенсивности зуда",0
1782,"Клинические рекомендации ""Перелом дна глазницы""
Возрастная категория: Взрослые и дети
# Лечение
## Иное лечение",0
644,"Клинические рекомендации ""Аномальные маточные кровотечения""
Возрастная категория: Взрослые и дети
# Лечение
## Кровотечения в постменопаузе на фоне МГТ",1
1085,"Клинические рекомендации ""Хроническая сердечная недостаточность""
Возрастная категория: Взрослые
# Лечение
## Консервативное лечение
### Ингибиторы If-каналов (другие препараты для лечения заболеваний сердца)",0
1305,"Клинические рекомендации ""Мочекаменная болезнь""
Возрастная категория: Взрослые
# Лечение
## Консервативное лечение",0
101,"Клинические рекомендации ""ВИЧ-инфекция у детей""
Возрастная категория: Дети
# Лечение
## Изменение схемы стартовой АРТ
### Изменение схемы АРТ при развитии нежелательных реакций и лекарственных взаимодействий",0
1816,"Клинические рекомендации ""Фолликулярная лимфома""
Возрастная категория: Взрослые и дети
# Лечение
## Оценка ответа на лечение",0
336,"Клинические рекомендации ""Дискордантное предсердно-желудочковое соединение""
Возрастная категория: Взрослые и дети
# Лечение
## Иное лечение",0
1777,"Клинические рекомендации ""Рак полового члена""
Возрастная категория: Взрослые
# Лечение
## Лучевая терапия в лечении пациентов с РПЧ и метастазами в регионарные лимфоузлы",1
1470,"Клинические рекомендации ""Ожоги термические и химические. Ожоги солнечные. Ожоги дыхательных путей.""
Возрастная категория: Взрослые и дети
# Лечение
## Общее (системное) лечение
### Иммунотерапия",0
404,"Клинические рекомендации ""Рак коры надпочечника (Адренокортикальный рак)""
Возрастная категория: Взрослые и дети
# Лечение
## Хирургическое лечение",0
2111,"Клинические рекомендации ""Эмфизема легких""
Возрастная категория: Взрослые
# Лечение
## Консервативная терапия",0
1858,"Клинические рекомендации ""Повреждение мениска коленного сустава""
Возрастная категория: Взрослые и дети
# Лечение
## Хирургическое лечение",0
586,"Клинические рекомендации ""Грыжи передней брюшной стенки""
Возрастная категория: Дети
# Лечение
## Пупочная грыжа",1
510,"Клинические рекомендации ""Рак тела матки и саркомы матки""
Возрастная категория: Взрослые
# Лечение
## Лекарственное лечение",0
898,"Клинические рекомендации ""Перелом нижней челюсти""
Возрастная категория: Дети
# Лечение
## Профилактика инфекций области хирургического вмешательства",0
1863,"Клинические рекомендации ""Хронический миелоидный лейкоз""
Возрастная категория: Взрослые и дети
# Лечение
## Лекарственная терапия ХМЛ у детей",1
903,"Клинические рекомендации ""Рак носоглотки""
Возрастная категория: Взрослые
# Лечение
## Иное лечение",0
2076,"Клинические рекомендации ""Другие сфинголипидозы (болезнь Гоше)""
Возрастная категория: Дети
# Лечение
## Консервативное лечение",0
2091,"Клинические рекомендации ""Перелом нижней челюсти""
Возрастная категория: Дети
# Лечение
## Хирургическое лечение",0
1480,"Клинические рекомендации ""Желудочковые нарушения ритма. Желудочковые тахикардии и внезапная сердечная смерть""
Возрастная категория: Взрослые и дети
# Лечение
## Лечение желудочковых тахиаритмий и профилактика внезапной смерти в отдельных группах
### Синдром короткого интервала QT (СКИQT)",1
576,"Клинические рекомендации ""Отморожение. Гипотермия. Другие эффекты воздействия низкой температуры.""
Возрастная категория: Взрослые и дети
# Лечение
## Иное лечение",0
820,"Клинические рекомендации ""Желчнокаменная болезнь""
Возрастная категория: Взрослые
# Лечение
## Диетотерапия",0
218,"Клинические рекомендации ""Хроническая сердечная недостаточность""
Возрастная категория: Взрослые
# Лечение
## Консервативное лечение
### Основные задачи лечения пациентов с хронической сердечной недостаточностью:",0
1148,"Клинические рекомендации ""Аллергический ринит""
Возрастная категория: Взрослые и дети
# Лечение
## Методы нетрадиционной и альтернативной медицины",0
420,"Клинические рекомендации ""Хроническая сердечная недостаточность""
Возрастная категория: Взрослые
# Лечение
## Консервативное лечение
### Лечение пациентов с хронической сердечной недостаточностью и сочетанной патологией",1
1230,"Клинические рекомендации ""Гемофилия""
Возрастная категория: Взрослые и дети
# Лечение
## Общие принципы лечения",0
1845,"Клинические рекомендации ""Отравления бензодиазепинами""
Возрастная категория: Взрослые и дети
# Лечение
## Лечение на этапе специализированной медицинской помощи при отравлении бензодиазепинами",0
1867,"Клинические рекомендации ""Солитарная (экстрамедуллярная) плазмоцитома""
Возрастная категория: Взрослые
# Лечение
## Лучевая терапия",0
1746,"Клинические рекомендации ""Перерыв дуги аорты. Двойная дуга аорты""
Возрастная категория: Дети
# Лечение
## Эндоваскулярные вмешательства",0
1301,"Клинические рекомендации ""Хроническая боль у пациентов пожилого и старческого возраста""
Возрастная категория: Взрослые
# Лечение
## Коммуникация с пациентом",0
1720,"Клинические рекомендации ""Острый пиелонефрит""
Возрастная категория: Взрослые
# Лечение
## Медикаментозная терапия",0
1235,"Клинические рекомендации ""Гломерулярные болезни: фокально-сегментарный гломерулосклероз""
Возрастная категория: Взрослые
# Лечение
## Лечение вторичного ФСГС и ФСГС с неизвестной причиной",1
2139,"Клинические рекомендации ""Переломы пяточной кости""
Возрастная категория: Взрослые
# Лечение
## Оперативное лечение",0
375,"Клинические рекомендации ""Эндометриоз""
Возрастная категория: Взрослые и дети
# Лечение
## Эндометриоз и рак",1
1818,"Клинические рекомендации ""Грибовидный микоз""
Возрастная категория: Взрослые и дети
# Лечение
## Лечение пациентов с ранними стадиями грибовидного микоза",1
1476,"Клинические рекомендации ""Отравления бензодиазепинами""
Возрастная категория: Взрослые и дети
# Лечение
## Оказание скорой медицинской помощи вне медицинской организации при отравлении бензодиазепинами",0
1704,"Клинические рекомендации ""Легочная гипертензия, в том числе хроническая тромбоэмболическая легочная гипертензия""
Возрастная категория: Взрослые
# Лечение
## Методы контрацепции",0
1930,"Клинические рекомендации ""Заболевания и состояния, связанные с дефицитом йода""
Возрастная категория: Взрослые и дети
# Лечение
## Диффузный зоб",1
1871,"Клинические рекомендации ""Мочекаменная болезнь""
Возрастная категория: Взрослые
# Лечение
## Лечение мочекаменной болезни в особых группах пациентов",1
976,"Клинические рекомендации ""Мужское бесплодие""
Возрастная категория: Взрослые
# Лечение
## Лечение мужского бесплодия при гипогонадотропном гипогонадизме",1
356,"Клинические рекомендации ""Нормальная беременность""
Возрастная категория: Взрослые и дети
# Лечение
## Немедикаментозные методы коррекции жалоб, возникающих во время нормальной беременности",0
1245,"Клинические рекомендации ""Врожденные аномалии костей черепа и лица, врожденные костно-мышечные деформации головы и лица""
Возрастная категория: Взрослые и дети
# Лечение
## Хирургическое лечение",0
219,"Клинические рекомендации ""Травма уха""
Возрастная категория: Взрослые и дети
# Лечение
## Хирургическое лечение",0
2023,"Клинические рекомендации ""Искусственный аборт (медицинский аборт)""
Возрастная категория: Взрослые и дети
# Лечение
## Немедикаментозные методы лечения",0
2079,"Клинические рекомендации ""Глутаровая ацидурия тип 1""
Возрастная категория: Взрослые и дети
# Лечение
## Медикаментозная терапия",0
1132,"Клинические рекомендации ""Аллергический ринит""
Возрастная категория: Взрослые и дети
# Лечение
## Элиминационные мероприятия",0
460,"Клинические рекомендации ""Лекарственные поражения печени (ЛПП) у взрослых""
Возрастная категория: Взрослые
# Лечение
## Медикаментозное лечение",0
1276,"Клинические рекомендации ""Волосатоклеточный лейкоз""
Возрастная категория: Взрослые
# Лечение
## Диетическое лечебное питание",0
1989,"Клинические рекомендации ""Дифференцированный рак щитовидной железы""
Возрастная категория: Взрослые
# Лечение
## Таргетная терапия",0
529,"Клинические рекомендации ""Синдром дефицита Glut1""
Возрастная категория: Взрослые и дети
# Лечение
## Патогенетическое лечение",0
528,"Клинические рекомендации ""Переломы проксимального отдела костей предплечья""
Возрастная категория: Взрослые и дети
# Лечение
## Иное лечение",0
2015,"Клинические рекомендации ""Острый инфаркт миокарда с подъемом сегмента ST электрокардиограммы""
Возрастная категория: Взрослые
# Лечение
## Осложнения
### Фибрилляция предсердий",1
713,"Клинические рекомендации ""Забрюшинные неорганные саркомы""
Возрастная категория: Взрослые
# Лечение
## Обезболивание",0
1025,"Клинические рекомендации ""Амиодарон-индуцированная дисфункция щитовидной железы""
Возрастная категория: Взрослые
# Лечение
## Иное лечение",0
2172,"Клинические рекомендации ""Мукополисахаридоз тип VI""
Возрастная категория: Взрослые
# Лечение",0
958,"Клинические рекомендации ""Раны мягких тканей челюстно-лицевой области""
Возрастная категория: Взрослые и дети
# Лечение
## Обезболивание и седация",0
626,"Клинические рекомендации ""Синдром новорожденного, родившегося  у  матери с сахарным диабетом""
Возрастная категория: Дети
# Лечение",0
1865,"Клинические рекомендации ""Отморожение. Гипотермия. Другие эффекты воздействия низкой температуры.""
Возрастная категория: Взрослые и дети
# Лечение
## Общее (системное) лечение
### Обезболивание и противовоспалительная терапия",0
1924,"Клинические рекомендации ""Меланома кожи и слизистых оболочек""
Возрастная категория: Дети
# Лечение
## Диетотерапия",0
1721,"Клинические рекомендации ""Рак печени (гепатоцеллюлярный)""
Возрастная категория: Взрослые
# Лечение
## Сопроводительная терапия и лечение фоновой патологии печени",1
2016,"Клинические рекомендации ""Рак шейки матки""
Возрастная категория: Взрослые
# Лечение
## Хирургическое лечение",0
998,"Клинические рекомендации ""Негонококковый (неспецифический) уретрит у мужчин""
Возрастная категория: Взрослые
# Лечение
## Консервативное лечение",0
1390,"Клинические рекомендации ""Острый промиелоцитарный лейкоз""
Возрастная категория: Взрослые
# Лечение
## Особые случаи ОПЛ",1
696,"Клинические рекомендации ""Рак желудка""
Возрастная категория: Взрослые
# Лечение
## Лекарственное лечение",0
1457,"Клинические рекомендации ""Сахарный диабет 2 типа у взрослых""
Возрастная категория: Взрослые
# Лечение
## Контроль уровня глюкозы",0
1001,"Клинические рекомендации ""Острые отравления неопиоидными анальгезирующими, жаропонижающими и противоревматическими средствами""
Возрастная категория: Взрослые и дети
# Лечение
## Лечения на этапе специализированной медицинской помощи",0
448,"Клинические рекомендации ""Дефект межжелудочковой перегородки""
Возрастная категория: Взрослые и дети
# Лечение
## Иное лечение",0
1699,"Клинические рекомендации ""Дефект предсердно-желудочковой перегородки  (Атриовентрикулярный канал)""
Возрастная категория: Взрослые и дети
# Лечение
## Иное лечение",0
102,"Клинические рекомендации ""Хроническая воспалительная  демиелинизирующая полирадикулонейропатия""
Возрастная категория: Взрослые
# Лечение
## Немедикаментозная терапия",0
349,"Клинические рекомендации ""Синдром раздраженного кишечника""
Возрастная категория: Взрослые и дети
# Лечение
## Медикаментозное лечение",0
208,"Клинические рекомендации ""Рак носоглотки""
Возрастная категория: Взрослые
# Лечение
## Консервативное лечение",0
1452,"Клинические рекомендации ""Нарушения митохондриального β-окисления жирных кислот""
Возрастная категория: Взрослые и дети
# Лечение
## Рекомендации по терапии отдельных форм FAOD
### Рекомендации по диетотерапии пациентов с MCAD",1
840,"Клинические рекомендации ""Лимфома маргинальной зоны""
Возрастная категория: Взрослые
# Лечение
## Лечение пациентов c ранними стадиями MALT-лимфомы других локализаций",1
1179,"Клинические рекомендации ""Хронический панкреатит""
Возрастная категория: Взрослые
# Лечение
## Хирургическое лечение
### Резекционные операции при хроническом панкреатите",0
1256,"Клинические рекомендации ""Общий артериальный ствол""
Возрастная категория: Взрослые и дети
# Лечение
## Консервативное лечение",0
1834,"Клинические рекомендации ""Болезнь «кленового сиропа»""
Возрастная категория: Взрослые и дети
# Лечение
## Иное лечение",0
1514,"Клинические рекомендации ""Падения у пациентов пожилого и старческого возраста""
Возрастная категория: Взрослые
# Лечение
## Медикаментозные меры профилактики падений",0
608,"Клинические рекомендации ""Послеоперационный рубец на матке, требующий предоставления медицинской помощи матери во время беременности, родов и в послеродовом периоде""
Возрастная категория: Взрослые и дети
# Лечение
## Немедикаментозные методы лечения",0
86,"Клинические рекомендации ""Сепсис (у взрослых)""
Возрастная категория: Взрослые
# Лечение
## Терапия диссеминированного внутрисосудистого свертывания при септическом шоке",1
32,"Клинические рекомендации ""Хронический миелоидный лейкоз""
Возрастная категория: Взрослые и дети
# Лечение
## Иное лечение",0
973,"Клинические рекомендации ""Врожденная дисфункция коры надпочечников (адреногенитальный синдром)""
Возрастная категория: Взрослые
# Лечение
## Хирургическое лечение",0
541,"Клинические рекомендации ""Болезнь Ниманна-Пика тип С""
Возрастная категория: Взрослые и дети
# Лечение
## Диетотерапия",0
1934,"Клинические рекомендации ""Трансплантация поджелудочной железы, наличие трансплантированной поджелудочной железы, отмирание и отторжение трансплантата поджелудочной железы""
Возрастная категория: Взрослые
# Лечение
## Хирургическое лечение",0
580,"Клинические рекомендации ""Цирроз и фиброз печени""
Возрастная категория: Взрослые
# Лечение
## Хирургическое лечение",0
1325,"Клинические рекомендации ""Посттравматическое стрессовое расстройство""
Возрастная категория: Взрослые
# Лечение
## Иное лечение",0
1978,"Клинические рекомендации ""Паническое расстройство""
Возрастная категория: Взрослые
# Лечение
## Психофармакотерапия",0
523,"Клинические рекомендации ""Язвенный колит""
Возрастная категория: Взрослые
# Лечение
## Хирургическое лечение
### Показания к хирургическому лечению ЯК: неэффективность или невозможность продолжения консервативной терапии",0
386,"Клинические рекомендации ""Сахарный диабет 2 типа у детей""
Возрастная категория: Дети
# Лечение
## Обезболивание",0
12,"Клинические рекомендации ""Гипопаратиреоз у взрослых""
Возрастная категория: 
# Лечение
## Подраздел 1. Цели лечения и мониторинга гипопаратиреоза",0
1783,"Клинические рекомендации ""Нейросенсорная тугоухость у детей""
Возрастная категория: Дети
# Лечение
## Консервативное лечение",0
1524,"Клинические рекомендации ""Сепсис новорождённых""
Возрастная категория: Дети
# Лечение
## Консервативное лечение
### Дополнительные методы терапии",0
1538,"Клинические рекомендации ""Острые лимфобластные лейкозы""
Возрастная категория: Взрослые
# Лечение
## Рецидивы Ph-негативных ОЛЛ",1
952,"Клинические рекомендации ""Болезнь Помпе""
Возрастная категория: Взрослые и дети
# Лечение
## Симптоматическое лечение",0
827,"Клинические рекомендации ""Миопическая макулярная дегенерация (Миопическая макулопатия)""
Возрастная категория: Взрослые
# Лечение
## Оптическая коррекция",0
233,"Клинические рекомендации ""Преждевременные роды""
Возрастная категория: 
# Лечение
## Иное лечение",0
1626,"Клинические рекомендации ""Инфекционный эндокардит и инфекция внутрисердечных устройств""
Возрастная категория: Взрослые
# Лечение
## Антибактериальная терапия
### Антибактериальная терапия грамотрицательного эндокардита",1
1061,"Клинические рекомендации ""Дефект аортолегочной перегородки""
Возрастная категория: Взрослые и дети
# Лечение
## Консервативное лечение",0
2123,"Клинические рекомендации ""Острый лимфобластный лейкоз""
Возрастная категория: Дети
# Лечение
## Консервативное лечение
### Трансфузионная поддержка",0
1675,"Клинические рекомендации ""Повреждения хряща коленного сустава""
Возрастная категория: Взрослые и дети
# Лечение
## Внутрисуставные инъекции",0
585,"Клинические рекомендации ""Кишечная инвагинация у детей""
Возрастная категория: Дети
# Лечение
## Методы консервативного лечения",0
1371,"Клинические рекомендации ""Острый лимфобластный лейкоз""
Возрастная категория: Дети
# Лечение
## Иное лечение",0
1485,"Клинические рекомендации ""Себорейный дерматит""
Возрастная категория: Взрослые и дети
# Лечение
## Иное лечение",0
8,"Клинические рекомендации ""Нейроэндокринные опухоли""
Возрастная категория: Взрослые
# Лечение",0
513,"Клинические рекомендации ""Гестационный сахарный диабет""
Возрастная категория: Взрослые и дети
# Лечение
## Наблюдение",0
1883,"Клинические рекомендации ""Истмико-цервикальная недостаточность""
Возрастная категория: Взрослые и дети
# Лечение
## Немедикаментозные методы лечения",0
736,"Клинические рекомендации ""Мукополисахаридоз тип II""
Возрастная категория: Дети
# Лечение
## Симптоматическое лечение",0
1145,"Клинические рекомендации ""Дефицит 3-гидрокси-3-метилглутарил-КоА лиазы""
Возрастная категория: Взрослые и дети
# Лечение
## Хирургическое лечение",0
1190,"Клинические рекомендации ""Инфекционный эндокардит и инфекция внутрисердечных устройств""
Возрастная категория: Взрослые
# Лечение
## Хирургическое лечение
### Периоперационное ведение пациентов с инфекционным эндокардитом, анестезиологическое пособие",0
1016,"Клинические рекомендации ""Увеиты неинфекционные""
Возрастная категория: Взрослые и дети
# Лечение
## Хирургическое лечение",0
965,"Клинические рекомендации ""Сепсис (у взрослых)""
Возрастная категория: Взрослые
# Лечение
## Респираторная поддержка",0
1120,"Клинические рекомендации ""Другие атрофические изменения кожи""
Возрастная категория: Взрослые
# Лечение
## Неинвазивные методы",0
2011,"Клинические рекомендации ""Инородное тело роговицы""
Возрастная категория: Взрослые и дети
# Лечение
## Хирургическое лечение",0
988,"Клинические рекомендации ""Послеродовые инфекционные осложнения""
Возрастная категория: Взрослые и дети
# Лечение
## Лечение послеродового эндометрита",0
2192,"Клинические рекомендации ""Идиопатический мегаколон""
Возрастная категория: Взрослые и дети
# Лечение
## Хирургическое лечение",0
1490,"Клинические рекомендации ""Геморрагический инсульт""
Возрастная категория: Взрослые
# Лечение
## Лечение аневризматического САК
### Оценка исходов лечения пациентов",1
4,"Клинические рекомендации ""Паратонзиллярный абсцесс""
Возрастная категория: Взрослые и дети
# Лечение
## Иное лечение",0
1335,"Клинические рекомендации ""Послеродовое кровотечение""
Возрастная категория: Взрослые и дети
# Лечение
## Хирургическое лечение:",0
398,"Клинические рекомендации ""Вторичная глаукома""
Возрастная категория: Дети
# Лечение
## Медикаментозное гипотензивное лечение",0
53,"Клинические рекомендации ""Меланома кожи и слизистых оболочек""
Возрастная категория: Взрослые
# Лечение
## Лечение пациентов метастатической и нерезектабельной меланомой кожи (IIIC/D нерезектабельная – IV стадия или их эквивалент)
### Подходы к лечению пациентов после полного удаления всех метастатических очагов (эквивалент стадии IV, без признаков заболевания)",1
2115,"Клинические рекомендации ""Геморрой""
Возрастная категория: Взрослые
# Лечение
## Профилактика инфекционных раневых осложнений после хирургического лечения",0
739,"Клинические рекомендации ""Хроническая сердечная недостаточность""
Возрастная категория: Взрослые
# Лечение
## Консервативное лечение
### Особенности лечения пациентов с хронической сердечной недостаточностью и фибрилляцией предсердий",1
182,"Клинические рекомендации ""Рак предстательной железы""
Возрастная категория: Взрослые
# Лечение
## Симптоматическая терапия: обезболивание",0
501,"Клинические рекомендации ""Опухоли средостения""
Возрастная категория: Взрослые
# Лечение
## Лечение мезенхимальных опухолей средостения",1
1636,"Клинические рекомендации ""Цистит у женщин""
Возрастная категория: Взрослые
# Лечение
## Консервативное лечение",0
183,"Клинические рекомендации ""Локализованный гипертрихоз""
Возрастная категория: Взрослые
# Лечение
## Хирургическое лечение",0
1108,"Клинические рекомендации ""Шизофрения""
Возрастная категория: Дети
# Лечение
## Лечение препаратами других групп",0
735,"Клинические рекомендации ""Ожирение у детей""
Возрастная категория: Дети
# Лечение
## Физические нагрузки и профилактика «малоподвижного образа жизни»",0
320,"Клинические рекомендации ""Острый промиелоцитарный лейкоз""
Возрастная категория: Взрослые
# Лечение
## Лечение пациентов с впервые установленным диагнозом ОПЛ",0
1137,"Клинические рекомендации ""Астигматизм""
Возрастная категория: Взрослые и дети
# Лечение
## Функциональное лечение",0
1870,"Клинические рекомендации ""Сифилис""
Возрастная категория: Взрослые и дети
# Лечение
## Хирургическое лечение",0
989,"Клинические рекомендации ""Рак поджелудочной железы""
Возрастная категория: Взрослые
# Лечение
## Коррекция осложнений опухолевого процесса и противоопухолевого лечения",0
2064,"Клинические рекомендации ""Раны мягких тканей челюстно-лицевой области""
Возрастная категория: Взрослые и дети
# Лечение
## Профилактика столбняка",0
323,"Клинические рекомендации ""Ожоги термические и химические. Ожоги солнечные. Ожоги дыхательных путей.""
Возрастная категория: Взрослые и дети
# Лечение
## Общее (системное) лечение
### Профилактика осложнений со стороны желудочно-кишечного тракта",0
213,"Клинические рекомендации ""Перелом нижней челюсти""
Возрастная категория: Дети
# Лечение
## Ортопедическое лечение",0
539,"Клинические рекомендации ""Митральная недостаточность""
Возрастная категория: Взрослые
# Лечение
## Хирургическое лечение
### Выбор типа протеза митрального клапана",0
174,"Клинические рекомендации ""Пограничные опухоли яичников""
Возрастная категория: Взрослые
# Лечение
## Рецидивы серозных пограничных опухолей яичников",1
526,"Клинические рекомендации ""Ожирение у детей""
Возрастная категория: Дети
# Лечение
## Хирургическое лечение",0
13,"Клинические рекомендации ""Острый промиелоцитарный лейкоз""
Возрастная категория: Взрослые
# Лечение
## Первичные действия по проведению сопроводительной терапии при подозрении на диагноз ОПЛ",0
2009,"Клинические рекомендации ""Гепатобластома""
Возрастная категория: Дети
# Лечение
## Гемотрансфузионная поддержка",0
1395,"Клинические рекомендации ""Гемангиома инфантильная""
Возрастная категория: Дети
# Лечение
## Иные методы лечения",0
1419,"Клинические рекомендации ""Инфекция мочевых путей при беременности""
Возрастная категория: Взрослые
# Лечение
## Хирургические методы лечения",0
730,"Клинические рекомендации ""Депрессивный эпизод, Рекуррентное депрессивное расстройство""
Возрастная категория: 
# Лечение
## Купирующая терапия ДЭ на третьем этапе",0
2056,"Клинические рекомендации ""Эндометриоз""
Возрастная категория: Взрослые и дети
# Лечение
## Эндометриоз у подростков (до 18 лет)",1
1130,"Клинические рекомендации ""Киста почки у детей""
Возрастная категория: Дети
# Лечение
## Хирургическое лечение",0
792,"Клинические рекомендации ""Послеоперационный рубец на матке, требующий предоставления медицинской помощи матери во время беременности, родов и в послеродовом периоде""
Возрастная категория: Взрослые и дети
# Лечение
## Медикаментозные методы лечения",0
1448,"Клинические рекомендации ""Лямблиоз у детей и взрослых""
Возрастная категория: Взрослые и дети
# Лечение
## Диетотерапия",0
638,"Клинические рекомендации ""Эндометриоз""
Возрастная категория: Взрослые и дети
# Лечение
## Хирургическое лечение",0
1287,"Клинические рекомендации ""Переломы дистального отдела костей голени""
Возрастная категория: Взрослые и дети
# Лечение
## Консервативное лечение
### Иное лечение",0
834,"Клинические рекомендации ""Ожоги термические и химические. Ожоги солнечные. Ожоги дыхательных путей.""
Возрастная категория: Взрослые и дети
# Лечение
## Общее (системное) лечение
### Нутритивная поддержка",0
134,"Клинические рекомендации ""Переломы проксимального отдела костей предплечья""
Возрастная категория: Взрослые и дети
# Лечение
## Консервативное лечение",0
1015,"Клинические рекомендации ""Переломы дистального отдела плечевой кости""
Возрастная категория: Взрослые и дети
# Лечение
## Консервативное лечение",0
2057,"Клинические рекомендации ""Острый пиелонефрит""
Возрастная категория: Взрослые
# Лечение
## Диетотерапия",0
649,"Клинические рекомендации ""Дискордантное предсердно-желудочковое соединение""
Возрастная категория: Взрослые и дети
# Лечение
## Хирургическое лечение
### Гемодинамическая (одножелудочковая) коррекция",1
279,"Клинические рекомендации ""Гепатобластома""
Возрастная категория: Дети
# Лечение
## Венозный доступ",0
564,"Клинические рекомендации ""Дегенеративные заболевания позвоночника""
Возрастная категория: Взрослые и дети
# Лечение
## Пункционные вмешательства
### Пункционные интервенционные процедуры в области эпидурального пространства и спинномозговых нервов в поясничном и крестцовом отделе позвоночника",0
1996,"Клинические рекомендации ""Сахарный диабет 2 типа у детей""
Возрастная категория: Дети
# Лечение
## Психологическая поддержка",0
1629,"Клинические рекомендации ""Нормальный послеродовый период (послеродовая помощь и обследование)""
Возрастная категория: Взрослые и дети
# Лечение
## Немедикаментозные методы лечения",0
33,"Клинические рекомендации ""Трансплантация сердца, наличие трансплантированного сердца, отмирание  и отторжение трансплантата сердца""
Возрастная категория: Взрослые и дети
# Лечение
## Повторная трансплантация сердца (ретрансплантация)",1
482,"Клинические рекомендации ""Рак яичников / рак маточной трубы / первичный рак брюшины""
Возрастная категория: Взрослые
# Лечение
## Обезболивание",0
1966,"Клинические рекомендации ""Гестационный сахарный диабет""
Возрастная категория: Взрослые и дети
# Лечение
## Консервативное лечение",0
1229,"Клинические рекомендации ""Глаукома первичная закрытоугольная""
Возрастная категория: Взрослые
# Лечение
## Лазерное лечение",0
1769,"Клинические рекомендации ""Инородное тело в пищеварительном тракте""
Возрастная категория: Взрослые и дети
# Лечение
## Медикаментозная терапия у пациентов с инородными телами пищеварительного тракта (приложение А3, табл. 9)",0
1784,"Клинические рекомендации ""Язвенная болезнь""
Возрастная категория: Взрослые
# Лечение
## Консервативное лечение",0
71,"Клинические рекомендации ""Вторичное злокачественное новообразование головного мозга и мозговых оболочек""
Возрастная категория: Взрослые
# Лечение
## Диетотерапия",0
2183,"Клинические рекомендации ""Генерализованное тревожное расстройство""
Возрастная категория: Взрослые
# Лечение
## Психофармакотерапия
### Терапия второй линии",0
47,"Клинические рекомендации ""Синдром дефицита Glut1""
Возрастная категория: Взрослые и дети
# Лечение
## Сопутствующая терапия на фоне применения кетогенной диеты",0
841,"Клинические рекомендации ""Инфекционный эндокардит и инфекция внутрисердечных устройств""
Возрастная категория: Взрослые
# Лечение
## Ведение пациентов с инфекционным эндокардитом в отдельных клинических ситуациях
### Инфекционный эндокардит правых отделов сердца",1
1213,"Клинические рекомендации ""Базальноклеточный рак кожи""
Возрастная категория: Взрослые
# Лечение
## Лечение локальных стадий заболевания (I-II)
### Лечение базально-клеточного рака высокого риска с локализацией на коже век (включая спайку век)",1
188,"Клинические рекомендации ""Геморрагический инсульт""
Возрастная категория: Взрослые
# Лечение
## Лечение аневризматического САК
### Интенсивная терапия при САК",1
531,"Клинические рекомендации ""Множественная миелома""
Возрастная категория: Взрослые
# Лечение
## Определение эффективности лечения",0
1965,"Клинические рекомендации ""Дисменорея""
Возрастная категория: Взрослые и дети
# Лечение
## Консервативное лечение",0
446,"Клинические рекомендации ""Пограничные опухоли яичников""
Возрастная категория: Взрослые
# Лечение
## Диетотерапия",0
870,"Клинические рекомендации ""Наследственный ангиоотёк""
Возрастная категория: Взрослые и дети
# Лечение
## Купирование ангиоотёков",0
1042,"Клинические рекомендации ""Аменорея и олигоменорея""
Возрастная категория: Взрослые и дети
# Лечение
## Медикаментозная и немедикаментозная терапия состояний, сопровождающихся аменореей и олигоменореей",0
1573,"Клинические рекомендации ""Потеря слуха, вызванная шумом""
Возрастная категория: Взрослые
# Лечение
## Консервативное лечение",0
1004,"Клинические рекомендации ""Острые порфирии""
Возрастная категория: Взрослые и дети
# Лечение
## Лечение гемином",0
1781,"Клинические рекомендации ""Лимфома маргинальной зоны""
Возрастная категория: Взрослые
# Лечение
## Консолидация ремиссии ЛМЗ у пациентов старше 18 лет",1
1415,"Клинические рекомендации ""Болезнь Шёйермана""
Возрастная категория: Взрослые и дети
# Лечение
## Обезболивание",0
2096,"Клинические рекомендации ""Ожоги термические и химические. Ожоги солнечные. Ожоги дыхательных путей.""
Возрастная категория: Взрослые и дети
# Лечение
## Общее (системное) лечение
### Дезинтоксикационная терапия",0
2171,"Клинические рекомендации ""Рак шейки матки""
Возрастная категория: Взрослые
# Лечение
## Лечение рецидива",0
1013,"Клинические рекомендации ""Прогрессирующая мышечная дистрофия Дюшенна. Прогрессирующая мышечная дистрофия Беккера""
Возрастная категория: Дети
# Лечение
## Медикаментозная терапия. Патогенетическое лечение",0
451,"Клинические рекомендации ""Желудочковые нарушения ритма. Желудочковые тахикардии и внезапная сердечная смерть""
Возрастная категория: Взрослые и дети
# Лечение
## Лечение желудочковых аритмий и профилактика внезапной сердечной смерти
### Хирургическое лечение ЖТ",0
594,"Клинические рекомендации ""Ожоги термические и химические. Ожоги солнечные. Ожоги дыхательных путей.""
Возрастная категория: Взрослые и дети
# Лечение
## Общее (системное) лечение
### Антитромботическая терапия",0
69,"Клинические рекомендации ""Прочие первичные грыжи брюшной стенки""
Возрастная категория: Взрослые
# Лечение
## Хирургическое лечение",0
922,"Клинические рекомендации ""Врожденный подклапанный стеноз аорты""
Возрастная категория: Дети
# Лечение
## Хирургическое лечение",0
885,"Клинические рекомендации ""Острые лимфобластные лейкозы""
Возрастная категория: Взрослые
# Лечение
## Лечение пациентов с Ph-позитивным ОЛЛ",1
1878,"Клинические рекомендации ""Урогенитальные свищи""
Возрастная категория: Взрослые
# Лечение
## Немедикаментозная терапия",0
673,"Клинические рекомендации ""Хроническая сердечная недостаточность""
Возрастная категория: Взрослые
# Лечение
## Консервативное лечение
### Терапия, не рекомендованная (не доказан положительный эффект) пациентам с симптомной сердечной недостаточностью и сниженной фракцией выброса левого желудочка",1
1813,"Клинические рекомендации ""Мочекаменная болезнь""
Возрастная категория: Дети
# Лечение
## Консервативное лечение",0
962,"Клинические рекомендации ""Язвенная болезнь желудка и/или двенадцатиперстной кишки""
Возрастная категория: Дети
# Лечение
## Хирургическое лечение",0
1658,"Клинические рекомендации ""Рак прямой кишки""
Возрастная категория: Взрослые
# Лечение
## Общие принципы хирургического лечения. Хирургическое лечение неметастатического рака прямой кишки",0
1165,"Клинические рекомендации ""Интраокулярная ретинобластома""
Возрастная категория: 
# Лечение
## Хирургическое лечение",0
1915,"Клинические рекомендации ""Легочная гипертензия, в том числе хроническая тромбоэмболическая легочная гипертензия""
Возрастная категория: Взрослые
# Лечение
## Интенсивная терапия",0
1095,"Клинические рекомендации ""Рак предстательной железы""
Возрастная категория: Взрослые
# Лечение
## Диетотерапия",0
780,"Клинические рекомендации ""Врожденная пневмония""
Возрастная категория: Дети
# Лечение
## Хирургическое лечение",0
168,"Клинические рекомендации ""Злокачественное новообразование бронхов и легкого""
Возрастная категория: Взрослые
# Лечение
## Лечение пациентов с мелкоклеточным раком легкого",1
629,"Клинические рекомендации ""Меланома кожи и слизистых оболочек""
Возрастная категория: Взрослые
# Лечение
## Лечение пациентов метастатической и нерезектабельной меланомой кожи (IIIC/D нерезектабельная – IV стадия или их эквивалент)
### Общие принципы выбора терапии 1-й линии у пациентов метастатической или неоперабельной меланомой кожи",1
1453,"Клинические рекомендации ""Крапивница""
Возрастная категория: Взрослые и дети
# Лечение
## Индукция толерантности",0
204,"Клинические рекомендации ""Рак полового члена""
Возрастная категория: Взрослые
# Лечение
## Лечение пациентов с регионарными метастазами РПЧ",1
1877,"Клинические рекомендации ""Дисменорея""
Возрастная категория: Взрослые и дети
# Лечение
## Иное лечение",0
2118,"Клинические рекомендации ""Синдром раздраженного кишечника""
Возрастная категория: Взрослые и дети
# Лечение
## Основные принципы терапии",0
1903,"Клинические рекомендации ""Затрудненные роды [дистоция] вследствие предлежания плечика. Дистоция плечиков""
Возрастная категория: Взрослые и дети
# Лечение
## Особенности реанимации новорождённых",1
1340,"Клинические рекомендации ""Гиперплазия эндометрия""
Возрастная категория: Взрослые
# Лечение
## Тактика ведения пациенток с ГЭ без атипии",1
1582,"Клинические рекомендации ""Дегенеративные заболевания позвоночника""
Возрастная категория: Взрослые и дети
# Лечение
## Пункционные вмешательства
### Пункционные интервенционные процедуры в области дугоотростчатых (фасеточных) суставов поясничного отдела позвоночника",1
1472,"Клинические рекомендации ""Анальная трещина""
Возрастная категория: Взрослые
# Лечение
## Общие принципы лечения острой и хронической анальной трещины",0
141,"Клинические рекомендации ""Гепатобластома""
Возрастная категория: Дети
# Лечение
## Профиллактика и диагностика инфекции у детей с гепатобластомой на фоне проводимого лечения
### Лечение при фебрильной нейтропении",1
892,"Клинические рекомендации ""Гепатобластома""
Возрастная категория: Дети
# Лечение
## Профилактика и лечение тошноты и рвоты, обусловленных проведением противоопухолевой терапии",0
1251,"Клинические рекомендации ""Острый обструктивный ларингит [круп], эпиглоттит, постинтубационный отек гортани""
Возрастная категория: Взрослые и дети
# Лечение
## Хирургическое лечение",0
1428,"Клинические рекомендации ""Макулярная дегенерация возрастная""
Возрастная категория: Взрослые
# Лечение
## Лазерное лечение",0
763,"Клинические рекомендации ""Рак гортани""
Возрастная категория: Взрослые
# Лечение
## Принципы лучевой/химиолучевой терапии",0
1434,"Клинические рекомендации ""Интраокулярная ретинобластома""
Возрастная категория: 
# Лечение
## Дистанционная лучевая терапия (ЛТ)",0
1317,"Клинические рекомендации ""Свищ заднего прохода и прямой кишки""
Возрастная категория: Взрослые
# Лечение
## Лечение свищей заднего прохода, связанных с болезнью Крона (БК)",1
1339,"Клинические рекомендации ""Множественная миелома""
Возрастная категория: Взрослые
# Лечение
## Сопутствующая и сопроводительная терапия",0
1079,"Клинические рекомендации ""Лекарственные поражения печени (ЛПП) у взрослых""
Возрастная категория: Взрослые
# Лечение
## Общие рекомендации по терапии ЛПП",0
37,"Клинические рекомендации ""Острая респираторная вирусная инфекция (ОРВИ)""
Возрастная категория: Дети
# Лечение
## Хирургическое лечение",0
473,"Клинические рекомендации ""Бронхиальная астма""
Возрастная категория: Взрослые и дети
# Лечение
## Методы нетрадиционной и альтернативной медицины",0
22,"Клинические рекомендации ""Мукополисахаридоз тип II""
Возрастная категория: Взрослые
# Лечение",0
751,"Клинические рекомендации ""Уротелиальный рак верхних мочевыводящих путей""
Возрастная категория: Взрослые
# Лечение
## Периоперационное лечение",0
1664,"Клинические рекомендации ""Первичный гиперпаратиреоз""
Возрастная категория: Взрослые
# Лечение",0
902,"Клинические рекомендации ""Открытый артериальный проток (ОАП)""
Возрастная категория: Взрослые и дети
# Лечение
## Консервативное лечение",0
1111,"Клинические рекомендации ""Злокачественное новообразование бронхов и легкого""
Возрастная категория: Взрослые
# Лечение
## Лечение пациентов с немелкоклеточным раком легкого
### Лекарственное противоопухолевое лечение",1
857,"Клинические рекомендации ""Рак гортаноглотки""
Возрастная категория: Взрослые
# Лечение
## Тактика лечения",0
1219,"Клинические рекомендации ""Сахарный диабет 2 типа у взрослых""
Возрастная категория: Взрослые
# Лечение
## Иное лечение",0
1427,"Клинические рекомендации ""Наследственные дистрофии сетчатки""
Возрастная категория: Взрослые и дети
# Лечение
## Хирургическое лечение",0
431,"Клинические рекомендации ""Психические и поведенческие расстройства,  вызванные употреблением психоактивных веществ Синдром зависимости от психоактивных веществ (кроме алкоголя и никотина)""
Возрастная категория: Взрослые и дети
# Лечение
## Оценка эффективности и безопасности лечения",0
2103,"Клинические рекомендации ""Злокачественные новообразования почек, почечных лоханок, мочеточника, других и неуточненных мочевых органов""
Возрастная категория: Дети
# Лечение
## Неоадъювантная химиотерапия",0
1499,"Клинические рекомендации ""Внутрипеченочный холестаз при беременности""
Возрастная категория: Взрослые и дети
# Лечение
## Медикаментозное лечение",0
1102,"Клинические рекомендации ""Травма носа""
Возрастная категория: Взрослые и дети
# Лечение
## Хирургическое лечение",0
1370,"Клинические рекомендации ""Аномальные маточные кровотечения""
Возрастная категория: Взрослые и дети
# Лечение
## АМК у подростков",1
250,"Клинические рекомендации ""Нарушение обмена фосфора (Гипофосфатазия)""
Возрастная категория: Взрослые и дети
# Лечение
## Иное лечение",0
1820,"Клинические рекомендации ""Саркома Капоши""
Возрастная категория: Взрослые
# Лечение
## Диетотерапия",0
327,"Клинические рекомендации ""Артериальная гипертензия у взрослых""
Возрастная категория: Взрослые
# Лечение
## Лечение артериальной гипертензии в отдельных клинических ситуациях",1
285,"Клинические рекомендации ""Открытый артериальный проток (ОАП)""
Возрастная категория: Взрослые и дети
# Лечение
## Хирургическое лечение",0
474,"Клинические рекомендации ""Инфекция мочевых путей""
Возрастная категория: Дети
# Лечение
## Консервативное лечение",0
1916,"Клинические рекомендации ""Иммунная тромбоцитопения""
Возрастная категория: Дети
# Лечение
## Терапия пациентов с впервые диагностированной ИТП",0
1730,"Клинические рекомендации ""Запор""
Возрастная категория: Взрослые
# Лечение
## Консервативное лечение",0
1244,"Клинические рекомендации ""Переломы дистального отдела костей голени""
Возрастная категория: Взрослые и дети
# Лечение
## Консервативное лечение
### Хирургическое лечение",0
1757,"Клинические рекомендации ""Варикозное расширение вен нижних конечностей""
Возрастная категория: Взрослые
# Лечение
## Хирургическое лечение
### Профилактика ВТЭО в хирургии вен",0
1046,"Клинические рекомендации ""Идиопатическая тромбоцитопеническая пурпура (ИТП) у взрослых""
Возрастная категория: 
# Лечение
## Терапия пациентов с персистирующей ИТП (длительность болезни от 3 до 12 мес)",1
325,"Клинические рекомендации ""Преэклампсия. Эклампсия. Отеки, протеинурия и гипертензивные расстройства во время беременности, в родах и послеродовом периоде.""
Возрастная категория: Взрослые и дети
# Лечение
## Ведение послеродового периода",0
1351,"Клинические рекомендации ""Нервно-мышечный сколиоз""
Возрастная категория: Взрослые и дети
# Лечение
## Консервативное лечение",0
1216,"Клинические рекомендации ""Мальформация кровеносных сосудов головы и шеи""
Возрастная категория: Взрослые и дети
# Лечение
## Хирургическое лечение",0
1263,"Клинические рекомендации ""Врожденный надклапанный стеноз аорты""
Возрастная категория: Дети
# Лечение
## Хирургическое лечение",0
87,"Клинические рекомендации ""Перелом нижней челюсти""
Возрастная категория: Взрослые
# Лечение
## Профилактика инфекций области хирургического вмешательства",0
817,"Клинические рекомендации ""Психические и поведенческие расстройства, вызванные употреблением психоактивных веществ Синдром отмены психоактивных веществ (абстинентное состояние, вызванное употреблением психоактивных веществ) (кроме алкоголя и никотина)""
Возрастная категория: Взрослые и дети
# Лечение
## Оценка эффективности и безопасности лечения",0
317,"Клинические рекомендации ""Шизофрения""
Возрастная категория: Дети
# Лечение
## Лечение препаратами группы антидепрессантов",0
35,"Клинические рекомендации ""Острый инфаркт миокарда с подъемом сегмента ST электрокардиограммы""
Возрастная категория: Взрослые
# Лечение
## Лечение пациентов пожилого и старческого возраста",1
602,"Клинические рекомендации ""Геморрой""
Возрастная категория: Взрослые
# Лечение
## Общие принципы лечения острого и хронического геморроя",0
1343,"Клинические рекомендации ""Рак печени (гепатоцеллюлярный)""
Возрастная категория: Взрослые
# Лечение
## Хирургическое лечение",0
455,"Клинические рекомендации ""Лямблиоз у детей и взрослых""
Возрастная категория: Взрослые и дети
# Лечение
## Патогенетическая и симптоматическая терапия",0
439,"Клинические рекомендации ""Депрессивный эпизод, Рекуррентное депрессивное расстройство""
Возрастная категория: 
# Лечение
## Иное лечение",0
319,"Клинические рекомендации ""Множественные переломы мозгового и лицевого отделов черепа""
Возрастная категория: Взрослые и дети
# Лечение
## Ортопедическое лечение",0
202,"Клинические рекомендации ""Карцинома Меркеля""
Возрастная категория: Взрослые
# Лечение
## Обезболивание",0
1638,"Клинические рекомендации ""Острые порфирии""
Возрастная категория: Взрослые и дети
# Лечение
## Ведение беременности у пациенток с ОП",1
1386,"Клинические рекомендации ""Воспалительные поражения позвоночника""
Возрастная категория: Взрослые
# Лечение
## Хирургическое лечение",0
616,"Клинические рекомендации ""Сахарный диабет 2 типа у взрослых""
Возрастная категория: Взрослые
# Лечение
## Медикаментозная терапия
### Инсулинотерапия",0
650,"Клинические рекомендации ""Полицитемия новорожденного""
Возрастная категория: Дети
# Лечение
## Иное лечение",0
2007,"Клинические рекомендации ""Острые порфирии""
Возрастная категория: Взрослые и дети
# Лечение
## Симптоматическая терапия",0
1378,"Клинические рекомендации ""Недержание мочи""
Возрастная категория: Взрослые
# Лечение
## Консервативные методы лечения",0
2187,"Клинические рекомендации ""Катаракта старческая""
Возрастная категория: Взрослые
# Лечение",0
2163,"Клинические рекомендации ""Хронический болевой синдром (ХБС) у взрослых пациентов, нуждающихся в паллиативной медицинской помощи""
Возрастная категория: Взрослые
# Лечение
## Консервативная терапия
### Смена (ротация) опиоида",0
508,"Клинические рекомендации ""Злокачественные опухоли слюнных желез""
Возрастная категория: Взрослые
# Лечение
## Обезболивание",0
1776,"Клинические рекомендации ""Дистония""
Возрастная категория: Взрослые и дети
# Лечение
## Консервативное лечение",0
680,"Клинические рекомендации ""Старческая астения""
Возрастная категория: Взрослые
# Лечение
## Особенности лечения сопутствующих заболеваний и состояний у пациентов с синдромом старческой астении",0
1347,"Клинические рекомендации ""Рак уретры""
Возрастная категория: Взрослые
# Лечение
## Лечение неоперабельного местно-распространенного и метастатического рака уретры",1
687,"Клинические рекомендации ""Недостаточность питания (мальнутриция) у пациентов пожилого и старческого возраста""
Возрастная категория: Взрослые
# Лечение
## Особые категории пациентов",0
748,"Клинические рекомендации ""Специфические расстройства развития речи у детей""
Возрастная категория: Дети
# Лечение
## Медикаментозная терапия",0
1166,"Клинические рекомендации ""Сквозной макулярный разрыв Витреомакулярный тракционный синдром""
Возрастная категория: Взрослые
# Лечение
## Консервативное лечение",0
1997,"Клинические рекомендации ""Гонартроз""
Возрастная категория: Взрослые и дети
# Лечение
## Консервативное лечение
### Немедикаментозная терапия",0
1114,"Клинические рекомендации ""Хроническая обструктивная болезнь легких""
Возрастная категория: Взрослые
# Лечение
## Другие методы лечения",0
909,"Клинические рекомендации ""Желчнокаменная болезнь""
Возрастная категория: Дети
# Лечение
## Консервативное лечение",0
566,"Клинические рекомендации ""Ожоги глаз""
Возрастная категория: Взрослые и дети
# Лечение
## Консервативное лечение",0
1036,"Клинические рекомендации ""Трансплантация сердца, наличие трансплантированного сердца, отмирание  и отторжение трансплантата сердца""
Возрастная категория: Взрослые и дети
# Лечение
## Иммуносупрессивная терапия
### Минимизация иммуносупрессивной терапии",0
2109,"Клинические рекомендации ""Психические и поведенческие расстройства, вызванные употреблением психоактивных веществ [алкоголя, опиоидов, каннабиноидов, седативных и снотворных веществ, кокаина, других стимуляторов (кроме кофеина), летучих растворителей, никотина, галлюциногенов и нескольких психоактивных веществ]. Острая интоксикация""
Возрастная категория: Взрослые и дети
# Лечение
## Общие подходы к терапии ОИ ПАВ",0
944,"Клинические рекомендации ""Аногенитальная герпетическая вирусная инфекция""
Возрастная категория: Взрослые и дети
# Лечение
## Иное лечение",0
254,"Клинические рекомендации ""Злокачественное новообразование бронхов и легкого""
Возрастная категория: Взрослые
# Лечение
## Лечение пациентов с немелкоклеточным раком легкого
### Паллиативная, в том числе лучевая, и симптоматическая терапия",1
724,"Клинические рекомендации ""Ботулизм у детей""
Возрастная категория: Дети
# Лечение
## «Консервативное лечение»",0
271,"Клинические рекомендации ""Острая кишечная непроходимость опухолевой этиологии""
Возрастная категория: Взрослые
# Лечение
## Консервативная терапия",0
624,"Клинические рекомендации ""Опухоли невыявленной первичной локализации""
Возрастная категория: Взрослые и дети
# Лечение
## Обезболивание",0
1850,"Клинические рекомендации ""Острый инфаркт миокарда с подъемом сегмента ST электрокардиограммы""
Возрастная категория: Взрослые
# Лечение
## Иное лечение",0
1661,"Клинические рекомендации ""Мужское бесплодие""
Возрастная категория: Взрослые
# Лечение
## Лечение бесплодия у мужчин с необструктивной азооспермией",1
85,"Клинические рекомендации ""Первичная надпочечниковая недостаточность""
Возрастная категория: Взрослые
# Лечение",0
977,"Клинические рекомендации ""Лимфома Ходжкина""
Возрастная категория: Взрослые и дети
# Лечение
## Первая линия терапии кЛХ, распространенные стадии, у пациентов 18–60 лет",1
1471,"Клинические рекомендации ""Отравления бензодиазепинами""
Возрастная категория: Взрослые и дети
# Лечение
## Общие подходы к терапии отравления бензодиазепинами",0
1463,"Клинические рекомендации ""Мальформация кровеносных сосудов головы и шеи""
Возрастная категория: Взрослые и дети
# Лечение
## Консервативное лечение",0
229,"Клинические рекомендации ""Открытая рана голени""
Возрастная категория: Взрослые и дети
# Лечение
## Обезболивание",0
1246,"Клинические рекомендации ""Депрессивный эпизод, Рекуррентное депрессивное расстройство""
Возрастная категория: 
# Лечение
## Стабилизирующая терапия",0
377,"Клинические рекомендации ""Варикозное расширение вен нижних конечностей""
Возрастная категория: Взрослые
# Лечение
## Хирургическое лечение
### Цели хирургического лечения, показания к хирургическому лечению варикозной болезни",0
1910,"Клинические рекомендации ""Открытая рана голени""
Возрастная категория: Взрослые и дети
# Лечение
## Консервативное лечение",0
155,"Клинические рекомендации ""Вторичное злокачественное новообразование головного мозга и мозговых оболочек""
Возрастная категория: Взрослые
# Лечение
## Стероидная и противоотечная терапия",0
1705,"Клинические рекомендации ""Стриктура уретры""
Возрастная категория: Взрослые
# Лечение
## Резекция уретры с анастомозом «конец в конец»",0
1435,"Клинические рекомендации ""Мукополисахаридоз тип I""
Возрастная категория: Взрослые
# Лечение
## Патогенетическое лечение",0
1523,"Клинические рекомендации ""Гипотиреоз""
Возрастная категория: Взрослые
# Лечение
## Хирургическое лечение",0
1533,"Клинические рекомендации ""Язвенная болезнь""
Возрастная категория: Взрослые
# Лечение
## Хирургическое лечение
### Диетотерапия при ПЯ",0
1882,"Клинические рекомендации ""Макроглобулинемия Вальденстрема""
Возрастная категория: Взрослые
# Лечение
## Показания к началу лечения",0
214,"Клинические рекомендации ""Норовирусный гастроэнтерит у детей""
Возрастная категория: Дети
# Лечение
## Диетотерапия",0
1350,"Клинические рекомендации ""Открытая рана голени""
Возрастная категория: Взрослые и дети
# Лечение
## Диетотерапия",0
493,"Клинические рекомендации ""Рак предстательной железы""
Возрастная категория: Взрослые
# Лечение
## Лекарственная терапия
### Лечение кастрационно-резистентного РПЖ (КРРПЖ)",1
498,"Клинические рекомендации ""Идиопатический мегаколон""
Возрастная категория: Взрослые и дети
# Лечение
## Консервативное лечение",0
1152,"Клинические рекомендации ""Хроническая сердечная недостаточность""
Возрастная категория: Взрослые
# Лечение
## Консервативное лечение
### Профилактика фибрилляции предсердий у пациентов с хронической сердечной недостаточностью",1
1202,"Клинические рекомендации ""Потеря слуха, вызванная шумом""
Возрастная категория: Взрослые
# Лечение
## Хирургическое лечение",0
1657,"Клинические рекомендации ""Выпадение прямой кишки""
Возрастная категория: Взрослые
# Лечение
## Консервативное лечение",0
1919,"Клинические рекомендации ""Пузырчатка""
Возрастная категория: Взрослые и дети
# Лечение
## Хирургическое лечение",0
6,"Клинические рекомендации ""Химический ожог пищевода""
Возрастная категория: Взрослые и дети
# Лечение
## Лечение в острой стадии отравления ВПД",0
579,"Клинические рекомендации ""Гонартроз""
Возрастная категория: Взрослые и дети
# Лечение
## Консервативное лечение
### Внутрисуставные инъекции",0
340,"Клинические рекомендации ""Трансплантация сердца, наличие трансплантированного сердца, отмирание  и отторжение трансплантата сердца""
Возрастная категория: Взрослые и дети
# Лечение
## Госпитальный послеоперационный период у реципиентов трансплантированного сердца",0
1172,"Клинические рекомендации ""Язвенный колит""
Возрастная категория: Взрослые
# Лечение
## Хирургическое лечение
### Медикаментозная терапия в период хирургического лечения",0
669,"Клинические рекомендации ""Хронический вирусный гепатит С""
Возрастная категория: Взрослые
# Лечение
## Пациенты схронической болезнью почек",1
1899,"Клинические рекомендации ""Флебит и тромбофлебит поверхностных сосудов""
Возрастная категория: Взрослые
# Лечение
## Диетическое лечебное питание пациентов с флебитом и тромбофлебитом поверхностных сосудов",0
84,"Клинические рекомендации ""Базальноклеточный рак кожи""
Возрастная категория: Взрослые
# Лечение
## Лечение пациентов метастатическим и нерезектабельным базальноклеточным раком кожи (III нерезектабельная и IV стадия и их эквиваленты)",1
2030,"Клинические рекомендации ""Злокачественные опухоли слюнных желез""
Возрастная категория: Взрослые
# Лечение
## Принципы хирургического лечения",0
1743,"Клинические рекомендации ""Недостаточность питания (мальнутриция) у пациентов пожилого и старческого возраста""
Возрастная категория: Взрослые
# Лечение
## Обезвоживание у пациентов пожилого и старческого возраста",1
883,"Клинические рекомендации ""Раны мягких тканей челюстно-лицевой области""
Возрастная категория: Взрослые и дети
# Лечение
## Иное лечение. Физиотерапия",0
341,"Клинические рекомендации ""Злокачественное новообразование ободочной кишки""
Возрастная категория: Взрослые
# Лечение
## Симптоматическая терапия",0
520,"Клинические рекомендации ""Болезнь «кленового сиропа»""
Возрастная категория: Взрослые и дети
# Лечение
## Консервативное лечение",0
1307,"Клинические рекомендации ""Митральная недостаточность""
Возрастная категория: Взрослые
# Лечение
## Иное лечение",0
2003,"Клинические рекомендации ""Раны мягких тканей челюстно-лицевой области""
Возрастная категория: Взрослые и дети
# Лечение
## Профилактика инфекций области хирургического вмешательства",0
1961,"Клинические рекомендации ""Варикозное расширение вен нижних конечностей""
Возрастная категория: Взрослые
# Лечение
## Рецидив варикозного расширения вен нижних конечностей",0
1927,"Клинические рекомендации ""Эндометриоз""
Возрастная категория: Взрослые и дети
# Лечение
## Эндометриоз в постменопаузе",1
353,"Клинические рекомендации ""Ожоги термические и химические. Ожоги солнечные. Ожоги дыхательных путей.""
Возрастная категория: Взрослые и дети
# Лечение
## Общее (системное) лечение
### Гормональная терапия",0
1281,"Клинические рекомендации ""Другие нарушения накопления липидов (Дефицит лизосомой кислой липазы)""
Возрастная категория: Взрослые и дети
# Лечение
## Патогенетическое лечение",0
984,"Клинические рекомендации ""Кистозный фиброз (муковисцидоз)""
Возрастная категория: Взрослые и дети
# Лечение
## Беременность при муковисцидозе",1
484,"Клинические рекомендации ""Повреждение связок коленного сустава""
Возрастная категория: Взрослые и дети
# Лечение
## Профилактика венозных тромбоэмболических осложнений",0
417,"Клинические рекомендации ""Медуллярный рак щитовидной железы""
Возрастная категория: Взрослые и дети
# Лечение
## Медикаментозное лечение",0
442,"Клинические рекомендации ""Варикозное расширение вен нижних конечностей""
Возрастная категория: Взрослые
# Лечение
## Фармакотерапия
### Местные лекарственные формы в лечении ХЗВ",0
1128,"Клинические рекомендации ""Генерализованное тревожное расстройство""
Возрастная категория: Взрослые
# Лечение
## Психофармакотерапия
### Терапия первой линии",0
1398,"Клинические рекомендации ""Язвенный колит""
Возрастная категория: Взрослые
# Лечение
## Консервативное лечение
### Левосторонний и тотальный язвенный колит. Тяжелая атака",1
27,"Клинические рекомендации ""Стриктура уретры""
Возрастная категория: Взрослые
# Лечение
## Фармакотерапия в лечении стриктур уретры",0
773,"Клинические рекомендации ""Язвенный колит""
Возрастная категория: Взрослые
# Лечение
## Хирургическое лечение
### Выбор вида хирургического лечения",0
452,"Клинические рекомендации ""Врожденная дисфункция коры надпочечников (адреногенитальный синдром)""
Возрастная категория: Взрослые
# Лечение
## Консервативное лечение",0
2050,"Клинические рекомендации ""Хронический вирусный гепатит С (ХВГС) у детей""
Возрастная категория: Дети
# Лечение
## Консервативное лечение",0
752,"Клинические рекомендации ""Перелом верхней челюсти и скуловой кости""
Возрастная категория: Дети
# Лечение
## Диетотерапия",0
149,"Клинические рекомендации ""Холецистит""
Возрастная категория: Взрослые
# Лечение
## Хирургическое лечение",0
1561,"Клинические рекомендации ""Киста почки""
Возрастная категория: Взрослые
# Лечение
## Консервативное лечение",0
1323,"Клинические рекомендации ""Дискогенная пояснично-крестцовая радикулопатия""
Возрастная категория: Взрослые
# Лечение
## Хирургическое лечение",0
1332,"Клинические рекомендации ""Аллергический ринит""
Возрастная категория: Взрослые и дети
# Лечение
## Особенности лечения АР у беременных и в период грудного вскармливания",1
646,"Клинические рекомендации ""Острые порфирии""
Возрастная категория: Взрослые и дети
# Лечение
## Коррекция водно-солевого баланса",0
577,"Клинические рекомендации ""Дерматит контактный""
Возрастная категория: Взрослые и дети
# Лечение
## Консервативное лечение",0
1509,"Клинические рекомендации ""Преждевременная отслойка плаценты""
Возрастная категория: Взрослые и дети
# Лечение
## Послеродовой период",0
344,"Клинические рекомендации ""Отморожение. Гипотермия. Другие эффекты воздействия низкой температуры.""
Возрастная категория: Взрослые и дети
# Лечение
## Общее (системное) лечение
### Методы лечения холодовой травмы с недоказанной эффективностью",0
641,"Клинические рекомендации ""Недержание мочи""
Возрастная категория: Взрослые
# Лечение
## Хирургические методы лечения",0
2191,"Клинические рекомендации ""Злокачественные новообразования почек, почечных лоханок, мочеточника, других и неуточненных мочевых органов""
Возрастная категория: Дети
# Лечение
## Послеоперационная терапия
### Адъювантная терапия для ЗРО почки",0
2175,"Клинические рекомендации ""Гнездная алопеция""
Возрастная категория: Взрослые и дети
# Лечение
## Иное лечение",0
1306,"Клинические рекомендации ""Множественная миелома""
Возрастная категория: Взрослые
# Лечение
## Лечение рецидивов ММ
### Лечение рецидива ММ, не отягощенного двойной рефрактерностью",1
1988,"Клинические рекомендации ""Аногенитальные (венерические) бородавки""
Возрастная категория: Взрослые и дети
# Лечение
## Консервативное лечение",0
762,"Клинические рекомендации ""Недостаточность митохондриальной ацетоацетил-КоА-тиолазы (дефицит бета-кетотиолазы, дефицит Т2)""
Возрастная категория: Взрослые и дети
# Лечение
## Хирургическое лечение",0
1731,"Клинические рекомендации ""Гемофилия""
Возрастная категория: Взрослые и дети
# Лечение
## Лечение кровотечений",0
393,"Клинические рекомендации ""Хроническая сердечная недостаточность""
Возрастная категория: Взрослые
# Лечение
## Консервативное лечение
### Антагонисты альдостерона",0
1970,"Клинические рекомендации ""Острый парапроктит""
Возрастная категория: Взрослые и дети
# Лечение
## Вскрытие острого гнойного парапроктита",0
781,"Клинические рекомендации ""Трансплантация поджелудочной железы, наличие трансплантированной поджелудочной железы, отмирание и отторжение трансплантата поджелудочной железы""
Возрастная категория: Взрослые
# Лечение
## Консервативное лечение",0
132,"Клинические рекомендации ""Сепсис новорождённых""
Возрастная категория: Дети
# Лечение
## Консервативное лечение
### Волемическая поддержка",0
206,"Клинические рекомендации ""Переломы дистального отдела костей предплечья""
Возрастная категория: Взрослые и дети
# Лечение
## Иное лечение",0
1855,"Клинические рекомендации ""Рак прямой кишки""
Возрастная категория: Взрослые
# Лечение
## Предоперационное лечение",0
562,"Клинические рекомендации ""Переломы проксимального отдела бедренной кости""
Возрастная категория: Взрослые
# Лечение
## Консервативное лечение",0
647,"Клинические рекомендации ""Легочная гипертензия, в том числе хроническая тромбоэмболическая легочная гипертензия""
Возрастная категория: Взрослые
# Лечение
## Ведение беременности у пациенток с легочной гипертензией",1
674,"Клинические рекомендации ""Преждевременное половое развитие""
Возрастная категория: Дети
# Лечение
## Хирургическое лечение",0
1109,"Клинические рекомендации ""Сахарный диабет 1 типа у взрослых""
Возрастная категория: Взрослые
# Лечение
## Хирургическое лечение",0
1598,"Клинические рекомендации ""ВИЧ-инфекция у беременных""
Возрастная категория: Взрослые
# Лечение
## Профилактика ППМР в родах (второй этап профилактики)",1
1071,"Клинические рекомендации ""Медуллярный рак щитовидной железы""
Возрастная категория: Взрослые и дети
# Лечение
## Другие методы лечения",0
133,"Клинические рекомендации ""Рак трахеи""
Возрастная категория: Взрослые
# Лечение
## Хирургическое лечение",0
433,"Клинические рекомендации ""Рак молочной железы""
Возрастная категория: Взрослые
# Лечение
## Обезболивание",0
1681,"Клинические рекомендации ""Рак мочевого пузыря""
Возрастная категория: Взрослые
# Лечение
## Системная противоопухолевая терапия
### Адъювантная химиотерапия",0
193,"Клинические рекомендации ""Сифилис""
Возрастная категория: Взрослые и дети
# Лечение
## Побочные эффекты и осложнения терапии",0
843,"Клинические рекомендации ""Открытая рана голени""
Возрастная категория: Взрослые и дети
# Лечение
## Хирургическое лечение",0
160,"Клинические рекомендации ""Подготовка шейки матки к родам и родовозбуждение""
Возрастная категория: Взрослые и дети
# Лечение
## Немедикаментозные методы преиндукции родов",0
1437,"Клинические рекомендации ""Неалкогольная жировая болезнь печени""
Возрастная категория: Взрослые
# Лечение
## Лечение НАЖБП и ассоциированных состояний
### НАЖБП в сочетании с избыточным употреблением алкоголя",1
192,"Клинические рекомендации ""Обсессивно-компульсивное расстройство""
Возрастная категория: 
# Лечение",0
750,"Клинические рекомендации ""Вирусные пневмонии""
Возрастная категория: 
# Лечение
## Хирургическое лечение",0
917,"Клинические рекомендации ""Трехпредсердное сердце""
Возрастная категория: Взрослые и дети
# Лечение
## Иное лечение",0
1515,"Клинические рекомендации ""Энтероколит, вызванный Clostridioides difficile (C. difficile)""
Возрастная категория: Взрослые
# Лечение
## Хирургическое лечение",0
607,"Клинические рекомендации ""Разрывы промежности при родоразрешении и другие акушерские травмы (акушерский травматизм)""
Возрастная категория: Взрослые и дети
# Лечение
## Немедикаментозные методы лечения",0
1421,"Клинические рекомендации ""Хронический болевой синдром (ХБС) у взрослых пациентов, нуждающихся в паллиативной медицинской помощи""
Возрастная категория: Взрослые
# Лечение
## Консервативная терапия
### Терапия боли сильной интенсивности",0
1319,"Клинические рекомендации ""Пограничные опухоли яичников""
Возрастная категория: Взрослые
# Лечение
## Серозные пограничные опухоли яичников (СПОЯ)",1
1640,"Клинические рекомендации ""Соматическая дисфункция""
Возрастная категория: Взрослые и дети
# Лечение
## Остеопатическая коррекция",0
2168,"Клинические рекомендации ""Злокачественные новообразования почек, почечных лоханок, мочеточника, других и неуточненных мочевых органов""
Возрастная категория: Дети
# Лечение
## Хирургическое лечение",0
793,"Клинические рекомендации ""Рак шейки матки""
Возрастная категория: Взрослые
# Лечение
## Лучевая терапия",0
860,"Клинические рекомендации ""Эпителиальный копчиковый ход""
Возрастная категория: Взрослые
# Лечение
## Хирургическое лечение хронического эпителиального копчикового хода",0
1077,"Клинические рекомендации ""Хронический миелоидный лейкоз""
Возрастная категория: Взрослые и дети
# Лечение
## Лекарственное лечение у взрослых пациентов
### Препараты для терапии ХМЛ и режим дозирования",1
1790,"Клинические рекомендации ""Эритразма""
Возрастная категория: 
# Лечение
## Иное лечение",0
351,"Клинические рекомендации ""Кистозный фиброз (муковисцидоз)""
Возрастная категория: Взрослые и дети
# Лечение
## Диетотерапия и витаминотерапия
### Агрессивные методы нутритивной поддержки у пациентов с МВ",1
267,"Клинические рекомендации ""Неэпителиальные опухоли яичников""
Возрастная категория: Взрослые
# Лечение
## Герминогенные опухоли яичника",1
394,"Клинические рекомендации ""Инфекционный эндокардит и инфекция внутрисердечных устройств""
Возрастная категория: Взрослые
# Лечение
## Хирургическое лечение
### Показания и сроки проведения хирургического вмешательства у пациентов с инфекционным эндокардитом левых отделов сердца и неконтролируемой инфекцией",0
443,"Клинические рекомендации ""5q-ассоциированная спинальная мышечная атрофия""
Возрастная категория: Взрослые
# Лечение
## Симптоматическая медикаментозная терапия",0
764,"Клинические рекомендации ""Воспалительные заболевания молочных желез""
Возрастная категория: Взрослые и дети
# Лечение
## Хирургическое лечение",0
1033,"Клинические рекомендации ""Пропионовая ацидемия /ацидурия""
Возрастная категория: Взрослые и дети
# Лечение
## Хирургическое лечение",0
1324,"Клинические рекомендации ""Биполярное аффективное расстройство""
Возрастная категория: Взрослые
# Лечение
## Терапия смешанного аффективного эпизода или смешанного состояния (СС)",1
2014,"Клинические рекомендации ""Вторичное злокачественное новообразование головного мозга и мозговых оболочек""
Возрастная категория: Взрослые
# Лечение
## Радиотерапия",0
796,"Клинические рекомендации ""Дегенеративные заболевания позвоночника""
Возрастная категория: Взрослые и дети
# Лечение
## Пункционные вмешательства
### Пункционные интервенционные процедуры в области эпидурального пространства и спинномозговых нервов в грудном отделе позвоночника",0
1591,"Клинические рекомендации ""Внематочная (эктопическая) беременность""
Возрастная категория: Взрослые
# Лечение
## Лечение редких форм внематочной беременности",1
129,"Клинические рекомендации ""Открытая рана запястья и кисти""
Возрастная категория: Взрослые и дети
# Лечение
## Консервативное лечение",0
1547,"Клинические рекомендации ""Другие нарушения накопления липидов (Дефицит лизосомой кислой липазы)""
Возрастная категория: Взрослые и дети
# Лечение
## Паллиативная помощь",0
970,"Клинические рекомендации ""Хронический болевой синдром (ХБС) у взрослых пациентов, нуждающихся в паллиативной медицинской помощи""
Возрастная категория: Взрослые
# Лечение
## Консервативная терапия
### Обезболивание в последние часы жизни",1
1009,"Клинические рекомендации ""Язвенный колит""
Возрастная категория: Взрослые
# Лечение
## Хирургическое лечение
### Показания к хирургическому лечению ЯК: кишечные осложнения ЯК",0
1512,"Клинические рекомендации ""Урогенитальные заболевания, вызванные Mycoplasma genitalium""
Возрастная категория: Взрослые и дети
# Лечение
## Консервативное лечение",0
1506,"Клинические рекомендации ""Хроническая сердечная недостаточность""
Возрастная категория: Взрослые
# Лечение
## Консервативное лечение
### Ангиотензина рецепторов II антагонисты в комбинации с прочими препаратами (валсартан+сакубитрил**)",0
283,"Клинические рекомендации ""Дефект аортолегочной перегородки""
Возрастная категория: Взрослые и дети
# Лечение
## Хирургическое лечение",0
1382,"Клинические рекомендации ""Хронический вирусный гепатит D (ХВГD) у взрослых""
Возрастная категория: Взрослые
# Лечение
## Консервативное лечение",0
2113,"Клинические рекомендации ""Паническое расстройство""
Возрастная категория: Взрослые
# Лечение
## Иное лечение",0
1719,"Клинические рекомендации ""Острый аппендицит у взрослых""
Возрастная категория: Взрослые
# Лечение
## Хирургическое лечение",0
1734,"Клинические рекомендации ""Кистозный фиброз (муковисцидоз)""
Возрастная категория: Взрослые и дети
# Лечение
## Консервативное лечение
### Консервативная терапия синдрома дистальной интестинальной обструкции",1
1853,"Клинические рекомендации ""Хронический тонзиллит""
Возрастная категория: Взрослые и дети
# Лечение
## Консервативное лечение",0
401,"Клинические рекомендации ""Гидронефроз""
Возрастная категория: Взрослые и дети
# Лечение
## Медикаментозное лечение",0
1701,"Клинические рекомендации ""Гепатобластома""
Возрастная категория: Дети
# Лечение
## Профиллактика и диагностика инфекции у детей с гепатобластомой на фоне проводимого лечения
### Инструментальные диагностические исследования",0
1823,"Клинические рекомендации ""Трансплантация сердца, наличие трансплантированного сердца, отмирание  и отторжение трансплантата сердца""
Возрастная категория: Взрослые и дети
# Лечение
## Ведение пациентов с трансплантированным сердцем",0
1714,"Клинические рекомендации ""Гонококковая инфекция""
Возрастная категория: Взрослые и дети
# Лечение
## Иное лечение",0
711,"Клинические рекомендации ""Язвенная болезнь желудка и/или двенадцатиперстной кишки""
Возрастная категория: Дети
# Лечение
## Консервативное лечение",0
360,"Клинические рекомендации ""Хроническая сердечная недостаточность""
Возрастная категория: Взрослые
# Лечение
## Консервативное лечение
### Диуретики",0
179,"Клинические рекомендации ""Рак печени (гепатоцеллюлярный)""
Возрастная категория: Взрослые
# Лечение
## Методы локальной деструкции опухоли",0
1094,"Клинические рекомендации ""Стриктура уретры""
Возрастная категория: Взрослые
# Лечение
## Аугментационная уретропластика",0
1198,"Клинические рекомендации ""Злокачественные новообразования почек, почечных лоханок, мочеточника, других и неуточненных мочевых органов""
Возрастная категория: Дети
# Лечение
## Послеоперационная терапия
### Адъювантная терапия для генерализованной НБ:",1
1505,"Клинические рекомендации ""Врожденный надклапанный стеноз аорты""
Возрастная категория: Дети
# Лечение
## Консервативное лечение",0
258,"Клинические рекомендации ""Недостаточность питания (мальнутриция) у пациентов пожилого и старческого возраста""
Возрастная категория: Взрослые
# Лечение
## Энтеральное питание для лиц пожилого и старческого возраста",1
2162,"Клинические рекомендации ""Рак гортани""
Возрастная категория: Взрослые
# Лечение
## Надскладочный отдел гортани",1
337,"Клинические рекомендации ""Предменструальный синдром""
Возрастная категория: Взрослые и дети
# Лечение
## Хирургическое лечение",0
1967,"Клинические рекомендации ""Рак полости носа и придаточных пазух""
Возрастная категория: Взрослые
# Лечение
## Лучевая терапия",0
844,"Клинические рекомендации ""Первичные иммунодефициты с преимущественной недостаточностью синтеза антител""
Возрастная категория: Взрослые и дети
# Лечение
## Терапия проявлений иммунной дисрегуляции",0
1227,"Клинические рекомендации ""Рак щитовидной железы""
Возрастная категория: Дети
# Лечение
## Дистанционная лучевая терапия (ДЛТ) при ДРЩЖ",0
615,"Клинические рекомендации ""Отморожение. Гипотермия. Другие эффекты воздействия низкой температуры.""
Возрастная категория: Взрослые и дети
# Лечение
## Общее (системное) лечение
### Респираторная поддержка",0
2151,"Клинические рекомендации ""Хронический средний отит""
Возрастная категория: Взрослые и дети
# Лечение
## Иное лечение",0
1272,"Клинические рекомендации ""Недостаточность 3-метилкротонил-КоА карбоксилазы (3-метилкротонилглицинурия, метилкротонил КоА карбоксилазная недостаточность)""
Возрастная категория: Взрослые и дети
# Лечение
## Симптоматическое лечение",0
1690,"Клинические рекомендации ""Психические и поведенческие расстройства,  вызванные употреблением алкоголя Синдром отмены алкоголя (алкогольное абстинентное состояние)""
Возрастная категория: Взрослые и дети
# Лечение
## Оценка эффективности и безопасности лечения",0
1484,"Клинические рекомендации ""Недостаточность питания (мальнутриция) у пациентов пожилого и старческого возраста""
Возрастная категория: Взрослые
# Лечение
## Общие принципы нутритивной поддержки для людей пожилого и старческого возраста с недостаточностью питания",1
1809,"Клинические рекомендации ""Рак щитовидной железы""
Возрастная категория: Дети
# Лечение
## Ведение пациентов с рецидивом или прогрессированием заболевания",0
1228,"Клинические рекомендации ""Крапивница""
Возрастная категория: Взрослые и дети
# Лечение
## Иное лечение",0
92,"Клинические рекомендации ""Гепатобластома""
Возрастная категория: Дети
# Лечение
## Лечение детей с гепатобластомой группы стандартного риска (см. Приложение Б)",1
1912,"Клинические рекомендации ""Меланома кожи и слизистых оболочек""
Возрастная категория: Взрослые
# Лечение
## Сопутствующая терапия у больных меланомой кожи",0
1020,"Клинические рекомендации ""Врожденный надклапанный стеноз аорты""
Возрастная категория: Дети
# Лечение
## Эндоваскулярные вмешательства",0
1571,"Клинические рекомендации ""Ожоги термические и химические. Ожоги солнечные. Ожоги дыхательных путей.""
Возрастная категория: Взрослые и дети
# Лечение
## Местное консервативное лечение
### Местное применение противомикробных препаратов",0
729,"Клинические рекомендации ""Хроническая боль у пациентов пожилого и старческого возраста""
Возрастная категория: Взрослые
# Лечение
## Хирургическое лечение",0
1308,"Клинические рекомендации ""Прогрессирующая мышечная дистрофия Дюшенна. Прогрессирующая мышечная дистрофия Беккера""
Возрастная категория: Дети
# Лечение
## Немедикаментозное лечение",0
346,"Клинические рекомендации ""Ожоги термические и химические. Ожоги солнечные. Ожоги дыхательных путей.""
Возрастная категория: Взрослые и дети
# Лечение
## Общее (системное) лечение
### Респираторная поддержка",0
1671,"Клинические рекомендации ""Норовирусный гастроэнтерит у детей""
Возрастная категория: Дети
# Лечение
## Иное лечение",0
554,"Клинические рекомендации ""Врожденные и приобретенные аномалии и деформации зубочелюстной системы  и лицевого черепа""
Возрастная категория: Взрослые
# Лечение
## Иное лечение",0
505,"Клинические рекомендации ""Острый гепатит В (ОГВ) у детей""
Возрастная категория: Дети
# Лечение
## Хирургическое лечение",0
1187,"Клинические рекомендации ""Ожоги термические и химические. Ожоги солнечные. Ожоги дыхательных путей.""
Возрастная категория: Взрослые и дети
# Лечение
## Общее (системное) лечение
### Ингаляционная (небулайзерная) терапия",0
358,"Клинические рекомендации ""Головная боль напряжения (ГБН)""
Возрастная категория: Взрослые
# Лечение
## Особенности лечения ГБН, сочетающейся с лекарственно-индуцированной головной болью (ЛИГБ)",1
563,"Клинические рекомендации ""Рак гортани""
Возрастная категория: Взрослые
# Лечение
## Принципы лекарственной терапии",0
819,"Клинические рекомендации ""Свищ заднего прохода и прямой кишки""
Возрастная категория: Взрослые
# Лечение
## Обезболивание",0
914,"Клинические рекомендации ""Базальноклеточный рак кожи""
Возрастная категория: Взрослые
# Лечение
## Лечение локальных стадий заболевания (I-II)
### Лечение базально-клеточного рака низкого риска",1
496,"Клинические рекомендации ""Перелом верхней челюсти и скуловой кости""
Возрастная категория: Дети
# Лечение
## Обезболивание",0
1595,"Клинические рекомендации ""Рак предстательной железы""
Возрастная категория: Взрослые
# Лечение
## Лекарственная терапия
### Метастаз-направленная терапия",1
365,"Клинические рекомендации ""Инородное тело роговицы""
Возрастная категория: Взрослые и дети
# Лечение
## Консервативное лечение",0
1880,"Клинические рекомендации ""Воздействие вибрации (Вибрационная болезнь)""
Возрастная категория: Взрослые
# Лечение
## Консервативное лечение",0
790,"Клинические рекомендации ""Рак поджелудочной железы""
Возрастная категория: Взрослые
# Лечение
## Консервативное лечение
### Терапия метастатического рака поджелудочной железы",1
1662,"Клинические рекомендации ""Сепсис (у взрослых)""
Возрастная категория: Взрослые
# Лечение
## Адъювантная терапия",0
1597,"Клинические рекомендации ""Аллергический ринит""
Возрастная категория: Взрослые и дети
# Лечение
## Хирургическое лечение",0
1838,"Клинические рекомендации ""Хроническая воспалительная  демиелинизирующая полирадикулонейропатия""
Возрастная категория: Взрослые
# Лечение
## Симптоматическая терапия",0
1093,"Клинические рекомендации ""Синдром раздраженного кишечника""
Возрастная категория: Взрослые и дети
# Лечение
## Диетотерапия",0
809,"Клинические рекомендации ""Варикозное расширение вен нижних конечностей""
Возрастная категория: Взрослые
# Лечение
## Фармакотерапия
### Режим приема и дозирования флеботропных лекарственных средств",0
2067,"Клинические рекомендации ""Туберкулез у взрослых""
Возрастная категория: Взрослые
# Лечение
## ​Химиотерапия
### ​Режим химиотерапии ШЛУ туберкулеза",1
472,"Клинические рекомендации ""Опухоли слюнных желез у детей""
Возрастная категория: Дети
# Лечение
## Химиотерапевтическое лечение (данный раздел применим для злокачественных образований)",1
953,"Клинические рекомендации ""Ранняя анемия недоношенных""
Возрастная категория: Дети
# Лечение
## Иное лечение",0
1423,"Клинические рекомендации ""Переломы дистального отдела костей предплечья""
Возрастная категория: Взрослые и дети
# Лечение
## Консервативное лечение :",0
543,"Клинические рекомендации ""Хроническая сердечная недостаточность""
Возрастная категория: Взрослые
# Лечение
## Хирургическое лечение",0
907,"Клинические рекомендации ""Злокачественные опухоли слюнных желез""
Возрастная категория: Взрослые
# Лечение
## Принципы лекарственной терапии",0
995,"Клинические рекомендации ""Болезнь Крона""
Возрастная категория: Дети
# Лечение
## Иные методы лечения",0
476,"Клинические рекомендации ""Трофобластические опухоли""
Возрастная категория: Взрослые
# Лечение
## Лечение злокачественных ТО",0
778,"Клинические рекомендации ""Переломы костей стопы (кроме переломов пяточной кости)""
Возрастная категория: Взрослые и дети
# Лечение
## Оперативное лечение",0
1385,"Клинические рекомендации ""Инфекционный эндокардит и инфекция внутрисердечных устройств""
Возрастная категория: Взрослые
# Лечение
## Хирургическое лечение
### Послеоперационные осложнения и послеоперационное наблюдение пациентов с инфекционным эндокардитом",0
797,"Клинические рекомендации ""Транспозиция магистральных артерий""
Возрастная категория: Взрослые и дети
# Лечение
## Иное лечение",0
1948,"Клинические рекомендации ""Негонококковый (неспецифический) уретрит у мужчин""
Возрастная категория: Взрослые
# Лечение
## Хирургическое лечение",0
7,"Клинические рекомендации ""Желудочковые нарушения ритма. Желудочковые тахикардии и внезапная сердечная смерть""
Возрастная категория: Взрослые и дети
# Лечение
## Лечение желудочковых аритмий и профилактика внезапной сердечной смерти
### Сердечная ресинхронизирующая терапия у пациентов с ХСН для снижения риска ВСС. Комбинированные СРТ-Д устройства",1
1160,"Клинические рекомендации ""Нодальные Т-клеточные лимфомы""
Возрастная категория: Взрослые и дети
# Лечение
## Первая линия терапии АККЛ АЛК+ у детей и подростков до 18 лет",1
1433,"Клинические рекомендации ""Врожденный подклапанный стеноз аорты""
Возрастная категория: Дети
# Лечение
## Консервативное лечение",0
810,"Клинические рекомендации ""Острые порфирии""
Возрастная категория: Взрослые и дети
# Лечение
## Профилактическая терапия гемином",0
1060,"Клинические рекомендации ""Нейросенсорная тугоухость у взрослых""
Возрастная категория: Взрослые
# Лечение
## Консервативное лечение",0
675,"Клинические рекомендации ""Отморожение. Гипотермия. Другие эффекты воздействия низкой температуры.""
Возрастная категория: Взрослые и дети
# Лечение
## Общее (системное) лечение
### Согревание пациента",0
135,"Клинические рекомендации ""Острые порфирии""
Возрастная категория: Взрослые и дети
# Лечение
## Ведение пациентов с осложненной атакой ОП",1
1211,"Клинические рекомендации ""Дегенеративные заболевания позвоночника""
Возрастная категория: Взрослые и дети
# Лечение
## Пункционные вмешательства
### Пункционные интервенционные процедуры на межпозвонковом диске",0
1563,"Клинические рекомендации ""Острый инфаркт миокарда с подъемом сегмента ST электрокардиограммы""
Возрастная категория: Взрослые
# Лечение
## Реперфузионное лечение заболевания",0
184,"Клинические рекомендации ""Врожденный стеноз клапана легочной артерии""
Возрастная категория: Дети
# Лечение
## Эндоваскулярные вмешательства",0
1713,"Клинические рекомендации ""Экстракраниальные герминогенные опухоли""
Возрастная категория: Дети
# Лечение
## Хирургическое лечение",0
292,"Клинические рекомендации ""Медуллярный рак щитовидной железы""
Возрастная категория: Взрослые и дети
# Лечение
## Обезболивание",0
639,"Клинические рекомендации ""Меланома кожи и слизистых оболочек""
Возрастная категория: Взрослые
# Лечение
## Лечение пациентов метастатической и нерезектабельной меланомой кожи (IIIC/D нерезектабельная – IV стадия или их эквивалент)
### Выбор терапии 1-й линии у пациентов без мутаций в генах BRAF, NRAS, KIT",1
1663,"Клинические рекомендации ""Агрессивные нефолликулярные лимфомы - диффузная В-клеточная крупноклеточная лимфома, В-клеточная лимфома высокой степени злокачественности с  перестройкой генов c-MYC и BCL2/BCL6, первичная медиастинальная В-клеточная лимфома, медиастинальная лимфома серой зоны, лимфома Беркитта, плазмобластная лимфома.""
Возрастная категория: Взрослые и дети
# Лечение
## Первая линия терапии ДВКЛ у детей и подростков до 18 лет",1
1478,"Клинические рекомендации ""Злокачественное новообразование бронхов и легкого""
Возрастная категория: Взрослые
# Лечение
## Лечение пациентов с немелкоклеточным раком легкого
### Аспекты хирургического лечения",1
412,"Клинические рекомендации ""Карцинома Меркеля""
Возрастная категория: Взрослые
# Лечение
## Диетотерапия",0
1321,"Клинические рекомендации ""Множественная миелома""
Возрастная категория: Взрослые
# Лечение
## Лечение больных ММ с почечной недостаточностью",1
1431,"Клинические рекомендации ""Послеродовые инфекционные осложнения""
Возрастная категория: Взрослые и дети
# Лечение
## Лечение сепсиса, септического шока
### Профилактика осложнений",0
1944,"Клинические рекомендации ""Цистит у женщин""
Возрастная категория: Взрослые
# Лечение
## Иное лечение",0
534,"Клинические рекомендации ""Рак мочевого пузыря""
Возрастная категория: Взрослые
# Лечение
## Диетотерапия",0
1021,"Клинические рекомендации ""Острый пиелонефрит""
Возрастная категория: Взрослые
# Лечение
## Немедикаментозная терапия",0
982,"Клинические рекомендации ""Неэпителиальные опухоли яичников""
Возрастная категория: Взрослые
# Лечение
## Опухоли стромы и полового тяжа",1
411,"Клинические рекомендации ""Легочная гипертензия, в том числе хроническая тромбоэмболическая легочная гипертензия""
Возрастная категория: Взрослые
# Лечение
## Особенности ведения пациенток детородного возраста с легочной гипертензией",1
671,"Клинические рекомендации ""Ревматоидный артрит""
Возрастная категория: Взрослые
# Лечение
## Хирургическое лечение",0
636,"Клинические рекомендации ""Апластическая анемия""
Возрастная категория: Дети
# Лечение
## Комбинированная иммуносупрессивная терапия в качестве первой линии патогенетической терапии АА",0
570,"Клинические рекомендации ""Нарушения митохондриального β-окисления жирных кислот""
Возрастная категория: Взрослые и дети
# Лечение
## Рекомендации по терапии отдельных форм FAOD
### Рекомендации по рациону питания при дефиците LCHAD и TFP",1
130,"Клинические рекомендации ""Синдром дефицита Glut1""
Возрастная категория: Взрослые и дети
# Лечение
## Взаимодействие кетогенной диеты с лекарственными препаратами",0
1750,"Клинические рекомендации ""Плоскоклеточный рак кожи""
Возрастная категория: Взрослые
# Лечение
## Сопутствующая терапия у пациентов плоскоклеточным раком кожи",0
156,"Клинические рекомендации ""Перелом верхней челюсти и скуловой кости""
Возрастная категория: Дети
# Лечение
## Хирургическо-ортопедический способ лечения",0
1456,"Клинические рекомендации ""Перелом верхней челюсти""
Возрастная категория: Взрослые
# Лечение
## Транспортная иммобилизация верхней челюсти",0
1980,"Клинические рекомендации ""Острые лимфобластные лейкозы""
Возрастная категория: Взрослые
# Лечение
## Основные принципы химиотерапии ОЛЛ/ЛБЛ",0
1993,"Клинические рекомендации ""Травма гортани""
Возрастная категория: Взрослые и дети
# Лечение
## Хирургическое лечение",0
1949,"Клинические рекомендации ""Переломы проксимального отдела плечевой кости""
Возрастная категория: Взрослые и дети
# Лечение
## Консервативное лечение",0
1969,"Клинические рекомендации ""Сифилис""
Возрастная категория: Взрослые и дети
# Лечение
## Оценка результатов лечения",0
402,"Клинические рекомендации ""Болезнь Крона""
Возрастная категория: Дети
# Лечение
## Хирургическое лечение болезни Крона у детей
### Хирургическое лечение БК с поражением верхних отделов ЖКТ",1
1698,"Клинические рекомендации ""Легочная гипертензия, в том числе хроническая тромбоэмболическая легочная гипертензия""
Возрастная категория: Взрослые
# Лечение
## Легочная гипертензия вследствие патологии легких и/или гипоксемии (группа III)",1
1718,"Клинические рекомендации ""Генерализованное тревожное расстройство""
Возрастная категория: Взрослые
# Лечение
## Психофармакотерапия
### Терапия четвертой линии (терапевтическая резистентность)",1
823,"Клинические рекомендации ""Ожоги термические и химические. Ожоги солнечные. Ожоги дыхательных путей.""
Возрастная категория: Взрослые и дети
# Лечение
## Местное консервативное лечение
### Местное консервативное лечение на этапе первичной медико-санитарной и специализированной медицинской помощи",0
535,"Клинические рекомендации ""Рак щитовидной железы""
Возрастная категория: Дети
# Лечение
## Роль цитотоксической химиотерапии и экспериментальных методов лечения",0
1023,"Клинические рекомендации ""Врожденная анемия вследствие кровопотери у плода и другие врожденные анемии новорожденных""
Возрастная категория: Дети
# Лечение
## Иное лечение",0
1162,"Клинические рекомендации ""Себорейный дерматит""
Возрастная категория: Взрослые и дети
# Лечение
## Хирургическое лечение",0
1737,"Клинические рекомендации ""Герминогенные опухоли у мужчин""
Возрастная категория: Взрослые
# Лечение
## Хирургическое лечение",0
1135,"Клинические рекомендации ""Коксартроз""
Возрастная категория: Взрослые и дети
# Лечение
## Иное лечение",0
1780,"Клинические рекомендации ""Коарктация аорты""
Возрастная категория: Взрослые и дети
# Лечение
## Консервативное лечение",0
1587,"Клинические рекомендации ""Хронический миелоидный лейкоз""
Возрастная категория: Взрослые и дети
# Лечение
## Лекарственное лечение у взрослых пациентов
### Терапия препаратами интерферона",1
1684,"Клинические рекомендации ""Множественная миелома""
Возрастная категория: Взрослые
# Лечение
## Лечение пациентов с впервые диагностированной ММ − не кандидатов на ВДХТ с ауто-ТГСК (старше 65 лет)",1
1387,"Клинические рекомендации ""Предменструальный синдром""
Возрастная категория: Взрослые и дети
# Лечение
## Медикаментозное лечение",0
1038,"Клинические рекомендации ""Макроглобулинемия Вальденстрема""
Возрастная категория: Взрослые
# Лечение
## Лечение рецидивов МВ",0
97,"Клинические рекомендации ""Травма глаза закрытая""
Возрастная категория: Взрослые и дети
# Лечение
## Хирургическое лечение",0
424,"Клинические рекомендации ""Острый аппендицит у взрослых""
Возрастная категория: Взрослые
# Лечение
## Диетотерапия",0
499,"Клинические рекомендации ""Аномальные маточные кровотечения""
Возрастная категория: Взрослые и дети
# Лечение
## Консервативное лечение",0
275,"Клинические рекомендации ""Аномалии объема  амниотической жидкости (многоводие, маловодие)""
Возрастная категория: Взрослые и дети
# Лечение
## Медикаментозная терапия",0
1995,"Клинические рекомендации ""Дисменорея""
Возрастная категория: Взрослые и дети
# Лечение
## Хирургическое лечение",0
2149,"Клинические рекомендации ""Открытый артериальный проток (ОАП)""
Возрастная категория: Взрослые и дети
# Лечение
## Рентгенэндоваскулярное лечение",0
2176,"Клинические рекомендации ""Нейрогенная дисфункция нижних мочевыводящих путей""
Возрастная категория: Взрослые
# Лечение
## Хирургическое лечение",0
150,"Клинические рекомендации ""Гонартроз""
Возрастная категория: Взрослые и дети
# Лечение
## Консервативное лечение
### Будущее терапии гонартроза",0
1555,"Клинические рекомендации ""Плоскоклеточный рак кожи""
Возрастная категория: Взрослые
# Лечение
## Диетотерапия",0
348,"Клинические рекомендации ""Грыжа пищеводного отверстия диафрагмы""
Возрастная категория: Взрослые
# Лечение
## Хирургическое лечение",0
1050,"Клинические рекомендации ""Дифференцированный рак щитовидной железы""
Возрастная категория: Взрослые
# Лечение
## Дистанционная лучевая терапия",0
832,"Клинические рекомендации ""Язвенная болезнь""
Возрастная категория: Взрослые
# Лечение
## Хирургическое лечение
### Лечение больных, находящихся на постоянном приеме антитромботических средств",1
1262,"Клинические рекомендации ""Острые и хронические тиреоидиты (исключая аутоиммунный и  амиодарон-индуцированный тиреоидит)""
Возрастная категория: Взрослые
# Лечение
## Тиреоидиты, возникшие в результате применения препаратов лития",1
148,"Клинические рекомендации ""Сепсис новорождённых""
Возрастная категория: Дети
# Лечение
## Консервативное лечение
### Экстра-и интракорпоральная терапия",0
954,"Клинические рекомендации ""Рак носоглотки""
Возрастная категория: Взрослые
# Лечение
## Диетотерапия",0
1568,"Клинические рекомендации ""Хронический миелоидный лейкоз""
Возрастная категория: Взрослые и дети
# Лечение
## Лекарственное лечение у взрослых пациентов
### Принципы выбора ИТК при смене терапии",1
274,"Клинические рекомендации ""Артериальная гипертензия у взрослых""
Возрастная категория: Взрослые
# Лечение
## Целевые уровни артериального давления",0
453,"Клинические рекомендации ""Сепсис (у взрослых)""
Возрастная категория: Взрослые
# Лечение
## Профилактика стрессовых язв",0
441,"Клинические рекомендации ""Токсическое действие разъедающих веществ""
Возрастная категория: Взрослые и дети
# Лечение
## Оказание специализированной медицинской помощи",0
1931,"Клинические рекомендации ""Аномалии родовой деятельности""
Возрастная категория: Взрослые и дети
# Лечение
## Медикаментозная терапия",0
2140,"Клинические рекомендации ""Ожирение у детей""
Возрастная категория: Дети
# Лечение
## Обезболивание",0
1224,"Клинические рекомендации ""Сепсис (у взрослых)""
Возрастная категория: Взрослые
# Лечение
## Искусственное питание",0
651,"Клинические рекомендации ""Шизофрения""
Возрастная категория: Дети
# Лечение
## Лечение антипсихотическими средствами",0
253,"Клинические рекомендации ""Вторичное злокачественное новообразование головного мозга и мозговых оболочек""
Возрастная категория: Взрослые
# Лечение
## Нейрохирургическое лечение",0
159,"Клинические рекомендации ""Сальмонеллез у детей""
Возрастная категория: 
# Лечение
## Диетотерапия",0
1576,"Клинические рекомендации ""Гемолитико-уремический синдром""
Возрастная категория: Дети
# Лечение
## Консервативное лечение
### Типичный ГУС",1
542,"Клинические рекомендации ""Хронический болевой синдром (ХБС) у взрослых пациентов, нуждающихся в паллиативной медицинской помощи""
Возрастная категория: Взрослые
# Лечение
## Консервативная терапия
### Терапия боли слабой интенсивности",0
1322,"Клинические рекомендации ""Острые миелоидные лейкозы""
Возрастная категория: Дети
# Лечение
## Терапия впервые выявленного ОМЛ",0
1688,"Клинические рекомендации ""Дивертикулярная болезнь""
Возрастная категория: Взрослые
# Лечение
## Консервативное лечение",0
1518,"Клинические рекомендации ""Сепсис (у взрослых)""
Возрастная категория: Взрослые
# Лечение
## Экстракорпоральные методы гемокоррекции",0
2100,"Клинические рекомендации ""Синдром гипоплазии левых отделов сердца""
Возрастная категория: Дети
# Лечение
## Рентгенэндоваскулярное лечение",0
1355,"Клинические рекомендации ""Идиопатическая тромбоцитопеническая пурпура (ИТП) у взрослых""
Возрастная категория: 
# Лечение
## Терапия в экстренных ситуациях",0
633,"Клинические рекомендации ""Вторичное злокачественное новообразование головного мозга и мозговых оболочек""
Возрастная категория: Взрослые
# Лечение
## Паллиативная и симптоматическая терапия",0
1401,"Клинические рекомендации ""Забрюшинные неорганные саркомы""
Возрастная категория: Взрослые
# Лечение
## Сопутствующая терапия у пациентов с ЗНС",0
659,"Клинические рекомендации ""Вторичное злокачественное новообразование головного мозга и мозговых оболочек""
Возрастная категория: Взрослые
# Лечение
## Интракраниальная прогрессия",0
904,"Клинические рекомендации ""Преждевременное половое развитие""
Возрастная категория: Дети
# Лечение
## Иное лечение",0
929,"Клинические рекомендации ""Сквозной макулярный разрыв Витреомакулярный тракционный синдром""
Возрастная категория: Взрослые
# Лечение
## Лазерное лечение",0
381,"Клинические рекомендации ""Врожденный стеноз клапана легочной артерии""
Возрастная категория: Дети
# Лечение
## Консервативное лечение",0
890,"Клинические рекомендации ""Стриктура уретры""
Возрастная категория: Взрослые
# Лечение
## Внутренняя оптическая уретротомия",0
888,"Клинические рекомендации ""Острые лимфобластные лейкозы""
Возрастная категория: Взрослые
# Лечение
## Прогностическая значимость МОБ",0
2120,"Клинические рекомендации ""Недостаточность митохондриальной ацетоацетил-КоА-тиолазы (дефицит бета-кетотиолазы, дефицит Т2)""
Возрастная категория: Взрослые и дети
# Лечение
## Патогенетическое лечение",0
1923,"Клинические рекомендации ""Желудочковые нарушения ритма. Желудочковые тахикардии и внезапная сердечная смерть""
Возрастная категория: Взрослые и дети
# Лечение
## Лечение желудочковых аритмий и профилактика внезапной сердечной смерти
### Медикаментозное лечение",0
2193,"Клинические рекомендации ""ВИЧ-инфекция у взрослых""
Возрастная категория: Взрослые
# Лечение
## Лечение вторичных и сопутствующих заболеваний при ВИЧ-инфекции",1
1985,"Клинические рекомендации ""Хронический миелоидный лейкоз""
Возрастная категория: Взрослые и дети
# Лечение
## Лекарственное лечение у взрослых пациентов
### Диагностика на этапе лечения (мониторинг результатов терапии ИТК у  пациентов с ХМЛ)",1
2083,"Клинические рекомендации ""Паховая и бедренная грыжа""
Возрастная категория: Взрослые
# Лечение
## Осложнения оперативного лечение паховых/бедренных грыж",0
573,"Клинические рекомендации ""Нарушения липидного обмена""
Возрастная категория: Взрослые
# Лечение
## Немедикаментозное лечение ДЛП",0
210,"Клинические рекомендации ""Миокардиты""
Возрастная категория: Взрослые
# Лечение
## Лечение пациента с острым миокардитом и стабильной гемодинамикой",1
710,"Клинические рекомендации ""Нормальные роды (роды одноплодные, самопроизвольное родоразрешение в затылочном предлежании)""
Возрастная категория: Взрослые и дети
# Лечение
## Ведение первого периода родов",0
912,"Клинические рекомендации ""Меланома кожи и слизистых оболочек""
Возрастная категория: Дети
# Лечение
## Лечение пациентов метастатической и нерезектабельной меланомой кожи (IIIC/D нерезектабельная – IV)",1
925,"Клинические рекомендации ""Свищ заднего прохода и прямой кишки""
Возрастная категория: Взрослые
# Лечение
## Общие принципы лечения свища заднего прохода",0
93,"Клинические рекомендации ""Предменструальный синдром""
Возрастная категория: Взрослые и дети
# Лечение
## Немедикаментозное лечение",0
2178,"Клинические рекомендации ""Повреждение мениска коленного сустава""
Возрастная категория: Взрослые и дети
# Лечение
## Консервативное лечение",0
1326,"Клинические рекомендации ""Болезнь «кленового сиропа»""
Возрастная категория: Взрослые и дети
# Лечение
## Хирургическое лечение",0
293,"Клинические рекомендации ""Язвенный колит""
Возрастная категория: Взрослые
# Лечение
## Консервативное лечение
### Цели и принципы терапии",0
787,"Клинические рекомендации ""Болезнь Фабри""
Возрастная категория: Взрослые и дети
# Лечение
## Патогенетическое лечение",0
2069,"Клинические рекомендации ""Уротелиальный рак верхних мочевыводящих путей""
Возрастная категория: Взрослые
# Лечение
## Лучевая терапия",0
2134,"Клинические рекомендации ""Злокачественные новообразования  влагалища""
Возрастная категория: Взрослые
# Лечение
## Диетотерапия",0
282,"Клинические рекомендации ""Злокачественные новообразования костей и суставных хрящей: остеосаркома, саркома Юинга""
Возрастная категория: Дети
# Лечение
## Лечение пациентов с остеосаркомой",1
1063,"Клинические рекомендации ""Подготовка шейки матки к родам и родовозбуждение""
Возрастная категория: Взрослые и дети
# Лечение
## Медицинские показания к индукции родов",0
1674,"Клинические рекомендации ""Рак молочной железы""
Возрастная категория: Взрослые
# Лечение
## Диетотерапия",0
782,"Клинические рекомендации ""Рак поджелудочной железы""
Возрастная категория: Взрослые
# Лечение
## Хирургическое лечение",0
906,"Клинические рекомендации ""Лимфома Ходжкина""
Возрастная категория: Взрослые и дети
# Лечение
## Лимфома Ходжкина и беременность",1
144,"Клинические рекомендации ""Легочная гипертензия, в том числе хроническая тромбоэмболическая легочная гипертензия""
Возрастная категория: Взрослые
# Лечение
## Специфические подгруппы легочной артериальной гипертензии
### Легочная веноокклюзионная болезнь и легочный капиллярный гемангиоматоз",1
1764,"Клинические рекомендации ""Рак полового члена""
Возрастная категория: Взрослые
# Лечение
## Сопроводительная терапия у пациентов с РПЧ",1
732,"Клинические рекомендации ""Перелом верхней челюсти""
Возрастная категория: Взрослые
# Лечение
## Хирургическое лечение",0
28,"Клинические рекомендации ""Острые лимфобластные лейкозы""
Возрастная категория: Взрослые
# Лечение
## Прогностические факторы эффективности лечения",0
1450,"Клинические рекомендации ""Отморожение. Гипотермия. Другие эффекты воздействия низкой температуры.""
Возрастная категория: Взрослые и дети
# Лечение
## Общее (системное) лечение
### Инфузионно-трансфузионная терапия",0
1550,"Клинические рекомендации ""Рак шейки матки""
Возрастная категория: Взрослые
# Лечение
## Диетотерапия",0
399,"Клинические рекомендации ""Герминогенные опухоли у мужчин""
Возрастная категория: Взрослые
# Лечение
## Лекарственное лечение",0
1940,"Клинические рекомендации ""Повреждения хряща коленного сустава""
Возрастная категория: Взрослые и дети
# Лечение
## Иное лечение",0
1381,"Клинические рекомендации ""Полип анального канала""
Возрастная категория: Взрослые
# Лечение
## Диетотерапия",0
1183,"Клинические рекомендации ""Анемия при хронической болезни почек""
Возрастная категория: Взрослые и дети
# Лечение
## Лечение пациентов с ХБП и анемией",1
1986,"Клинические рекомендации ""Фолликулярная лимфома""
Возрастная категория: Взрослые и дети
# Лечение
## Сопутствующая и сопроводительная терапия",0
1185,"Клинические рекомендации ""Аномалии родовой деятельности""
Возрастная категория: Взрослые и дети
# Лечение
## Иное лечение",0
435,"Клинические рекомендации ""Хронический лимфоцитарный лейкоз /  лимфома из малых лимфоцитов""
Возрастная категория: Взрослые
# Лечение
## Выбор терапии рецидива ХЛЛ (2 и последующие линии)",0
598,"Клинические рекомендации ""Фолликулярная лимфома""
Возрастная категория: Взрослые и дети
# Лечение
## Лечение педиатрической ФЛ",1
142,"Клинические рекомендации ""Депрессивный эпизод, Рекуррентное депрессивное расстройство""
Возрастная категория: 
# Лечение
## Купирующая терапия ДЭ на четвертом этапе",0
581,"Клинические рекомендации ""Перелом скуловой кости""
Возрастная категория: Взрослые
# Лечение
## Диетотерапия",0
221,"Клинические рекомендации ""Волосатоклеточный лейкоз""
Возрастная категория: Взрослые
# Лечение
## Лечение рецидивов и рефрактерных форм волосатоклеточного лейкоза",1
2199,"Клинические рекомендации ""Меланома кожи и слизистых оболочек""
Возрастная категория: Дети
# Лечение
## Лечение локальных стадий заболевания (I–II)",1
1885,"Клинические рекомендации ""Болезнь Крона""
Возрастная категория: Дети
# Лечение
## Консервативная терапия
### Индукция ремиссии",0
2077,"Клинические рекомендации ""Скелетно-мышечные (неспецифические) боли в нижней части спины""
Возрастная категория: Взрослые
# Лечение
## Иное лечение",0
2029,"Клинические рекомендации ""Бактериальный вагиноз""
Возрастная категория: Взрослые и дети
# Лечение
## Иное лечение",0
1024,"Клинические рекомендации ""Сифилис""
Возрастная категория: Взрослые и дети
# Лечение
## Превентивное лечение",0
997,"Клинические рекомендации ""Токсическое действие окиси углерода. Токсическое действие других газов, дымов и паров""
Возрастная категория: Взрослые и дети
# Лечение
## Оказание скорой медицинской помощи вне медицинской организации",0
1898,"Клинические рекомендации ""Злокачественное новообразование бронхов и легкого""
Возрастная категория: Взрослые
# Лечение
## Лечение пациентов с немелкоклеточным раком легкого
### Химиотерапия 1-й линии",1
802,"Клинические рекомендации ""Нарушения липидного обмена""
Возрастная категория: Взрослые
# Лечение
## Лечение ДЛП в отдельных клинических ситуациях
### Семейная гиперхолестеринемия",1
131,"Клинические рекомендации ""Эмболия амниотической жидкостью""
Возрастная категория: Взрослые и дети
# Лечение
## Анестезиологическое пособие   при ЭАЖ",1
1087,"Клинические рекомендации ""Нарушения митохондриального β-окисления жирных кислот""
Возрастная категория: Взрослые и дети
# Лечение
## Рекомендации по терапии отдельных форм FAOD
### Рекомендации по диетотерапии новорожденных с MCAD, выявленных при неонатальном скрининге",1
704,"Клинические рекомендации ""Герминогенные опухоли у мужчин""
Возрастная категория: Взрослые
# Лечение
## Сопроводительная терапия у пациентов с герминогенными опухолями",0
1901,"Клинические рекомендации ""Периоральный дерматит""
Возрастная категория: Взрослые и дети
# Лечение
## Иное лечение",0
822,"Клинические рекомендации ""Преэклампсия. Эклампсия. Отеки, протеинурия и гипертензивные расстройства во время беременности, в родах и послеродовом периоде.""
Возрастная категория: Взрослые и дети
# Лечение
## Ведение пациентки с ПЭ в отделении интенсивной терапии",1
1683,"Клинические рекомендации ""Доброкачественная дисплазия молочной железы""
Возрастная категория: Взрослые и дети
# Лечение
## Немедикаментозное лечение",0
540,"Клинические рекомендации ""Глаукома первичная закрытоугольная""
Возрастная категория: Взрослые
# Лечение
## Хирургическое лечение",0
1212,"Клинические рекомендации ""Туберкулез у взрослых""
Возрастная категория: Взрослые
# Лечение
## ​Иное лечение",0
95,"Клинические рекомендации ""Трансплантация сердца, наличие трансплантированного сердца, отмирание  и отторжение трансплантата сердца""
Возрастная категория: Взрослые и дети
# Лечение
## Показания и противопоказания к трансплантации сердца",0
400,"Клинические рекомендации ""Ботулизм у детей""
Возрастная категория: Дети
# Лечение
## Подраздел Хирургическое лечение",0
655,"Клинические рекомендации ""Гипертрофия аденоидов. Гипертрофия небных миндалин.""
Возрастная категория: Взрослые и дети
# Лечение
## Хирургическое лечение",0
599,"Клинические рекомендации ""Гепатобластома""
Возрастная категория: Дети
# Лечение
## Нутрициологическое сопровождение",0
1356,"Клинические рекомендации ""Острые кишечные инфекции (ОКИ) у взрослых""
Возрастная категория: Взрослые
# Лечение
## Хирургическое лечение",0
1936,"Клинические рекомендации ""Краниальные мононейропатии у взрослых""
Возрастная категория: Взрослые
# Лечение
## Поражения лицевого нерва
### Гемифациальный спазм",1
947,"Клинические рекомендации ""Головная боль напряжения""
Возрастная категория: Дети
# Лечение
## Консервативное лечение",0
1400,"Клинические рекомендации ""Послеоперационная вентральная грыжа""
Возрастная категория: Взрослые
# Лечение
## Антибиотикопрофилактика",0
1239,"Клинические рекомендации ""Злокачественные новообразования костей и суставных хрящей: остеосаркома, саркома Юинга""
Возрастная категория: Дети
# Лечение
## Профилактика и лечение тошноты и рвоты",0
2019,"Клинические рекомендации ""Рак мочевого пузыря""
Возрастная категория: Взрослые
# Лечение
## Лечение мышечно-инвазивного рака мочевого пузыря",1
1184,"Клинические рекомендации ""Витамин-В12-дефицитная анемия""
Возрастная категория: Взрослые и дети
# Лечение
## Диагностика на этапе лечения",0
21,"Клинические рекомендации ""Астигматизм""
Возрастная категория: Взрослые и дети
# Лечение
## Контактная коррекция",0
39,"Клинические рекомендации ""Открытый артериальный проток (ОАП)""
Возрастная категория: Взрослые и дети
# Лечение
## Иное лечение",0
1493,"Клинические рекомендации ""Рак молочной железы""
Возрастная категория: Взрослые
# Лечение
## Рецидивный и метастатический рак молочной железы
### Лечение диссеминированного рака молочной железы",1
703,"Клинические рекомендации ""Острые миелоидные лейкозы""
Возрастная категория: Взрослые
# Лечение
## Ведение пациентов с особыми ситуациями",1
1983,"Клинические рекомендации ""Гнездная алопеция""
Возрастная категория: Взрослые и дети
# Лечение
## Консервативное лечение",0
1429,"Клинические рекомендации ""Перелом дна глазницы""
Возрастная категория: Взрослые и дети
# Лечение
## Профилактика инфекций области хирургического вмешательства",0
758,"Клинические рекомендации ""Разрывы промежности при родоразрешении и другие акушерские травмы (акушерский травматизм)""
Возрастная категория: Взрослые и дети
# Лечение
## Хирургические методы лечения",0
1715,"Клинические рекомендации ""Варикозное расширение вен нижних конечностей""
Возрастная категория: Взрослые
# Лечение
## Хирургическое лечение
### Устранение горизонтального рефлюкса",0
1186,"Клинические рекомендации ""Послеродовое кровотечение""
Возрастная категория: Взрослые и дети
# Лечение
## Анестезия",0
1779,"Клинические рекомендации ""Черепно-мозговая травма у детей""
Возрастная категория: Дети
# Лечение
## Госпитальный этап",0
815,"Клинические рекомендации ""Врожденные аномалии костей черепа и лица, врожденные костно-мышечные деформации головы и лица""
Возрастная категория: Взрослые и дети
# Лечение
## Консервативное лечение",0
530,"Клинические рекомендации ""Болезнь Крона""
Возрастная категория: Дети
# Лечение
## Консервативная терапия
### Поддерживающая терапия",0
1811,"Клинические рекомендации ""Камни нижних отделов мочевых путей""
Возрастная категория: Взрослые и дети
# Лечение
## Консервативное лечение",0
1695,"Клинические рекомендации ""Послеродовые инфекционные осложнения""
Возрастная категория: Взрослые и дети
# Лечение
## Лечение ИОХВ",0
1618,"Клинические рекомендации ""Лимфома маргинальной зоны""
Возрастная категория: Взрослые
# Лечение
## Лечение пациентов с лимфомой маргинальной зоны селезенки",1
120,"Клинические рекомендации ""Кистозный фиброз (муковисцидоз)""
Возрастная категория: Взрослые и дети
# Лечение
## Консервативное лечение
### Терапия эндокринной недостаточности поджелудочной железы (МЗСД)",1
1558,"Клинические рекомендации ""Острая кишечная непроходимость опухолевой этиологии""
Возрастная категория: Взрослые
# Лечение
## Хирургическое лечение",0
661,"Клинические рекомендации ""Хроническая сердечная недостаточность""
Возрастная категория: Взрослые
# Лечение
## Консервативное лечение
### Терапия, применение которой может быть опасно, и не рекомендовано для пациентов с хронической сердечной недостаточностью II-IV функционального класса и сниженной фракцией выброса левого желудочка",1
538,"Клинические рекомендации ""Миелодиспластический синдром. Миелодиспластические/ миелопролиферативные новообразования""
Возрастная категория: Взрослые
# Лечение
## Хирургическое лечение",0
1064,"Клинические рекомендации ""Переломы ключицы и лопатки""
Возрастная категория: Взрослые и дети
# Лечение
## Консервативное лечение",0
1979,"Клинические рекомендации ""Лимфома Ходжкина""
Возрастная категория: Взрослые и дети
# Лечение
## Первая линия терапии кЛХ у пациентов старше 60 лет",1
654,"Клинические рекомендации ""Волосатоклеточный лейкоз""
Возрастная категория: Взрослые
# Лечение
## Лечение впервые диагностированного волосатоклеточного лейкоза",0
1907,"Клинические рекомендации ""Язвенный колит""
Возрастная категория: Взрослые
# Лечение
## Консервативное лечение
### Проктит. Легкая и среднетяжелая атака",1
742,"Клинические рекомендации ""Тазовое предлежание плода""
Возрастная категория: Взрослые и дети
# Лечение
## Роды через естественные родовые пути при ТП плода",0
943,"Клинические рекомендации ""Миома матки""
Возрастная категория: Взрослые и дети
# Лечение
## Хирургическое лечение",0
1043,"Клинические рекомендации ""Рак шейки матки""
Возрастная категория: Взрослые
# Лечение
## Паллиативная лучевая терапия",0
222,"Клинические рекомендации ""Ожоги термические и химические. Ожоги солнечные. Ожоги дыхательных путей.""
Возрастная категория: Взрослые и дети
# Лечение
## Иное лечение",0
2042,"Клинические рекомендации ""Агрессивные нефолликулярные лимфомы - диффузная В-клеточная крупноклеточная лимфома, В-клеточная лимфома высокой степени злокачественности с  перестройкой генов c-MYC и BCL2/BCL6, первичная медиастинальная В-клеточная лимфома, медиастинальная лимфома серой зоны, лимфома Беркитта, плазмобластная лимфома.""
Возрастная категория: Взрослые и дети
# Лечение
## Лечение первичной лимфомы ЦНС (ПЛЦНС) у взрослых",1
1578,"Клинические рекомендации ""Туберкулез у взрослых""
Возрастная категория: Взрослые
# Лечение
## ​Химиотерапия
### ​Режим химиотерапии пре-ШЛУ туберкулеза",1
413,"Клинические рекомендации ""Врожденная анемия вследствие кровопотери у плода и другие врожденные анемии новорожденных""
Возрастная категория: Дети
# Лечение
## Хирургическое лечение",0
475,"Клинические рекомендации ""Специфические расстройства личности""
Возрастная категория: Взрослые
# Лечение
## Медикаментозное лечение",0
1895,"Клинические рекомендации ""Инфекционный эндокардит и инфекция внутрисердечных устройств""
Возрастная категория: Взрослые
# Лечение
## Антибактериальная терапия
### Антибактериальная терапия эндокардита с отрицательной гемокультурой",1
1679,"Клинические рекомендации ""Меланома кожи и слизистых оболочек""
Возрастная категория: Дети
# Лечение
## Особенности адъювантной терапии меланомы кожи у пациентов детского возраста",1
877,"Клинические рекомендации ""Злокачественные новообразования  губы""
Возрастная категория: Взрослые
# Лечение
## Диетотерапия",0
632,"Клинические рекомендации ""Врожденная глаукома""
Возрастная категория: Дети
# Лечение
## Хирургическое лечение",0
83,"Клинические рекомендации ""Чрезмерная рвота беременных""
Возрастная категория: Взрослые и дети
# Лечение
## Медикаментозное лечение",0
945,"Клинические рекомендации ""Острые лимфобластные лейкозы""
Возрастная категория: Взрослые
# Лечение
## Особые состояния при лечении острого лимфобластного лейкоза",0
784,"Клинические рекомендации ""Послеоперационная вентральная грыжа""
Возрастная категория: Взрослые
# Лечение
## Консервативное лечение",0
1766,"Клинические рекомендации ""Острый промиелоцитарный лейкоз""
Возрастная категория: Взрослые
# Лечение
## Трансплантация гемопоэтических стволовых клеток при ОПЛ",1
759,"Клинические рекомендации ""Конъюнктивиты""
Возрастная категория: Взрослые и дети
# Лечение
## Консервативное лечение",0
2107,"Клинические рекомендации ""Лимфома маргинальной зоны""
Возрастная категория: Взрослые
# Лечение
## Лечение пациентов c ранними (IE1, IЕ2, IIЕ) стадиями MALT-лимфомы желудка",1
2065,"Клинические рекомендации ""Хроническая сердечная недостаточность""
Возрастная категория: Взрослые
# Лечение
## Консервативное лечение
### Обезболивание при хронической сердечной недостаточности",0
391,"Клинические рекомендации ""Трансплантация сердца, наличие трансплантированного сердца, отмирание  и отторжение трансплантата сердца""
Возрастная категория: Взрослые и дети
# Лечение
## Рекомендации по проведению хирургических вмешательств у пациентов с трансплантированным сердцем",0
1982,"Клинические рекомендации ""Апластическая анемия""
Возрастная категория: Дети
# Лечение
## Сопроводительное лечение пациентов с АА",0
232,"Клинические рекомендации ""Сахарный диабет: ретинопатия диабетическая, макулярный отек диабетический""
Возрастная категория: Взрослые
# Лечение
## Диетотерапия",0
1566,"Клинические рекомендации ""Остеопороз""
Возрастная категория: Взрослые
# Лечение
## Хирургическое лечение",0
1939,"Клинические рекомендации ""Общий артериальный ствол""
Возрастная категория: Взрослые и дети
# Лечение
## Хирургическое лечение",0
1762,"Клинические рекомендации ""Забрюшинные неорганные саркомы""
Возрастная категория: Взрослые
# Лечение
## Лучевая терапия пациентов с забрюшинными неорганными саркомами",0
196,"Клинические рекомендации ""Сепсис новорождённых""
Возрастная категория: Дети
# Лечение
## Хирургическое лечение",0
2152,"Клинические рекомендации ""Хронический вирусный гепатит С""
Возрастная категория: Взрослые
# Лечение
## Коинфекция",1
215,"Клинические рекомендации ""Гонококковая инфекция""
Возрастная категория: Взрослые и дети
# Лечение
## Консервативное лечение",0
568,"Клинические рекомендации ""Женское бесплодие""
Возрастная категория: Взрослые
# Лечение
## Хирургические методы лечения бесплодия",0
2055,"Клинические рекомендации ""Открытая рана головы""
Возрастная категория: Взрослые и дети
# Лечение
## Консервативное лечение",0
2154,"Клинические рекомендации ""Инфекция, ассоциированная с ортопедическими имплантатами""
Возрастная категория: Взрослые
# Лечение
## Хирургическое лечение
### Хирургическое лечение ППИ",0
1164,"Клинические рекомендации ""Эмболия амниотической жидкостью""
Возрастная категория: Взрослые и дети
# Лечение
## Хирургическое лечение",0
1181,"Клинические рекомендации ""Выпадение женских половых органов""
Возрастная категория: Взрослые
# Лечение
## Консервативное лечение",0
964,"Клинические рекомендации ""Цирроз и фиброз печени""
Возрастная категория: Взрослые
# Лечение
## Консервативное лечение
### Лечение пациентов с ЦП иасцитом",1
1274,"Клинические рекомендации ""Гломерулярные болезни:  иммуноглобулин А-нефропатия""
Возрастная категория: Взрослые и дети
# Лечение
## Иммуносупрессивная и сопутствующая терапия у взрослых пациентов с IgAN",1
1503,"Клинические рекомендации ""Острые лимфобластные лейкозы""
Возрастная категория: Взрослые
# Лечение
## Сопроводительная терапия",0
470,"Клинические рекомендации ""Злокачественные новообразования почек, почечных лоханок, мочеточника, других и неуточненных мочевых органов""
Возрастная категория: Дети
# Лечение
## Нутритивный скрининг и мониторинг",0
197,"Клинические рекомендации ""Макроглобулинемия Вальденстрема""
Возрастная категория: Взрослые
# Лечение
## Поддерживающая терапия",0
459,"Клинические рекомендации ""Рак желудка""
Возрастная категория: Взрослые
# Лечение
## Иное лечение",0
630,"Клинические рекомендации ""Нейрогенная дисфункция нижних мочевыводящих путей""
Возрастная категория: Взрослые
# Лечение
## Консервативное лечение",0
1594,"Клинические рекомендации ""Тетрада Фалло""
Возрастная категория: Взрослые и дети
# Лечение
## Консервативное лечение",0
1205,"Клинические рекомендации ""Хронический тонзиллит""
Возрастная категория: Взрослые и дети
# Лечение
## Хирургическое лечение",0
1459,"Клинические рекомендации ""Миома матки""
Возрастная категория: Взрослые и дети
# Лечение
## Консервативное лечение",0
1180,"Клинические рекомендации ""Ротавирусный гастроэнтерит у детей""
Возрастная категория: Дети
# Лечение
## Иное лечение",0
1960,"Клинические рекомендации ""Рассеянный склероз""
Возрастная категория: Взрослые и дети
# Лечение
## Хирургическое лечение",0
427,"Клинические рекомендации ""Врожденная митральная недостаточность (ВМН)""
Возрастная категория: 
# Лечение
## Хирургическое лечение",0
363,"Клинические рекомендации ""Аденоматозный полипозный синдром""
Возрастная категория: Взрослые
# Лечение
## Консервативное лечение",0
722,"Клинические рекомендации ""Рак уретры""
Возрастная категория: Взрослые
# Лечение
## Диетотерапия",0
1489,"Клинические рекомендации ""Нарушения липидного обмена""
Возрастная категория: Взрослые
# Лечение
## Лечение ДЛП в отдельных клинических ситуациях
### ДЛП и клапанные пороки сердца",1
1830,"Клинические рекомендации ""Миопическая макулярная дегенерация (Миопическая макулопатия)""
Возрастная категория: Взрослые
# Лечение
## Функциональное лечение",0
1088,"Клинические рекомендации ""Саркома Капоши""
Возрастная категория: Взрослые
# Лечение
## Лекарственное лечение",0
1905,"Клинические рекомендации ""Сотрясение головного мозга""
Возрастная категория: Взрослые
# Лечение
## Консервативное лечение",0
187,"Клинические рекомендации ""Гломерулярные болезни:  иммуноглобулин А-нефропатия""
Возрастная категория: Взрослые и дети
# Лечение
## Общие подходы к лечению IgAN у детей",1
1072,"Клинические рекомендации ""Наследственные дистрофии сетчатки""
Возрастная категория: Взрослые и дети
# Лечение
## Назначение диетического питания при заболеваниях органа зрения",0
500,"Клинические рекомендации ""Гонартроз""
Возрастная категория: Взрослые и дети
# Лечение
## Консервативное лечение
### Медикаментозная терапия",0
1590,"Клинические рекомендации ""Инфекционный эндокардит и инфекция внутрисердечных устройств""
Возрастная категория: Взрослые
# Лечение
## Антитромботическая терапия у больных инфекционным эндокардитом",0
2194,"Клинические рекомендации ""Венозные осложнения во время беременности и послеродовом периоде. Акушерская тромбоэмболия""
Возрастная категория: Взрослые и дети
# Лечение
## Анестезия и антикоагулянтная терапия",0
1083,"Клинические рекомендации ""Неалкогольная жировая болезнь печени""
Возрастная категория: Взрослые
# Лечение
## Лечение НАЖБП и ассоциированных состояний
### Лечение НАЖБП в сочетании с хронической болезнью почек",1
209,"Клинические рекомендации ""Серповидно-клеточные нарушения""
Возрастная категория: Взрослые и дети
# Лечение
## Профилактика осложнений СКБ",0
382,"Клинические рекомендации ""Железодефицитная анемия""
Возрастная категория: Взрослые и дети
# Лечение
## Хирургическое лечение",0
1774,"Клинические рекомендации ""Базальноклеточный рак кожи""
Возрастная категория: Взрослые
# Лечение
## Диетотерапия",0
281,"Клинические рекомендации ""Частичный аномальный дренаж легочных вен (ЧАДЛВ)""
Возрастная категория: Взрослые и дети
# Лечение
## Хирургическое лечение",0
1973,"Клинические рекомендации ""Кишечная инвагинация у детей""
Возрастная категория: Дети
# Лечение
## Послеоперационное ведение",0
829,"Клинические рекомендации ""Синдром Сезари""
Возрастная категория: Взрослые и дети
# Лечение
## Хирургическое лечение",0
77,"Клинические рекомендации ""Запор""
Возрастная категория: Взрослые
# Лечение
## Хирургическое лечение",0
1119,"Клинические рекомендации ""Меланома кожи и слизистых оболочек""
Возрастная категория: Взрослые
# Лечение
## Обезболивание",0
1669,"Клинические рекомендации ""Острый гепатит A (ГА) у взрослых""
Возрастная категория: Взрослые
# Лечение
## Консервативное лечение",0
1795,"Клинические рекомендации ""Апластическая анемия""
Возрастная категория: Дети
# Лечение
## Терапия рефрактерных форм и рецидивов АА",1
307,"Клинические рекомендации ""Эпителиальный копчиковый ход""
Возрастная категория: Взрослые
# Лечение
## Хирургическое лечение острого воспаления эпителиального копчикового хода",0
425,"Клинические рекомендации ""Резус-изоиммунизация. Гемолитическая болезнь плода""
Возрастная категория: Взрослые и дети
# Лечение
## Немедикаментозные методы лечения",0
354,"Клинические рекомендации ""Хронический тонзиллит""
Возрастная категория: Взрослые и дети
# Лечение
## Иное лечение",0
62,"Клинические рекомендации ""Легочная гипертензия, в том числе хроническая тромбоэмболическая легочная гипертензия""
Возрастная категория: Взрослые
# Лечение
## Специфические подгруппы легочной артериальной гипертензии
### Легочная артериальная гипертензия, ассоциированная с ВИЧ-инфекцией",1
1633,"Клинические рекомендации ""Атопический дерматит""
Возрастная категория: Взрослые и дети
# Лечение
## Наружная терапия
### Системная антибактериальная терапия",0
614,"Клинические рекомендации ""Генерализованное тревожное расстройство""
Возрастная категория: Взрослые
# Лечение
## Психофармакотерапия
### Терапия третьей линии",1
2167,"Клинические рекомендации ""Стриктура уретры""
Возрастная категория: Взрослые
# Лечение
## Перинеостомия",0
981,"Клинические рекомендации ""Недостаточность 3-метилкротонил-КоА карбоксилазы (3-метилкротонилглицинурия, метилкротонил КоА карбоксилазная недостаточность)""
Возрастная категория: Взрослые и дети
# Лечение
## Патогенетическое лечение",0
1496,"Клинические рекомендации ""Рак поджелудочной железы""
Возрастная категория: Взрослые
# Лечение
## Консервативное лечение
### Периоперационная и адъювантная терапия",1
681,"Клинические рекомендации ""Стриктура уретры""
Возрастная категория: Взрослые
# Лечение
## Регенеративная медицина в лечении стриктур уретры",0
948,"Клинические рекомендации ""Агрессивные нефолликулярные лимфомы - диффузная В-клеточная крупноклеточная лимфома, В-клеточная лимфома высокой степени злокачественности с  перестройкой генов c-MYC и BCL2/BCL6, первичная медиастинальная В-клеточная лимфома, медиастинальная лимфома серой зоны, лимфома Беркитта, плазмобластная лимфома.""
Возрастная категория: Взрослые и дети
# Лечение
## Первая линия терапии первичной медиастинальной (тимической) В-клеточной крупноклеточной лимфомы у взрослых",1
147,"Клинические рекомендации ""Легочная гипертензия, в том числе хроническая тромбоэмболическая легочная гипертензия""
Возрастная категория: Взрослые
# Лечение
## Специфические подгруппы легочной артериальной гипертензии
### Легочная артериальная гипертензия, ассоциированная с врожденными пороками сердца",1
1268,"Клинические рекомендации ""Гломерулярные болезни: фокально-сегментарный гломерулосклероз""
Возрастная категория: Взрослые
# Лечение
## Неиммуносупрессивная терапия ФСГС",0
2021,"Клинические рекомендации ""Отморожение. Гипотермия. Другие эффекты воздействия низкой температуры.""
Возрастная категория: Взрослые и дети
# Лечение
## Лечение на этапе первичной медико-санитарной и специализированной медицинской помощи",0
949,"Клинические рекомендации ""Лимфома из клеток мантии""
Возрастная категория: Взрослые
# Лечение
## Терапия рецидивов и резистентных форм",0
288,"Клинические рекомендации ""Травма гортани""
Возрастная категория: Взрослые и дети
# Лечение
## Консервативное лечение",0
1070,"Клинические рекомендации ""Травма носа""
Возрастная категория: Взрослые и дети
# Лечение
## Иное лечение",0
2059,"Клинические рекомендации ""Рак предстательной железы""
Возрастная категория: Взрослые
# Лечение
## Лекарственная терапия
### Гормональная терапия первой линии",0
1292,"Клинические рекомендации ""Аномалия Эбштейна""
Возрастная категория: Взрослые и дети
# Лечение
## Иное лечение",0
583,"Клинические рекомендации ""Подозрение на глаукому""
Возрастная категория: Взрослые
# Лечение
## Лазерное лечение",0
961,"Клинические рекомендации ""Сепсис новорождённых""
Возрастная категория: Дети
# Лечение
## Консервативное лечение
### Нутритивная поддержка",0
1294,"Клинические рекомендации ""Врожденная дисфункция коры надпочечников (адреногенитальный синдром)""
Возрастная категория: Взрослые
# Лечение
## Иное лечение",0
2136,"Клинические рекомендации ""Трехпредсердное сердце""
Возрастная категория: Взрослые и дети
# Лечение
## Хирургическое лечение",0
1602,"Клинические рекомендации ""Мужское бесплодие""
Возрастная категория: Взрослые
# Лечение
## Лечение бесплодия у мужчин с обструктивной азооспермией",1
1131,"Клинические рекомендации ""Ректовагинальный свищ""
Возрастная категория: Взрослые
# Лечение
## Консервативное лечение",0
657,"Клинические рекомендации ""Крапивница""
Возрастная категория: Взрослые и дети
# Лечение
## Хирургическое лечение",0
2102,"Клинические рекомендации ""Венозные осложнения во время беременности и послеродовом периоде. Акушерская тромбоэмболия""
Возрастная категория: Взрослые и дети
# Лечение
## Консервативные методы лечения",0
700,"Клинические рекомендации ""Нодальные Т-клеточные лимфомы""
Возрастная категория: Взрослые и дети
# Лечение
## Первая линия терапии пациентов с экстранодальной NK/T-клеточной лимфомой у взрослых и детей",1
897,"Клинические рекомендации ""Выпадение прямой кишки""
Возрастная категория: Взрослые
# Лечение
## Хирургическое лечение",0
679,"Клинические рекомендации ""Хронический вирусный гепатит С""
Возрастная категория: Взрослые
# Лечение
## Перелечивание",1
1055,"Клинические рекомендации ""Крапивница""
Возрастная категория: Взрослые и дети
# Лечение
## Элиминация и устранение причин возникновения",0
1318,"Клинические рекомендации ""Множественные переломы мозгового и лицевого отделов черепа""
Возрастная категория: Взрослые и дети
# Лечение
## Лечение до стабилизации основных функций организма",0
247,"Клинические рекомендации ""Дефицит 3-гидрокси-3-метилглутарил-КоА лиазы""
Возрастная категория: Взрослые и дети
# Лечение
## Симптоматическое лечение",0
236,"Клинические рекомендации ""Головная боль напряжения (ГБН)""
Возрастная категория: Взрослые
# Лечение
## Купирование эпизодов головной боли",0
1609,"Клинические рекомендации ""Доброкачественная дисплазия молочной железы""
Возрастная категория: Взрослые и дети
# Лечение
## Применение средств МГТ при ДДМЖ",1
552,"Клинические рекомендации ""Инфекционный эндокардит и инфекция внутрисердечных устройств""
Возрастная категория: Взрослые
# Лечение
## Антибактериальная терапия
### Антибактериальная терапия стафилококкового эндокардита",1
2200,"Клинические рекомендации ""Полип анального канала""
Возрастная категория: Взрослые
# Лечение
## Хирургическое лечение",0
2161,"Клинические рекомендации ""Послеродовые инфекционные осложнения""
Возрастная категория: Взрослые и дети
# Лечение
## Лечение сепсиса, септического шока
### Инфузионная терапия",0
1151,"Клинические рекомендации ""Врожденный клапанный стеноз аорты""
Возрастная категория: Дети
# Лечение
## Эндоваскулярные вмешательства",0
1171,"Клинические рекомендации ""Тетрада Фалло""
Возрастная категория: Взрослые и дети
# Лечение
## Хирургическое лечение",0
1397,"Клинические рекомендации ""Резус-изоиммунизация. Гемолитическая болезнь плода""
Возрастная категория: Взрослые и дети
# Лечение
## Внутриутробные переливания отмытых эритроцитов плоду",1
1455,"Клинические рекомендации ""Хроническая обструктивная болезнь легких""
Возрастная категория: Взрослые
# Лечение
## Хирургическое лечение",0
2000,"Клинические рекомендации ""Периоральный дерматит""
Возрастная категория: Взрослые и дети
# Лечение
## Хирургическое лечение",0
548,"Клинические рекомендации ""Сахарный диабет 2 типа у взрослых""
Возрастная категория: Взрослые
# Лечение
## Немедикаментозные методы лечения",0
1725,"Клинические рекомендации ""Брюшной тиф (инфекция, вызванная Salmonella Typhi) у взрослых""
Возрастная категория: Взрослые
# Лечение
## Хирургическое лечение",0
1548,"Клинические рекомендации ""Сепсис (у взрослых)""
Возрастная категория: Взрослые
# Лечение
## Вазопрессорная поддержка и инотропная терапия",0
464,"Клинические рекомендации ""Злокачественные новообразования  влагалища""
Возрастная категория: Взрослые
# Лечение
## Принципы лучевой терапии",0
1143,"Клинические рекомендации ""Переломы пяточной кости""
Возрастная категория: Взрослые
# Лечение
## Антибактериальная профилактика",0
896,"Клинические рекомендации ""Рак гортани""
Возрастная категория: Взрослые
# Лечение
## Обезболивание",0
211,"Клинические рекомендации ""Инфекционный эндокардит и инфекция внутрисердечных устройств""
Возрастная категория: Взрослые
# Лечение
## Хирургическое лечение
### Хирургические подходы и техники ведения пациентов с инфекционным эндокардитом",0
1383,"Клинические рекомендации ""Хронический болевой синдром (ХБС) у взрослых пациентов, нуждающихся в паллиативной медицинской помощи""
Возрастная категория: Взрослые
# Лечение
## Немедикаментозное лечение",0
1592,"Клинические рекомендации ""Переломы диафиза плечевой кости""
Возрастная категория: Взрослые и дети
# Лечение
## Консервативное лечение",0
1833,"Клинические рекомендации ""Аниридия врожденная""
Возрастная категория: Дети
# Лечение
## Хирургическое лечение (показания к неотложному, в том числе повторному хирургическому лечению; методы хирургического лечения)",0
1835,"Клинические рекомендации ""Дифференцированный рак щитовидной железы""
Возрастная категория: Взрослые
# Лечение
## Хирургическое лечение",0
685,"Клинические рекомендации ""Рак молочной железы""
Возрастная категория: Взрослые
# Лечение
## Наблюдение в процессе лечения. Оценка эффекта",0
537,"Клинические рекомендации ""Расстройства аутистического спектра""
Возрастная категория: 
# Лечение
## Иное лечение",0
786,"Клинические рекомендации ""Роды одноплодные, родоразрешение путем кесарева сечения""
Возрастная категория: Взрослые и дети
# Лечение
## Определение показаний к родоразрешению путем КС",0
770,"Клинические рекомендации ""Бронхиальная астма""
Возрастная категория: Взрослые и дети
# Лечение
## Медикаментозная терапия
### Лечение обострений БА",0
2061,"Клинические рекомендации ""Ботулизм у взрослых""
Возрастная категория: Взрослые
# Лечение
## Хирургическое лечение",0
2062,"Клинические рекомендации ""Старческая астения""
Возрастная категория: Взрослые
# Лечение
## Немедикаментозные методы лечения старческой астении",0
884,"Клинические рекомендации ""Хронический панкреатит""
Возрастная категория: Взрослые
# Лечение
## Хирургическое лечение
### Лечение билиарной гипертензии при хроническом панкреатите",1
457,"Клинические рекомендации ""Преэклампсия. Эклампсия. Отеки, протеинурия и гипертензивные расстройства во время беременности, в родах и послеродовом периоде.""
Возрастная категория: Взрослые и дети
# Лечение
## Противосудорожная терапия",0
1497,"Клинические рекомендации ""Туберкулез у взрослых""
Возрастная категория: Взрослые
# Лечение
## ​Химиотерапия
### ​Режим химиотерапии МЛУ туберкулеза",1
1215,"Клинические рекомендации ""Инфекционный эндокардит и инфекция внутрисердечных устройств""
Возрастная категория: Взрослые
# Лечение
## Антибактериальная терапия
### Антибактериальная терапия стрептококкового эндокардита",1
2099,"Клинические рекомендации ""Сепсис (у взрослых)""
Возрастная категория: Взрослые
# Лечение
## Контроль гликемии",0
901,"Клинические рекомендации ""Нарушения митохондриального β-окисления жирных кислот""
Возрастная категория: Взрослые и дети
# Лечение
## Симптоматическое лечение",0
2141,"Клинические рекомендации ""Рак вульвы""
Возрастная категория: Взрослые
# Лечение
## Обезболивание",0
1298,"Клинические рекомендации ""Переломы диафиза костей предплечья""
Возрастная категория: Взрослые и дети
# Лечение
## Иное лечение",0
1396,"Клинические рекомендации ""Наследственный ангиоотёк""
Возрастная категория: Взрослые и дети
# Лечение
## Краткосрочная профилактика",0
1039,"Клинические рекомендации ""Хроническая боль у пациентов пожилого и старческого возраста""
Возрастная категория: Взрослые
# Лечение
## Барьеры в лечении хронической боли старше 60 лет",1
2071,"Клинические рекомендации ""Истмико-цервикальная недостаточность""
Возрастная категория: Взрослые и дети
# Лечение
## Хирургические методы лечения",0
974,"Клинические рекомендации ""Токсическое действие галогенпроизводных алифатических и ароматических углеводородов""
Возрастная категория: Взрослые и дети
# Лечение
## Оказание скорой медицинской помощи вне медицинской организации",0
1057,"Клинические рекомендации ""Атопический дерматит""
Возрастная категория: Взрослые и дети
# Лечение
## Наружная терапия
### Системная терапия пациентов с атопическим дерматитом",0
1728,"Клинические рекомендации ""Герминогенные опухоли у мужчин""
Возрастная категория: Взрослые
# Лечение
## Обезболивание",0
2158,"Клинические рекомендации ""Острая кишечная непроходимость опухолевой этиологии""
Возрастная категория: Взрослые
# Лечение
## Неинвазивные методы лечения",0
287,"Клинические рекомендации ""Болезнь Ниманна-Пика тип С""
Возрастная категория: Взрослые и дети
# Лечение
## Симптоматическое лечение",0
1365,"Клинические рекомендации ""Атрезия легочной артерии с дефектом межжелудочковой перегородки (АЛА с ДМЖП)""
Возрастная категория: Дети
# Лечение
## Хирургическое лечение",0
980,"Клинические рекомендации ""Общий артериальный ствол""
Возрастная категория: Взрослые и дети
# Лечение
## Эндоваскулярные вмешательства",0
2110,"Клинические рекомендации ""Повреждение связок коленного сустава""
Возрастная категория: Взрослые и дети
# Лечение
## Обезболивающая терапия",0
477,"Клинические рекомендации ""Паховая и бедренная грыжа""
Возрастная категория: Взрослые
# Лечение
## Консервативное лечение",0
1051,"Клинические рекомендации ""Урогенитальный трихомониаз""
Возрастная категория: Взрослые и дети
# Лечение
## Хирургическое лечение",0
1238,"Клинические рекомендации ""Хроническая воспалительная  демиелинизирующая полирадикулонейропатия""
Возрастная категория: Взрослые
# Лечение
## Патогенетическая терапия второй линии",0
143,"Клинические рекомендации ""Язвенный колит""
Возрастная категория: Взрослые
# Лечение
## Консервативное лечение
### Биосимиляры (Биоаналоги)",0
1580,"Клинические рекомендации ""Перелом нижней челюсти""
Возрастная категория: Дети
# Лечение
## Иное лечение",0
522,"Клинические рекомендации ""Отит средний острый""
Возрастная категория: Взрослые и дети
# Лечение
## Хирургическое лечение",0
2033,"Клинические рекомендации ""Преэклампсия. Эклампсия. Отеки, протеинурия и гипертензивные расстройства во время беременности, в родах и послеродовом периоде.""
Возрастная категория: Взрослые и дети
# Лечение
## Первая помощь при развитии эклампсии",0
2129,"Клинические рекомендации ""Гастрит и дуоденит""
Возрастная категория: Взрослые
# Лечение
## Эндоскопическое лечение",1
30,"Клинические рекомендации ""Отравления производным амфетамина, синтетическими катинонами и прекурсорами ГОМК""
Возрастная категория: Взрослые и дети
# Лечение
## Детоксикационная терапия",0
481,"Клинические рекомендации ""Острый гепатит В (ОГВ) у детей""
Возрастная категория: Дети
# Лечение
## Иное лечение",0
1588,"Клинические рекомендации ""Серповидно-клеточные нарушения""
Возрастная категория: Взрослые и дети
# Лечение
## Трансплантация гемопоэтических стволовых клеток",1
1824,"Клинические рекомендации ""Сахарный диабет 2 типа у взрослых""
Возрастная категория: Взрослые
# Лечение
## Гипогликемия",0
301,"Клинические рекомендации ""Атопический дерматит""
Возрастная категория: Взрослые и дети
# Лечение
## Консервативное лечение",0
48,"Клинические рекомендации ""Инфекция, ассоциированная с ортопедическими имплантатами""
Возрастная категория: Взрослые
# Лечение
## Консервативное лечение",0
231,"Клинические рекомендации ""Острые кишечные инфекции (ОКИ) у взрослых""
Возрастная категория: Взрослые
# Лечение
## Консервативное лечение",0
1241,"Клинические рекомендации ""Приобретенная чистая красноклеточная аплазия (эритробластопения)""
Возрастная категория: Взрослые и дети
# Лечение
## Гемотрансфузионная терапия",0
1884,"Клинические рекомендации ""Геморрагический инсульт""
Возрастная категория: Взрослые
# Лечение
## Лечение аневризматического САК
### Хирургическое лечение",1
1507,"Клинические рекомендации ""Гипертрофия аденоидов. Гипертрофия небных миндалин.""
Возрастная категория: Взрослые и дети
# Лечение
## Медикаментозная терапия после аденотомии и/или тонзиллотомии",0
438,"Клинические рекомендации ""Краниальные мононейропатии у взрослых""
Возрастная категория: Взрослые
# Лечение
## Поражения тройничного нерва
### Тригеминальная невралгия",1
1027,"Клинические рекомендации ""Ожоги глаз""
Возрастная категория: Взрослые и дети
# Лечение
## Хирургическое лечение",0
878,"Клинические рекомендации ""Сахарный диабет 2 типа у взрослых""
Возрастная категория: Взрослые
# Лечение
## Медикаментозная терапия
### Общие принципы медикаментозной терапии",0
59,"Клинические рекомендации ""Психические и поведенческие расстройства, вызванные употреблением табака (никотина). Синдром зависимости от табака, синдром отмены табака у взрослых""
Возрастная категория: Взрослые
# Лечение
## Лекарственная терапия",0
1902,"Клинические рекомендации ""Сепсис (у взрослых)""
Возрастная категория: Взрослые
# Лечение
## Контроль инфекционного очага",0
1881,"Клинические рекомендации ""Холецистит""
Возрастная категория: Взрослые
# Лечение
## Консервативное лечение",0
846,"Клинические рекомендации ""Миопия""
Возрастная категория: Взрослые и дети
# Лечение
## Медикаментозное лечение",0
1388,"Клинические рекомендации ""Меланома кожи и слизистых оболочек""
Возрастная категория: Взрослые
# Лечение
## Лечение пациентов метастатической и нерезектабельной меланомой кожи (IIIC/D нерезектабельная – IV стадия или их эквивалент)
### Выбор терапии у пациентов метастатической или неоперабельной меланомой кожи с мутацией в гене KIT",1
1012,"Клинические рекомендации ""Киста почки""
Возрастная категория: Взрослые
# Лечение
## Хирургические методы лечения",0
454,"Клинические рекомендации ""Рак предстательной железы""
Возрастная категория: Взрослые
# Лечение
## Тщательное наблюдение (отсроченное лечение)",0
100,"Клинические рекомендации ""Гонартроз""
Возрастная категория: Взрослые и дети
# Лечение
## Хирургическое лечение
### Органосохраняющие операции",0
1207,"Клинические рекомендации ""Атопический дерматит""
Возрастная категория: Взрослые и дети
# Лечение
## Наружная терапия
### Лечение осложненного атопического дерматит",1
384,"Клинические рекомендации ""Кистозный фиброз (муковисцидоз)""
Возрастная категория: Взрослые и дети
# Лечение
## Консервативное лечение
### Бронхолитическая терапия",0
584,"Клинические рекомендации ""Венозные осложнения во время беременности и послеродовом периоде. Акушерская тромбоэмболия""
Возрастная категория: Взрослые и дети
# Лечение
## Хирургическое лечение:",0
103,"Клинические рекомендации ""Хронический лимфоцитарный лейкоз /  лимфома из малых лимфоцитов""
Возрастная категория: Взрослые
# Лечение
## Показания к началу терапии В-клеточного ХЛЛ",0
1516,"Клинические рекомендации ""Глутаровая ацидурия тип 1""
Возрастная категория: Взрослые и дети
# Лечение
## Консервативное лечение",0
837,"Клинические рекомендации ""Трансплантация сердца, наличие трансплантированного сердца, отмирание  и отторжение трансплантата сердца""
Возрастная категория: Взрослые и дети
# Лечение
## Иммуносупрессивная терапия
### Поддерживающая иммуносупрессивная терапия",0
1037,"Клинические рекомендации ""Генерализованное тревожное расстройство""
Возрастная категория: Взрослые
# Лечение
## Психофармакотерапия
### Продолженная и длительная психофармакотерапия",0
34,"Клинические рекомендации ""Острый промиелоцитарный лейкоз""
Возрастная категория: Взрослые
# Лечение
## Профилактика и терапия нейролейкемии",1
745,"Клинические рекомендации ""Гемангиома инфантильная""
Возрастная категория: Дети
# Лечение
## Хирургические методы лечения",0
556,"Клинические рекомендации ""Наследственные дистрофии сетчатки""
Возрастная категория: Взрослые и дети
# Лечение
## Этиопатогенетическая генозаместительная терапия",0
112,"Клинические рекомендации ""Острая респираторная вирусная инфекция (ОРВИ)""
Возрастная категория: Дети
# Лечение
## Консервативное лечение",0
2013,"Клинические рекомендации ""Врожденная пневмония""
Возрастная категория: Дети
# Лечение
## Консервативное лечение",0
1430,"Клинические рекомендации ""Кистозный фиброз (муковисцидоз)""
Возрастная категория: Взрослые и дети
# Лечение
## Паллиативная помощь",0
478,"Клинические рекомендации ""Хронический панкреатит""
Возрастная категория: Взрослые
# Лечение
## Диетотерапия",0
1846,"Клинические рекомендации ""Прогрессирующая мышечная дистрофия Дюшенна. Прогрессирующая мышечная дистрофия Беккера""
Возрастная категория: Дети
# Лечение
## Паллиативная медицинская помощь",0
1084,"Клинические рекомендации ""Гидронефроз""
Возрастная категория: Взрослые и дети
# Лечение
## Хирургическое лечение",0
867,"Клинические рекомендации ""Менингококковая инфекция у детей""
Возрастная категория: Дети
# Лечение
## Консервативное лечение",0
861,"Клинические рекомендации ""Депрессивный эпизод, Рекуррентное депрессивное расстройство""
Возрастная категория: 
# Лечение
## Противорецидивная (профилактическая) терапия",0
609,"Клинические рекомендации ""Анафилактический шок""
Возрастная категория: Взрослые и дети
# Лечение",0
1531,"Клинические рекомендации ""Врожденный стеноз клапана легочной артерии""
Возрастная категория: Дети
# Лечение
## Хирургическое лечение",0
2008,"Клинические рекомендации ""Токсическое действие метанола и этиленгликоля""
Возрастная категория: Взрослые и дети
# Лечение
## Оказание специализированной медицинской помощи",0
1814,"Клинические рекомендации ""Старческая астения""
Возрастная категория: Взрослые
# Лечение
## Основные принципы лечения пациентов с синдромом СА",0
421,"Клинические рекомендации ""Хроническая сердечная недостаточность""
Возрастная категория: Взрослые
# Лечение
## Консервативное лечение
### Лечение пациентов с ХСН в особых группах",1
1248,"Клинические рекомендации ""Хроническая боль у пациентов пожилого и старческого возраста""
Возрастная категория: Взрослые
# Лечение
## Медикаментозное лечение",0
380,"Клинические рекомендации ""Болезнь «кленового сиропа»""
Возрастная категория: Взрослые и дети
# Лечение
## Плановое оперативное вмешательство, анестезия",0
592,"Клинические рекомендации ""Синдром гипоплазии левых отделов сердца""
Возрастная категория: Дети
# Лечение
## Консервативное лечение",0
2146,"Клинические рекомендации ""Переломы бедренной кости (кроме проксимального отдела бедренной кости)""
Возрастная категория: Взрослые и дети
# Лечение
## Консервативное лечение
### Немедикаментозное лечение",0
2052,"Клинические рекомендации ""Серповидно-клеточные нарушения""
Возрастная категория: Взрослые и дети
# Лечение
## Хирургическое лечение",0
488,"Клинические рекомендации ""Агрессивные нефолликулярные лимфомы - диффузная В-клеточная крупноклеточная лимфома, В-клеточная лимфома высокой степени злокачественности с  перестройкой генов c-MYC и BCL2/BCL6, первичная медиастинальная В-клеточная лимфома, медиастинальная лимфома серой зоны, лимфома Беркитта, плазмобластная лимфома.""
Возрастная категория: Взрослые и дети
# Лечение
## Лечение плазмобластной лимфомы у взрослых",1
2208,"Клинические рекомендации ""Внебольничная пневмония у взрослых""
Возрастная категория: Взрослые
# Лечение
## Лечение госпитализированных пациентов
### Этиотропная АБТ",0
1003,"Клинические рекомендации ""Сквозной макулярный разрыв Витреомакулярный тракционный синдром""
Возрастная категория: Взрослые
# Лечение
## Хирургическое лечение",0
1604,"Клинические рекомендации ""Меланома кожи и слизистых оболочек""
Возрастная категория: Дети
# Лечение
## Лечение пациентов меланомой кожи III стадии",1
2070,"Клинические рекомендации ""Острый парапроктит""
Возрастная категория: Взрослые и дети
# Лечение
## Лечение ОП при нейтропении",1
91,"Клинические рекомендации ""Ожоги термические и химические. Ожоги солнечные. Ожоги дыхательных путей.""
Возрастная категория: Взрослые и дети
# Лечение
## Общее (системное) лечение
### Профилактика и лечение острого повреждения почек",0
504,"Клинические рекомендации ""Острые миелоидные лейкозы""
Возрастная категория: Взрослые
# Лечение
## Лечение пациентов с острым миелоидным лейкозом в возрасте 18–60 лет",1
198,"Клинические рекомендации ""Артериальная гипертензия у взрослых""
Возрастная категория: Взрослые
# Лечение
## Медикаментозная терапия АГ
### Лекарственные средства для лечения артериальной гипертензии",0
1223,"Клинические рекомендации ""Меланома кожи и слизистых оболочек""
Возрастная категория: Взрослые
# Лечение
## Лечение пациентов метастатической и нерезектабельной меланомой кожи (IIIC/D нерезектабельная – IV стадия или их эквивалент)
### Конкурентное применение лучевой терапии и системного противоопухолевого лечения",1
1702,"Клинические рекомендации ""Стриктура уретры у детей""
Возрастная категория: Дети
# Лечение
## Оценка результатов уретропластики",0
692,"Клинические рекомендации ""Нейробластома""
Возрастная категория: Дети
# Лечение",0
468,"Клинические рекомендации ""Наружные отиты""
Возрастная категория: Взрослые
# Лечение
## Иное лечение",0
1761,"Клинические рекомендации ""Послеродовые инфекционные осложнения""
Возрастная категория: Взрослые и дети
# Лечение
## Лечение сепсиса, септического шока
### Иные методы",0
1654,"Клинические рекомендации ""Неэпителиальные опухоли яичников""
Возрастная категория: Взрослые
# Лечение
## Диетотерапия",0
550,"Клинические рекомендации ""Специфические расстройства личности""
Возрастная категория: Взрослые
# Лечение
## Психологические методы и психотерапия",0
449,"Клинические рекомендации ""Перелом верхней челюсти и скуловой кости""
Возрастная категория: Дети
# Лечение
## Транспортная иммобилизация верхней челюсти",0
1303,"Клинические рекомендации ""Хронический вирусный гепатит С""
Возрастная категория: Взрослые
# Лечение
## Внепеченочные проявленияхронического вирусного гепатита С",1
1097,"Клинические рекомендации ""Синдром раздраженного кишечника""
Возрастная категория: Взрослые и дети
# Лечение
## Иное лечение",0
73,"Клинические рекомендации ""Рак печени (гепатоцеллюлярный)""
Возрастная категория: Взрослые
# Лечение
## Трансартериальная химиоэмболизация",0
1635,"Клинические рекомендации ""Лимфома из клеток мантии""
Возрастная категория: Взрослые
# Лечение
## Оценка ответа на лечение",0
1019,"Клинические рекомендации ""Сахарный диабет: ретинопатия диабетическая, макулярный отек диабетический""
Возрастная категория: Взрослые
# Лечение
## Лазерное лечение",0
2066,"Клинические рекомендации ""Другие атрофические изменения кожи""
Возрастная категория: Взрослые
# Лечение
## Инвазивные методы",0
1941,"Клинические рекомендации ""Язвенный колит""
Возрастная категория: Взрослые
# Лечение
## Хирургическое лечение
### Резервуарит и другие осложнения хирургического лечения при формировании тонкокишечного резервуара",0
263,"Клинические рекомендации ""Фибрилляция и трепетание предсердий у взрослых""
Возрастная категория: Взрослые
# Лечение
## Хирургическое и интервенционное лечение фибрилляции предсердий
### Модификация атриовентрикулярного соединения",0
2080,"Клинические рекомендации ""Болезнь Крона""
Возрастная категория: Дети
# Лечение
## Хирургическое лечение болезни Крона у детей
### Противорецидивная терапия после хирургического лечения БК",1
788,"Клинические рекомендации ""Инородное тело в пищеварительном тракте""
Возрастная категория: Взрослые и дети
# Лечение
## Эндоскопическое лечение",0
1822,"Клинические рекомендации ""Нарушения липидного обмена""
Возрастная категория: Взрослые
# Лечение
## Лечение ДЛП в отдельных клинических ситуациях
### ДЛП и цереброваскулярная болезнь",1
1474,"Клинические рекомендации ""Туберкулез у взрослых""
Возрастная категория: Взрослые
# Лечение
## ​Химиотерапия
### ​Режим химиотерапии изониазид-резистентного туберкулеза",1
1801,"Клинические рекомендации ""Нодальные Т-клеточные лимфомы""
Возрастная категория: Взрослые и дети
# Лечение
## Лечение рецидивов ПТКЛ",0
1729,"Клинические рекомендации ""Бронхиальная астма""
Возрастная категория: Взрослые и дети
# Лечение
## Элиминационные мероприятия",0
491,"Клинические рекомендации ""Посттравматическое стрессовое расстройство""
Возрастная категория: Взрослые
# Лечение
## Психотерапия",0
553,"Клинические рекомендации ""Частичный аномальный дренаж легочных вен (ЧАДЛВ)""
Возрастная категория: Взрослые и дети
# Лечение
## Иное лечение",0
1290,"Клинические рекомендации ""Ботулизм у детей""
Возрастная категория: Дети
# Лечение
## Иное лечение",0
776,"Клинические рекомендации ""Доброкачественные образования головы и шеи""
Возрастная категория: Взрослые
# Лечение
## Иное лечение",0
316,"Клинические рекомендации ""Идиопатический легочный фиброз""
Возрастная категория: Взрослые
# Лечение
## Хирургическое лечение",0
1656,"Клинические рекомендации ""Полипозный риносинусит""
Возрастная категория: Взрослые
# Лечение
## Медикаментозное лечение",0
1581,"Клинические рекомендации ""Рак предстательной железы""
Возрастная категория: Взрослые
# Лечение
## Лучевая терапия",0
900,"Клинические рекомендации ""Бронхиальная астма""
Возрастная категория: Взрослые и дети
# Лечение
## Аллерген-специфическая иммунотерапия",0
666,"Клинические рекомендации ""ВИЧ-инфекция у взрослых""
Возрастная категория: Взрослые
# Лечение
## Характеристика АРВП и схем АРТ представлены в приложении Г1",0
298,"Клинические рекомендации ""Единственный желудочек сердца""
Возрастная категория: Взрослые и дети
# Лечение
## Консервативное лечение",0
627,"Клинические рекомендации ""Повреждение связок коленного сустава""
Возрастная категория: Взрослые и дети
# Лечение
## Консервативное лечение",0
597,"Клинические рекомендации ""Злокачественные новообразования почек, почечных лоханок, мочеточника, других и неуточненных мочевых органов""
Возрастная категория: Дети
# Лечение
## Послеоперационная терапия
### Адъювантная терапия для СКС почки",1
1468,"Клинические рекомендации ""Перелом скуловой кости""
Возрастная категория: Взрослые
# Лечение
## Обезболивание",0
868,"Клинические рекомендации ""Внебольничная пневмония у взрослых""
Возрастная категория: Взрослые
# Лечение
## Лечение госпитализированных пациентов
### Антимикробная терапия",0
2179,"Клинические рекомендации ""Нервно-мышечный сколиоз""
Возрастная категория: Взрослые и дети
# Лечение
## Иное лечение",0
1357,"Клинические рекомендации ""Рак ротоглотки""
Возрастная категория: Взрослые
# Лечение
## Принципы хирургического лечения",0
1842,"Клинические рекомендации ""Перелом (вывих) грудного и пояснично-крестцового отдела позвоночника""
Возрастная категория: Взрослые и дети
# Лечение
## Хирургическое лечение",0
1403,"Клинические рекомендации ""Острый гепатит A (ГА) у взрослых""
Возрастная категория: Взрослые
# Лечение
## Хирургическое лечение",0
766,"Клинические рекомендации ""Аномалия Эбштейна""
Возрастная категория: Взрослые и дети
# Лечение
## Консервативное лечение",0
1362,"Клинические рекомендации ""Инфекционный эндокардит и инфекция внутрисердечных устройств""
Возрастная категория: Взрослые
# Лечение
## Хирургическое лечение
### Общие принципы хирургического лечения инфекционного эндокардита",0
2165,"Клинические рекомендации ""Хроническая сердечная недостаточность""
Возрастная категория: Взрослые
# Лечение
## Консервативное лечение
### Ингибиторы АПФ",0
1537,"Клинические рекомендации ""Проксимальная спинальная мышечная атрофия 5q""
Возрастная категория: Дети
# Лечение
## Медикаментозная терапия",0
1876,"Клинические рекомендации ""Затрудненные роды [дистоция] вследствие предлежания плечика. Дистоция плечиков""
Возрастная категория: Взрослые и дети
# Лечение
## Приемы для разрешения ДП",0
195,"Клинические рекомендации ""Нарушения липидного обмена""
Возрастная категория: Взрослые
# Лечение
## Лечение ДЛП в отдельных клинических ситуациях
### ДЛП и хроническая болезнь почек",1
845,"Клинические рекомендации ""Злокачественные новообразования  губы""
Возрастная категория: Взрослые
# Лечение
## Принципы системной химиотерапии",0
1536,"Клинические рекомендации ""Рак тела матки и саркомы матки""
Возрастная категория: Взрослые
# Лечение
## Адъювантное лечение",0
373,"Клинические рекомендации ""Болезнь Фабри""
Возрастная категория: Взрослые и дети
# Лечение
## Хирургическое лечение",0
1546,"Клинические рекомендации ""Рак вульвы""
Возрастная категория: Взрослые
# Лечение
## Общие принципы лечения в зависимости от стадии",0
772,"Клинические рекомендации ""Дефицит 3-гидрокси-3-метилглутарил-КоА лиазы""
Возрастная категория: Взрослые и дети
# Лечение
## Патогенетическое лечение",0
2043,"Клинические рекомендации ""Эндометриоз""
Возрастная категория: Взрослые и дети
# Лечение
## Медикаментозное лечение",0
1687,"Клинические рекомендации ""Повреждение связок коленного сустава""
Возрастная категория: Взрослые и дети
# Лечение
## Диетотерапия",0
29,"Клинические рекомендации ""Гемофилия""
Возрастная категория: Взрослые и дети
# Лечение
## Лечение ингибиторной гемофилии",1
1123,"Клинические рекомендации ""Патологическое прикрепление плаценты (предлежание и врастание плаценты)""
Возрастная категория: Взрослые и дети
# Лечение",0
1261,"Клинические рекомендации ""Послеродовые инфекционные осложнения""
Возрастная категория: Взрослые и дети
# Лечение
## Лечение акушерского перитонита",1
1153,"Клинические рекомендации ""Дегенеративные заболевания позвоночника""
Возрастная категория: Взрослые и дети
# Лечение
## Пункционные вмешательства
### Пункционные интервенционные процедуры в области дугоотростчатых (фасеточных) суставов грудного отдела позвоночника",0
217,"Клинические рекомендации ""Тревожно-фобические расстройства""
Возрастная категория: Взрослые
# Лечение
## Психофармакотерапия",0
524,"Клинические рекомендации ""Хронический болевой синдром (ХБС) у взрослых пациентов, нуждающихся в паллиативной медицинской помощи""
Возрастная категория: Взрослые
# Лечение
## Консервативная терапия
### Общие принципы терапии хронической боли при оказании паллиативной медицинской помощи",0
2157,"Клинические рекомендации ""Тиреоидиты у детей""
Возрастная категория: Дети
# Лечение
## Острый тиреоидит",1
450,"Клинические рекомендации ""Рак полового члена""
Возрастная категория: Взрослые
# Лечение
## Обезболивание",0
392,"Клинические рекомендации ""Желудочковые нарушения ритма. Желудочковые тахикардии и внезапная сердечная смерть""
Возрастная категория: Взрослые и дети
# Лечение
## Лечение желудочковых тахиаритмий и профилактика внезапной смерти в отдельных группах
### Обструктивное ночное апноэ",1
434,"Клинические рекомендации ""Желудочковые нарушения ритма. Желудочковые тахикардии и внезапная сердечная смерть""
Возрастная категория: Взрослые и дети
# Лечение
## Лечение основного заболевания сердца и первичная профилактика внезапной смерти",0
2114,"Клинические рекомендации ""Инфекционный эндокардит и инфекция внутрисердечных устройств""
Возрастная категория: Взрослые
# Лечение
## Антибактериальная терапия
### Амбулаторная антибактериальная терапия инфекционного эндокардита",0
1082,"Клинические рекомендации ""Трофобластические опухоли""
Возрастная категория: Взрослые
# Лечение
## Тактика при ЧПЗ и развивающейся беременности",1
1399,"Клинические рекомендации ""Злокачественные опухоли слюнных желез""
Возрастная категория: Взрослые
# Лечение
## Выбор метода лечения",0
107,"Клинические рекомендации ""Трансплантация сердца, наличие трансплантированного сердца, отмирание  и отторжение трансплантата сердца""
Возрастная категория: Взрослые и дети
# Лечение
## Иммуносупрессивная терапия
### Конверсия такролимуса** или циклоспорина** на ингибиторы сигнала пролиферации (m-TORi) #сиролимус или эверолимус**",0
968,"Клинические рекомендации ""Гепатобластома""
Возрастная категория: Дети
# Лечение
## Профиллактика и диагностика инфекции у детей с гепатобластомой на фоне проводимого лечения
### Иные диагностические исследования",0
122,"Клинические рекомендации ""Закрытые повреждения мягких тканей конечностей""
Возрастная категория: Взрослые и дети
# Лечение
## Оперативное лечение",0
1374,"Клинические рекомендации ""Психические и поведенческие расстройства, вызванные употреблением психоактивных веществ. Пагубное (с вредными последствиями) употребление""
Возрастная категория: Взрослые
# Лечение
## Немедикаментозная терапия
### Планирование процесса немедикаментозного лечения",0
1815,"Клинические рекомендации ""Фибрилляция и трепетание предсердий у взрослых""
Возрастная категория: Взрослые
# Лечение
## Хирургическое и интервенционное лечение фибрилляции предсердий
### Катетерная абляция при фибрилляции предсердий",0
783,"Клинические рекомендации ""Синдром Сезари""
Возрастная категория: Взрослые и дети
# Лечение
## Консервативное лечение",0
2026,"Клинические рекомендации ""Карцинома Меркеля""
Возрастная категория: Взрослые
# Лечение
## Лечение больных с резектабельной III стадией заболевания",1
2035,"Клинические рекомендации ""Злокачественные новообразования  губы""
Возрастная категория: Взрослые
# Лечение
## Принципы хирургического лечения",0
525,"Клинические рекомендации ""Приобретенная чистая красноклеточная аплазия (эритробластопения)""
Возрастная категория: Взрослые и дети
# Лечение
## Иное лечение",0
707,"Клинические рекомендации ""Меланома кожи и слизистых оболочек""
Возрастная категория: Дети
# Лечение
## Нутритивный скрининг и мониторинг",0
1157,"Клинические рекомендации ""Аскаридоз у детей""
Возрастная категория: Дети
# Лечение
## Консервативное лечение",0
1226,"Клинические рекомендации ""Острые отравления опиоидными наркотическими веществами""
Возрастная категория: Взрослые и дети
# Лечение
## Общие подходы к терапии острого отравления опиоидными наркотическими веществами",0
919,"Клинические рекомендации ""Острые порфирии""
Возрастная категория: Взрослые и дети
# Лечение
## Плазмаферез",0
1849,"Клинические рекомендации ""Прочие первичные грыжи брюшной стенки""
Возрастная категория: Взрослые
# Лечение
## Показания для хирургического лечения",0
1237,"Клинические рекомендации ""Гипотиреоз""
Возрастная категория: Взрослые
# Лечение
## Консервативное лечение",0
1304,"Клинические рекомендации ""Эпителиальный копчиковый ход""
Возрастная категория: Взрослые
# Лечение
## Малоинвазивное лечение эпителиального копчикового хода",0
374,"Клинические рекомендации ""Гонартроз""
Возрастная категория: Взрослые и дети
# Лечение
## Хирургическое лечение
### Иное лечение",0
1763,"Клинические рекомендации ""Трансплантация сердца, наличие трансплантированного сердца, отмирание  и отторжение трансплантата сердца""
Возрастная категория: Взрослые и дети
# Лечение
## Лечение отторжения сердечного трансплантата",0
1295,"Клинические рекомендации ""Иммунная тромбоцитопения""
Возрастная категория: Дети
# Лечение
## Общие рекомендации",0
1693,"Клинические рекомендации ""Отит средний острый""
Возрастная категория: Взрослые и дети
# Лечение
## Консервативное лечение",0
1492,"Клинические рекомендации ""Апластическая анемия""
Возрастная категория: Взрослые
# Лечение
## Хирургическое лечение",0
2126,"Клинические рекомендации ""Рак мочевого пузыря""
Возрастная категория: Взрослые
# Лечение
## Лечение немышечно-инвазивного рака мочевого пузыря",1
1133,"Клинические рекомендации ""Фибрилляция и трепетание предсердий у взрослых""
Возрастная категория: Взрослые
# Лечение
## Хирургическое и интервенционное лечение фибрилляции предсердий
### Катетерная абляция трепетания предсердий",1
1837,"Клинические рекомендации ""Саркомы костей""
Возрастная категория: Взрослые
# Лечение
## Хирургическое лечение",0
604,"Клинические рекомендации ""Хронический вирусный гепатит С""
Возрастная категория: Взрослые
# Лечение
## Показания к началу противовирусной терапии",0
1526,"Клинические рекомендации ""Митральная недостаточность""
Возрастная категория: Взрослые
# Лечение
## Хирургическое лечение
### Показания для хирургического лечения МН:",0
686,"Клинические рекомендации ""Рак молочной железы""
Возрастная категория: Взрослые
# Лечение
## Общие принципы лечения",0
414,"Клинические рекомендации ""Врожденный гипотиреоз у детей""
Возрастная категория: Дети
# Лечение
## Консервативное лечение",0
665,"Клинические рекомендации ""Синдром дефицита Glut1""
Возрастная категория: Взрослые и дети
# Лечение
## Обследования перед введением в кетогенную диету",0
1520,"Клинические рекомендации ""Ожирение у детей""
Возрастная категория: Дети
# Лечение
## Медикаментозная терапия",0
747,"Клинические рекомендации ""Биполярное аффективное расстройство""
Возрастная категория: Взрослые
# Лечение
## Терапия возбуждения и агрессии",1
921,"Клинические рекомендации ""Врожденная анемия вследствие кровопотери у плода и другие врожденные анемии новорожденных""
Возрастная категория: Дети
# Лечение
## Консервативное лечение",0
286,"Клинические рекомендации ""Хламидийная инфекция""
Возрастная категория: Взрослые и дети
# Лечение
## Консервативное лечение",0
166,"Клинические рекомендации ""Сахарный диабет 1 типа у взрослых""
Возрастная категория: Взрослые
# Лечение
## Контроль уровня глюкозы",0
1139,"Клинические рекомендации ""Холецистит""
Возрастная категория: Взрослые
# Лечение
## Диетотерапия",0
1821,"Клинические рекомендации ""Агрессивные нефолликулярные лимфомы - диффузная В-клеточная крупноклеточная лимфома, В-клеточная лимфома высокой степени злокачественности с  перестройкой генов c-MYC и BCL2/BCL6, первичная медиастинальная В-клеточная лимфома, медиастинальная лимфома серой зоны, лимфома Беркитта, плазмобластная лимфома.""
Возрастная категория: Взрослые и дети
# Лечение
## Особенности ведения ВИЧ-инфицированных пациентов старше 18 лет",1
2121,"Клинические рекомендации ""Сифилис""
Возрастная категория: Взрослые и дети
# Лечение
## Лечение сифилиса у взрослых",1
432,"Клинические рекомендации ""Отморожение. Гипотермия. Другие эффекты воздействия низкой температуры.""
Возрастная категория: Взрослые и дети
# Лечение
## Общее (системное) лечение
### Антитромботическая терапия",0
1873,"Клинические рекомендации ""Гестационный сахарный диабет""
Возрастная категория: Взрослые и дети
# Лечение
## Родоразрешение",0
1584,"Клинические рекомендации ""Эмфизема легких""
Возрастная категория: Взрослые
# Лечение
## Хирургические методы лечения",0
862,"Клинические рекомендации ""Послеродовое кровотечение""
Возрастная категория: Взрослые и дети
# Лечение
## Консервативное лечение:",0
419,"Клинические рекомендации ""Переломы пяточной кости""
Возрастная категория: Взрослые
# Лечение
## Консервативное лечение",0
234,"Клинические рекомендации ""Злокачественное новообразование бронхов и легкого""
Возрастная категория: Взрослые
# Лечение
## Лечение пациентов с немелкоклеточным раком легкого
### Иммунотерапия",1
986,"Клинические рекомендации ""Переломы костей стопы (кроме переломов пяточной кости)""
Возрастная категория: Взрослые и дети
# Лечение
## Консервативное лечение",0
1358,"Клинические рекомендации ""Рак яичников / рак маточной трубы / первичный рак брюшины""
Возрастная категория: Взрослые
# Лечение
## Лечение рецидивов рака яичников",0
246,"Клинические рекомендации ""Нарушение обмена фосфора (Гипофосфатазия)""
Возрастная категория: Взрослые и дети
# Лечение
## Хирургическое лечение",0
56,"Клинические рекомендации ""Сепсис новорождённых""
Возрастная категория: Дети
# Лечение
## Консервативное лечение
### Гемодинамическая поддержка",0
1257,"Клинические рекомендации ""Вывих шейного позвонка""
Возрастная категория: Взрослые и дети
# Лечение
## Хирургическое лечение;",0
480,"Клинические рекомендации ""Медицинская помощь матери при установленных или предполагаемых аномалиях и повреждениях плода, и антенатальной гибели плода""
Возрастная категория: Взрослые и дети
# Лечение
## Выбор метода родоразрешения",0
2098,"Клинические рекомендации ""Изовалериановая ацидемия/ацидурия""
Возрастная категория: Взрослые и дети
# Лечение
## Иное лечение",0
235,"Клинические рекомендации ""Геморрагический инсульт""
Возрастная категория: Взрослые
# Лечение
## Лечение аневризматического САК
### Анестезиологическое обеспечение операций в остром периоде аневризматического САК",1
1255,"Клинические рекомендации ""Инфекционный эндокардит и инфекция внутрисердечных устройств""
Возрастная категория: Взрослые
# Лечение
## Антибактериальная терапия
### Эмпирическая антибактериальная терапия инфекционного эндокардита",0
1831,"Клинические рекомендации ""Гломерулярные болезни:  иммуноглобулин А-нефропатия""
Возрастная категория: Взрослые и дети
# Лечение
## Иммуносупрессивная и сопутствующая терапия у детей с IgAN",1
1622,"Клинические рекомендации ""Тотальный аномальный дренаж легочных вен""
Возрастная категория: Дети
# Лечение
## Консервативное лечение",0
1265,"Клинические рекомендации ""Вывих шейного позвонка""
Возрастная категория: Взрослые и дети
# Лечение
## Консервативное лечение",0
1608,"Клинические рекомендации ""Туберкулез у взрослых""
Возрастная категория: Взрослые
# Лечение
## ​Хирургическое лечение",0
1564,"Клинические рекомендации ""Воспалительные заболевания молочных желез""
Возрастная категория: Взрослые и дети
# Лечение
## Немедикаментозное лечение",0
1922,"Клинические рекомендации ""Язвенный колит""
Возрастная категория: Взрослые
# Лечение
## Хирургическое лечение
### Дисфункция илеостомы после хирургического лечения ЯК",1
51,"Клинические рекомендации ""Нормальная беременность""
Возрастная категория: Взрослые и дети
# Лечение
## Назначение витаминов и микроэлементов",0
1680,"Клинические рекомендации ""Острый инфаркт миокарда с подъемом сегмента ST электрокардиограммы""
Возрастная категория: Взрослые
# Лечение
## Медикаментозное лечение заболевания",0
490,"Клинические рекомендации ""Астигматизм""
Возрастная категория: Взрослые и дети
# Лечение
## Оптическая коррекция",0
936,"Клинические рекомендации ""Нарушение обмена фосфора (Гипофосфатазия)""
Возрастная категория: Взрослые и дети
# Лечение
## Консервативное лечение",0
2135,"Клинические рекомендации ""Ожоги термические и химические. Ожоги солнечные. Ожоги дыхательных путей.""
Возрастная категория: Взрослые и дети
# Лечение
## Общее (системное) лечение
### Диетотерапия",0
676,"Клинические рекомендации ""Токсическое действие разъедающих веществ""
Возрастная категория: Взрослые и дети
# Лечение
## Оказание медицинской помощи вне медицинской организации",0
1408,"Клинические рекомендации ""Гастроинтестинальные стромальные опухоли""
Возрастная категория: Взрослые
# Лечение
## Лечение пациентов с местно-распространенными ГИСО",1
803,"Клинические рекомендации ""Роды одноплодные, родоразрешение путем кесарева сечения""
Возрастная категория: Взрослые и дети
# Лечение
## Анестезиологическое обеспечение операции КС",0
2082,"Клинические рекомендации ""Агрессивные нефолликулярные лимфомы - диффузная В-клеточная крупноклеточная лимфома, В-клеточная лимфома высокой степени злокачественности с  перестройкой генов c-MYC и BCL2/BCL6, первичная медиастинальная В-клеточная лимфома, медиастинальная лимфома серой зоны, лимфома Беркитта, плазмобластная лимфома.""
Возрастная категория: Взрослые и дети
# Лечение
## Первая линия терапии ДВКЛ у взрослых",1
830,"Клинические рекомендации ""Артериальная гипертензия у взрослых""
Возрастная категория: Взрослые
# Лечение
## Немедикаментозное лечение АГ",0
1726,"Клинические рекомендации ""Увеиты неинфекционные""
Возрастная категория: Взрослые и дети
# Лечение
## Консервативное лечение",0
409,"Клинические рекомендации ""Идиопатическая тромбоцитопеническая пурпура (ИТП) у взрослых""
Возрастная категория: 
# Лечение
## Терапия пациентов с впервые диагностированной ИТП (длительность болезни до 3 мес)",1
108,"Клинические рекомендации ""Сахарный диабет 2 типа у детей""
Возрастная категория: Дети
# Лечение
## Обучение",0
1030,"Клинические рекомендации ""Сахарный диабет 2 типа у взрослых""
Возрастная категория: Взрослые
# Лечение
## Хирургическое лечение",0
1107,"Клинические рекомендации ""Травма глаза закрытая""
Возрастная категория: Взрослые и дети
# Лечение
## Иное лечение",0
38,"Клинические рекомендации ""Переломы диафиза большеберцовой кости""
Возрастная категория: Взрослые и дети
# Лечение
## Хирургическое лечение",0
50,"Клинические рекомендации ""Стриктура уретры""
Возрастная категория: Взрослые
# Лечение
## Уретральные стенты",0
1366,"Клинические рекомендации ""Гастрит и дуоденит""
Возрастная категория: Взрослые
# Лечение
## Медикаментозное лечение
### Медикаментозная терапия при эрозивном гастрите и дуодените",1
1947,"Клинические рекомендации ""Злокачественное новообразование бронхов и легкого""
Возрастная категория: Взрослые
# Лечение
## Лечение пациентов с немелкоклеточным раком легкого
### Лечение при метастазировании в головной мозг",1
1089,"Клинические рекомендации ""Рак молочной железы""
Возрастная категория: Взрослые
# Лечение
## Местнораспространенный первично не операбельный инвазивный рак молочной железы",1
116,"Клинические рекомендации ""Рак прямой кишки""
Возрастная категория: Взрослые
# Лечение
## Адъювантная химиотерапия",0
2155,"Клинические рекомендации ""Мукополисахаридоз тип I""
Возрастная категория: Взрослые
# Лечение
## Хирургическое лечение",0
1034,"Клинические рекомендации ""Артериальная гипертензия у взрослых""
Возрастная категория: Взрослые
# Лечение
## Неотложные состояния при артериальной гипертензии: гипертонический криз",0
519,"Клинические рекомендации ""Мочекаменная болезнь""
Возрастная категория: Дети
# Лечение
## Хирургическое лечение",0
571,"Клинические рекомендации ""Мочекаменная болезнь""
Возрастная категория: Взрослые
# Лечение
## Хирургическое лечение при камнях почек",0
2088,"Клинические рекомендации ""Стриктура уретры""
Возрастная категория: Взрослые
# Лечение
## Дистракционный дефект уретры после перелома костей таза",1
2047,"Клинические рекомендации ""Хроническая обструктивная болезнь легких""
Возрастная категория: Взрослые
# Лечение
## Лечение обострений ХОБЛ",0
252,"Клинические рекомендации ""Гастрит и дуоденит у детей""
Возрастная категория: Дети
# Лечение
## Консервативное лечение",0
720,"Клинические рекомендации ""Хронический панкреатит""
Возрастная категория: Взрослые
# Лечение
## Хирургическое лечение
### Хирургическое лечение: показания и методы",0
930,"Клинические рекомендации ""Сальмонеллез у взрослых""
Возрастная категория: Взрослые
# Лечение
## Консервативное лечение",0
1066,"Клинические рекомендации ""Фибрилляция и трепетание предсердий у взрослых""
Возрастная категория: Взрослые
# Лечение
## Хирургическое и интервенционное лечение фибрилляции предсердий
### Периоперационное ведение пациентов",0
1316,"Клинические рекомендации ""Рак печени (гепатоцеллюлярный)""
Возрастная категория: Взрослые
# Лечение
## Трансартериальная радиоэмболизация",0
1857,"Клинические рекомендации ""Нарушения липидного обмена""
Возрастная категория: Взрослые
# Лечение
## Аппаратное лечение ДЛП",0
771,"Клинические рекомендации ""Инфекционный эндокардит и инфекция внутрисердечных устройств""
Возрастная категория: Взрослые
# Лечение
## Ведение пациентов с инфекционным эндокардитом в отдельных клинических ситуациях
### Инфекционный эндокардит у пациентов с врожденными пороками сердца",1
1646,"Клинические рекомендации ""Инфекция мочевых путей при беременности""
Возрастная категория: Взрослые
# Лечение
## Немедикаментозные методы лечения",0
1488,"Клинические рекомендации ""Острый лимфобластный лейкоз""
Возрастная категория: Дети
# Лечение
## Хирургическое лечение",0
1634,"Клинические рекомендации ""Послеоперационная вентральная грыжа""
Возрастная категория: Взрослые
# Лечение
## Профилактика тромбоэмболических осложнений",0
1904,"Клинические рекомендации ""Перерыв дуги аорты. Двойная дуга аорты""
Возрастная категория: Дети
# Лечение
## Консервативное лечение",0
408,"Клинические рекомендации ""Перелом верхней челюсти""
Возрастная категория: Взрослые
# Лечение
## Диетотерапия",0
20,"Клинические рекомендации ""Хронический панкреатит""
Возрастная категория: Взрослые
# Лечение
## Хирургическое лечение
### Эндоскопическое стентирование протока ПЖ",0
2204,"Клинические рекомендации ""Грипп у взрослых""
Возрастная категория: Взрослые
# Лечение
## Консервативное лечение
### Лечение осложненных среднетяжелых, тяжелых и крайне тяжелых форм гриппа в стационарных условиях",1
1208,"Клинические рекомендации ""Почечная колика""
Возрастная категория: Взрослые
# Лечение
## Оперативное лечение",0
863,"Клинические рекомендации ""Сепсис (у взрослых)""
Возрастная категория: Взрослые
# Лечение
## Антимикробная терапия",0
1372,"Клинические рекомендации ""Грибковый отит""
Возрастная категория: Взрослые и дети
# Лечение
## Иное лечение",0
1753,"Клинические рекомендации ""Инфекционный эндокардит и инфекция внутрисердечных устройств""
Возрастная категория: Взрослые
# Лечение
## Ведение пациентов с инфекционным эндокардитом в отдельных клинических ситуациях
### Инфекционный эндокардит в отделении интенсивной терапии и реанимации",1
1175,"Клинические рекомендации ""Хронический болевой синдром (ХБС) у взрослых пациентов, нуждающихся в паллиативной медицинской помощи""
Возрастная категория: Взрослые
# Лечение
## Консервативная терапия
### Терапия прорывной боли",1
856,"Клинические рекомендации ""Искусственный аборт (медицинский аборт)""
Возрастная категория: Взрослые и дети
# Лечение
## Медикаментозные методы лечения",0
272,"Клинические рекомендации ""Дифференцированный рак щитовидной железы""
Возрастная категория: Взрослые
# Лечение
## Лечение анапластического рака щитовидной железы",1
82,"Клинические рекомендации ""Изовалериановая ацидемия/ацидурия""
Возрастная категория: Взрослые и дети
# Лечение
## Лечение в период метаболического криза",1
1341,"Клинические рекомендации ""Острый обструктивный ларингит [круп], эпиглоттит, постинтубационный отек гортани""
Возрастная категория: Взрослые и дети
# Лечение
## Консервативное лечение",0
1222,"Клинические рекомендации ""Хроническая обструктивная болезнь легких""
Возрастная категория: Взрослые
# Лечение
## Консервативное лечение",0
1214,"Клинические рекомендации ""Болезнь Меньера""
Возрастная категория: Взрослые
# Лечение
## Консервативное лечение",0
1192,"Клинические рекомендации ""Глаукома первичная закрытоугольная""
Возрастная категория: Взрослые
# Лечение
## Консервативное лечение",0
190,"Клинические рекомендации ""Трехпредсердное сердце""
Возрастная категория: Взрослые и дети
# Лечение
## Консервативное лечение",0
1315,"Клинические рекомендации ""Рак ротоглотки""
Возрастная категория: Взрослые
# Лечение
## Принципы лучевой терапии",0
1972,"Клинические рекомендации ""Деформация перегородки носа""
Возрастная категория: Взрослые и дети
# Лечение
## Лечение, включая медикаментозную и немедикаментозную терапии, диетотерапию, обезболивание, медицинские показания и противопоказания к применению методов лечения",0
1612,"Клинические рекомендации ""Кистозный фиброз (муковисцидоз)""
Возрастная категория: Взрослые и дети
# Лечение
## Кинезитерапия",0
1773,"Клинические рекомендации ""Паховая и бедренная грыжа""
Возрастная категория: Взрослые
# Лечение
## Хирургическое лечение",0
794,"Клинические рекомендации ""Норовирусный гастроэнтерит у детей""
Возрастная категория: Дети
# Лечение
## Консервативное лечение",0
1709,"Клинические рекомендации ""Наружные отиты""
Возрастная категория: Взрослые
# Лечение
## Консервативное лечение",0
1494,"Клинические рекомендации ""Множественная миелома""
Возрастная категория: Взрослые
# Лечение
## Показания к началу терапии и определение стратегии лечения",0
1893,"Клинические рекомендации ""Инфекционный эндокардит и инфекция внутрисердечных устройств""
Возрастная категория: Взрослые
# Лечение
## Хирургическое лечение
### Показания и сроки проведения хирургического вмешательства у пациентов с инфекционным эндокардитом левых отделов сердца и сердечной недостаточностью",1
1193,"Клинические рекомендации ""Злокачественное новообразование бронхов и легкого""
Возрастная категория: Взрослые
# Лечение
## Лечение пациентов с немелкоклеточным раком легкого
### Принципы лечения пациентов с 0–IIIА, IIIB (T3N2) стадиями заболевания",1
2095,"Клинические рекомендации ""Аллергический ринит""
Возрастная категория: Взрослые и дети
# Лечение
## Аллерген-специфическая иммунотерапия",0
2049,"Клинические рекомендации ""Коксартроз""
Возрастная категория: Взрослые и дети
# Лечение
## Консервативное лечение
### Немедикаментозная терапия",0
1951,"Клинические рекомендации ""Уротелиальный рак верхних мочевыводящих путей""
Возрастная категория: Взрослые
# Лечение
## Диетотерапия",0
1535,"Клинические рекомендации ""Глутаровая ацидурия тип 1""
Возрастная категория: Взрослые и дети
# Лечение
## Хирургическое лечение",0
1201,"Клинические рекомендации ""Острый бронхит""
Возрастная категория: Взрослые
# Лечение
## Медикаментозные средства",0
512,"Клинические рекомендации ""Наследственные дистрофии сетчатки""
Возрастная категория: Взрослые и дети
# Лечение
## Консервативное лечение",0
471,"Клинические рекомендации ""Переломы диафиза плечевой кости""
Возрастная категория: Взрослые и дети
# Лечение
## Хирургическое лечение",0
371,"Клинические рекомендации ""Аденоматозный полипозный синдром""
Возрастная категория: Взрослые
# Лечение
## Лечение КРР на фоне АПС",1
2197,"Клинические рекомендации ""Резус-изоиммунизация. Гемолитическая болезнь плода""
Возрастная категория: Взрослые и дети
# Лечение
## Родоразрешение при резус-изоиммунизаиии",1
291,"Клинические рекомендации ""Хронический миелоидный лейкоз""
Возрастная категория: Взрослые и дети
# Лечение
## Лекарственное лечение у взрослых пациентов
### Вторая и следующие линии терапии ИТК пациентов с ХМЛ",1
2131,"Клинические рекомендации ""Сахарный диабет 1 типа у взрослых""
Возрастная категория: Взрослые
# Лечение
## Гипогликемия",0
1977,"Клинические рекомендации ""Рак предстательной железы""
Возрастная категория: Взрослые
# Лечение
## Лекарственная терапия
### Локальное лечение первичной опухоли при впервые выявленном метастатическом заболевании",1
1086,"Клинические рекомендации ""Специфические расстройства личности""
Возрастная категория: Взрослые
# Лечение
## Иное лечение",0
761,"Клинические рекомендации ""Скелетно-мышечные (неспецифические) боли в нижней части спины""
Возрастная категория: Взрослые
# Лечение
## Консервативное лечение",0
1210,"Клинические рекомендации ""Хроническая боль у пациентов пожилого и старческого возраста""
Возрастная категория: Взрослые
# Лечение
## Немедикаментозное лечение",0
462,"Клинические рекомендации ""Множественная миелома""
Возрастная категория: Взрослые
# Лечение
## Лечение рецидивов ММ
### Лечение рецидива ММ, отягощенного двойной рефрактерностью",1
1286,"Клинические рекомендации ""Болезнь Крона""
Возрастная категория: Дети
# Лечение
## Хирургическое лечение болезни Крона у детей
### Хирургическое лечение БК в форме терминального илеита или илеоколита",1
913,"Клинические рекомендации ""Посттравматическое стрессовое расстройство""
Возрастная категория: Взрослые
# Лечение
## Психофармакотерапия",0
201,"Клинические рекомендации ""Рак уретры""
Возрастная категория: Взрослые
# Лечение
## Сопроводительная терапия у пациентов с раком уретры",0
96,"Клинические рекомендации ""Геморрой""
Возрастная категория: Взрослые
# Лечение
## Лечение острого геморроя",0
1557,"Клинические рекомендации ""Легочная гипертензия, в том числе хроническая тромбоэмболическая легочная гипертензия""
Возрастная категория: Взрослые
# Лечение
## Специфические подгруппы легочной артериальной гипертензии
### Портопульмональная гипертензия",1
990,"Клинические рекомендации ""Послеоперационный рубец на матке, требующий предоставления медицинской помощи матери во время беременности, родов и в послеродовом периоде""
Возрастная категория: Взрослые и дети
# Лечение
## Хирургические методы лечения",0
2196,"Клинические рекомендации ""Острая кишечная непроходимость опухолевой этиологии""
Возрастная категория: Взрослые
# Лечение
## Паллиативное лечение больных с острой обтурационной кишечной непроходимостью",1
600,"Клинические рекомендации ""Стриктура уретры""
Возрастная категория: Взрослые
# Лечение
## Склероз шейки мочевого пузыря",1
2074,"Клинические рекомендации ""Желудочковые нарушения ритма. Желудочковые тахикардии и внезапная сердечная смерть""
Возрастная категория: Взрослые и дети
# Лечение
## Лечение желудочковых тахиаритмий и профилактика внезапной смерти в отдельных группах
### Синдром удлиненного интервала QT",1
565,"Клинические рекомендации ""Рак гортаноглотки""
Возрастная категория: Взрослые
# Лечение
## Консервативное лечение",0
515,"Клинические рекомендации ""Гонартроз""
Возрастная категория: Взрослые и дети
# Лечение
## Хирургическое лечение
### Особенности органосохраняющего оперативного лечения у детей с гонартрозом",1
157,"Клинические рекомендации ""Психические и поведенческие расстройства, вызванные употреблением психоактивных веществ [алкоголя, каннабиноидов, седативных и снотворных веществ, кокаина, других стимуляторов (кроме кофеина), галлюциногенов и нескольких психоактивных веществ]  Психотическое расстройство""
Возрастная категория: Взрослые и дети
# Лечение
## Частные вопросы лечения психотических расстройств",0
994,"Клинические рекомендации ""Выкидыш (самопроизвольный аборт)""
Возрастная категория: Взрослые и дети
# Лечение
## Хирургические методы лечения",0
697,"Клинические рекомендации ""Острый парапроктит""
Возрастная категория: Взрослые и дети
# Лечение
## Вскрытие и дренирование ОП, иссечение пораженной крипты, проведение эластической дренирующей лигатуры",0
226,"Клинические рекомендации ""Рак молочной железы""
Возрастная категория: Взрослые
# Лечение
## Первично операбельный рак молочной железы (0, I, IIA, IIB, IIIA стадии)
### Лекарственная терапия (адъювантная/неоадъювантная)",1
1044,"Клинические рекомендации ""Язвенная болезнь""
Возрастная категория: Взрослые
# Лечение
## Эндоскопическое лечение",0
1264,"Клинические рекомендации ""Злокачественные новообразования костей и суставных хрящей: остеосаркома, саркома Юинга""
Возрастная категория: Дети
# Лечение
## Трансфузионная поддержка",0
1545,"Клинические рекомендации ""Болезнь Паркинсона, вторичный паркинсонизм и другие заболевания, проявляющиеся синдромом паркинсонизма""
Возрастная категория: Взрослые
# Лечение
## Диетотерапия при болезни Паркинсона",0
68,"Клинические рекомендации ""Саркоидоз""
Возрастная категория: Взрослые и дети
# Лечение
## Лекарственная терапия",0
237,"Клинические рекомендации ""Язвенный колит""
Возрастная категория: Взрослые
# Лечение
## Хирургическое лечение
### Виды хирургических вмешательств",0
177,"Клинические рекомендации ""Биполярное аффективное расстройство""
Возрастная категория: Взрослые
# Лечение
## Купирующая терапия маниакальных состояний (МС)",0
825,"Клинические рекомендации ""Преэклампсия. Эклампсия. Отеки, протеинурия и гипертензивные расстройства во время беременности, в родах и послеродовом периоде.""
Возрастная категория: Взрослые и дети
# Лечение
## Антигипертензивная терапия",0
1458,"Клинические рекомендации ""Гепатобластома""
Возрастная категория: Дети
# Лечение
## Лечение детей с гепатобластомой группы высокого риска (см. Приложение Б)",1
366,"Клинические рекомендации ""Повреждения хряща коленного сустава""
Возрастная категория: Взрослые и дети
# Лечение
## Хирургическое лечение",0
1504,"Клинические рекомендации ""Нарушения митохондриального β-окисления жирных кислот""
Возрастная категория: Взрослые и дети
# Лечение
## Хирургическое лечение",0
94,"Клинические рекомендации ""Интраокулярная ретинобластома""
Возрастная категория: 
# Лечение
## Сопроводительная терапия",0
678,"Клинические рекомендации ""Острый промиелоцитарный лейкоз""
Возрастная категория: Взрослые
# Лечение
## Терапия ОПЛ, индуцированного предшествующей химиотерапией",1
1639,"Клинические рекомендации ""Лимфома маргинальной зоны""
Возрастная категория: Взрослые
# Лечение
## Лечение пациентов с распространенными (III-IV) стадиями MALT-лимфомы",1
1861,"Клинические рекомендации ""Рак желудка""
Возрастная категория: Взрослые
# Лечение
## Хирургическое лечение",0
1692,"Клинические рекомендации ""Гломерулярные болезни: фокально-сегментарный гломерулосклероз""
Возрастная категория: Взрослые
# Лечение
## Лечение первичного ФСГС",1
1473,"Клинические рекомендации ""Паховая и бедренная грыжа""
Возрастная категория: Взрослые
# Лечение
## Антибиотикопрофилактика",0
369,"Клинические рекомендации ""Рак прямой кишки""
Возрастная категория: Взрослые
# Лечение
## Паллиативная химиотерапия",0
690,"Клинические рекомендации ""Миопическая макулярная дегенерация (Миопическая макулопатия)""
Возрастная категория: Взрослые
# Лечение
## Хирургическое лечение",0
1981,"Клинические рекомендации ""Злокачественные новообразования  влагалища""
Возрастная категория: Взрослые
# Лечение
## Принципы системной химиотерапии",0
1462,"Клинические рекомендации ""Менингококковая инфекция у детей""
Возрастная категория: Дети
# Лечение
## Хирургическое лечение",0
869,"Клинические рекомендации ""Черепно-мозговая травма у детей""
Возрастная категория: Дети
# Лечение
## Догоспитальный этап",0
1367,"Клинические рекомендации ""Злокачественные новообразования  влагалища""
Возрастная категория: Взрослые
# Лечение
## Лечение болевого синдрома",0
1957,"Клинические рекомендации ""Синдром гипоплазии левых отделов сердца""
Возрастная категория: Дети
# Лечение
## Хирургическое лечение",0
728,"Клинические рекомендации ""Аменорея и олигоменорея""
Возрастная категория: Взрослые и дети
# Лечение
## Медикаментозная и немедикаментозная терапия бесплодия у пациенток с аменореей или олигоменореей",0
850,"Клинические рекомендации ""Множественные переломы мозгового и лицевого отделов черепа""
Возрастная категория: Взрослые и дети
# Лечение
## Хирургическое лечение",0
1522,"Клинические рекомендации ""Нарушения митохондриального β-окисления жирных кислот""
Возрастная категория: Взрослые и дети
# Лечение
## Рекомендации по терапии отдельных форм FAOD
### Рекомендации по лечению системной недостаточности карнитина",1
1242,"Клинические рекомендации ""Дискордантное предсердно-желудочковое соединение""
Возрастная категория: Взрослые и дети
# Лечение
## Хирургическое лечение
### Хирургические вмешательства при нарушениях ритма и проводимости",0
1405,"Клинические рекомендации ""Коксартроз""
Возрастная категория: Взрослые и дети
# Лечение
## Хирургическое лечение",0
879,"Клинические рекомендации ""Тазовое предлежание плода""
Возрастная категория: Взрослые и дети
# Лечение
## Ведение преждевременных родов в ТП плода",1
946,"Клинические рекомендации ""Пузырчатка""
Возрастная категория: Взрослые и дети
# Лечение
## Иное лечение",0
313,"Клинические рекомендации ""Варикозное расширение вен нижних конечностей""
Возрастная категория: Взрослые
# Лечение
## Венозные трофические язвы",1
1266,"Клинические рекомендации ""Вывих надколенника""
Возрастная категория: Взрослые и дети
# Лечение
## Обезболивание",0
558,"Клинические рекомендации ""Хронический панкреатит""
Возрастная категория: Взрослые
# Лечение
## Хирургическое лечение
### Эндоскопическое лечение",0
2169,"Клинические рекомендации ""Рак уретры""
Возрастная категория: Взрослые
# Лечение
## Лечение рака уретры у мужчин",1
80,"Клинические рекомендации ""Доброкачественная дисплазия молочной железы""
Возрастная категория: Взрослые и дети
# Лечение
## Хирургическое лечение",0
874,"Клинические рекомендации ""Варикозное расширение вен нижних конечностей""
Возрастная категория: Взрослые
# Лечение
## Хирургическое лечение
### Устранение вертикального рефлюкса",0
693,"Клинические рекомендации ""Гонартроз""
Возрастная категория: Взрослые и дети
# Лечение
## Хирургическое лечение
### Эндопротезирование КС",0
779,"Клинические рекомендации ""Болезнь Паркинсона, вторичный паркинсонизм и другие заболевания, проявляющиеся синдромом паркинсонизма""
Возрастная категория: Взрослые
# Лечение
## Хирургическое лечение болезни Паркинсона",0
1404,"Клинические рекомендации ""Кистозный фиброз (муковисцидоз)""
Возрастная категория: Взрослые и дети
# Лечение
## Диетотерапия и витаминотерапия
### Программы ЭВМ для подбора диеты и ферментной терапии для врачей и пациентов",0
1697,"Клинические рекомендации ""Фибрилляция и трепетание предсердий у взрослых""
Возрастная категория: Взрослые
# Лечение
## Консервативное лечение",0
65,"Клинические рекомендации ""Генерализованное тревожное расстройство""
Возрастная категория: Взрослые
# Лечение
## Психотерапия",0
753,"Клинические рекомендации ""Флебит и тромбофлебит поверхностных сосудов""
Возрастная категория: Взрослые
# Лечение
## Медикаментозная терапия",0
128,"Клинические рекомендации ""Стриктура уретры""
Возрастная категория: Взрослые
# Лечение
## Послеоперационное наблюдение",0
1253,"Клинические рекомендации ""Рак желчевыводящей системы""
Возрастная категория: Взрослые и дети
# Лечение
## Лучевая терапия",0
835,"Клинические рекомендации ""Злокачественные новообразования  губы""
Возрастная категория: Взрослые
# Лечение
## Принципы лучевой терапии",0
1461,"Клинические рекомендации ""Рассеянный склероз""
Возрастная категория: Взрослые и дети
# Лечение
## Терапия, изменяющая течение РС",0
1345,"Клинические рекомендации ""Амиодарон-индуцированная дисфункция щитовидной железы""
Возрастная категория: Взрослые
# Лечение
## Консервативное лечение амиодарон-индуцированного тиреотоксикоза",0
2185,"Клинические рекомендации ""Мукополисахаридоз тип VI""
Возрастная категория: 
# Лечение
## Патогенетическое лечение",0
2145,"Клинические рекомендации ""Перелом нижней челюсти""
Возрастная категория: Взрослые
# Лечение
## Хирургическое лечение",0
1446,"Клинические рекомендации ""Сепсис новорождённых""
Возрастная категория: Дети
# Лечение
## Консервативное лечение
### Антимикробная терапия",0
390,"Клинические рекомендации ""Врожденные аномалии костей черепа и лица, врожденные костно-мышечные деформации головы и лица""
Возрастная категория: Взрослые и дети
# Лечение
## Иное лечение",0
1644,"Клинические рекомендации ""Эндометриоз""
Возрастная категория: Взрослые и дети
# Лечение
## Иное лечение",0
1637,"Клинические рекомендации ""Инфекционный эндокардит и инфекция внутрисердечных устройств""
Возрастная категория: Взрослые
# Лечение
## Антибактериальная терапия
### Антибактериальная терапия энтерококкового эндокардита",1
1475,"Клинические рекомендации ""Психические и поведенческие расстройства, вызванные употреблением психоактивных веществ Абстинентное состояние (синдром отмены) с делирием""
Возрастная категория: Взрослые
# Лечение
## Организация ухода",0
19,"Клинические рекомендации ""Брадиаритмии и нарушения проводимости""
Возрастная категория: 
# Лечение
## Временная стимуляция для лечения неотложных БА состояний",0
881,"Клинические рекомендации ""Эректильная дисфункция""
Возрастная категория: Взрослые
# Лечение
## Консервативное немедикаментозное лечение",0
3,"Клинические рекомендации ""Вторичная глаукома""
Возрастная категория: Дети
# Лечение
## Медикаментозное нейротрофическое лечение",0
1167,"Клинические рекомендации ""Хламидийная инфекция""
Возрастная категория: Взрослые и дети
# Лечение
## Хирургическое лечение",0
967,"Клинические рекомендации ""Паратонзиллярный абсцесс""
Возрастная категория: Взрослые и дети
# Лечение
## Консервативное лечение",0
423,"Клинические рекомендации ""Рак печени (гепатоцеллюлярный)""
Возрастная категория: Взрослые
# Лечение
## Лекарственное лечение",0
67,"Клинические рекомендации ""Ожоги термические и химические. Ожоги солнечные. Ожоги дыхательных путей.""
Возрастная категория: Взрослые и дети
# Лечение
## Общее (системное) лечение
### Гемотрансфузии",0
104,"Клинические рекомендации ""Классическая фенилкетонурия и другие виды гиперфенилаланинемии""
Возрастная категория: Взрослые и дети
# Лечение
## Консервативное лечение",0
895,"Клинические рекомендации ""Цирроз и фиброз печени""
Возрастная категория: Взрослые
# Лечение
## Консервативное лечение
### Лечение печеночной энцефалопатии",1
2207,"Клинические рекомендации ""Рак щитовидной железы""
Возрастная категория: Дети
# Лечение
## Консервативное лечение",0
1127,"Клинические рекомендации ""Множественная миелома""
Возрастная категория: Взрослые
# Лечение
## Лечение пациентов с впервые диагностированной ММ, кандидатов на ВДХТ с последующей ауто-ТГСК",1
1134,"Клинические рекомендации ""Паховая и бедренная грыжа""
Возрастная категория: Взрослые
# Лечение
## Амбулаторное лечение",0
1250,"Клинические рекомендации ""Отморожение. Гипотермия. Другие эффекты воздействия низкой температуры.""
Возрастная категория: Взрослые и дети
# Лечение
## Общее (системное) лечение
### Сердечно-легочная реанимация у пострадавших с общим переохлаждением",0
746,"Клинические рекомендации ""Отосклероз""
Возрастная категория: Взрослые и дети
# Лечение
## Консервативное лечение",0
1998,"Клинические рекомендации ""Желудочковые нарушения ритма. Желудочковые тахикардии и внезапная сердечная смерть""
Возрастная категория: Взрослые и дети
# Лечение
## Лечение желудочковых тахиаритмий и профилактика внезапной смерти в отдельных группах
### Нервно-мышечные заболевания",1
715,"Клинические рекомендации ""Синдром дефицита Glut1""
Возрастная категория: Взрослые и дети
# Лечение
## Терапия побочных эффектов и осложнений кетогенной диеты",0
628,"Клинические рекомендации ""Лечение острой травмы зубов у пациентов детского возраста""
Возрастная категория: Дети
# Лечение
## Оперативное (хирургическое) лечение",0
127,"Клинические рекомендации ""Воспалительные заболевания молочных желез""
Возрастная категория: Взрослые и дети
# Лечение
## Медикаментозное лечение",0
194,"Клинические рекомендации ""Острые порфирии""
Возрастная категория: Взрослые и дети
# Лечение
## Нутритивная поддержка",0
1491,"Клинические рекомендации ""Злокачественные опухоли слюнных желез""
Возрастная категория: Взрослые
# Лечение
## Принципы ЛТ",0
329,"Клинические рекомендации ""Иммунная тромбоцитопения""
Возрастная категория: Дети
# Лечение
## Терапия пациентов с персистирующей ИТП",1
2084,"Клинические рекомендации ""Внебольничная пневмония у взрослых""
Возрастная категория: Взрослые
# Лечение
## Лечение амбулаторных пациентов",1
2022,"Клинические рекомендации ""Болезнь Крона""
Возрастная категория: Дети
# Лечение
## Хирургическое лечение болезни Крона у детей
### Лечение БК с перианальными поражениями",1
652,"Клинические рекомендации ""Артериальная гипертензия у взрослых""
Возрастная категория: Взрослые
# Лечение
## Показания к антигипертензивной терапии",0
1909,"Клинические рекомендации ""Трансплантация легкого  (легких), трансплантация  легочно – сердечного комплекса, наличие трансплантированного легкого, наличие трансплантированного  легочно – сердечного комплекса , отмирание и отторжение трансплантата легкого, отмирание и отторжение  легочно – сердечного трансплантата""
Возрастная категория: Взрослые и дети
# Лечение
## Консервативное лечение",0
1577,"Клинические рекомендации ""Хроническая воспалительная  демиелинизирующая полирадикулонейропатия""
Возрастная категория: Взрослые
# Лечение
## Патогенетическая терапия первой линии",0
1191,"Клинические рекомендации ""Язвенная болезнь""
Возрастная категория: Взрослые
# Лечение
## Хирургическое лечение
### Лечение больных с НПВП-ассоциированными кровотечениями",1
1800,"Клинические рекомендации ""Инородное тело в пищеварительном тракте""
Возрастная категория: Взрослые и дети
# Лечение
## Консервативное ведение пациентов",0
561,"Клинические рекомендации ""Меланома кожи и слизистых оболочек""
Возрастная категория: Взрослые
# Лечение
## Лечение пациентов метастатической и нерезектабельной меланомой кожи (IIIC/D нерезектабельная – IV стадия или их эквивалент)
### Особенности оценки ответа на лечение МКА-блокаторами PD1 или CTLA4",1
1336,"Клинические рекомендации ""Мочекаменная болезнь""
Возрастная категория: Взрослые
# Лечение
## Хирургическое лечение при камнях мочеточника",0
937,"Клинические рекомендации ""Хроническая сердечная недостаточность""
Возрастная категория: Взрослые
# Лечение
## Консервативное лечение
### Рекомендации по начальному лечению пациентов с хронической сердечной недостаточностью и фибрилляцией предсердий с высокой частотой желудочковых сокращений в острой или хронической ситуации",1
1333,"Клинические рекомендации ""Трансплантация легкого  (легких), трансплантация  легочно – сердечного комплекса, наличие трансплантированного легкого, наличие трансплантированного  легочно – сердечного комплекса , отмирание и отторжение трансплантата легкого, отмирание и отторжение  легочно – сердечного трансплантата""
Возрастная категория: Взрослые и дети
# Лечение
## Хирургическое лечение",0
1787,"Клинические рекомендации ""Гемолитико-уремический синдром""
Возрастная категория: Дети
# Лечение
## Консервативное лечение
### Атипичный ГУС",1
1670,"Клинические рекомендации ""Злокачественное новообразование бронхов и легкого""
Возрастная категория: Взрослые
# Лечение
## Лечение пациентов с немелкоклеточным раком легкого
### Молекулярно-направленная терапия: EGFR +, ALK /ROS1 +, BRAF +",1
2,"Клинические рекомендации ""Саркоидоз""
Возрастная категория: Взрослые и дети
# Лечение
## Эфферентные методы терапии",0
372,"Клинические рекомендации ""Нарушения митохондриального β-окисления жирных кислот""
Возрастная категория: Взрослые и дети
# Лечение
## Рекомендации по терапии отдельных форм FAOD
### Рекомендации по рациону питания при дефиците MCAD",1
951,"Клинические рекомендации ""Саркома Капоши""
Возрастная категория: Взрослые
# Лечение
## Сопутствующая терапия у больных саркомой Капоши",0
1797,"Клинические рекомендации ""Открытая рана запястья и кисти""
Возрастная категория: Взрослые и дети
# Лечение
## Обезболивание",0
1694,"Клинические рекомендации ""Подозрение на глаукому""
Возрастная категория: Взрослые
# Лечение
## Диетотерапия, обезболивание и другие методы лечения",0
2045,"Клинические рекомендации ""Выпадение женских половых органов""
Возрастная категория: Взрослые
# Лечение
## Хирургическое лечение",0
619,"Клинические рекомендации ""Инфекционный эндокардит и инфекция внутрисердечных устройств""
Возрастная категория: Взрослые
# Лечение
## Хирургическое лечение
### Показания и сроки проведения хирургического вмешательства у пациентов с неврологическими осложнениями инфекционного эндокардита",1
1619,"Клинические рекомендации ""Остеопороз""
Возрастная категория: Взрослые
# Лечение
## Консервативное лечение",0
1129,"Клинические рекомендации ""Тазовое предлежание плода""
Возрастная категория: Взрослые и дети
# Лечение
## Наружный поворот плода на головку",0
1760,"Клинические рекомендации ""Железодефицитная анемия""
Возрастная категория: Взрослые и дети
# Лечение
## Консервативное лечение",0
405,"Клинические рекомендации ""Ранняя анемия недоношенных""
Возрастная категория: Дети
# Лечение
## Хирургическое лечение",0
1616,"Клинические рекомендации ""Миелодиспластический синдром. Миелодиспластические/ миелопролиферативные новообразования""
Возрастная категория: Взрослые
# Лечение
## Сопроводительная терапия",0
64,"Клинические рекомендации ""Внематочная (эктопическая) беременность""
Возрастная категория: Взрослые
# Лечение
## Хирургическое лечение трубной беременности",0
1236,"Клинические рекомендации ""Кистозный фиброз (муковисцидоз)""
Возрастная категория: Взрослые и дети
# Лечение
## Консервативное лечение
### Патогенетическая терапия(ивакафтор+лумакафтор)",1
1328,"Клинические рекомендации ""Внематочная (эктопическая) беременность""
Возрастная категория: Взрослые
# Лечение
## Диагностика на этапе лечения",0
1096,"Клинические рекомендации ""Мукополисахаридоз тип II""
Возрастная категория: Дети
# Лечение
## Хирургическое лечение",0
1501,"Клинические рекомендации ""Признаки внутриутробной гипоксии плода, требующие предоставления медицинской помощи матери""
Возрастная категория: Взрослые и дети
# Лечение",0
60,"Клинические рекомендации ""Хламидийная инфекция""
Возрастная категория: Взрослые и дети
# Лечение
## Иное лечение",0
1990,"Клинические рекомендации ""Внебольничная пневмония у взрослых""
Возрастная категория: Взрослые
# Лечение
## Лечение госпитализированных пациентов
### Примечание: ПРП – пенициллинорезистентные S. pneumoniae; MRSA - метициллинорезистентные S. aureus; БЛРС - бета-лактамазы расширенного спектра; 1 целесособразно использование максимальных суточных доз препаратов",1
1360,"Клинические рекомендации ""Врожденный клапанный стеноз аорты""
Возрастная категория: Дети
# Лечение
## Хирургическое лечение",0
559,"Клинические рекомендации ""Рак яичников / рак маточной трубы / первичный рак брюшины""
Возрастная категория: Взрослые
# Лечение
## Хирургическое лечение I–II стадий рака яичников",1
800,"Клинические рекомендации ""Полицитемия новорожденного""
Возрастная категория: Дети
# Лечение
## Хирургическое лечение",0
2137,"Клинические рекомендации ""Стриктура уретры""
Возрастная категория: Взрослые
# Лечение
## Бужирование уретры",0
672,"Клинические рекомендации ""Макулярная дегенерация возрастная""
Возрастная категория: Взрослые
# Лечение
## Хирургическое лечение",0
1770,"Клинические рекомендации ""Брюшной тиф (инфекция, вызванная Salmonella Typhi) у взрослых""
Возрастная категория: Взрослые
# Лечение
## Консервативное лечение",0
1544,"Клинические рекомендации ""Хронический вирусный гепатит С""
Возрастная категория: Взрослые
# Лечение
## Контроль терапии",0
175,"Клинические рекомендации ""Дегенеративные заболевания позвоночника""
Возрастная категория: Взрослые и дети
# Лечение
## Пункционные вмешательства
### Пункционные интервенционные процедуры в области крестцово-подвздошного сустава",0
1827,"Клинические рекомендации ""Бронхолегочная дисплазия""
Возрастная категория: Дети
# Лечение
## Хирургическое лечение",0
979,"Клинические рекомендации ""Нарушения липидного обмена""
Возрастная категория: Взрослые
# Лечение
## Лечение ДЛП в отдельных клинических ситуациях
### ДЛП и ОКС/чрескожные коронарные вмешательства",1
698,"Клинические рекомендации ""Аниридия врожденная""
Возрастная категория: Дети
# Лечение
## Консервативное лечение",0
58,"Клинические рекомендации ""Кистозный фиброз (муковисцидоз)""
Возрастная категория: Взрослые и дети
# Лечение
## Консервативное лечение
### Терапия поражения печени",1
1368,"Клинические рекомендации ""Злокачественные новообразования костей и суставных хрящей: остеосаркома, саркома Юинга""
Возрастная категория: Дети
# Лечение
## Лечение пациентов с хондросаркомой",1
1220,"Клинические рекомендации ""Хронический вирусный гепатит С""
Возрастная категория: Взрослые
# Лечение
## Лечение пациентов без цирроза печени и с компенсированнымциррозом печени",1
1974,"Клинические рекомендации ""Острый гепатит С (ОГС) у взрослых""
Возрастная категория: Взрослые
# Лечение
## Консервативное лечение",0
1848,"Клинические рекомендации ""Желудочковые нарушения ритма. Желудочковые тахикардии и внезапная сердечная смерть""
Возрастная категория: Взрослые и дети
# Лечение
## Лечение желудочковых тахиаритмий и профилактика внезапной смерти в отдельных группах
### Катехоламинергическая полиморфная желудочковая тахикардия",1
1933,"Клинические рекомендации ""Болезнь Крона""
Возрастная категория: Взрослые
# Лечение
## Хирургическое лечение БК
### Лечение БК с перианальными проявлениями (перианальная БК)",1
852,"Клинические рекомендации ""Кистозный фиброз (муковисцидоз)""
Возрастная категория: Взрослые и дети
# Лечение
## Консервативное лечение
### Антибактериальная терапия (АБТ)",0
959,"Клинические рекомендации ""Доброкачественные образования головы и шеи""
Возрастная категория: Взрослые
# Лечение
## Хирургическое лечение",0
935,"Клинические рекомендации ""Сифилис""
Возрастная категория: Взрослые и дети
# Лечение
## Лечение пациентов с врожденным сифилисом",1
1739,"Клинические рекомендации ""Аномалия развития коронарных сосудов""
Возрастная категория: Дети
# Лечение
## Хирургическое лечение",0
261,"Клинические рекомендации ""Сахарный диабет 2 типа у детей""
Возрастная категория: Дети
# Лечение
## Физические нагрузки",0
1541,"Клинические рекомендации ""Прочие первичные грыжи брюшной стенки""
Возрастная категория: Взрослые
# Лечение
## Консервативное лечение",0
1081,"Клинические рекомендации ""Агрессивные нефолликулярные лимфомы - диффузная В-клеточная крупноклеточная лимфома, В-клеточная лимфома высокой степени злокачественности с  перестройкой генов c-MYC и BCL2/BCL6, первичная медиастинальная В-клеточная лимфома, медиастинальная лимфома серой зоны, лимфома Беркитта, плазмобластная лимфома.""
Возрастная категория: Взрослые и дети
# Лечение
## Оценка ответа на лечение",0
396,"Клинические рекомендации ""Ожирение у детей""
Возрастная категория: Дети
# Лечение
## Диетотерапия",0
10,"Клинические рекомендации ""Нарушения митохондриального β-окисления жирных кислот""
Возрастная категория: Взрослые и дети
# Лечение
## Рекомендации по терапии отдельных форм FAOD
### Рекомендации по лечению пациентов с ГА2",1
136,"Клинические рекомендации ""Ранняя анемия недоношенных""
Возрастная категория: Дети
# Лечение
## Консервативное лечение",0
1799,"Клинические рекомендации ""Медицинская помощь матери при установленных или предполагаемых аномалиях и повреждениях плода, и антенатальной гибели плода""
Возрастная категория: Взрослые и дети
# Лечение
## Подготовка к родоразрешению (Приложение Б)",0
1741,"Клинические рекомендации ""Острый тонзиллит и фарингит  (Острый тонзиллофарингит)""
Возрастная категория: Взрослые и дети
# Лечение
## Консервативное лечение",0
1660,"Клинические рекомендации ""Цирроз и фиброз печени""
Возрастная категория: Взрослые
# Лечение
## Консервативное лечение
### Лечение цирроза печени с лёгочнымиосложнениями",1
1999,"Клинические рекомендации ""Стриктура уретры""
Возрастная категория: Взрослые
# Лечение
## Сложные случаи стриктур и облитераций задней уретры",1
932,"Клинические рекомендации ""Трансплантация легкого  (легких), трансплантация  легочно – сердечного комплекса, наличие трансплантированного легкого, наличие трансплантированного  легочно – сердечного комплекса , отмирание и отторжение трансплантата легкого, отмирание и отторжение  легочно – сердечного трансплантата""
Возрастная категория: Взрослые и дети
# Лечение
## Медикаментозная терапия",0
1240,"Клинические рекомендации ""Хронический средний отит""
Возрастная категория: Взрослые и дети
# Лечение
## Хирургическое лечение",0
546,"Клинические рекомендации ""Сифилис""
Возрастная категория: Взрослые и дети
# Лечение
## Иное лечение",0
1971,"Клинические рекомендации ""Преэклампсия. Эклампсия. Отеки, протеинурия и гипертензивные расстройства во время беременности, в родах и послеродовом периоде.""
Возрастная категория: Взрослые и дети
# Лечение
## Родоразрешение",0
1956,"Клинические рекомендации ""Психические и поведенческие расстройства,  вызванные употреблением психоактивных веществ Синдром зависимости от психоактивных веществ (кроме алкоголя и никотина)""
Возрастная категория: Взрослые и дети
# Лечение
## Медикаментозная терапия",0
1113,"Клинические рекомендации ""Гипертрофия аденоидов. Гипертрофия небных миндалин.""
Возрастная категория: Взрослые и дети
# Лечение
## Консервативное лечение",0
1631,"Клинические рекомендации ""Гемофилия""
Возрастная категория: Взрослые и дети
# Лечение
## Оперативное лечение",0
1596,"Клинические рекомендации ""Рак коры надпочечника (Адренокортикальный рак)""
Возрастная категория: Взрослые и дети
# Лечение
## Иное лечение",0
1852,"Клинические рекомендации ""Ожоги термические и химические. Ожоги солнечные. Ожоги дыхательных путей.""
Возрастная категория: Взрослые и дети
# Лечение
## Общее (системное) лечение
### Обезболивание и седация",0
2174,"Клинические рекомендации ""Острые миелоидные лейкозы""
Возрастная категория: Дети
# Лечение
## Терапия рецидивов и резистентных (рефрактерных) форм ОМЛ",1
228,"Клинические рекомендации ""Рак молочной железы""
Возрастная категория: Взрослые
# Лечение
## Первично операбельный рак молочной железы (0, I, IIA, IIB, IIIA стадии)
### Стадия 0 (ТisN0М0), протоковый рак in situ",1
1028,"Клинические рекомендации ""Грыжа пищеводного отверстия диафрагмы""
Возрастная категория: Взрослые
# Лечение
## Консервативное лечение",0
118,"Клинические рекомендации ""Рак тела матки и саркомы матки""
Возрастная категория: Взрослые
# Лечение
## Хирургическое лечение",0
328,"Клинические рекомендации ""Трансплантация сердца, наличие трансплантированного сердца, отмирание  и отторжение трансплантата сердца""
Возрастная категория: Взрослые и дети
# Лечение
## Иммуносупрессивная терапия
### Индукционная иммуносупрессивная терапия у реципиентов сердца",0
595,"Клинические рекомендации ""Пограничные опухоли яичников""
Возрастная категория: Взрослые
# Лечение
## Обезболивание",0
1168,"Клинические рекомендации ""Рак полости носа и придаточных пазух""
Возрастная категория: Взрослые
# Лечение
## Лекарственное лечение",0
1054,"Клинические рекомендации ""Рак ротоглотки""
Возрастная категория: Взрослые
# Лечение
## Общие принципы лечения в зависимости от стадии",0
14,"Клинические рекомендации ""Болезнь Гоше""
Возрастная категория: Взрослые
# Лечение
## Консервативное лечение",0
1170,"Клинические рекомендации ""Сахарный диабет 1 типа у взрослых""
Возрастная категория: Взрослые
# Лечение
## Инсулинотерапия",0
1282,"Клинические рекомендации ""Плазмоклеточный лейкоз""
Возрастная категория: Взрослые
# Лечение
## Лечение пациентов с впервые диагностированным ПКЛ",0
1627,"Клинические рекомендации ""Грибковый отит""
Возрастная категория: Взрослые и дети
# Лечение
## Консервативное лечение",0
536,"Клинические рекомендации ""Периоральный дерматит""
Возрастная категория: Взрослые и дети
# Лечение
## Консервативное лечение",0
754,"Клинические рекомендации ""Болезнь Крона""
Возрастная категория: Взрослые
# Лечение
## Консервативное лечение
### БК илеоцекальной локализации средней тяжести",1
1090,"Клинические рекомендации ""Солитарная (экстрамедуллярная) плазмоцитома""
Возрастная категория: Взрослые
# Лечение
## Хирургическое лечение",0
2189,"Клинические рекомендации ""Множественные переломы мозгового и лицевого отделов черепа""
Возрастная категория: Взрослые и дети
# Лечение
## Профилактика инфекций области хирургического вмешательства",0
385,"Клинические рекомендации ""Желудочковые нарушения ритма. Желудочковые тахикардии и внезапная сердечная смерть""
Возрастная категория: Взрослые и дети
# Лечение
## Лечение желудочковых тахиаритмий и профилактика внезапной смерти в отдельных группах
### Лечение ЖТ во время беременности",1
727,"Клинические рекомендации ""Злокачественное новообразование ободочной кишки""
Возрастная категория: Взрослые
# Лечение
## Адъювантная химиотерапия",0
1413,"Клинические рекомендации ""Меланома кожи и слизистых оболочек""
Возрастная категория: Взрослые
# Лечение
## Рекомендации по проведению адъювантной терапии меланомы кожи II и III стадии и эквивалентом III стадии",1
1217,"Клинические рекомендации ""Дискордантное предсердно-желудочковое соединение""
Возрастная категория: Взрослые и дети
# Лечение
## Хирургическое лечение
### Хирургические вмешательства в отдаленные сроки после коррекции",0
1908,"Клинические рекомендации ""Хронический лимфоцитарный лейкоз /  лимфома из малых лимфоцитов""
Возрастная категория: Взрослые
# Лечение
## Первая линия лечения ХЛЛ",0
775,"Клинические рекомендации ""Витамин-В12-дефицитная анемия""
Возрастная категория: Взрослые и дети
# Лечение
## Консервативное лечение",0
1014,"Клинические рекомендации ""Урогенитальные заболевания, вызванные Mycoplasma genitalium""
Возрастная категория: Взрослые и дети
# Лечение
## Иное лечение",0
683,"Клинические рекомендации ""Варикозное расширение вен нижних конечностей""
Возрастная категория: Взрослые
# Лечение
## Хирургическое лечение
### Удаление (флебэктомия) варикозно измененных подкожных вен",0
828,"Клинические рекомендации ""Агрессивные нефолликулярные лимфомы - диффузная В-клеточная крупноклеточная лимфома, В-клеточная лимфома высокой степени злокачественности с  перестройкой генов c-MYC и BCL2/BCL6, первичная медиастинальная В-клеточная лимфома, медиастинальная лимфома серой зоны, лимфома Беркитта, плазмобластная лимфома.""
Возрастная категория: Взрослые и дети
# Лечение
## Лечение лимфомы Беркитта у взрослых",1
115,"Клинические рекомендации ""Дистония""
Возрастная категория: Взрослые и дети
# Лечение
## Хирургическое лечение",0
1810,"Клинические рекомендации ""Гонококковая инфекция""
Возрастная категория: Взрослые и дети
# Лечение
## Хирургическое лечение",0
1293,"Клинические рекомендации ""Трофобластические опухоли""
Возрастная категория: Взрослые
# Лечение
## Лечение пациентов с церебральными метастазами",1
1843,"Клинические рекомендации ""Фолликулярная лимфома""
Возрастная категория: Взрослые и дети
# Лечение
## Показания к началу терапии ФЛ",0
88,"Клинические рекомендации ""Мигрень""
Возрастная категория: Дети
# Лечение
## Немедикаментозные методы лечения",0
1206,"Клинические рекомендации ""Флебит и тромбофлебит поверхностных сосудов""
Возрастная категория: Взрослые
# Лечение
## Общие положения и тактика лечения ТФПВ",0
821,"Клинические рекомендации ""Врожденная цитомегаловирусная инфекция""
Возрастная категория: Дети
# Лечение
## Консервативное лечение",0
379,"Клинические рекомендации ""Сахарный диабет 2 типа у детей""
Возрастная категория: Дети
# Лечение
## Оценка и целевые показатели гликемического контроля",0
2046,"Клинические рекомендации ""Травма глаза закрытая""
Возрастная категория: Взрослые и дети
# Лечение
## Консервативное лечение",0
78,"Клинические рекомендации ""Ротавирусный гастроэнтерит у детей""
Возрастная категория: Дети
# Лечение
## Консервативное лечение",0
637,"Клинические рекомендации ""Трансплантация поджелудочной железы, наличие трансплантированной поджелудочной железы, отмирание и отторжение трансплантата поджелудочной железы""
Возрастная категория: Взрослые
# Лечение
## Иммуносупрессивная терапия",0
1551,"Клинические рекомендации ""Опухоли слюнных желез у детей""
Возрастная категория: Дети
# Лечение
## Принципы лучевой терапии (данный раздел применим для злокачественных образований эпителиального происхождения)",1
726,"Клинические рекомендации ""Инфекции амниотической полости и плодных оболочек (хориоамнионит)""
Возрастная категория: Взрослые и дети
# Лечение
## Немедикаментозная терапия",0
338,"Клинические рекомендации ""Кистозный фиброз (муковисцидоз)""
Возрастная категория: Взрослые и дети
# Лечение
## Диетотерапия и витаминотерапия
### Питание дошкольников и школьников и взрослых",1
334,"Клинические рекомендации ""Витамин-В12-дефицитная анемия""
Возрастная категория: Взрослые и дети
# Лечение
## Диетическое лечебное питание",0
1567,"Клинические рекомендации ""Вторичная глаукома""
Возрастная категория: Дети
# Лечение
## Хирургическое лечение",0
1624,"Клинические рекомендации ""Ожирение""
Возрастная категория: Взрослые
# Лечение
## Консервативное лечение
### Немедикаментозная терапия",0
1755,"Клинические рекомендации ""Болезнь Крона""
Возрастная категория: Взрослые
# Лечение
## Консервативное лечение
### БК толстой кишки легкой и средней тяжести",1
1373,"Клинические рекомендации ""Инородное тело в пищеварительном тракте""
Возрастная категория: Взрослые и дети
# Лечение
## Хирургическое лечение",0
1059,"Клинические рекомендации ""Рак ротоглотки""
Возрастная категория: Взрослые
# Лечение
## Принципы системной химиотерапии",0
125,"Клинические рекомендации ""ВИЧ-инфекция у детей""
Возрастная категория: Дети
# Лечение
## Выбор схемы стартовой АРТ",0
1314,"Клинические рекомендации ""Полипы эндометрия""
Возрастная категория: Взрослые
# Лечение
## Хирургическое лечение",0
1048,"Клинические рекомендации ""Злокачественные новообразования почек, почечных лоханок, мочеточника, других и неуточненных мочевых органов""
Возрастная категория: Дети
# Лечение
## Послеоперационная терапия
### Адъювантная терапия для локализованной НБ",1
836,"Клинические рекомендации ""Аногенитальные (венерические) бородавки""
Возрастная категория: Взрослые и дети
# Лечение
## Иное лечение",0
1040,"Клинические рекомендации ""Истмико-цервикальная недостаточность""
Возрастная категория: Взрослые и дети
# Лечение
## Медикаментозные методы лечения",0
799,"Клинические рекомендации ""Острый тонзиллит и фарингит  (Острый тонзиллофарингит)""
Возрастная категория: Взрослые и дети
# Лечение
## Хирургическое лечение",0
866,"Клинические рекомендации ""Синдром гипоплазии левых отделов сердца""
Возрастная категория: Дети
# Лечение
## Иное лечение",0
161,"Клинические рекомендации ""Геморрагическая болезнь плода и новорожденного""
Возрастная категория: Дети
# Лечение
## Хирургическое лечение",0
124,"Клинические рекомендации ""Гипоксическая ишемическая энцефалопатия новорожденного вследствие перенесенной асфиксии при родах""
Возрастная категория: Дети
# Лечение",0
5,"Клинические рекомендации ""Урогенитальные заболевания, вызванные Mycoplasma genitalium""
Возрастная категория: Взрослые и дети
# Лечение
## Хирургическое лечение",0
1641,"Клинические рекомендации ""Меланома кожи и слизистых оболочек""
Возрастная категория: Взрослые
# Лечение
## Лечение локальных стадий заболевания (I–II)",1
1155,"Клинические рекомендации ""Меланома кожи и слизистых оболочек""
Возрастная категория: Взрослые
# Лечение
## Лечение пациентов метастатической и нерезектабельной меланомой кожи (IIIC/D нерезектабельная – IV стадия или их эквивалент)
### Лечение пациентов с метастазами в головном мозге",1
318,"Клинические рекомендации ""Нарушение обмена серосодержащих аминокислот (гомоцистинурия)""
Возрастная категория: Взрослые и дети
# Лечение
## Хирургическое лечение",0
1794,"Клинические рекомендации ""Гемофилия""
Возрастная категория: Взрослые и дети
# Лечение
## Особенности проведения гемостатической терапии в зависимости от локализации кровотечения",1
721,"Клинические рекомендации ""Базальноклеточный рак кожи""
Возрастная категория: Взрослые
# Лечение
## Сопутствующая терапия у пациентов базальноклеточным раком кожи",0
1511,"Клинические рекомендации ""Падения у пациентов пожилого и старческого возраста""
Возрастная категория: Взрослые
# Лечение
## Немедикаментозные меры профилактики падений",0
987,"Клинические рекомендации ""Рак гортаноглотки""
Возрастная категория: Взрослые
# Лечение
## Иное лечение",0
755,"Клинические рекомендации ""Кистозный фиброз (муковисцидоз)""
Возрастная категория: Взрослые и дети
# Лечение
## Репродуктивное здоровье мужчин с муковисцидозом",1
1259,"Клинические рекомендации ""Локализованный гипертрихоз""
Возрастная категория: Взрослые
# Лечение
## Консервативное лечение",0
1925,"Клинические рекомендации ""Лечение острой травмы зубов у пациентов детского возраста""
Возрастная категория: Дети
# Лечение
## Иное лечение",0
567,"Клинические рекомендации ""Геморрой""
Возрастная категория: Взрослые
# Лечение
## Лечение хронического геморроя",0
557,"Клинические рекомендации ""Повреждение мениска коленного сустава""
Возрастная категория: Взрослые и дети
# Лечение
## Иное лечение",0
463,"Клинические рекомендации ""Мукополисахаридоз тип I""
Возрастная категория: Взрослые
# Лечение
## Симптоматическое лечение",0
294,"Клинические рекомендации ""Послеоперационная вентральная грыжа""
Возрастная категория: Взрослые
# Лечение
## Предоперационная подготовка",0
273,"Клинические рекомендации ""Рак щитовидной железы""
Возрастная категория: Дети
# Лечение
## Лечение медуллярного рака",1
2060,"Клинические рекомендации ""Полицитемия новорожденного""
Возрастная категория: Дети
# Лечение
## Консервативное лечение",0
139,"Клинические рекомендации ""Карцинома Меркеля""
Возрастная категория: Взрослые
# Лечение
## Сопутствующая терапия у больных карциномой Меркеля",0
2164,"Клинические рекомендации ""Переломы пяточной кости""
Возрастная категория: Взрослые
# Лечение
## Иное лечение",0
1733,"Клинические рекомендации ""Нарушения митохондриального β-окисления жирных кислот""
Возрастная категория: Взрослые и дети
# Лечение
## Рекомендации по применению отдельных лекарственных препаратов",0
105,"Клинические рекомендации ""ВИЧ-инфекция у беременных""
Возрастная категория: Взрослые
# Лечение
## АРТ во время беременности (первый этап профилактики). Особенности диспансерного наблюдения ВИЧ-инфицированных беременных",1
2101,"Клинические рекомендации ""Переломы проксимального отдела плечевой кости""
Возрастная категория: Взрослые и дети
# Лечение
## Иное лечение",0
1031,"Клинические рекомендации ""Лимфома Ходжкина""
Возрастная категория: Взрослые и дети
# Лечение
## Оценка ответа на лечение",0
1666,"Клинические рекомендации ""Иммунная тромбоцитопения""
Возрастная категория: Дети
# Лечение
## Неотложное лечение",0
689,"Клинические рекомендации ""Преждевременные роды""
Возрастная категория: 
# Лечение
## Хирургическое лечение",0
1851,"Клинические рекомендации ""Медицинская помощь матери при установленном или предполагаемом несоответствии размеров таза и плода.  Лицевое, лобное или подбородочное предлежание плода, требующее предоставления медицинской помощи матери""
Возрастная категория: Взрослые и дети
# Лечение
## Хирургические методы лечения",0
1416,"Клинические рекомендации ""ВИЧ-инфекция у взрослых""
Возрастная категория: Взрослые
# Лечение
## Хирургическое лечение",0
918,"Клинические рекомендации ""Анальная трещина""
Возрастная категория: Взрослые
# Лечение
## Лечение острой анальной трещины",1
1149,"Клинические рекомендации ""Уротелиальный рак верхних мочевыводящих путей""
Возрастная категория: Взрослые
# Лечение
## Обезболивающая терапия",0
300,"Клинические рекомендации ""Тотальный аномальный дренаж легочных вен""
Возрастная категория: Дети
# Лечение
## Иное лечение",0
180,"Клинические рекомендации ""Переломы дистального отдела костей предплечья""
Возрастная категория: Взрослые и дети
# Лечение
## Хирургическое лечение",0
663,"Клинические рекомендации ""Генерализованное тревожное расстройство""
Возрастная категория: Взрослые
# Лечение
## Иные методы терапии",0
743,"Клинические рекомендации ""Интраокулярная ретинобластома""
Возрастная категория: 
# Лечение
## Органосохраняющее лечение интраокулярной РБ",0
1615,"Клинические рекомендации ""Отморожение. Гипотермия. Другие эффекты воздействия низкой температуры.""
Возрастная категория: Взрослые и дети
# Лечение
## Общее (системное) лечение
### Профилактика столбняка",0
662,"Клинические рекомендации ""Биполярное аффективное расстройство""
Возрастная категория: Взрослые
# Лечение
## Поддерживающая терапия маниакальных состояний",1
1017,"Клинические рекомендации ""Хронический панкреатит""
Возрастная категория: Взрослые
# Лечение
## Хирургическое лечение
### Эндоскопическое лечение наружных и внутренних панкреатических свищей",1
611,"Клинические рекомендации ""Экзема""
Возрастная категория: Взрослые и дети
# Лечение
## Хирургическое лечение",0
191,"Клинические рекомендации ""Паховая и бедренная грыжа""
Возрастная категория: Взрослые
# Лечение
## Особенности хирургического лечения рецидивных паховых грыж и бедренных грыж",1
640,"Клинические рекомендации ""Трофобластические опухоли""
Возрастная категория: Взрослые
# Лечение
## Хирургическое лечение",0
622,"Клинические рекомендации ""Переломы дистального отдела костей голени""
Возрастная категория: Взрослые и дети
# Лечение
## Консервативное лечение
### Аппарат внешней фиксации и двухэтапный протокол лечения",0
684,"Клинические рекомендации ""Тревожно-фобические расстройства""
Возрастная категория: Взрослые
# Лечение
## Психотерапия",0
1771,"Клинические рекомендации ""Подозрение на глаукому""
Возрастная категория: Взрослые
# Лечение
## Хирургическое лечение",0
1053,"Клинические рекомендации ""Дискогенная пояснично-крестцовая радикулопатия""
Возрастная категория: Взрослые
# Лечение
## Консервативное лечение",0
63,"Клинические рекомендации ""Желудочковые нарушения ритма. Желудочковые тахикардии и внезапная сердечная смерть""
Возрастная категория: Взрослые и дети
# Лечение
## Лечение желудочковых аритмий и профилактика внезапной сердечной смерти
### Антиаритмические устройства. Имплантируемый кардиовертер-дефибриллятор",0
1169,"Клинические рекомендации ""Трансплантация сердца, наличие трансплантированного сердца, отмирание  и отторжение трансплантата сердца""
Возрастная категория: Взрослые и дети
# Лечение
## Иммуносупрессивная терапия
### Неиммуносупрессивная (адьювантная) медикаментозная терапия",0
656,"Клинические рекомендации ""Врожденная митральная недостаточность (ВМН)""
Возрастная категория: 
# Лечение
## Консервативное лечение",0
1247,"Клинические рекомендации ""Плазмоклеточный лейкоз""
Возрастная категория: Взрослые
# Лечение
## Показания к началу терапии и определение стратегии лечения",0
240,"Клинические рекомендации ""Кистозный фиброз (муковисцидоз)""
Возрастная категория: Взрослые и дети
# Лечение
## Консервативное лечение
### Консервативная терапия легочного кровотечения и кровохарканья",1
2127,"Клинические рекомендации ""Неалкогольная жировая болезнь печени""
Возрастная категория: Взрослые
# Лечение
## Немедикаментозная терапия НАЖБП",0
1975,"Клинические рекомендации ""Кистозный фиброз (муковисцидоз)""
Возрастная категория: Взрослые и дети
# Лечение
## Консервативное лечение
### Терапия дыхательной недостаточности",0
1751,"Клинические рекомендации ""Злокачественные новообразования костей и суставных хрящей: остеосаркома, саркома Юинга""
Возрастная категория: Дети
# Лечение
## Лечение пациентов с другими новообразованиями костей",1
1560,"Клинические рекомендации ""Отравления производным амфетамина, синтетическими катинонами и прекурсорами ГОМК""
Возрастная категория: Взрослые и дети
# Лечение
## Восстановление (поддержание) жизненно важных функций организма",0
588,"Клинические рекомендации ""Лечение острой травмы зубов у пациентов детского возраста""
Возрастная категория: Дети
# Лечение
## Консервативное лечение",0
1460,"Клинические рекомендации ""Трансплантация сердца, наличие трансплантированного сердца, отмирание  и отторжение трансплантата сердца""
Возрастная категория: Взрослые и дети
# Лечение
## Рекомендации по диагностике и лечению болезни коронарных артерий пересаженного сердца",0
1807,"Клинические рекомендации ""Аномалия развития коронарных сосудов""
Возрастная категория: Дети
# Лечение
## Иное лечение",0
1569,"Клинические рекомендации ""Гемофилия""
Возрастная категория: Взрослые и дети
# Лечение
## Длительный сосудистый доступ у пациентов с гемофилией",1
1992,"Клинические рекомендации ""Краниальные мононейропатии у взрослых""
Возрастная категория: Взрослые
# Лечение
## Поражения других черепных нервов",0
1189,"Клинические рекомендации ""Краниальные мононейропатии у взрослых""
Возрастная категория: Взрослые
# Лечение
## Поражения тройничного нерва
### Тригеминальные автономные вегетативные цефалгии",1
1879,"Клинические рекомендации ""Туберкулез у взрослых""
Возрастная категория: Взрослые
# Лечение
## ​Химиотерапия
### ​Режим химиотерапии лекарственно-чувствительного туберкулеза",1
695,"Клинические рекомендации ""Лимфома маргинальной зоны""
Возрастная категория: Взрослые
# Лечение
## Сопутствующая и сопроводительная терапия",0
848,"Клинические рекомендации ""Рак шейки матки""
Возрастная категория: Взрослые
# Лечение
## Обезболивание",0
1875,"Клинические рекомендации ""Ожоги термические и химические. Ожоги солнечные. Ожоги дыхательных путей.""
Возрастная категория: Взрослые и дети
# Лечение
## Хирургическое лечение",0
992,"Клинические рекомендации ""Коксартроз""
Возрастная категория: Взрослые и дети
# Лечение
## Консервативное лечение
### Медикаментозная терапия",0
1708,"Клинические рекомендации ""Меланома кожи и слизистых оболочек""
Возрастная категория: Взрослые
# Лечение
## Лечение пациентов с резектабельной меланомой кожи III стадии и эквивалентом III стадии",1
1138,"Клинические рекомендации ""Паническое расстройство""
Возрастная категория: Взрослые
# Лечение
## Психотерапия",0
1735,"Клинические рекомендации ""Меланоформный невус""
Возрастная категория: Взрослые и дети
# Лечение",0
255,"Клинические рекомендации ""Бронхиальная астма""
Возрастная категория: Взрослые и дети
# Лечение
## Особенности лечения БА у беременных и в период грудного вскармливания",1
1617,"Клинические рекомендации ""Саркоидоз""
Возрастная категория: Взрослые и дети
# Лечение
## Трансплантация",0
1889,"Клинические рекомендации ""Бактериальный вагиноз""
Возрастная категория: Взрослые и дети
# Лечение
## Консервативное лечение",0
1076,"Клинические рекомендации ""Изовалериановая ацидемия/ацидурия""
Возрастная категория: Взрослые и дети
# Лечение
## Консервативное лечение",0
1414,"Клинические рекомендации ""Лимфома из клеток мантии""
Возрастная категория: Взрослые
# Лечение
## Локальные (I-II) стадии",1
617,"Клинические рекомендации ""Недостаточность митохондриальной ацетоацетил-КоА-тиолазы (дефицит бета-кетотиолазы, дефицит Т2)""
Возрастная категория: Взрослые и дети
# Лечение
## Симптоматическое лечение",0
1466,"Клинические рекомендации ""Гемофилия""
Возрастная категория: Взрослые и дети
# Лечение
## Профилактическое лечение",0
1847,"Клинические рекомендации ""Дерматит контактный""
Возрастная категория: Взрослые и дети
# Лечение
## Иное лечение",0
549,"Клинические рекомендации ""Псориаз""
Возрастная категория: Взрослые и дети
# Лечение
## Консервативное лечение",0
2153,"Клинические рекомендации ""Опухоли средостения""
Возрастная категория: Взрослые
# Лечение
## Иное лечение",0
620,"Клинические рекомендации ""Неалкогольная жировая болезнь печени""
Возрастная категория: Взрослые
# Лечение
## Медикаментозная терапия НАЖБП",0
1056,"Клинические рекомендации ""Рак молочной железы""
Возрастная категория: Взрослые
# Лечение
## Рецидивный и метастатический рак молочной железы
### Лечение изолированных местных рецидивов",1
702,"Клинические рекомендации ""Эритразма""
Возрастная категория: 
# Лечение
## Консервативное лечение",0
1150,"Клинические рекомендации ""Амиодарон-индуцированная дисфункция щитовидной железы""
Возрастная категория: Взрослые
# Лечение
## Консервативное лечение амиодарон-индуцированного гипотиреоза",1
304,"Клинические рекомендации ""Плоскоклеточный рак кожи""
Возрастная категория: Взрослые
# Лечение
## Лечение пациентов с метастатическим и нерезектабельным плоскоклеточным раком кожи (III нерезектабельная и IV стадия)",1
176,"Клинические рекомендации ""Киста почки у детей""
Возрастная категория: Дети
# Лечение
## Консервативное лечение",0
916,"Клинические рекомендации ""Хроническая сердечная недостаточность""
Возрастная категория: Взрослые
# Лечение
## Консервативное лечение
### Терапия, рекомендованная пациентам с симптомной сердечной недостаточностью со сниженной фракцией выброса левого желудочка",1
1465,"Клинические рекомендации ""Лимфома из клеток мантии""
Возрастная категория: Взрослые
# Лечение
## Распространенные стадии у пациентов старше 65 лет и пациентов, не являющихся кандидатами для проведения интенсивной терапии, первая линия терапии",1
326,"Клинические рекомендации ""Рак тела матки и саркомы матки""
Возрастная категория: Взрослые
# Лечение
## Обезболивание",0
2182,"Клинические рекомендации ""Злокачественные новообразования костей и суставных хрящей: остеосаркома, саркома Юинга""
Возрастная категория: Дети
# Лечение
## Лечение пациентов с саркомой Юинга и другими недифференцированными мелкокруглоклеточными саркомами костей",1
2108,"Клинические рекомендации ""Себорейный дерматит""
Возрастная категория: Взрослые и дети
# Лечение
## Консервативное лечение",0
1177,"Клинические рекомендации ""Гнездная алопеция""
Возрастная категория: Взрослые и дети
# Лечение
## Хирургическое лечение",0
302,"Клинические рекомендации ""Фолиеводефицитная анемия""
Возрастная категория: Взрослые и дети
# Лечение
## Хирургическое лечение",0
397,"Клинические рекомендации ""Кистозный фиброз (муковисцидоз)""
Возрастная категория: Взрослые и дети
# Лечение
## Консервативное лечение
### Терапия внешнесекреторной недостаточности поджелудочной железы",0
2202,"Клинические рекомендации ""Рак гортаноглотки""
Возрастная категория: Взрослые
# Лечение
## Хирургическое лечение",0
25,"Клинические рекомендации ""Инфекционный эндокардит и инфекция внутрисердечных устройств""
Возрастная категория: Взрослые
# Лечение
## Хирургическое лечение
### Показания и сроки проведения хирургического вмешательства у пациентов с инфекционным эндокардитом и поражением селезенки",1
52,"Клинические рекомендации ""Артериальная гипертензия у взрослых""
Возрастная категория: Взрослые
# Лечение
## Медикаментозная терапия АГ
### Общие принципы медикаментозной терапии",0
1389,"Клинические рекомендации ""Врожденная митральная недостаточность (ВМН)""
Возрастная категория: 
# Лечение
## Иное лечение",0
1438,"Клинические рекомендации ""Заболевания и состояния, связанные с дефицитом йода""
Возрастная категория: Взрослые и дети
# Лечение
## Узловой/многоузловой зоб",1
1285,"Клинические рекомендации ""Медицинская помощь матери при установленном или предполагаемом несоответствии размеров таза и плода.  Лицевое, лобное или подбородочное предлежание плода, требующее предоставления медицинской помощи матери""
Возрастная категория: Взрослые и дети
# Лечение
## Медикаментозные методы лечения",0
492,"Клинические рекомендации ""Инфекционный эндокардит и инфекция внутрисердечных устройств""
Возрастная категория: Взрослые
# Лечение
## Иное лечение",0
1364,"Клинические рекомендации ""Аномалия развития коронарных сосудов""
Возрастная категория: Дети
# Лечение
## Эндоваскулярные вмешательства",0
1828,"Клинические рекомендации ""Ожоги термические и химические. Ожоги солнечные. Ожоги дыхательных путей.""
Возрастная категория: Взрослые и дети
# Лечение
## Общее (системное) лечение
### Профилактика столбняка",0
333,"Клинические рекомендации ""Глаукома первичная открытоугольная""
Возрастная категория: Взрослые
# Лечение
## Лазерное лечение",0
227,"Клинические рекомендации ""Хронический миелоидный лейкоз""
Возрастная категория: Взрослые и дети
# Лечение
## Лекарственное лечение у взрослых пациентов
### Терапия при неудаче второй и последующих линий лечения",1
1234,"Клинические рекомендации ""Трофобластические опухоли""
Возрастная категория: Взрослые
# Лечение
## Лечение редких ТО",1
72,"Клинические рекомендации ""Аномалии объема  амниотической жидкости (многоводие, маловодие)""
Возрастная категория: Взрослые и дети
# Лечение
## Иное лечение",0
309,"Клинические рекомендации ""Полип анального канала""
Возрастная категория: Взрослые
# Лечение
## Обезболивание",0
1553,"Клинические рекомендации ""Мигрень""
Возрастная категория: Дети
# Лечение
## Консервативное лечение",0
1147,"Клинические рекомендации ""Рак печени (гепатоцеллюлярный)""
Возрастная категория: Взрослые
# Лечение
## Обезболивающая терапия",0
2044,"Клинические рекомендации ""Недостаточный рост плода, требующий предоставления медицинской помощи матери (задержка роста плода)""
Возрастная категория: Взрослые и дети
# Лечение
## Родоразрешение",0
269,"Клинические рекомендации ""Инфекция мочевых путей""
Возрастная категория: Дети
# Лечение
## Иное лечение",0
2173,"Клинические рекомендации ""Трехпредсердное сердце""
Возрастная категория: Взрослые и дети
# Лечение
## Эндоваскулярные вмешательства",0
1309,"Клинические рекомендации ""Серповидно-клеточные нарушения""
Возрастная категория: Взрослые и дети
# Лечение
## Профилактика поражения ЦНС",0
1283,"Клинические рекомендации ""Злокачественные новообразования  губы""
Возрастная категория: Взрослые
# Лечение
## Иное лечение",0
262,"Клинические рекомендации ""Дифференцированный рак щитовидной железы""
Возрастная категория: Взрослые
# Лечение
## Системная радионуклидная терапия самарий, 153 Sm оксабифором",1
1649,"Клинические рекомендации ""Синдром дефицита Glut1""
Возрастная категория: Взрослые и дети
# Лечение
## Симптоматическая терапия — противопилептические препараты",0
634,"Клинические рекомендации ""Краниальные мононейропатии у взрослых""
Возрастная категория: Взрослые
# Лечение
## Поражения лицевого нерва
### Лицевая миокимия",1
1716,"Клинические рекомендации ""Переломы дистального отдела плечевой кости""
Возрастная категория: Взрослые и дети
# Лечение
## Иное лечение",0
1104,"Клинические рекомендации ""Врожденный гипотиреоз у детей""
Возрастная категория: Дети
# Лечение
## Хирургическое лечение",0
1441,"Клинические рекомендации ""Переломы диафиза плечевой кости""
Возрастная категория: Взрослые и дети
# Лечение
## Иное лечение",0
89,"Клинические рекомендации ""Сифилис""
Возрастная категория: Взрослые и дети
# Лечение
## Лечение сифилиса у беременных",1
1125,"Клинические рекомендации ""Психические и поведенческие расстройства, вызванные употреблением алкоголя Синдром зависимости от алкоголя""
Возрастная категория: Взрослые и дети
# Лечение
## Оценка эффективности и безопасности лечения",0
36,"Клинические рекомендации ""Варикозное расширение вен нижних конечностей""
Возрастная категория: Взрослые
# Лечение
## Хирургическое лечение
### Альтернативные (веносохраняющие) малоинвазивные методы лечения",0
2054,"Клинические рекомендации ""Проксимальная спинальная мышечная атрофия 5q""
Возрастная категория: Дети
# Лечение
## Иное лечение",0
1126,"Клинические рекомендации ""Болезнь Крона""
Возрастная категория: Взрослые
# Лечение
## Консервативное лечение
### Мониторинг эффективности и побочных эффектов лекарственной терапии",0
1354,"Клинические рекомендации ""Ожоги термические и химические. Ожоги солнечные. Ожоги дыхательных путей.""
Возрастная категория: Взрослые и дети
# Лечение
## Общее (системное) лечение
### Витаминотерапия",0
1869,"Клинические рекомендации ""Эпилепсия и эпилептический статус у взрослых и детей""
Возрастная категория: Взрослые и дети
# Лечение",0
162,"Клинические рекомендации ""Базальноклеточный рак кожи""
Возрастная категория: Взрослые
# Лечение
## Лечение базально-клеточного рака кожи с метастазами в регионарных лимфатическких узлах (III стадия)",1
1586,"Клинические рекомендации ""Падения у пациентов пожилого и старческого возраста""
Возрастная категория: Взрослые
# Лечение
## Особенности лечения сопутствующих заболеваний и состояний у пациентов с высоким риском падений",1
621,"Клинические рекомендации ""Рак вульвы""
Возрастная категория: Взрослые
# Лечение
## Лучевая терапия",0
1369,"Клинические рекомендации ""Ожоги термические и химические. Ожоги солнечные. Ожоги дыхательных путей.""
Возрастная категория: Взрослые и дети
# Лечение
## Общее (системное) лечение
### Инфузионно-трансфузионная терапия",0
677,"Клинические рекомендации ""Неалкогольная жировая болезнь печени""
Возрастная категория: Взрослые
# Лечение
## Лечение НАЖБП и ассоциированных состояний
### Лечение НАЖБП в сочетании с сахарным диабетом 2-го типа",1
1203,"Клинические рекомендации ""Хронический болевой синдром (ХБС) у взрослых пациентов, нуждающихся в паллиативной медицинской помощи""
Возрастная категория: Взрослые
# Лечение
## Консервативная терапия
### Терапия нейропатической боли",1
249,"Клинические рекомендации ""Другие виды нарушения обмена аминокислот с разветвленной цепью (Метилмалоновая ацидемия /ацидурия)""
Возрастная категория: Взрослые и дети
# Лечение
## Консервативное лечение",0
1872,"Клинические рекомендации ""Менопауза и климактерическое состояние у женщины""
Возрастная категория: Взрослые
# Лечение
## Консервативное лечение",0
589,"Клинические рекомендации ""Болезнь Крона""
Возрастная категория: Взрослые
# Лечение
## Хирургическое лечение БК
### Хирургическое лечение БК толстой кишки",0
610,"Клинические рекомендации ""Злокачественное новообразование ободочной кишки""
Возрастная категория: Взрослые
# Лечение
## Хирургическое лечение",0
1630,"Клинические рекомендации ""Дефект предсердно-желудочковой перегородки  (Атриовентрикулярный канал)""
Возрастная категория: Взрослые и дети
# Лечение
## Консервативное лечение",0
1058,"Клинические рекомендации ""Сепсис (у взрослых)""
Возрастная категория: Взрослые
# Лечение
## Седация и аналгезия",0
2031,"Клинические рекомендации ""Псориаз артропатический. Псориатический артрит""
Возрастная категория: Взрослые и дети
# Лечение
## Консервативное лечение",0
1342,"Клинические рекомендации ""Аномалия развития коронарных сосудов""
Возрастная категория: Дети
# Лечение
## Консервативное лечение",0
1744,"Клинические рекомендации ""Послеоперационная вентральная грыжа""
Возрастная категория: Взрослые
# Лечение
## Показания для хирургического лечения",0
1451,"Клинические рекомендации ""Острые отравления неопиоидными анальгезирующими, жаропонижающими и противоревматическими средствами""
Возрастная категория: Взрослые и дети
# Лечение
## Оказание скорой медицинской помощи вне медицинской организации",0
41,"Клинические рекомендации ""Расстройства аутистического спектра""
Возрастная категория: 
# Лечение
## Медикаментозное лечение коморбидных расстройств",0
43,"Клинические рекомендации ""Глутаровая ацидурия тип 1""
Возрастная категория: Взрослые и дети
# Лечение
## Иное лечение",0
894,"Клинические рекомендации ""Редкие коагулопатии: наследственный дефицит факторов свертывания крови II, VII, X""
Возрастная категория: Взрослые и дети
# Лечение",0
1642,"Клинические рекомендации ""Кистозный фиброз (муковисцидоз)""
Возрастная категория: Взрослые и дети
# Лечение
## Консервативное лечение
### Антибактериальная терапия при MRSA (метициллинрезистентный стафилококк) - инфекции",1
1392,"Клинические рекомендации ""Переломы диафиза большеберцовой кости""
Возрастная категория: Взрослые и дети
# Лечение
## Консервативное лечение",0
225,"Клинические рекомендации ""Кистозный фиброз (муковисцидоз)""
Возрастная категория: Взрослые и дети
# Лечение
## Консервативное лечение
### Терапия поражений легких, вызванныхгрибами рода Aspergillus",1
2184,"Клинические рекомендации ""Фибрилляция и трепетание предсердий у взрослых""
Возрастная категория: Взрослые
# Лечение
## Хирургическое и интервенционное лечение фибрилляции предсердий
### Нефармакологические методы профилактики тромбоэмболических осложнений. Окклюзия ушка левого предсердия для профилактики инсульта",1
1651,"Клинические рекомендации ""Дискордантное предсердно-желудочковое соединение""
Возрастная категория: Взрослые и дети
# Лечение
## Хирургическое лечение
### Паллиативное лечение",0
57,"Клинические рекомендации ""Сепсис (у взрослых)""
Возрастная категория: Взрослые
# Лечение
## Профилактика венозной тромбоэмболии",0
306,"Клинические рекомендации ""Мукополисахаридоз тип VI""
Возрастная категория: 
# Лечение
## Симптоматическое лечение",0
1900,"Клинические рекомендации ""Уротелиальный рак верхних мочевыводящих путей""
Возрастная категория: Взрослые
# Лечение
## Сопроводительная терапия больных УРВМП",1
851,"Клинические рекомендации ""Трофобластические опухоли""
Возрастная категория: Взрослые
# Лечение
## Лечение ПЗ",0
26,"Клинические рекомендации ""Рак уретры""
Возрастная категория: Взрослые
# Лечение
## Обезболивание",0
485,"Клинические рекомендации ""Нарушения обмена меди (болезнь Вильсона)""
Возрастная категория: Взрослые и дети
# Лечение
## Хирургическое лечение",0
765,"Клинические рекомендации ""Идиопатический сколиоз""
Возрастная категория: Взрослые и дети
# Лечение
## Консервативное лечение",0
532,"Клинические рекомендации ""Первичные иммунодефициты с преимущественной недостаточностью синтеза антител""
Возрастная категория: Взрослые и дети
# Лечение
## Заместительная терапия иммуноглобулином человека нормальным**",0
933,"Клинические рекомендации ""Очаговая травма головного мозга""
Возрастная категория: Взрослые
# Лечение
## Консервативное лечение",0
1479,"Клинические рекомендации ""Апластическая анемия""
Возрастная категория: Взрослые
# Лечение
## Сопутствующая и сопроводительная терапия",0
123,"Клинические рекомендации ""Множественные переломы мозгового и лицевого отделов черепа""
Возрастная категория: Взрослые и дети
# Лечение
## Иное лечение",0
342,"Клинические рекомендации ""Умственная отсталость у взрослых""
Возрастная категория: Взрослые
# Лечение
## Иное лечение",0
2180,"Клинические рекомендации ""Плазмоклеточный лейкоз""
Возрастная категория: Взрослые
# Лечение
## Лечение рецидивов ПКЛ",0
297,"Клинические рекомендации ""Псориаз артропатический. Псориатический артрит""
Возрастная категория: Взрослые и дети
# Лечение
## Хирургическое лечение",0
90,"Клинические рекомендации ""Паховая и бедренная грыжа""
Возрастная категория: Взрослые
# Лечение
## Профилактика тромбоэмболических осложнений",0
660,"Клинические рекомендации ""Острые респираторные вирусные инфекции (ОРВИ) у взрослых""
Возрастная категория: Взрослые
# Лечение
## Консервативное лечение",0
2036,"Клинические рекомендации ""Опухоли средостения""
Возрастная категория: Взрослые
# Лечение
## Лечение новообразований вилочковой железы",1
1379,"Клинические рекомендации ""Приобретенная чистая красноклеточная аплазия (эритробластопения)""
Возрастная категория: Взрослые и дети
# Лечение
## Диетотерапия",0
591,"Клинические рекомендации ""Рак печени (гепатоцеллюлярный)""
Возрастная категория: Взрослые
# Лечение
## Лучевая терапия",0
440,"Клинические рекомендации ""Энтероколит, вызванный Clostridioides difficile (C. difficile)""
Возрастная категория: Взрослые
# Лечение
## Консервативное лечение",0
54,"Клинические рекомендации ""Болезнь Помпе""
Возрастная категория: Взрослые и дети
# Лечение
## Патогенетическое лечение",0
152,"Клинические рекомендации ""Хронический болевой синдром (ХБС) у взрослых пациентов, нуждающихся в паллиативной медицинской помощи""
Возрастная категория: Взрослые
# Лечение
## Консервативная терапия
### Лечение осложнений опиоидной терапии",1
1570,"Клинические рекомендации ""Психические и поведенческие расстройства, вызванные употреблением психоактивных веществ [алкоголя, каннабиноидов, седативных и снотворных веществ, кокаина, других стимуляторов (кроме кофеина), галлюциногенов и нескольких психоактивных веществ]  Психотическое расстройство""
Возрастная категория: Взрослые и дети
# Лечение
## Общие вопросы лечения психотических расстройств",0
367,"Клинические рекомендации ""Рак яичников / рак маточной трубы / первичный рак брюшины""
Возрастная категория: Взрослые
# Лечение
## Адъювантная и первая линия химиотерапии",0
171,"Клинические рекомендации ""Врожденный подклапанный стеноз аорты""
Возрастная категория: Дети
# Лечение
## Иное лечение",0
801,"Клинические рекомендации ""Язвенный колит""
Возрастная категория: Взрослые
# Лечение
## Консервативное лечение
### Левосторонний и тотальный язвенный колит. Среднетяжелая атака",1
733,"Клинические рекомендации ""Острый ларингит""
Возрастная категория: Взрослые и дети
# Лечение
## Консервативное лечение",0
277,"Клинические рекомендации ""Переломы диафиза большеберцовой кости""
Возрастная категория: Взрослые и дети
# Лечение
## Иное лечение",0
2087,"Клинические рекомендации ""Острые отравления опиоидными наркотическими веществами""
Возрастная категория: Взрослые и дети
# Лечение
## Лечение на этапе специализированной медицинской помощи",0
1530,"Клинические рекомендации ""Острые миелоидные лейкозы""
Возрастная категория: Взрослые
# Лечение
## Лечение пациентов с острым миелоидным лейкозом старшей возрастной группы ( >60 лет)",1
1754,"Клинические рекомендации ""Чрезмерная рвота беременных""
Возрастная категория: Взрослые и дети
# Лечение
## Иное лечение",0
99,"Клинические рекомендации ""Другие виды нарушения обмена аминокислот с разветвленной цепью (Метилмалоновая ацидемия /ацидурия)""
Возрастная категория: Взрослые и дети
# Лечение
## Иное лечение",0
1348,"Клинические рекомендации ""Перерыв дуги аорты. Двойная дуга аорты""
Возрастная категория: Дети
# Лечение
## Хирургическое лечение",0
838,"Клинические рекомендации ""Переломы пяточной кости""
Возрастная категория: Взрослые
# Лечение
## Диетотерапия",0
169,"Клинические рекомендации ""Преэклампсия. Эклампсия. Отеки, протеинурия и гипертензивные расстройства во время беременности, в родах и послеродовом периоде.""
Возрастная категория: Взрослые и дети
# Лечение
## Немедикаментозные методы терапии",0
1467,"Клинические рекомендации ""Уротелиальный рак верхних мочевыводящих путей""
Возрастная категория: Взрослые
# Лечение
## Лечение больных неоперабельным местно-распространенным и диссеминированным УРВМП",1
544,"Клинические рекомендации ""Саркомы мягких тканей""
Возрастная категория: 
# Лечение",0
172,"Клинические рекомендации ""Лимфома маргинальной зоны""
Возрастная категория: Взрослые
# Лечение
## Лечение рецидивов и рефрактерных форм ЛМЗ",0
2089,"Клинические рекомендации ""Стриктура уретры""
Возрастная категория: Взрослые
# Лечение
## Заместительная уретропластика",0
1440,"Клинические рекомендации ""Острый парапроктит""
Возрастная категория: Взрослые и дети
# Лечение
## Общие принципы лечения ОП",0
1793,"Клинические рекомендации ""Миопия""
Возрастная категория: Взрослые и дети
# Лечение
## Функциональное лечение",0
1756,"Клинические рекомендации ""Хронический миелоидный лейкоз""
Возрастная категория: Взрослые и дети
# Лечение
## Лекарственное лечение у взрослых пациентов
### Циторедуктивная и цитостатическая терапия",1
1542,"Клинические рекомендации ""Роды одноплодные, родоразрешение путем кесарева сечения""
Возрастная категория: Взрослые и дети
# Лечение
## Ведение родильниц после КС",0
1962,"Клинические рекомендации ""Эмболия амниотической жидкостью""
Возрастная категория: Взрослые и дети
# Лечение
## Иное лечение",0
631,"Клинические рекомендации ""Патологические переломы, осложняющие остеопороз""
Возрастная категория: Взрослые
# Лечение
## Хирургическое лечение",0
1950,"Клинические рекомендации ""Болезнь Крона""
Возрастная категория: Дети
# Лечение
## Хирургическое лечение болезни Крона у детей
### Показания к хирургическому лечению БК у детей",0
842,"Клинические рекомендации ""Острый инфаркт миокарда с подъемом сегмента ST электрокардиограммы""
Возрастная категория: Взрослые
# Лечение
## ИМпST правого желудочка",1
2028,"Клинические рекомендации ""Очаговая травма головного мозга""
Возрастная категория: Взрослые
# Лечение
## Хирургическое лечение при тяжелой ЧМТ",1
1233,"Клинические рекомендации ""Энтероколит, вызванный Clostridioides difficile (C. difficile)""
Возрастная категория: Взрослые
# Лечение
## Оценка эффективности лечения",0
164,"Клинические рекомендации ""Лекарственные поражения печени (ЛПП) у взрослых""
Возрастная категория: Взрослые
# Лечение
## Хирургическое лечение",0
1049,"Клинические рекомендации ""Забрюшинные неорганные саркомы""
Возрастная категория: Взрослые
# Лечение
## Хирургическое лечение пациентов с забрюшинными неорганными саркомами",0
1243,"Клинические рекомендации ""Язвенный колит""
Возрастная категория: Дети
# Лечение
## Консервативное лечение
### Диетотерапия",0
1932,"Клинические рекомендации ""Крапивница""
Возрастная категория: Взрослые и дети
# Лечение
## Симптоматическая терапия",0
527,"Клинические рекомендации ""Выкидыш (самопроизвольный аборт)""
Возрастная категория: Взрослые и дети
# Лечение
## Немедикаментозные методы лечения",0
361,"Клинические рекомендации ""Митральная недостаточность""
Возрастная категория: Взрослые
# Лечение
## Консервативное лечение",0
1528,"Клинические рекомендации ""Анемия при хронической болезни почек""
Возрастная категория: Взрослые и дети
# Лечение
## Гемотрансфузии у пациентов с ХБП и анемией",1
1593,"Клинические рекомендации ""Рак уретры""
Возрастная категория: Взрослые
# Лечение
## Лечение рака уретры у женщин",1
1706,"Клинические рекомендации ""Грибовидный микоз""
Возрастная категория: Взрослые и дети
# Лечение
## Лечение пациентов с распространенными стадиями грибовидного микоза и рецидивных и рефрактерных форм грибовидного микоза",1
1174,"Клинические рекомендации ""Краниальные мононейропатии у взрослых""
Возрастная категория: Взрослые
# Лечение
## Поражения тройничного нерва
### Атипичная лицевая боль",1
1068,"Клинические рекомендации ""Синдром Сезари""
Возрастная категория: Взрослые и дети
# Лечение
## Иное лечение",0
1667,"Клинические рекомендации ""Болезнь Шёйермана""
Возрастная категория: Взрослые и дети
# Лечение
## Хирургическое лечение",0
