id,title_text,label,oof_proba_t1
245,"??????????? ???????????? ""????????? ? ???????????????? ????????? ? ???????""
?????????? ?????????: ????????
# ???????
## ?????????????? ???????",0,0.08353821188211441
1987,"??????????? ???????????? ""??? ??????????""
?????????? ?????????: ????????
# ???????
## ???? ???????",0,0.11142317205667496
509,"??????????? ???????????? ""??????? ??? (????????, ????????? Salmonella Typhi) ? ????????""
?????????? ?????????: ????????
# ???????
## ??????? ??????? ??????? ??? ?????? ? ??????????? ???????????? S. Typhi",1,0.8436135649681091
1921,"??????????? ???????????? ""?????????? ????????""
?????????? ?????????: ????
# ???????
## ??????????????? ????????????? ???????~~ ~~",0,0.28938543796539307
1112,"??????????? ???????????? ""????????????? ????? (??????????? ?????)""
?????????? ?????????: ???????? ? ????
# ???????
## ????????????? ?????? ???????",0,0.29790687561035156
738,"??????????? ???????????? ""???????????? ?????""
?????????? ?????????: ???????? ? ????
# ???????
## ????????????? ???????",0,0.12434723228216171
1288,"??????????? ???????????? ""?????????? ?????????? ??? ?????? ???????????""
?????????? ?????????: ????????
# ???????
## ??????????????
### ?????????? ???????????? ????????????? ??????? ? ?????????? ?????? ? ??? ????????",1,0.6154637932777405
1110,"??????????? ???????????? ""????????? ??????????????? ??????????????? ????????? ????? ? ???????? ????????""
?????????? ?????????: ????????
# ???????
## ????????????????? ???????",0,0.26482030749320984
1798,"??????????? ???????????? ""???????????? ??????????? ? ????????""
?????????? ?????????: ????????
# ???????
## ?????????? ??????? ???????????? ???????????",0,0.6316317915916443
824,"??????????? ???????????? ""??????????????? ???????? ????????? ???????. ??????????????? ???????? ????????? ???????""
?????????? ?????????: ????
# ???????
## ??????????????? ???????. ???????????????? ???????",0,0.8624510765075684
708,"??????????? ???????????? ""????????? ?????? (????????????)""
?????????? ?????????: ???????? ? ????
# ???????
## ???????????? ? ???????????????
### ????? ???????? ???????????? ? ????????? ? ??",0,0.8728433847427368
1525,"??????????? ???????????? ""????????????????? ??? VI""
?????????? ?????????: 
# ???????
## ????????????? ???????",0,0.12100782990455627
2124,"??????????? ???????????? ""??????? ???? ?????. ??????? ???? ?????""
?????????? ?????????: ????
# ???????
## ???? ???????",0,0.07538944482803345
61,"??????????? ???????????? ""??????????? ? ????????????? ????????????, ????????? ????????????? ????????????? ???????. ???????? (? ???????? ?????????????) ????????????""
?????????? ?????????: ????????
# ???????
## ????????????????? ???????
### ???????????????????? ????????????",0,0.7003293037414551
1717,"??????????? ???????????? ""?????-??????????????. ?????????????? ??????? ?????""
?????????? ?????????: ???????? ? ????
# ???????
## ??????????????? ?????? ???????",0,0.7002147436141968
479,"??????????? ???????????? ""???? ??????? ??????? ? ?????? ?????""
?????????? ?????????: ????????
# ???????
## ??????? ???????????????? ? ???????????????? ??????, ????????????? ????? 30% ????????? ?????????",1,0.8049706220626831
1136,"??????????? ???????????? ""????????????? ?????""
?????????? ?????????: ???????? ? ????
# ???????
## ??????????????? ???????",0,0.13329467177391052
1825,"??????????? ???????????? ""?????? ? ??????????? ?????????? (???????? ???????????? ?  ?????????-?????????????? ?????????)""
?????????? ?????????: ????????
# ???????
## ????????? ?????????",1,0.9086269736289978
667,"??????????? ???????????? ""?????? ??????? ? (???) ? ?????""
?????????? ?????????: ????
# ???????
## ?????????????? ???????",0,0.11166078597307205
653,"??????????? ???????????? ""???????? ?????""
?????????? ?????????: ????????
# ???????
## ????????????? ???????
### ??????????? ?????????????? ????????????? ??? ???????????? ?????????????? ??????????",1,0.8405644297599792
923,"??????????? ???????????? ""???????, ?? ????????????? ????????? ? ??????? ?????????????? ??????????, ? ??? ???????? ? ??????????? ????????""
?????????? ?????????: ????????
# ???????",0,0.42147257924079895
469,"??????????? ???????????? ""??????????????? ????????? ?????????""
?????????? ?????????: ????????
# ???????
## ?????????????? ???????",0,0.08456254005432129
2203,"??????????? ???????????? ""???????????? ? ????????? ????????????""
?????????? ?????????: 
# ???????
## ?????????? ???????????????????????",0,0.42988210916519165
1565,"??????????? ???????????? ""?????????? ? ?????""
?????????? ?????????: ????
# ???????
## ??????????? ????????? ????????? ??????",1,0.20802976191043854
1426,"??????????? ???????????? ""???????????? ???????????? ??????????""
?????????? ?????????: ???????? ? ????
# ???????
## ??????? ???????, ???????????? ????
### ?????????????? ???????",0,0.23183228075504303
1209,"??????????? ???????????? ""???????????????? ???????? ??? ????????????""
?????????? ?????????: ???????? ? ????
# ???????
## ???? ???????",0,0.08316225558519363
1231,"??????????? ???????????? ""????????? ????????????????? ?-????????? ?????? ??????""
?????????? ?????????: ???????? ? ????
# ???????
## ???????????? ?? ??????? ????????? ???? FAOD
### ???????????? ?? ??????? ???????? ????????-???????????? ???????????",1,0.5434302687644958
1534,"??????????? ???????????? ""?????? ????????? ????? ??????? ??????""
?????????? ?????????: ????????
# ???????
## ???????????? ?????????????????? ??????????",0,0.7059699296951294
694,"??????????? ???????????? ""??? ???????? ??????""
?????????? ?????????: ????????
# ???????
## ???????? ???????????? ??? ???????? ?????? (0, I, IIA, IIB, IIIA ??????)
### ?????? II? (?1N1?0), II? (?2N1?0, ?3N0?0), IIIA (?3N1?0) (????????? ???????)",1,0.9310297966003418
429,"??????????? ???????????? ""????????????? ???????:  ?????????????? ?-??????????""
?????????? ?????????: ???????? ? ????
# ???????
## ????? ??????? ? ??????? IgAN ? ????????",1,0.8462722897529602
230,"??????????? ???????????? ""????? ????????????""
?????????? ?????????: ???????? ? ????
# ???????
## ??????????? ???????",0,0.0834520012140274
489,"??????????? ???????????? ""?????????? ???? (???? ???????????, ???????????????? ?????????????? ? ?????????? ???????????)""
?????????? ?????????: ???????? ? ????
# ???????
## ??????? ??????? ??????? ?????",0,0.15531623363494873
1439,"??????????? ???????????? ""?????? ????????""
?????????? ?????????: ???????? ? ????
# ???????
## ?????????? ???????? ??????????????? ????????",0,0.48214656114578247
465,"??????????? ???????????? ""??????????????? ???????? ? ?????""
?????????? ?????????: ????
# ???????
## ???? ???????",0,0.08760838210582733
244,"??????????? ???????????? ""??????????????? ??????????????? ?????? ? ????????? ??????: ????????????, ??????? ?????""
?????????? ?????????: ????
# ???????
## ??????????? ?????????",0,0.26421040296554565
243,"??????????? ???????????? ""??? ?????????????? ??????""
?????????? ?????????: ????????
# ???????
## ???????????????? ??????? ? ????????? ? ????? ?????????????? ??????",0,0.7794366478919983
2085,"??????????? ???????????? ""?????????? ???????""
?????????? ?????????: ???????? ? ????
# ???????
## ??????? ?????????? ??",0,0.1224706694483757
847,"??????????? ???????????? ""??????????????? ???????? ????????? ???????. ??????????????? ???????? ????????? ???????""
?????????? ?????????: ????
# ???????
## ????????????? ???????",0,0.2599286139011383
1621,"??????????? ???????????? ""?????????""
?????????? ?????????: ???????? ? ????
# ???????
## ??????? ?????????????? ?????????? ?????????",0,0.5536498427391052
1611,"??????????? ???????????? ""??????????????? ??????????????? ?????, ???????? ???????, ???????????, ?????? ? ???????????? ??????? ???????""
?????????? ?????????: ????
# ???????
## ????????????????? ???????
### ??????????? ??????? ??? ????????? ? ?? ????? ?????????? ???????????? ????????????? ??? ????????????? (????????????????) ????????????",1,0.4304339289665222
1601,"??????????? ???????????? ""????????????????? ??????""
?????????? ?????????: ????????
# ???????
## ????????? ? ?????? ??????? ? ??????????? ????????? ??????? ???",0,0.7899991869926453
1006,"??????????? ???????????? ""????????????????? ??? II""
?????????? ?????????: ????
# ???????
## ???????????????? ???????",0,0.18648329377174377
1655,"??????????? ???????????? ""?????? ?????????? ???????""
?????????? ?????????: ????
# ???????
## ????????????? ? ???????????????? ???????",0,0.6106290221214294
798,"??????????? ???????????? ""???????? ???????????, ? ??? ????? ??????????? ?????????????????? ???????? ???????????""
?????????? ?????????: ????????
# ???????
## ????????????? ???????",0,0.44957467913627625
1812,"??????????? ???????????? ""?????? ????????? ????? ??????? ??????""
?????????? ?????????: ????????
# ???????
## ???????????????? ??????????",0,0.16560502350330353
1668,"??????????? ???????????? ""???????? ?????""
?????????? ?????????: ????????
# ???????
## ?????????????? ???????
### ???????. ??????? ??????? (??????????? ?????? ?????)",1,0.7850309610366821
114,"??????????? ???????????? ""??????? ??????? ???????""
?????????? ?????????: ????????
# ???????
## ?????????????? ????? ???????",0,0.07948721945285797
276,"??????????? ???????????? ""??????? ????????""
?????????? ?????????: ???????? ? ????
# ???????
## ????? ??????? ?????? ? ??????????? ????? ? ????????? ? ???",0,0.6953124403953552
1954,"??????????? ???????????? ""??????????? ???????? (???????????? ???????)""
?????????? ?????????: ????????
# ???????
## ???? ?????? ???????",0,0.06560390442609787
2133,"??????????? ???????????? ""????????????? ????????? ? ????????""
?????????? ?????????: ????????
# ???????
## ??????? ??????????????????? ?????????
### ????????????? ?????????",0,0.6271708607673645
332,"??????????? ???????????? ""??????????? ???????? ??????? D (???D) ? ????????""
?????????? ?????????: ????????
# ???????
## ????????????? ???????",0,0.14705152809619904
111,"??????????? ???????????? ""???-???????? ? ????????""
?????????? ?????????: ????????
# ???????
## ???? ???????",0,0.08428213745355606
18,"??????????? ???????????? ""??????????? ??????????""
?????????? ?????????: ????????
# ???????
## ?????????????? ???????",0,0.11219257116317749
138,"??????????? ???????????? ""??????? ?????""
?????????? ?????????: ????????
# ???????
## ?????????????? ???????
### ?? ?????? ????? (????? ????????????? ??????)",1,0.7243224382400513
1442,"??????????? ???????????? ""????????????? ????????? ? ????????""
?????????? ?????????: ????????
# ???????
## ??????? ??????????????????? ?????????
### ????????????????? ???????",0,0.7911294102668762
668,"??????????? ???????????? ""???????? ???? ? ????????? ????????""
?????????? ?????????: ????????
# ???????
## ??????? ????????? ??????????????? ? ???????????????? ????????? ???? (IIIC/D ???????????????? – IV ?????? ??? ?? ??????????)
### ??????? ????????? ? ??????? ??????? ??????????????? ????????: ????????????????????, ??????-????????????????, ? ??????????? ? ??????",1,0.8344563841819763
40,"??????????? ???????????? ""??????????????? ???????????????  ????""
?????????? ?????????: ????????
# ???????
## ????? ???????? ??????? ? ??????????? ?? ??????",0,0.7755144238471985
422,"??????????? ???????????? ""??????????????""
?????????? ?????????: ????
# ???????
## ?????????? ????????????? ? ???????????????? ???????",0,0.5028933882713318
934,"??????????? ???????????? ""??????????? ????????????? ?????? /  ??????? ?? ????? ??????????""
?????????? ?????????: ????????
# ???????
## ?????? ?????? ?? ???????",0,0.5537673830986023
388,"??????????? ???????????? ""???????? ???? ? ????????? ????????""
?????????? ?????????: ????????
# ???????
## ??????? ????????? ??????????????? ? ???????????????? ????????? ???? (IIIC/D ???????????????? – IV ?????? ??? ?? ??????????)
### ????? ??????? 1-? ????? ? ????????? ??????????????? ??? ?????????????? ????????? ???? ? ???????? ? ???? BRAF",1,0.9307067394256592
1300,"??????????? ???????????? ""??????????? ??????????""
?????????? ?????????: ????????
# ???????
## ?????????????? ??????????????? ???????",0,0.2903159558773041
1556,"??????????? ???????????? ""???????????""
?????????? ?????????: ???????? ? ????
# ???????
## ????????????? ?????????",0,0.13115257024765015
1732,"??????????? ???????????? ""???????????????? ????""
?????????? ?????????: ????????
# ???????
## ????????????? ???????",0,0.13266292214393616
467,"??????????? ???????????? ""???????????????????? ???????. ????????????????????/ ???????????????????? ???????????????""
?????????? ?????????: ????????
# ???????
## ?????????????? ???????",0,0.6101357936859131
1678,"??????????? ???????????? ""??? ???????? / ??? ???????? ????? / ????????? ??? ???????""
?????????? ?????????: ????????
# ???????
## ????????????",0,0.10648289322853088
1723,"??????????? ???????????? ""??????? ??????? ???????""
?????????? ?????????: ????????
# ???????
## ????????????-?????????????? ?????? ???????",0,0.8664526343345642
1519,"??????????? ???????????? ""?????????? ???????????????""
?????????? ?????????: ????????
# ???????
## ????????????? ???????
### ????????? ??? ?????????? ?????????????? ?????????????",1,0.8369088172912598
1158,"??????????? ???????????? ""?????????? ? ????????????? ???????? ? ?????????? ????????????? ???????  ? ???????? ??????""
?????????? ?????????: ????????
# ???????
## ????????????? ???????",0,0.8159425258636475
839,"??????????? ???????????? ""??????????? ????? ????????? ???????""
?????????? ?????????: ???????? ? ????
# ???????
## ?????????????? ???????",0,0.07147850096225739
1686,"??????????? ???????????? ""?????? ?????????????? (??????? ????)""
?????????? ?????????: ????
# ???????
## ????????????? ???????",0,0.1214049682021141
915,"??????????? ???????????? ""?????? ? ??????????? ?????????? (???????? ???????????? ?  ?????????-?????????????? ?????????)""
?????????? ?????????: ????????
# ???????
## ???????-?????????????? ??????????",1,0.4841993451118469
1182,"??????????? ???????????? ""??????????? ???????? ??????? ?""
?????????? ?????????: ????????
# ???????
## ????????????? ???????",0,0.13343185186386108
1819,"??????????? ???????????? ""?????????????????? ?????????? ????????????""
?????????? ?????????: ????????
# ???????
## ??????????? ???????",0,0.08573615550994873
0,"??????????? ???????????? ""??????????? ?????? ????????? ???????""
?????????? ?????????: ???????? ? ????
# ???????
## ????????????? ???????",0,0.0881175622344017
833,"??????????? ???????????? ""??????????????? ??? ????""
?????????? ?????????: ????????
# ???????
## ??????? ????????? ?????? ??????????? (I-II)",0,0.9022942781448364
941,"??????????? ???????????? ""?????????? ?????????? ??????????????? (???)""
?????????? ?????????: 
# ???????
## ??????????????? ?????????????",0,0.10072749853134155
865,"??????????? ???????????? ""??????????? ??????? ????????""
?????????? ?????????: ????????
# ???????
## ??????????? ??????? ???????? ?????????? ??????????????? ?????",1,0.8395445346832275
1154,"??????????? ???????????? ""?????????? ????????????""
?????????? ?????????: ???????? ? ????
# ???????
## ??????????????? ?????? ????????? ?????, ??????????? ?? ????? ?????????? ????????????",0,0.844925582408905
2128,"??????????? ???????????? ""??????????? ????????????? ?????? /  ??????? ?? ????? ??????????""
?????????? ?????????: ????????
# ???????
## ????????????? ? ???????????????? ???????",0,0.6719169616699219
880,"??????????? ???????????? ""????? ????""
?????????? ?????????: ???????? ? ????
# ???????
## ???? ???????",0,0.11080902069807053
740,"??????????? ???????????? ""???????? ??????????? ?????? ???????? ?????""
?????????? ?????????: ???????? ? ????
# ???????
## ????????????? ???????",0,0.09049230813980103
723,"??????????? ???????????? ""??????????""
?????????? ?????????: ????????
# ???????
## ?????????????? ??????? ???????????",0,0.2815479040145874
312,"??????????? ???????????? ""???????? ??????? ? ???????""
?????????? ?????????: ???????? ? ????
# ???????
## ????????????? ???????",0,0.06848643720149994
1942,"??????????? ???????????? ""?????????? ???? (???? ???????????, ???????????????? ?????????????? ? ?????????? ???????????)""
?????????? ?????????: ???????? ? ????
# ???????
## ?????????? ?? ?????????? ?????? ? ?????? 2 ???? ????? ?????",0,0.47976550459861755
950,"??????????? ???????????? ""??????????? ?????? ?????? ??? ????????????? ??? ?????????????? ????????? ? ???????????? ?????, ? ????????????? ?????? ?????""
?????????? ?????????: ???????? ? ????
# ???????
## ???????????? ??????",0,0.5148152709007263
146,"??????????? ???????????? ""??????? ?????""
?????????? ?????????: ????????
# ???????
## ????????????? ??????? ??
### ????????????? ??????? ?? ? ????? ????????????? ?????? ??? ??????????",1,0.8173931241035461
767,"??????????? ???????????? ""???????????????????? ??????????? ???????""
?????????? ?????????: ????????
# ???????
## ?????????????",0,0.08111068606376648
1498,"??????????? ???????????? ""??????????? ? ????????????? ????????????, ????????? ????????????? ???????? ??????? ??????????? ?? ????????""
?????????? ?????????: ???????? ? ????
# ???????
## ????????????",0,0.4756004810333252
428,"??????????? ???????????? ""?????????????? ??????????? ????????????""
?????????? ?????????: ???????? ? ????
# ???????
## ??????????? ?????????????
### ??????????? ??????????????? ????????? ? ??????? ??????????????? (??????????) ???????? ??????? ?????? ????????????",1,0.7358357906341553
1026,"??????????? ???????????? ""????????? ??????????????? ??????????????? ????????? ????? ? ???????? ????????""
?????????? ?????????: ????????
# ???????
## ?????????????????? ?????????",1,0.34811684489250183
1144,"??????????? ???????????? ""????????? ??????????????? ??????????????? ????????? ????? ? ???????? ????????""
?????????? ?????????: ????????
# ???????
## ????????????????? ????????????? ???????",0,0.5497040748596191
1018,"??????????? ???????????? ""?????????????????? ??? ?????????? ??????""
?????????? ?????????: ????????
# ???????
## ??????? ???????????????????? ????????",0,0.5714936852455139
165,"??????????? ???????????? ""??????????? ???????? (???????????? ???????)""
?????????? ?????????: ????????
# ???????
## ????????????? ???????",0,0.13528892397880554
1163,"??????????? ???????????? ""??????????????? ???????""
?????????? ?????????: ????????
# ???????
## ????????????? ???????",0,0.11174166947603226
270,"??????????? ???????????? ""?????????""
?????????? ?????????: ????????
# ???????
## ????? ???????? ??????? ?????????",0,0.2885526418685913
1329,"??????????? ???????????? ""???????? ?????????""
?????????? ?????????: 
# ???????
## ?????????????? ???????",0,0.11692406982183456
1648,"??????????? ???????????? ""?????????????? ???????""
?????????? ?????????: ???????? ? ????
# ???????
## ???? ???????",0,0.08881662786006927
75,"??????????? ???????????? ""????????????? ???????? ????????? ? ???????? ??????? ??????""
?????????? ?????????: ???????? ? ????
# ???????
## ?????????????",0,0.10903298854827881
1124,"??????????? ???????????? ""????????-???????? (???????????????) ???? ? ?????? ????? ?????""
?????????? ?????????: ????????
# ???????
## ????????????? ???????",0,0.19009830057621002
625,"??????????? ???????????? ""?????? ????????? ????? ??????? ??????""
?????????? ?????????: ????????
# ???????
## ???????????????????????",0,0.09290959686040878
1393,"??????????? ???????????? ""?????????????? ?????????""
?????????? ?????????: ???????? ? ????
# ???????
## ???????????? ????????????",0,0.07336185872554779
303,"??????????? ???????????? ""?????? ?????????????? ???????????""
?????????? ?????????: ???????? ? ????
# ???????
## ????????????? ???????",0,0.15597732365131378
648,"??????????? ???????????? ""?????????????? ? ????????""
?????????? ?????????: 
# ???????
## ????????? 3. ????????????? ???????",0,0.43038639426231384
1673,"??????????? ???????????? ""?????????????? ????????????? ???????? ????????""
?????????? ?????????: ???????? ? ????
# ???????
## ????????????? ???????",0,0.24789142608642578
1394,"??????????? ???????????? ""???????? ???????""
?????????? ?????????: ????????
# ???????
## ????????????",0,0.11831159889698029
1911,"??????????? ???????????? ""????????????? ???????""
?????????? ?????????: ???????? ? ????
# ???????
## ?????? ????? ??????? ?? ? ????????? ?????? 18 ???",1,0.7254121899604797
483,"??????????? ???????????? ""??????? ??????""
?????????? ?????????: ????????
# ???????
## ???????????????? ? ??????",0,0.13896118104457855
725,"??????????? ???????????? ""????? ????????????""
?????????? ?????????: ???????? ? ????
# ???????
## ?????????????? ???????",0,0.11427655071020126
927,"??????????? ???????????? ""???????? ???????""
?????????? ?????????: ????????
# ???????
## ????????????? ???????
### ???????????????? ??????????",1,0.6113113164901733
1796,"??????????? ???????????? ""??? ?????????????? ???????""
?????????? ?????????: ???????? ? ????
# ???????
## ???????????????? ???????",0,0.13990655541419983
1599,"??????????? ???????????? ""????????? ???????""
?????????? ?????????: ???????? ? ????
# ???????
## ??????????????? ?????? ???????",0,0.11972294002771378
737,"??????????? ???????????? ""??????????? ? ????????????? ????????????, ????????? ????????????? ???????? ??????? ??????????? ?? ????????""
?????????? ?????????: ???????? ? ????
# ???????
## ??????????????? ???????
### ?????? ????????????? ????????",0,0.5348290205001831
106,"??????????? ???????????? ""?????? ? ??????????? ?????????? (???????? ???????????? ?  ?????????-?????????????? ?????????)""
?????????? ?????????: ????????
# ???????
## ?????? ?????????",1,0.559286892414093
314,"??????????? ???????????? ""??????????""
?????????? ?????????: ???????? ? ????
# ???????
## ??????? ?????????? ??? ???????????? ? ????????",1,0.2900940775871277
1299,"??????????? ???????????? ""??????????? ? ????????????? ????????????, ????????? ????????????? ????????????? ??????? ??????? ?????? ????????????? ??????? (???????????? ?????????, ????????? ????????????? ????????????? ???????) (????? ???????? ? ????????)""
?????????? ?????????: ???????? ? ????
# ???????
## ????????????",0,0.7669344544410706
1724,"??????????? ???????????? ""???????? ??????? ?????? ??????????""
?????????? ?????????: ???????? ? ????
# ???????
## ?????????????? ???????:",0,0.11726940423250198
1469,"??????????? ???????????? ""??? ???????? / ??? ???????? ????? / ????????? ??? ???????""
?????????? ?????????: ????????
# ???????
## ????????????? ??????? III-IV ?????? ???? ????????",1,0.9159390926361084
734,"??????????? ???????????? ""5q-??????????????? ?????????? ???????? ???????""
?????????? ?????????: ????????
# ???????
## ???? ???????",0,0.07060404866933823
889,"??????????? ???????????? ""??????????? ????????? ???????????????""
?????????? ?????????: ????????
# ???????
## ?????????????? ???????
### ?????????????**/?????????????** (?????????? ???????????????? ??????????? ??????? 2–?? ????)",0,0.8798263072967529
1685,"??????????? ???????????? ""??????? ????""
?????????? ?????????: ????????
# ???????
## ????????????? ???????",0,0.10258457064628601
1508,"??????????? ???????????? ""???-???????? ? ?????""
?????????? ?????????: ????
# ???????
## ????????? ????? ????????? ???
### ????????? ????? ??? ??? ????????? ??????????????? ???????",1,0.8638243079185486
324,"??????????? ???????????? ""??????????? ????????""
?????????? ?????????: ???????? ? ????
# ???????
## ???? ???????",0,0.10353079438209534
1032,"??????????? ???????????? ""???????????????? ????????? ????????????""
?????????? ?????????: ????????
# ???????
## ??????????? ???????",0,0.07678093016147614
359,"??????????? ???????????? ""??????????????? ??? ????""
?????????? ?????????: ????????
# ???????
## ??????? ???????????????? ???? ???? ? ??????????? ? ??????????? ????????? (III ??????)",1,0.9355593919754028
1711,"??????????? ???????????? ""??????????""
?????????? ?????????: ???????? ? ????
# ???????
## ?????????????? ??????? ??????????",0,0.13772858679294586
406,"??????????? ???????????? ""??? ????? ?????""
?????????? ?????????: ????????
# ???????
## ????????????? ???????",0,0.10347528755664825
44,"??????????? ???????????? ""?????? ???""
?????????? ?????????: ???????? ? ????
# ???????
## ?????????????? ???????",0,0.07231591641902924
1260,"??????????? ???????????? ""??????? ?????""
?????????? ?????????: ????????
# ???????
## ?????????????? ???????
### ??????????? (??????????)",0,0.22000622749328613
603,"??????????? ???????????? ""?????? ? ??????????? ?????????? (???????? ???????????? ?  ?????????-?????????????? ?????????)""
?????????? ?????????: ????????
# ???????
## ????????? ??????",1,0.4541245698928833
1632,"??????????? ???????????? ""???????????? ?????????? ? ???????? ??????????????? ?????????""
?????????? ?????????: ????????
# ???????
## ????????????? ???????
### ????????? ? ????? ?????????? ?????????????? ????????????? ? ????????? ? ???????????? ???????????? ? ????????????? ???????????",1,0.7070521116256714
1402,"??????????? ???????????? ""?????????????? ?????????? ? ????????""
?????????? ?????????: ????????
# ???????
## ????????????? ???????",0,0.07731811702251434
1752,"??????????? ???????????? ""????? ????????-??????? ??????? ? ???""
?????????? ?????????: 
# ???????
## ???????????? ???????????? ??????? ??????????? ????? ?????????????? ???????:",0,0.8173224925994873
816,"??????????? ???????????? ""??????? ????????????? ????????""
?????????? ?????????: ???????? ? ????
# ???????
## ????????????? ???????",0,0.13510677218437195
854,"??????????? ???????????? ""???????? ??????????? ? ?????""
?????????? ?????????: ????
# ???????
## ?????? ?????????????? ???????",0,0.15941627323627472
264,"??????????? ???????????? ""?????????? ? ?????""
?????????? ?????????: ????
# ???????
## ????????? ????????? (????????, ???????????????, ????????? ?? ???????)",1,0.7551307678222656
1146,"??????????? ???????????? ""??????????????? ????????? ?????????""
?????????? ?????????: ????????
# ???????
## ????????????? ???????",0,0.06800667941570282
2130,"??????????? ???????????? ""?????????? ??????????? ??????????""
?????????? ?????????: ????????
# ???????
## ?????????????? ???????",0,0.07917993515729904
1258,"??????????? ???????????? ""???????????? ?????""
?????????? ?????????: ???????? ? ????
# ???????
## ????????????? ???????",0,0.12434723228216171
606,"??????????? ???????????? ""5q-??????????????? ?????????? ???????? ???????""
?????????? ?????????: ????????
# ???????
## ??????????????? ???????",0,0.2174885869026184
74,"??????????? ???????????? ""?????? ?????????????? ?????????????? (??????????? ?????????????? ????????????????? ??????????????????????)""
?????????? ?????????: ????
# ???????
## ?????????????? ???????",0,0.5474147796630859
2206,"??????????? ???????????? ""????????? ?????? (????????????)""
?????????? ?????????: ???????? ? ????
# ???????
## ?????????????? ???????
### ??????? ??????????? ?????? ????? ?/??? ?? ?????? ??????????",0,0.8789560794830322
1959,"??????????? ???????????? ""???? ?????? ?????? ????????-??????? ???????""
?????????? ?????????: ???????? ? ????
# ???????
## ??????? ???",0,0.1240416020154953
416,"??????????? ???????????? ""??????????? ??????? ??????? (???) ? ???????? ?????????, ??????????? ? ???????????? ??????????? ??????""
?????????? ?????????: ????????
# ???????
## ?????????????? ???????
### ??????? ???? ????????? ?????????????",0,0.5682875514030457
1856,"??????????? ???????????? ""???????????????????? ??????????? ???????""
?????????? ?????????: ????????
# ???????
## ????????????? ???????",0,0.0690346360206604
1118,"??????????? ???????????? ""???????????? ??????, ???????????? ???????????? ????????????""
?????????? ?????????: 
# ???????
## ?????????? ??????? ?? ?? ?????? ?????",0,0.5104847550392151
1176,"??????????? ???????????? ""??????????? ?????????? ??????????? (??????????? ???????????)""
?????????? ?????????: ????????
# ???????
## ???????? ???????",0,0.12719151377677917
1772,"??????????? ???????????? ""?????????? ? ?????""
?????????? ?????????: ????
# ???????
## ??????????? ???????????? ?????????",1,0.13676394522190094
1521,"??????????? ???????????? ""???????????? ??????""
?????????? ?????????: ????????
# ???????
## ?????????????? ???????",0,0.11627093702554703
1278,"??????????? ???????????? ""??????? ????????""
?????????? ?????????: ???????? ? ????
# ???????
## ??????? ?????????? ? ?????????? ????????????? ??????? ????????",1,0.7905722260475159
1984,"??????????? ???????????? ""5q-??????????????? ?????????? ???????? ???????""
?????????? ?????????: ????????
# ???????
## ????????????? ???????",0,0.09070662409067154
910,"??????????? ???????????? ""????????""
?????????? ?????????: ????????
# ???????
## ????????????? ???????",0,0.13190355896949768
1529,"??????????? ???????????? ""???????? ??????? ?????""
?????????? ?????????: ????
# ???????
## ????????????? ???????",0,0.11297007650136948
2097,"??????????? ???????????? ""??????????? ?????? ????????? ???????""
?????????? ?????????: ???????? ? ????
# ???????
## ????????????? ???????????????????????",0,0.7551149725914001
1926,"??????????? ???????????? ""?????? ???????????????? ??????""
?????????? ?????????: ????????
# ???????
## ?????????????? ???????",0,0.09058235585689545
1376,"??????????? ???????????? ""????????????? ???????""
?????????? ?????????: ???????? ? ????
# ???????
## ????????????? ???????",0,0.10704541206359863
1410,"??????????? ???????????? ""??????????? ??????????""
?????????? ?????????: ????????
# ???????
## ????????????? ???????
### ????????????????? ??????????",0,0.7494088411331177
1610,"??????????? ???????????? ""??????????? ???????? ????? ????????. ??????????? ???????? ?????? ?????, ????? ? ?????""
?????????? ?????????: ???????? ? ????
# ???????
## ???????? ?????????????????? ??????????? ??????",0,0.5884643793106079
248,"??????????? ???????????? ""????????? ?????? (????????????)""
?????????? ?????????: ???????? ? ????
# ???????
## ?????????????? ???????
### ??????? ?????? - ??????? ????????",1,0.8264492750167847
882,"??????????? ???????????? ""???????????? ????????? ??????""
?????????? ?????????: ???????? ? ????
# ???????
## ????????????? ???????",0,0.11075963079929352
699,"??????????? ???????????? ""??? ?????????????? ???????""
?????????? ?????????: ???????? ? ????
# ???????
## ????????????? ???????",0,0.10240968316793442
926,"??????????? ???????????? ""???????? ???? ??????????""
?????????? ?????????: ????
# ???????
## ?????? ?????? ???????",0,0.12653115391731262
2048,"??????????? ???????????? ""???????? ??????? ? ???????""
?????????? ?????????: ???????? ? ????
# ???????
## ???? ???????",0,0.08599432557821274
507,"??????????? ???????????? ""??? ???????? ?????""
?????????? ?????????: ????????
# ???????
## ???????????? ? ??????? ????????? ? ???",1,0.37688305974006653
920,"??????????? ???????????? ""???????? ???????????????""
?????????? ?????????: ????
# ???????
## ??????? ????????? ? ??????????? ???",1,0.11654683947563171
212,"??????????? ???????????? ""?????????? ???? ????????""
?????????? ?????????: ???????? ? ????
# ???????
## ??????? ? ?????? ?????????????? ???????? ????????",1,0.5750114917755127
1540,"??????????? ???????????? ""??????????""
?????????? ?????????: ????????
# ???????
## ?????????? ???????????????? ? ?????? ????????????? ? ??????? ??????? ??????????",1,0.7451844811439514
241,"??????????? ???????????? ""??????????-????????? ?????????""
?????????? ?????????: ???????? ? ????
# ???????
## ?????????????? ???????",0,0.1533428132534027
1062,"??????????? ???????????? ""??????? ?????????""
?????????? ?????????: ???????? ? ????
# ???????
## ????????????",0,0.10513021051883698
612,"??????????? ???????????? ""?????? ??????? ? (???) ? ????????""
?????????? ?????????: ????????
# ???????
## ????????????? ???????",0,0.11468811333179474
1296,"??????????? ???????????? ""??????????? ??????? ????""
?????????? ?????????: ???????? ? ????
# ???????
## ?????????????? ???????",0,0.1489672213792801
70,"??????????? ???????????? ""?????? ????????????? ???????""
?????????? ?????????: ????????
# ???????
## ??????? ????????? ? Ph-??????????? ???",1,0.6184122562408447
1142,"??????????? ???????????? ""???????""
?????????? ?????????: ???????? ? ????
# ???????
## ????????????? ???????",0,0.06793224811553955
1156,"??????????? ???????????? ""?????? ???????""
?????????? ?????????: ???????? ? ????
# ???????
## ?????????????",0,0.09754785150289536
605,"??????????? ???????????? ""?????????? ? ?????""
?????????? ?????????: ????
# ???????
## ????????????? ??????????",1,0.1455100029706955
2063,"??????????? ???????????? ""???? ??????? ??????? ? ?????? ?????""
?????????? ?????????: ????????
# ???????
## ??????? ???????????????? ??????, ????????????? ????? 30% ????????? ? ????????????????? ??????",1,0.9075335264205933
1623,"??????????? ???????????? ""??????????? ? ????????????? ????????????, ????????? ????????????? ?????? (????????). ??????? ??????????? ?? ??????, ??????? ?????? ?????? ? ????????""
?????????? ?????????: ????????
# ???????
## ???? ???????",0,0.6558296084403992
257,"??????????? ???????????? ""???????? ????????? ????? (????? ?????????????? ?????? ????????? ?????)""
?????????? ?????????: ???????? ? ????
# ???????
## ????????????? ???????
### ???????? ????",1,0.13030727207660675
216,"??????????? ???????????? ""???????????? ?????""
?????????? ?????????: ???????? ? ????
# ???????
## ??????????????? ???????
### ??????? ?????????? ?????",0,0.7083297967910767
691,"??????????? ???????????? ""????????????????? ????????? ???????? ??????""
?????????? ?????????: ???????? ? ????
# ???????
## ?????????? ???????????? ?????????????? ??? ????",1,0.7678748965263367
436,"??????????? ???????????? ""???????? ?????? 2 ???? ? ?????""
?????????? ?????????: ????
# ???????
## ???? ???????",0,0.08842523396015167
383,"??????????? ???????????? ""??????????????""
?????????? ?????????: ????
# ???????
## ??????? ???????????????? ?????????? ???????",1,0.3909255266189575
705,"??????????? ???????????? ""????????? ?-????????? ???????""
?????????? ?????????: ???????? ? ????
# ???????
## ????????????? ? ???????????????? ???????",0,0.6066442131996155
311,"??????????? ???????????? ""??????????? ???????? ?????????????????? ????????????? ? ????????????? ?????????????""
?????????? ?????????: ???????? ? ????
# ???????
## ???????? ?????????????????? ??????????? ??????",0,0.5608192682266235
347,"??????????? ???????????? ""????? ????????????""
?????????? ?????????: ???????? ? ????
# ???????
## ????????????",0,0.09550324082374573
975,"??????????? ???????????? ""?????? ????????""
?????????? ?????????: ???????? ? ????
# ???????
## ??????? ????????? ? ???????? ?????????? ??",1,0.2621844708919525
506,"??????????? ???????????? ""???????? ?????? 2 ???? ? ?????""
?????????? ?????????: ????
# ???????
## ????????????",0,0.06484909355640411
1665,"??????????? ???????????? ""??????? ?????""
?????????? ?????????: ???????? ? ????
# ???????
## ???? ???????",0,0.11701854318380356
969,"??????????? ???????????? ""??????????????? ??????""
?????????? ?????????: ????????
# ???????
## ????????????? ? ???????????????? ???????",0,0.13777200877666473
2090,"??????????? ???????????? ""?????????""
?????????? ?????????: ????????
# ???????
## ?????????????? ???????",0,0.10225345939397812
1218,"??????????? ???????????? ""??? ???????? ??????""
?????????? ?????????: ????????
# ???????
## ???????? ???????????? ??? ???????? ?????? (0, I, IIA, IIB, IIIA ??????)
### ?????? I (?1N0?0) ? II? (?2N0?0) (????????? ???????)",1,0.9092581272125244
955,"??????????? ???????????? ""???????????????????? ??????????? ???????""
?????????? ?????????: ????????
# ???????
## ??????? ????????? ? ???????????????? ????",1,0.6685088276863098
1765,"??????????? ???????????? ""??????? ? ????????""
?????????? ?????????: ????????
# ???????
## ??????????????? ???????
### ?????????????? ??????? ???????? H. ?ylori",1,0.9010111093521118
2025,"??????????? ???????????? ""????????""
?????????? ?????????: ????????
# ???????
## ?????????????? ???????
### ??????????????? ???????",0,0.11739835888147354
569,"??????????? ???????????? ""?????? ??????????""
?????????? ?????????: ???????? ? ????
# ???????
## ????????????? ???????",0,0.08608633279800415
2038,"??????????? ???????????? ""?????????????? ???????????""
?????????? ?????????: ????????
# ???????
## ???? ???????",0,0.08408664166927338
2190,"??????????? ???????????? ""??????? ??????? ??????? ? ???????? ?????""
?????????? ?????????: ????
# ???????
## ?????????????? ????? ???????",0,0.07832010835409164
1252,"??????????? ???????????? ""?????? ? ???????????? ????????????? ???????""
?????????? ?????????: ????????
# ???????
## ???????????? ??????????",0,0.13616758584976196
1411,"??????????? ???????????? ""???????????. ??????????. ?????? ??????? ??????????? ?????? ???????????.""
?????????? ?????????: ???????? ? ????
# ???????
## ????????????? ???????",0,0.1448441445827484
1420,"??????????? ???????????? ""?????????? ???? (???? ???????????, ???????????????? ?????????????? ? ?????????? ???????????)""
?????????? ?????????: ???????? ? ????
# ???????
## ??????? ???????? ??????? ?????",0,0.49983730912208557
1481,"??????????? ???????????? ""???????? ???? ??????????""
?????????? ?????????: ????
# ???????
## ????????????????? ?????? ???????",0,0.20238053798675537
2125,"??????????? ???????????? ""?????? ? ???????????? ????????????? ???????""
?????????? ?????????: ????????
# ???????
## ????????????? ???????",0,0.1311887949705124
1500,"??????????? ???????????? ""??????? ??????""
?????????? ?????????: ????????
# ???????
## ??????? ??? ??????????????? ? ?????????? ?????????? ????????",1,0.83317631483078
1344,"??????????? ???????????? ""??????????? ? ????????????? ????????????, ????????? ????????????? ????????????? ???????. ???????? (? ???????? ?????????????) ????????????""
?????????? ?????????: ????????
# ???????
## ????????????????? ???????
### ????? ??????? ?????????????????? ???????",0,0.7917323708534241
1543,"??????????? ???????????? ""????????????????? ??????????? ? ???????????? ??????? ???? ? ???????????? ?????""
?????????? ?????????: ????????
# ???????",0,0.0995560884475708
370,"??????????? ???????????? ""??????? ??????""
?????????? ?????????: ????????
# ???????
## ?????????????? ???????",0,0.12026400119066238
220,"??????????? ???????????? ""?????????????? ???????""
?????????? ?????????: ????????
# ???????
## ????????????? ???????
### ??????????????/??????????????",1,0.84748375415802
2144,"??????????? ???????????? ""??? ?????? ?????""
?????????? ?????????: ????????
# ???????
## ??????? ????????? ? ??????????????? ??????????? ? ??????",1,0.6473830342292786
1065,"??????????? ???????????? ""??????????""
?????????? ?????????: ????
# ???????
## ???? ???????",0,0.10121647268533707
1625,"??????????? ???????????? ""5q-??????????????? ?????????? ???????? ???????""
?????????? ?????????: ????????
# ???????
## ???????????????? ??????????????? ???????",0,0.33613499999046326
2032,"??????????? ???????????? ""??????????? ???? ? ????????? ???????? ? ??????????? ????????""
?????????? ?????????: ????????
# ???????
## ???????? ???????? ??????? ??????????? ???? ? ????????? ?????? 60 ???",1,0.8853731751441956
2112,"??????????? ???????????? ""??????????? ??????? ??????? (???) ? ???????? ?????????, ??????????? ? ???????????? ??????????? ??????""
?????????? ?????????: ????????
# ???????
## ?????????????? ???????
### ?????????? ???? ???????? ???????",1,0.27636900544166565
2039,"??????????? ???????????? ""??????????????? ??????????????? ??????? ? ???????""
?????????? ?????????: ????????
# ???????
## ??????? ????????? ? ???????????????? ????? ???????
### ???????? ??????? ????????? ? IIIB–IIIC ??????? ???????????",1,0.9404359459877014
1074,"??????????? ???????????? ""??????????? ????????? ???????????????""
?????????? ?????????: ????????
# ???????
## ?????????????? ???????
### ??????? ????????? ? ??? ? ???????? ????????? ? ??????????? ?? ??",1,0.8706880807876587
289,"??????????? ???????????? ""?????????? ????? ??????????""
?????????? ?????????: ???????? ? ????
# ???????
## ????????????????? ???????",0,0.1567419320344925
1105,"??????????? ???????????? ""????? ???????? ??????? ??????""
?????????? ?????????: ????
# ???????
## ???????????????????????",0,0.12513484060764313
1613,"??????????? ???????????? ""?????? ? ?????? ??????""
?????????? ?????????: ????????
# ???????
## ?????????????? ???????
### ?????????????? ??????, ???????????? ?????????????? ???????",1,0.8783390522003174
339,"??????????? ???????????? ""??? ???????? / ??? ???????? ????? / ????????? ??? ???????""
?????????? ?????????: ????????
# ???????
## ???????????? ? ??????? ?????????? ??????????????? ???????? ? ????????????????? ????????????? ???????",0,0.605355441570282
1510,"??????????? ???????????? ""??????""
?????????? ?????????: ???????? ? ????
# ???????
## ?????????????? ???????",0,0.06754723191261292
893,"??????????? ???????????? ""????? ?????? ??????? ??????? ?????""
?????????? ?????????: ???????? ? ????
# ???????
## ????????????? ???????",0,0.07108499109745026
928,"??????????? ???????????? ""?????????""
?????????? ?????????: ????????
# ???????
## ????????????? ??????? ?????????",0,0.13874277472496033
1968,"??????????? ???????????? ""?????? ?????????? ???????""
?????????? ?????????: ????????
# ???????
## ??????? ????????? ? ???????????? ???? ??????? ??????????? ???????",0,0.724900484085083
1707,"??????????? ???????????? ""??? ???????""
?????????? ?????????: ????????
# ???????
## ??????????????? ??????? ?? ??? ?????????? ?????????? ??????????",1,0.7029038667678833
1860,"??????????? ???????????? ""?????? (? ????????)""
?????????? ?????????: ????????
# ???????
## ?????????? – ?????????????? ???????",0,0.4612318277359009
1361,"??????????? ???????????? ""??? ?????????????? ??????""
?????????? ?????????: ????????
# ???????
## ????????????? ???????",0,0.09786030650138855
993,"??????????? ???????????? ""????????????????? ??????""
?????????? ?????????: ????????
# ???????
## ??????????? ????????????? ???????",0,0.1037246435880661
1758,"??????????? ???????????? ""??????????? ? ????????????? ????????????, ????????? ????????????? ???????? ??????? ??????????? ?? ????????""
?????????? ?????????: ???????? ? ????
# ???????
## ??????????????? ???????
### ????????????? ????????????? ????????",0,0.5688595771789551
873,"??????????? ???????????? ""?????????? ?????????????????? ????????""
?????????? ?????????: ????
# ???????
## ????????????? ???????",0,0.0851164385676384
119,"??????????? ???????????? ""????????? ?????????""
?????????? ?????????: ???????? ? ????
# ???????
## ?????????????? ???????",0,0.08632142841815948
744,"??????????? ???????????? ""?????????????? ??????????????""
?????????? ?????????: 
# ???????
## ??????? ????? ? ????????????? ?? ????? ????????? ??????????",1,0.771884024143219
461,"??????????? ???????????? ""??? ???? ????? ? ??????? ?????""
?????????? ?????????: ????????
# ???????
## ??????? ???????",0,0.08239953964948654
1891,"??????????? ???????????? ""????????????? ??????""
?????????? ?????????: ????????
# ???????
## ?????????????? ???????",0,0.14427898824214935
2002,"??????????? ???????????? ""???????????? ???????? ??????""
?????????? ?????????: ???????? ? ????
# ???????
## ???????????????",0,0.10596609860658646
1377,"??????????? ???????????? ""??????? ?????????""
?????????? ?????????: ????????
# ???????
## ????????????????? ?????? ??????? ?????????",0,0.17147116363048553
777,"??????????? ???????????? ""???????? ???? ?????????? (???)""
?????????? ?????????: ????????
# ???????
## ????????????? ???????",0,0.10431800037622452
305,"??????????? ???????????? ""??????????? ?????""
?????????? ?????????: ???????? ? ????
# ???????
## ???? ???????",0,0.10370106250047684
418,"??????????? ???????????? ""??? ???? ????? ? ??????? ?????""
?????????? ?????????: ????????
# ???????
## ??????? ???????????????? ???? ???? ?????",0,0.4933875501155853
81,"??????????? ???????????? ""?????????????? ????????????? ???????? ????????""
?????????? ?????????: ???????? ? ????
# ???????
## ?????????????? ???????",0,0.28694623708724976
1254,"??????????? ???????????? ""??? ???????? ??????""
?????????? ?????????: ????????
# ???????
## ???????????????? ??????? ? ????????? ????? ???????? ??????",0,0.7364112734794617
1047,"??????????? ???????????? ""???????????? ???????????? ??????????""
?????????? ?????????: ???????? ? ????
# ???????
## ??????? ???????, ???????????? ????
### ????????????? ???????",0,0.21633297204971313
345,"??????????? ???????????? ""???????????? ????????????? ???????""
?????????? ?????????: ???????? ? ????
# ???????
## ?????????????? ???????",0,0.09081274271011353
310,"??????????? ???????????? ""??? ?????????????? ???????""
?????????? ?????????: ???????? ? ????
# ???????
## ????????????",0,0.06497285515069962
1447,"??????????? ???????????? ""?????? ????????????? ???????""
?????????? ?????????: ????????
# ???????
## ?????????????? ??????????????? ????????? ??????",0,0.726958155632019
849,"??????????? ???????????? ""?????????? ?????????? ??? ?????? ???????????""
?????????? ?????????: ????????
# ???????
## ??????????????
### ????? ?????????",0,0.15996421873569489
426,"??????????? ???????????? ""????????????? ?????""
?????????? ?????????: ???????? ? ????
# ???????
## ??????????? ??????? ?? ? ?????",1,0.09268130362033844
1740,"??????????? ???????????? ""??????????? ? ????????????? ????????????,  ????????? ????????????? ????????????? ??????? ??????? ??????????? ?? ????????????? ??????? (????? ???????? ? ????????)""
?????????? ?????????: ???????? ? ????
# ???????
## ????????????",0,0.8642405271530151
864,"??????????? ???????????? ""??????????? ???????? ??????? ?""
?????????? ?????????: ????????
# ???????
## ???????????????? ???????",0,0.11621842533349991
2017,"??????????? ???????????? ""??????????? ? ?????????? ?????????? ? ????????""
?????????? ?????????: ????????
# ???????
## ????????????? ? ??????????????? ??????? ??????????? ??????????
### ????????????? ?????? ??????? ??????????? ??????????",0,0.8467333912849426
1267,"??????????? ???????????? ""????????? ?????? (????????????)""
?????????? ?????????: ???????? ? ????
# ???????
## ?????????????? ???????
### ??????? ??????????? ? ????????? ? ??",1,0.817583441734314
791,"??????????? ???????????? ""??????? ??????""
?????????? ?????????: ????????
# ???????
## ?????????????",0,0.06623359024524689
2106,"??????????? ???????????? ""??????????? ???????? ???????? ? ?????????????""
?????????? ?????????: ???????? ? ????
# ???????
## ???????? ?????? ??????????? ?????? ??? ??????????? ???????????",0,0.5519382357597351
1200,"??????????? ???????????? ""??????????????? ??????????????? ??????? ? ???????""
?????????? ?????????: ????????
# ???????
## ??????? ????????? ? ???????????????? ????? ???????
### ???????? ??????? ????????? ? IV ??????? ???????????",1,0.44488173723220825
158,"??????????? ???????????? ""????????????. ?????????. ?????, ??????????? ? ?????????????? ???????????? ?? ????? ????????????, ? ????? ? ???????????? ???????.""
?????????? ?????????: ???????? ? ????
# ???????
## ?????? ????????? ? ?? ? ???????? ?????",0,0.47833752632141113
1652,"??????????? ???????????? ""??? ??????""
?????????? ?????????: ????????
# ???????
## ???????? ????????? ????????????",0,0.2885526418685913
714,"??????????? ???????????? ""??? ??????""
?????????? ?????????: ????????
# ???????
## ????????????? ???????",0,0.06804081052541733
140,"??????????? ???????????? ""??? ???????""
?????????? ?????????: ????????
# ???????
## ????????????",0,0.10112173110246658
1380,"??????????? ???????????? ""?????????????? (????????????) ?????????""
?????????? ?????????: ???????? ? ????
# ???????
## ????????????? ???????",0,0.13551102578639984
2177,"??????????? ???????????? ""?????? ?????????? ???????""
?????????? ?????????: ????
# ???????
## ??????? ??? ? ????????????? ????????? ?????????? ? ????????? ? ????????? ?????",1,0.8730664849281311
545,"??????????? ???????????? ""???????? ????""
?????????? ?????????: ????
# ???????
## ???? ???????",0,0.08810710906982422
110,"??????????? ???????????? ""?????? ????????""
?????????? ?????????: ???????? ? ????
# ???????
## ????????????? ???????",0,0.06833239644765854
2195,"??????????? ???????????? ""??? ???????""
?????????? ?????????: ????????
# ???????
## ???????? ?????????????? ???????",0,0.15485940873622894
1117,"??????????? ???????????? ""??????? ?????? ???????""
?????????? ?????????: ????
# ???????
## ?????????????",0,0.09305965155363083
1313,"??????????? ???????????? ""??????? ??????? ???????""
?????????? ?????????: ????????
# ???????
## ?????????????? ???????",0,0.08786654472351074
1575,"??????????? ???????????? ""????????? ????????? ??????""
?????????? ?????????: ????????
# ???????
## ??????? ??? ? ????????? ??????????? ?????????
### ??? ? ??????, ??? ???????????? ? ????????",1,0.7899115681648254
1277,"??????????? ???????????? ""???????? ???? ? ????????? ????????""
?????????? ?????????: ????
# ???????
## ?????????????",0,0.08907713741064072
203,"??????????? ???????????? ""????? ????????-??????? ??????? ? ???""
?????????? ?????????: 
# ???????
## ?????????????? ???????. ??????????????? ?????????? ? ??????????????  ???????",0,0.7948679327964783
1270,"??????????? ???????????? ""???????? ????????? ???????????????""
?????????? ?????????: ????????
# ???????
## ????????????, ????????????? ? ?????? ?????? ???????",0,0.7752726078033447
224,"??????????? ???????????? ""???????? ?????????????? ?????? ?????? ??????????""
?????????? ?????????: ???????? ? ????
# ???????
## ????????????? ???????",0,0.30302682518959045
1007,"??????????? ???????????? ""????????????? ???? ?????, ????????? ?????????????? ??????????? ?????? ?????? (???????? ????? ?????)""
?????????? ?????????: ???????? ? ????
# ???????
## ??????????????? ???????",0,0.5487123727798462
1676,"??????????? ???????????? ""?????????? ?????????""
?????????? ?????????: ????
# ???????
## ???? ???????",0,0.08979924023151398
1691,"??????????? ???????????? ""????????? ????????? ??????""
?????????? ?????????: ????????
# ???????
## ??????? ??? ? ????????? ??????????? ?????????
### ??? ? ???????? ??????",1,0.7907814979553223
458,"??????????? ???????????? ""????????? ?-????????? ???????""
?????????? ?????????: ???????? ? ????
# ???????
## ?????? ????? ??????? ? ????????? ? ??????????????? ?-?????????? ?????????",1,0.7135381102561951
2116,"??????????? ???????????? ""?????? ??????????""
?????????? ?????????: ????????
# ???????
## ?????????????? ???????",0,0.11495907604694366
818,"??????????? ???????????? ""??????????-????????? ?????????""
?????????? ?????????: ???????? ? ????
# ???????
## ?????????????? ??????? ?????????? ????????????",0,0.7445077300071716
1817,"??????????? ???????????? ""???????? ?????""
?????????? ?????????: ????????
# ???????
## ????????????? ???????
### ????????? ? ?????????????? ??????? ??: ?????????????? ???",1,0.7819970846176147
1406,"??????????? ???????????? ""??????? ?????""
?????????? ?????????: ????????
# ???????
## ?????????????? ???????
### ?????? ?? ????????????? ???????????",1,0.6204204559326172
908,"??????????? ???????????? ""?????? ????????""
?????????? ?????????: ???????? ? ????
# ???????
## ??????? ????????? ? ??????????? ????????????-???????????????? ???????",1,0.8461952209472656
145,"??????????? ???????????? ""????????????? ??????? ??????? ??????""
?????????? ?????????: ????????
# ???????
## ????????????? ???????",0,0.12970373034477234
2188,"??????????? ???????????? ""??????????????? 3-?????????????-??? ???????????? (3-???????????????????????, ????????????? ??? ?????????????? ???????????????)""
?????????? ?????????: ???????? ? ????
# ???????
## ????????????? ???????",0,0.45445558428764343
966,"??????????? ???????????? ""??? ???????? ??????""
?????????? ?????????: ????????
# ???????
## ??????? ???????",0,0.09565767645835876
98,"??????????? ???????????? ""??? ?????????????""
?????????? ?????????: ????????
# ???????
## ???????? ????????????? ????????????",0,0.577042818069458
1349,"??????????? ???????????? ""???????? ??????? ????? ??? ????????????""
?????????? ?????????: ????????
# ???????
## ??????????????? ?????? ???????",0,0.20583312213420868
1894,"??????????? ???????????? ""???????????, ?????????? Clostridioides difficile (C. difficile)""
?????????? ?????????: ????????
# ???????
## ???? ???????",0,0.1607237160205841
924,"??????????? ???????????? ""??????? ????????????? ????????""
?????????? ?????????: ???????? ? ????
# ???????
## ?????????????? ???????",0,0.12443751841783524
1712,"??????????? ???????????? ""???????????? ?????????? ? ???????? ??????????????? ?????????""
?????????? ?????????: ????????
# ???????
## ??????? ????????? ? ???????????? ???????????? ? ????????? ??????????? ?????????
### ???????????? ??????????, ????????? ? ??????????????? ???????????????? ????????????",1,0.8679402470588684
15,"??????????? ???????????? ""????????? ?????? (????????????)""
?????????? ?????????: ???????? ? ????
# ???????
## ???????????? ? ???????????????
### ?????????????? ? ????????",0,0.8049929738044739
757,"??????????? ???????????? ""?????? ??? ??????????????? ????????????????""
?????????? ?????????: ????????
# ???????
## ?????????????? ???????",0,0.15660950541496277
173,"??????????? ???????????? ""??????? ?????????""
?????????? ?????????: ????????
# ???????
## ??????????????? ?????? ??????? ?????????",0,0.36929604411125183
170,"??????????? ???????????? ""???????????? ???????""
?????????? ?????????: ????
# ???????
## ???? ???????",0,0.09298690408468246
299,"??????????? ???????????? ""??????????? ????????""
?????????? ?????????: ???????? ? ????
# ???????
## ???????? ???????
### ????????? ??????? ??? ?????????? ????????????? ????",0,0.8071563243865967
1782,"??????????? ???????????? ""??????? ??? ????????""
?????????? ?????????: ???????? ? ????
# ???????
## ???? ???????",0,0.08305898308753967
644,"??????????? ???????????? ""?????????? ???????? ????????????""
?????????? ?????????: ???????? ? ????
# ???????
## ???????????? ? ????????????? ?? ???? ???",1,0.5163306593894958
1085,"??????????? ???????????? ""??????????? ????????? ???????????????""
?????????? ?????????: ????????
# ???????
## ?????????????? ???????
### ?????????? If-??????? (?????? ????????? ??? ??????? ??????????? ??????)",0,0.7560647130012512
1305,"??????????? ???????????? ""???????????? ???????""
?????????? ?????????: ????????
# ???????
## ?????????????? ???????",0,0.11082085967063904
101,"??????????? ???????????? ""???-???????? ? ?????""
?????????? ?????????: ????
# ???????
## ????????? ????? ????????? ???
### ????????? ????? ??? ??? ???????? ????????????? ??????? ? ????????????? ??????????????",0,0.8898721933364868
1816,"??????????? ???????????? ""????????????? ???????""
?????????? ?????????: ???????? ? ????
# ???????
## ?????? ?????? ?? ???????",0,0.1071217805147171
336,"??????????? ???????????? ""????????????? ??????????-???????????? ??????????""
?????????? ?????????: ???????? ? ????
# ???????
## ???? ???????",0,0.1535976082086563
1777,"??????????? ???????????? ""??? ???????? ?????""
?????????? ?????????: ????????
# ???????
## ??????? ??????? ? ??????? ????????? ? ??? ? ??????????? ? ??????????? ?????????",1,0.7462283372879028
1470,"??????????? ???????????? ""????? ??????????? ? ??????????. ????? ?????????. ????? ??????????? ?????.""
?????????? ?????????: ???????? ? ????
# ???????
## ????? (?????????) ???????
### ?????????????",0,0.28816303610801697
404,"??????????? ???????????? ""??? ???? ???????????? (?????????????????? ???)""
?????????? ?????????: ???????? ? ????
# ???????
## ????????????? ???????",0,0.2521039843559265
2111,"??????????? ???????????? ""???????? ??????""
?????????? ?????????: ????????
# ???????
## ?????????????? ???????",0,0.07220081984996796
1858,"??????????? ???????????? ""??????????? ??????? ????????? ???????""
?????????? ?????????: ???????? ? ????
# ???????
## ????????????? ???????",0,0.13578484952449799
586,"??????????? ???????????? ""????? ???????? ??????? ??????""
?????????? ?????????: ????
# ???????
## ???????? ?????",1,0.09263994544744492
510,"??????????? ???????????? ""??? ???? ????? ? ??????? ?????""
?????????? ?????????: ????????
# ???????
## ????????????? ???????",0,0.08524765819311142
898,"??????????? ???????????? ""??????? ?????? ???????""
?????????? ?????????: ????
# ???????
## ???????????? ???????? ??????? ?????????????? ?????????????",0,0.7230324149131775
1863,"??????????? ???????????? ""??????????? ?????????? ??????""
?????????? ?????????: ???????? ? ????
# ???????
## ????????????? ??????? ??? ? ?????",1,0.29563409090042114
903,"??????????? ???????????? ""??? ??????????""
?????????? ?????????: ????????
# ???????
## ???? ???????",0,0.06680353730916977
2076,"??????????? ???????????? ""?????? ?????????????? (??????? ????)""
?????????? ?????????: ????
# ???????
## ?????????????? ???????",0,0.07997746765613556
2091,"??????????? ???????????? ""??????? ?????? ???????""
?????????? ?????????: ????
# ???????
## ????????????? ???????",0,0.13195092976093292
1480,"??????????? ???????????? ""???????????? ????????? ?????. ???????????? ?????????? ? ????????? ????????? ??????""
?????????? ?????????: ???????? ? ????
# ???????
## ??????? ???????????? ??????????? ? ???????????? ????????? ?????? ? ????????? ???????
### ??????? ????????? ????????? QT (???QT)",1,0.5448347330093384
576,"??????????? ???????????? ""???????????. ??????????. ?????? ??????? ??????????? ?????? ???????????.""
?????????? ?????????: ???????? ? ????
# ???????
## ???? ???????",0,0.47646886110305786
820,"??????????? ???????????? ""?????????????? ???????""
?????????? ?????????: ????????
# ???????
## ????????????",0,0.09098118543624878
218,"??????????? ???????????? ""??????????? ????????? ???????????????""
?????????? ?????????: ????????
# ???????
## ?????????????? ???????
### ???????? ?????? ??????? ????????? ? ??????????? ????????? ????????????????:",0,0.8714594841003418
1148,"??????????? ???????????? ""????????????? ?????""
?????????? ?????????: ???????? ? ????
# ???????
## ?????? ?????????????? ? ?????????????? ????????",0,0.6015522480010986
420,"??????????? ???????????? ""??????????? ????????? ???????????????""
?????????? ?????????: ????????
# ???????
## ?????????????? ???????
### ??????? ????????? ? ??????????? ????????? ???????????????? ? ?????????? ??????????",1,0.8723838925361633
1230,"??????????? ???????????? ""?????????""
?????????? ?????????: ???????? ? ????
# ???????
## ????? ???????? ???????",0,0.11942719668149948
1845,"??????????? ???????????? ""?????????? ????????????????""
?????????? ?????????: ???????? ? ????
# ???????
## ??????? ?? ????? ?????????????????? ??????????? ?????? ??? ?????????? ????????????????",0,0.7059643864631653
1867,"??????????? ???????????? ""?????????? (?????????????????) ????????????""
?????????? ?????????: ????????
# ???????
## ??????? ???????",0,0.08094555884599686
1746,"??????????? ???????????? ""??????? ???? ?????. ??????? ???? ?????""
?????????? ?????????: ????
# ???????
## ??????????????? ?????????????",0,0.08762568235397339
1301,"??????????? ???????????? ""??????????? ???? ? ????????? ???????? ? ??????????? ????????""
?????????? ?????????: ????????
# ???????
## ???????????? ? ?????????",0,0.5891191363334656
1720,"??????????? ???????????? ""?????? ???????????""
?????????? ?????????: ????????
# ???????
## ??????????????? ???????",0,0.08445342630147934
1235,"??????????? ???????????? ""????????????? ???????: ????????-???????????? ????????????????""
?????????? ?????????: ????????
# ???????
## ??????? ?????????? ???? ? ???? ? ??????????? ????????",1,0.7495987415313721
2139,"??????????? ???????????? ""???????? ???????? ?????""
?????????? ?????????: ????????
# ???????
## ??????????? ???????",0,0.08747342228889465
375,"??????????? ???????????? ""???????????""
?????????? ?????????: ???????? ? ????
# ???????
## ??????????? ? ???",1,0.10402166843414307
1818,"??????????? ???????????? ""??????????? ?????""
?????????? ?????????: ???????? ? ????
# ???????
## ??????? ????????? ? ??????? ???????? ???????????? ??????",1,0.5767638683319092
1476,"??????????? ???????????? ""?????????? ????????????????""
?????????? ?????????: ???????? ? ????
# ???????
## ???????? ?????? ??????????? ?????? ??? ??????????? ??????????? ??? ?????????? ????????????????",0,0.8301317095756531
1704,"??????????? ???????????? ""???????? ???????????, ? ??? ????? ??????????? ?????????????????? ???????? ???????????""
?????????? ?????????: ????????
# ???????
## ?????? ????????????",0,0.6972232460975647
1930,"??????????? ???????????? ""??????????? ? ?????????, ????????? ? ????????? ????""
?????????? ?????????: ???????? ? ????
# ???????
## ????????? ???",1,0.0893205851316452
1871,"??????????? ???????????? ""???????????? ???????""
?????????? ?????????: ????????
# ???????
## ??????? ???????????? ??????? ? ?????? ??????? ?????????",1,0.6604444980621338
976,"??????????? ???????????? ""??????? ?????????""
?????????? ?????????: ????????
# ???????
## ??????? ???????? ????????? ??? ????????????????? ?????????????",1,0.8006888628005981
356,"??????????? ???????????? ""?????????? ????????????""
?????????? ?????????: ???????? ? ????
# ???????
## ????????????????? ?????? ????????? ?????, ??????????? ?? ????? ?????????? ????????????",0,0.8367067575454712
1245,"??????????? ???????????? ""?????????? ???????? ?????? ?????? ? ????, ?????????? ??????-???????? ?????????? ?????? ? ????""
?????????? ?????????: ???????? ? ????
# ???????
## ????????????? ???????",0,0.8598119020462036
219,"??????????? ???????????? ""?????? ???""
?????????? ?????????: ???????? ? ????
# ???????
## ????????????? ???????",0,0.11942719668149948
2023,"??????????? ???????????? ""????????????? ????? (??????????? ?????)""
?????????? ?????????: ???????? ? ????
# ???????
## ????????????????? ?????? ???????",0,0.4200993776321411
2079,"??????????? ???????????? ""?????????? ???????? ??? 1""
?????????? ?????????: ???????? ? ????
# ???????
## ??????????????? ???????",0,0.09881109744310379
1132,"??????????? ???????????? ""????????????? ?????""
?????????? ?????????: ???????? ? ????
# ???????
## ?????????????? ???????????",0,0.145987406373024
460,"??????????? ???????????? ""????????????? ????????? ?????? (???) ? ????????""
?????????? ?????????: ????????
# ???????
## ??????????????? ???????",0,0.09499205648899078
1276,"??????????? ???????????? ""????????????????? ??????""
?????????? ?????????: ????????
# ???????
## ??????????? ???????? ???????",0,0.1540376991033554
1989,"??????????? ???????????? ""?????????????????? ??? ?????????? ??????""
?????????? ?????????: ????????
# ???????
## ????????? ???????",0,0.08292853087186813
529,"??????????? ???????????? ""??????? ???????? Glut1""
?????????? ?????????: ???????? ? ????
# ???????
## ???????????????? ???????",0,0.0713028535246849
528,"??????????? ???????????? ""???????? ?????????????? ?????? ?????? ??????????""
?????????? ?????????: ???????? ? ????
# ???????
## ???? ???????",0,0.08868005126714706
2015,"??????????? ???????????? ""?????? ??????? ???????? ? ???????? ???????? ST ???????????????????""
?????????? ?????????: ????????
# ???????
## ??????????
### ??????????? ??????????",1,0.4721095561981201
713,"??????????? ???????????? ""??????????? ?????????? ???????""
?????????? ?????????: ????????
# ???????
## ?????????????",0,0.08688775449991226
1025,"??????????? ???????????? ""?????????-?????????????? ?????????? ?????????? ??????""
?????????? ?????????: ????????
# ???????
## ???? ???????",0,0.08192826807498932
2172,"??????????? ???????????? ""????????????????? ??? VI""
?????????? ?????????: ????????
# ???????",0,0.09300759434700012
958,"??????????? ???????????? ""???? ?????? ?????? ????????-??????? ???????""
?????????? ?????????: ???????? ? ????
# ???????
## ????????????? ? ???????",0,0.0901225134730339
626,"??????????? ???????????? ""??????? ??????????????, ???????????  ?  ?????? ? ???????? ????????""
?????????? ?????????: ????
# ???????",0,0.08309265226125717
1865,"??????????? ???????????? ""???????????. ??????????. ?????? ??????? ??????????? ?????? ???????????.""
?????????? ?????????: ???????? ? ????
# ???????
## ????? (?????????) ???????
### ????????????? ? ????????????????????? ???????",0,0.25184255838394165
1924,"??????????? ???????????? ""???????? ???? ? ????????? ????????""
?????????? ?????????: ????
# ???????
## ????????????",0,0.0978606715798378
1721,"??????????? ???????????? ""??? ?????? (?????????????????)""
?????????? ?????????: ????????
# ???????
## ???????????????? ??????? ? ??????? ??????? ????????? ??????",1,0.7771971821784973
2016,"??????????? ???????????? ""??? ????? ?????""
?????????? ?????????: ????????
# ???????
## ????????????? ???????",0,0.0673607662320137
998,"??????????? ???????????? ""?????????????? (???????????????) ??????? ? ??????""
?????????? ?????????: ????????
# ???????
## ?????????????? ???????",0,0.17618948221206665
1390,"??????????? ???????????? ""?????? ???????????????? ??????""
?????????? ?????????: ????????
# ???????
## ?????? ?????? ???",1,0.06616334617137909
696,"??????????? ???????????? ""??? ???????""
?????????? ?????????: ????????
# ???????
## ????????????? ???????",0,0.12377829104661942
1457,"??????????? ???????????? ""???????? ?????? 2 ???? ? ????????""
?????????? ?????????: ????????
# ???????
## ???????? ?????? ???????",0,0.12899073958396912
1001,"??????????? ???????????? ""?????? ?????????? ???????????? ????????????????, ??????????????? ? ????????????????????? ??????????""
?????????? ?????????: ???????? ? ????
# ???????
## ??????? ?? ????? ?????????????????? ??????????? ??????",0,0.2706295847892761
448,"??????????? ???????????? ""?????? ??????????????? ???????????""
?????????? ?????????: ???????? ? ????
# ???????
## ???? ???????",0,0.07423199713230133
1699,"??????????? ???????????? ""?????? ??????????-???????????? ???????????  (??????????????????? ?????)""
?????????? ?????????: ???????? ? ????
# ???????
## ???? ???????",0,0.1331656277179718
102,"??????????? ???????????? ""??????????? ??????????????  ????????????????? ??????????????????????""
?????????? ?????????: ????????
# ???????
## ????????????????? ???????",0,0.37974199652671814
349,"??????????? ???????????? ""??????? ????????????? ?????????""
?????????? ?????????: ???????? ? ????
# ???????
## ??????????????? ???????",0,0.08339155465364456
208,"??????????? ???????????? ""??? ??????????""
?????????? ?????????: ????????
# ???????
## ?????????????? ???????",0,0.06851581484079361
1452,"??????????? ???????????? ""????????? ????????????????? ?-????????? ?????? ??????""
?????????? ?????????: ???????? ? ????
# ???????
## ???????????? ?? ??????? ????????? ???? FAOD
### ???????????? ?? ???????????? ????????? ? MCAD",1,0.5759764313697815
840,"??????????? ???????????? ""??????? ???????????? ????""
?????????? ?????????: ????????
# ???????
## ??????? ????????? c ??????? ???????? MALT-??????? ?????? ???????????",1,0.8728430271148682
1179,"??????????? ???????????? ""??????????? ??????????""
?????????? ?????????: ????????
# ???????
## ????????????? ???????
### ???????????? ???????? ??? ??????????? ???????????",0,0.8242193460464478
1256,"??????????? ???????????? ""????? ???????????? ?????""
?????????? ?????????: ???????? ? ????
# ???????
## ?????????????? ???????",0,0.09268661588430405
1834,"??????????? ???????????? ""??????? «????????? ??????»""
?????????? ?????????: ???????? ? ????
# ???????
## ???? ???????",0,0.09587951749563217
1514,"??????????? ???????????? ""??????? ? ????????? ???????? ? ??????????? ????????""
?????????? ?????????: ????????
# ???????
## ??????????????? ???? ???????????? ???????",0,0.7105082869529724
608,"??????????? ???????????? ""????????????????? ????? ?? ?????, ????????? ?????????????? ??????????? ?????? ?????? ?? ????? ????????????, ????? ? ? ???????????? ???????""
?????????? ?????????: ???????? ? ????
# ???????
## ????????????????? ?????? ???????",0,0.5835146903991699
86,"??????????? ???????????? ""?????? (? ????????)""
?????????? ?????????: ????????
# ???????
## ??????? ?????????????????? ????????????????? ??????????? ??? ??????????? ????",1,0.84971022605896
32,"??????????? ???????????? ""??????????? ?????????? ??????""
?????????? ?????????: ???????? ? ????
# ???????
## ???? ???????",0,0.06640784442424774
973,"??????????? ???????????? ""?????????? ?????????? ???? ????????????? (????????????????? ???????)""
?????????? ?????????: ????????
# ???????
## ????????????? ???????",0,0.47271645069122314
541,"??????????? ???????????? ""??????? ???????-???? ??? ?""
?????????? ?????????: ???????? ? ????
# ???????
## ????????????",0,0.08602626621723175
1934,"??????????? ???????????? ""?????????????? ????????????? ??????, ??????? ??????????????????? ????????????? ??????, ????????? ? ?????????? ????????????? ????????????? ??????""
?????????? ?????????: ????????
# ???????
## ????????????? ???????",0,0.41915902495384216
580,"??????????? ???????????? ""?????? ? ?????? ??????""
?????????? ?????????: ????????
# ???????
## ????????????? ???????",0,0.10693463683128357
1325,"??????????? ???????????? ""?????????????????? ?????????? ????????????""
?????????? ?????????: ????????
# ???????
## ???? ???????",0,0.0821235179901123
1978,"??????????? ???????????? ""?????????? ????????????""
?????????? ?????????: ????????
# ???????
## ???????????????????",0,0.12173018604516983
523,"??????????? ???????????? ""???????? ?????""
?????????? ?????????: ????????
# ???????
## ????????????? ???????
### ????????? ? ?????????????? ??????? ??: ??????????????? ??? ????????????? ??????????? ?????????????? ???????",0,0.7490756511688232
386,"??????????? ???????????? ""???????? ?????? 2 ???? ? ?????""
?????????? ?????????: ????
# ???????
## ?????????????",0,0.08291695266962051
12,"??????????? ???????????? ""?????????????? ? ????????""
?????????? ?????????: 
# ???????
## ????????? 1. ???? ??????? ? ??????????? ???????????????",0,0.7180054187774658
1783,"??????????? ???????????? ""?????????????? ?????????? ? ?????""
?????????? ?????????: ????
# ???????
## ?????????????? ???????",0,0.06899884343147278
1524,"??????????? ???????????? ""?????? ?????????????""
?????????? ?????????: ????
# ???????
## ?????????????? ???????
### ?????????????? ?????? ???????",0,0.6706201434135437
1538,"??????????? ???????????? ""?????? ????????????? ???????""
?????????? ?????????: ????????
# ???????
## ???????? Ph-?????????? ???",1,0.23528562486171722
952,"??????????? ???????????? ""??????? ?????""
?????????? ?????????: ???????? ? ????
# ???????
## ???????????????? ???????",0,0.13220323622226715
827,"??????????? ???????????? ""??????????? ?????????? ??????????? (??????????? ???????????)""
?????????? ?????????: ????????
# ???????
## ?????????? ?????????",0,0.19990670680999756
233,"??????????? ???????????? ""??????????????? ????""
?????????? ?????????: 
# ???????
## ???? ???????",0,0.11402934789657593
1626,"??????????? ???????????? ""???????????? ?????????? ? ???????? ??????????????? ?????????""
?????????? ?????????: ????????
# ???????
## ????????????????? ???????
### ????????????????? ??????? ?????????????????? ???????????",1,0.6275766491889954
1061,"??????????? ???????????? ""?????? ????????????? ???????????""
?????????? ?????????: ???????? ? ????
# ???????
## ?????????????? ???????",0,0.09254209697246552
2123,"??????????? ???????????? ""?????? ????????????? ??????""
?????????? ?????????: ????
# ???????
## ?????????????? ???????
### ?????????????? ?????????",0,0.3809543251991272
1675,"??????????? ???????????? ""??????????? ????? ????????? ???????""
?????????? ?????????: ???????? ? ????
# ???????
## ??????????????? ????????",0,0.15936905145645142
585,"??????????? ???????????? ""???????? ??????????? ? ?????""
?????????? ?????????: ????
# ???????
## ?????? ??????????????? ???????",0,0.10235954821109772
1371,"??????????? ???????????? ""?????? ????????????? ??????""
?????????? ?????????: ????
# ???????
## ???? ???????",0,0.08315197378396988
1485,"??????????? ???????????? ""?????????? ????????""
?????????? ?????????: ???????? ? ????
# ???????
## ???? ???????",0,0.09665820747613907
8,"??????????? ???????????? ""???????????????? ???????""
?????????? ?????????: ????????
# ???????",0,0.09889092296361923
513,"??????????? ???????????? ""???????????? ???????? ??????""
?????????? ?????????: ???????? ? ????
# ???????
## ??????????",0,0.09527705609798431
1883,"??????????? ???????????? ""???????-???????????? ???????????????""
?????????? ?????????: ???????? ? ????
# ???????
## ????????????????? ?????? ???????",0,0.35762786865234375
736,"??????????? ???????????? ""????????????????? ??? II""
?????????? ?????????: ????
# ???????
## ???????????????? ???????",0,0.14505267143249512
1145,"??????????? ???????????? ""??????? 3-????????-3-?????????????-??? ?????""
?????????? ?????????: ???????? ? ????
# ???????
## ????????????? ???????",0,0.10000516474246979
1190,"??????????? ???????????? ""???????????? ?????????? ? ???????? ??????????????? ?????????""
?????????? ?????????: ????????
# ???????
## ????????????? ???????
### ???????????????? ??????? ????????? ? ???????????? ????????????, ??????????????????? ???????",0,0.7021322846412659
1016,"??????????? ???????????? ""?????? ??????????????""
?????????? ?????????: ???????? ? ????
# ???????
## ????????????? ???????",0,0.08939775079488754
965,"??????????? ???????????? ""?????? (? ????????)""
?????????? ?????????: ????????
# ???????
## ????????????? ?????????",0,0.10538457334041595
1120,"??????????? ???????????? ""?????? ???????????? ????????? ????""
?????????? ?????????: ????????
# ???????
## ???????????? ??????",0,0.10240162163972855
2011,"??????????? ???????????? ""????????? ???? ????????""
?????????? ?????????: ???????? ? ????
# ???????
## ????????????? ???????",0,0.13088178634643555
988,"??????????? ???????????? ""???????????? ???????????? ??????????""
?????????? ?????????: ???????? ? ????
# ???????
## ??????? ????????????? ???????????",0,0.6876389384269714
2192,"??????????? ???????????? ""?????????????? ?????????""
?????????? ?????????: ???????? ? ????
# ???????
## ????????????? ???????",0,0.10730818659067154
1490,"??????????? ???????????? ""??????????????? ???????""
?????????? ?????????: ????????
# ???????
## ??????? ?????????????????? ???
### ?????? ??????? ??????? ?????????",1,0.786730170249939
4,"??????????? ???????????? ""???????????????? ???????""
?????????? ?????????: ???????? ? ????
# ???????
## ???? ???????",0,0.1176360622048378
1335,"??????????? ???????????? ""???????????? ????????????""
?????????? ?????????: ???????? ? ????
# ???????
## ????????????? ???????:",0,0.09672848880290985
398,"??????????? ???????????? ""????????? ????????""
?????????? ?????????: ????
# ???????
## ??????????????? ????????????? ???????",0,0.5407751798629761
53,"??????????? ???????????? ""???????? ???? ? ????????? ????????""
?????????? ?????????: ????????
# ???????
## ??????? ????????? ??????????????? ? ???????????????? ????????? ???? (IIIC/D ???????????????? – IV ?????? ??? ?? ??????????)
### ??????? ? ??????? ????????? ????? ??????? ???????? ???? ??????????????? ?????? (?????????? ?????? IV, ??? ????????? ???????????)",1,0.8344563841819763
2115,"??????????? ???????????? ""????????""
?????????? ?????????: ????????
# ???????
## ???????????? ???????????? ??????? ?????????? ????? ?????????????? ???????",0,0.7804796695709229
739,"??????????? ???????????? ""??????????? ????????? ???????????????""
?????????? ?????????: ????????
# ???????
## ?????????????? ???????
### ??????????? ??????? ????????? ? ??????????? ????????? ???????????????? ? ???????????? ??????????",1,0.8063195943832397
182,"??????????? ???????????? ""??? ?????????????? ??????""
?????????? ?????????: ????????
# ???????
## ???????????????? ???????: ?????????????",0,0.19568811357021332
501,"??????????? ???????????? ""??????? ???????????""
?????????? ?????????: ????????
# ???????
## ??????? ?????????????? ???????? ???????????",1,0.3589220345020294
1636,"??????????? ???????????? ""?????? ? ??????""
?????????? ?????????: ????????
# ???????
## ?????????????? ???????",0,0.10474694520235062
183,"??????????? ???????????? ""?????????????? ???????????""
?????????? ?????????: ????????
# ???????
## ????????????? ???????",0,0.13437722623348236
1108,"??????????? ???????????? ""??????????""
?????????? ?????????: ????
# ???????
## ??????? ??????????? ?????? ?????",0,0.09215619415044785
735,"??????????? ???????????? ""???????? ? ?????""
?????????? ?????????: ????
# ???????
## ?????????? ???????? ? ???????????? «?????????????? ?????? ?????»",0,0.6026496291160583
320,"??????????? ???????????? ""?????? ???????????????? ??????""
?????????? ?????????: ????????
# ???????
## ??????? ????????? ? ??????? ????????????? ????????? ???",0,0.7426198124885559
1137,"??????????? ???????????? ""???????????""
?????????? ?????????: ???????? ? ????
# ???????
## ?????????????? ???????",0,0.11523126810789108
1870,"??????????? ???????????? ""???????""
?????????? ?????????: ???????? ? ????
# ???????
## ????????????? ???????",0,0.12552668154239655
989,"??????????? ???????????? ""??? ????????????? ??????""
?????????? ?????????: ????????
# ???????
## ????????? ?????????? ??????????? ???????? ? ?????????????????? ???????",0,0.8287025094032288
2064,"??????????? ???????????? ""???? ?????? ?????? ????????-??????? ???????""
?????????? ?????????: ???????? ? ????
# ???????
## ???????????? ?????????",0,0.08252415060997009
323,"??????????? ???????????? ""????? ??????????? ? ??????????. ????? ?????????. ????? ??????????? ?????.""
?????????? ?????????: ???????? ? ????
# ???????
## ????? (?????????) ???????
### ???????????? ?????????? ?? ??????? ?????????-????????? ??????",0,0.25208625197410583
213,"??????????? ???????????? ""??????? ?????? ???????""
?????????? ?????????: ????
# ???????
## ?????????????? ???????",0,0.138275146484375
539,"??????????? ???????????? ""?????????? ???????????????""
?????????? ?????????: ????????
# ???????
## ????????????? ???????
### ????? ???? ??????? ??????????? ???????",0,0.8643829226493835
174,"??????????? ???????????? ""??????????? ??????? ????????""
?????????? ?????????: ????????
# ???????
## ???????? ???????? ??????????? ???????? ????????",1,0.6147546768188477
526,"??????????? ???????????? ""???????? ? ?????""
?????????? ?????????: ????
# ???????
## ????????????? ???????",0,0.10839182883501053
13,"??????????? ???????????? ""?????? ???????????????? ??????""
?????????? ?????????: ????????
# ???????
## ????????? ???????? ?? ?????????? ???????????????? ??????? ??? ?????????? ?? ??????? ???",0,0.7968959212303162
2009,"??????????? ???????????? ""??????????????""
?????????? ?????????: ????
# ???????
## ?????????????????? ?????????",0,0.13977861404418945
1395,"??????????? ???????????? ""?????????? ????????????""
?????????? ?????????: ????
# ???????
## ???? ?????? ???????",0,0.11872335523366928
1419,"??????????? ???????????? ""???????? ??????? ????? ??? ????????????""
?????????? ?????????: ????????
# ???????
## ????????????? ?????? ???????",0,0.2377549409866333
730,"??????????? ???????????? ""???????????? ??????, ???????????? ???????????? ????????????""
?????????? ?????????: 
# ???????
## ?????????? ??????? ?? ?? ??????? ?????",0,0.41617241501808167
2056,"??????????? ???????????? ""???????????""
?????????? ?????????: ???????? ? ????
# ???????
## ??????????? ? ?????????? (?? 18 ???)",1,0.7573175430297852
1130,"??????????? ???????????? ""????? ????? ? ?????""
?????????? ?????????: ????
# ???????
## ????????????? ???????",0,0.06834501773118973
792,"??????????? ???????????? ""????????????????? ????? ?? ?????, ????????? ?????????????? ??????????? ?????? ?????? ?? ????? ????????????, ????? ? ? ???????????? ???????""
?????????? ?????????: ???????? ? ????
# ???????
## ??????????????? ?????? ???????",0,0.36554524302482605
1448,"??????????? ???????????? ""???????? ? ????? ? ????????""
?????????? ?????????: ???????? ? ????
# ???????
## ????????????",0,0.10334461182355881
638,"??????????? ???????????? ""???????????""
?????????? ?????????: ???????? ? ????
# ???????
## ????????????? ???????",0,0.13030144572257996
1287,"??????????? ???????????? ""???????? ??????????? ?????? ?????? ??????""
?????????? ?????????: ???????? ? ????
# ???????
## ?????????????? ???????
### ???? ???????",0,0.6211199760437012
834,"??????????? ???????????? ""????? ??????????? ? ??????????. ????? ?????????. ????? ??????????? ?????.""
?????????? ?????????: ???????? ? ????
# ???????
## ????? (?????????) ???????
### ??????????? ?????????",0,0.22259652614593506
134,"??????????? ???????????? ""???????? ?????????????? ?????? ?????? ??????????""
?????????? ?????????: ???????? ? ????
# ???????
## ?????????????? ???????",0,0.4094141125679016
1015,"??????????? ???????????? ""???????? ??????????? ?????? ???????? ?????""
?????????? ?????????: ???????? ? ????
# ???????
## ?????????????? ???????",0,0.08566690981388092
2057,"??????????? ???????????? ""?????? ???????????""
?????????? ?????????: ????????
# ???????
## ????????????",0,0.06630025058984756
649,"??????????? ???????????? ""????????????? ??????????-???????????? ??????????""
?????????? ?????????: ???????? ? ????
# ???????
## ????????????? ???????
### ???????????????? (????????????????) ?????????",1,0.4327678084373474
279,"??????????? ???????????? ""??????????????""
?????????? ?????????: ????
# ???????
## ???????? ??????",0,0.11841925978660583
564,"??????????? ???????????? ""?????????????? ??????????? ????????????""
?????????? ?????????: ???????? ? ????
# ???????
## ??????????? ?????????????
### ??????????? ??????????????? ????????? ? ??????? ????????????? ???????????? ? ?????????????? ?????? ? ?????????? ? ?????????? ?????? ????????????",0,0.7252835631370544
1996,"??????????? ???????????? ""???????? ?????? 2 ???? ? ?????""
?????????? ?????????: ????
# ???????
## ??????????????? ?????????",0,0.09606266766786575
1629,"??????????? ???????????? ""?????????? ???????????? ?????? (???????????? ?????? ? ????????????)""
?????????? ?????????: ???????? ? ????
# ???????
## ????????????????? ?????? ???????",0,0.5274516344070435
33,"??????????? ???????????? ""?????????????? ??????, ??????? ???????????????????? ??????, ?????????  ? ?????????? ????????????? ??????""
?????????? ?????????: ???????? ? ????
# ???????
## ????????? ?????????????? ?????? (????????????????)",1,0.49605828523635864
482,"??????????? ???????????? ""??? ???????? / ??? ???????? ????? / ????????? ??? ???????""
?????????? ?????????: ????????
# ???????
## ?????????????",0,0.09528245031833649
1966,"??????????? ???????????? ""???????????? ???????? ??????""
?????????? ?????????: ???????? ? ????
# ???????
## ?????????????? ???????",0,0.08631250262260437
1229,"??????????? ???????????? ""???????? ????????? ???????????????""
?????????? ?????????: ????????
# ???????
## ???????? ???????",0,0.0970243513584137
1769,"??????????? ???????????? ""????????? ???? ? ??????????????? ??????""
?????????? ?????????: ???????? ? ????
# ???????
## ??????????????? ??????? ? ????????? ? ?????????? ?????? ???????????????? ?????? (?????????? ?3, ????. 9)",0,0.8731106519699097
1784,"??????????? ???????????? ""???????? ???????""
?????????? ?????????: ????????
# ???????
## ?????????????? ???????",0,0.10926517844200134
71,"??????????? ???????????? ""????????? ??????????????? ??????????????? ????????? ????? ? ???????? ????????""
?????????? ?????????: ????????
# ???????
## ????????????",0,0.24211859703063965
2183,"??????????? ???????????? ""???????????????? ????????? ????????????""
?????????? ?????????: ????????
# ???????
## ???????????????????
### ??????? ?????? ?????",0,0.6480605006217957
47,"??????????? ???????????? ""??????? ???????? Glut1""
?????????? ?????????: ???????? ? ????
# ???????
## ????????????? ??????? ?? ???? ?????????? ?????????? ?????",0,0.7847192287445068
841,"??????????? ???????????? ""???????????? ?????????? ? ???????? ??????????????? ?????????""
?????????? ?????????: ????????
# ???????
## ??????? ????????? ? ???????????? ???????????? ? ????????? ??????????? ?????????
### ???????????? ?????????? ?????? ??????? ??????",1,0.4779196083545685
1213,"??????????? ???????????? ""????????????????? ??? ????""
?????????? ?????????: ????????
# ???????
## ??????? ????????? ?????? ??????????? (I-II)
### ??????? ????????-?????????? ???? ???????? ????? ? ???????????? ?? ???? ??? (??????? ?????? ???)",1,0.9365503191947937
188,"??????????? ???????????? ""??????????????? ???????""
?????????? ?????????: ????????
# ???????
## ??????? ?????????????????? ???
### ??????????? ??????? ??? ???",1,0.766434907913208
531,"??????????? ???????????? ""????????????? ???????""
?????????? ?????????: ????????
# ???????
## ??????????? ????????????? ???????",0,0.11606862396001816
1965,"??????????? ???????????? ""??????????""
?????????? ?????????: ???????? ? ????
# ???????
## ?????????????? ???????",0,0.08533623814582825
446,"??????????? ???????????? ""??????????? ??????? ????????""
?????????? ?????????: ????????
# ???????
## ????????????",0,0.08142513036727905
870,"??????????? ???????????? ""?????????????? ?????????""
?????????? ?????????: ???????? ? ????
# ???????
## ??????????? ???????????",0,0.14098279178142548
1042,"??????????? ???????????? ""???????? ? ????????????""
?????????? ?????????: ???????? ? ????
# ???????
## ??????????????? ? ????????????????? ??????? ?????????, ???????????????? ????????? ? ?????????????",0,0.8056789636611938
1573,"??????????? ???????????? ""?????? ?????, ????????? ?????""
?????????? ?????????: ????????
# ???????
## ?????????????? ???????",0,0.06936012208461761
1004,"??????????? ???????????? ""?????? ????????""
?????????? ?????????: ???????? ? ????
# ???????
## ??????? ???????",0,0.06517116725444794
1781,"??????????? ???????????? ""??????? ???????????? ????""
?????????? ?????????: ????????
# ???????
## ???????????? ???????? ??? ? ????????? ?????? 18 ???",1,0.8449262976646423
1415,"??????????? ???????????? ""??????? ?????????""
?????????? ?????????: ???????? ? ????
# ???????
## ?????????????",0,0.08452058583498001
2096,"??????????? ???????????? ""????? ??????????? ? ??????????. ????? ?????????. ????? ??????????? ?????.""
?????????? ?????????: ???????? ? ????
# ???????
## ????? (?????????) ???????
### ??????????????????? ???????",0,0.5441045165061951
2171,"??????????? ???????????? ""??? ????? ?????""
?????????? ?????????: ????????
# ???????
## ??????? ????????",0,0.118210069835186
1013,"??????????? ???????????? ""??????????????? ???????? ????????? ???????. ??????????????? ???????? ????????? ???????""
?????????? ?????????: ????
# ???????
## ??????????????? ???????. ???????????????? ???????",0,0.5570865869522095
451,"??????????? ???????????? ""???????????? ????????? ?????. ???????????? ?????????? ? ????????? ????????? ??????""
?????????? ?????????: ???????? ? ????
# ???????
## ??????? ???????????? ??????? ? ???????????? ????????? ????????? ??????
### ????????????? ??????? ??",0,0.5139200687408447
594,"??????????? ???????????? ""????? ??????????? ? ??????????. ????? ?????????. ????? ??????????? ?????.""
?????????? ?????????: ???????? ? ????
# ???????
## ????? (?????????) ???????
### ?????????????????? ???????",0,0.2519295811653137
69,"??????????? ???????????? ""?????? ????????? ????? ??????? ??????""
?????????? ?????????: ????????
# ???????
## ????????????? ???????",0,0.12970373034477234
922,"??????????? ???????????? ""?????????? ???????????? ?????? ?????""
?????????? ?????????: ????
# ???????
## ????????????? ???????",0,0.08724028617143631
885,"??????????? ???????????? ""?????? ????????????? ???????""
?????????? ?????????: ????????
# ???????
## ??????? ????????? ? Ph-?????????? ???",1,0.4273463785648346
1878,"??????????? ???????????? ""?????????????? ?????""
?????????? ?????????: ????????
# ???????
## ????????????????? ???????",0,0.12293022871017456
673,"??????????? ???????????? ""??????????? ????????? ???????????????""
?????????? ?????????: ????????
# ???????
## ?????????????? ???????
### ???????, ?? ??????????????? (?? ??????? ????????????? ??????) ????????? ? ?????????? ????????? ???????????????? ? ????????? ???????? ??????? ?????? ?????????",1,0.7955368757247925
1813,"??????????? ???????????? ""???????????? ???????""
?????????? ?????????: ????
# ???????
## ?????????????? ???????",0,0.12266377359628677
962,"??????????? ???????????? ""???????? ??????? ??????? ?/??? ?????????????????? ?????""
?????????? ?????????: ????
# ???????
## ????????????? ???????",0,0.09618163108825684
1658,"??????????? ???????????? ""??? ?????? ?????""
?????????? ?????????: ????????
# ???????
## ????? ???????? ?????????????? ???????. ????????????? ??????? ?????????????????? ???? ?????? ?????",0,0.873560905456543
1165,"??????????? ???????????? ""?????????????? ??????????????""
?????????? ?????????: 
# ???????
## ????????????? ???????",0,0.06727535277605057
1915,"??????????? ???????????? ""???????? ???????????, ? ??? ????? ??????????? ?????????????????? ???????? ???????????""
?????????? ?????????: ????????
# ???????
## ??????????? ???????",0,0.7290360927581787
1095,"??????????? ???????????? ""??? ?????????????? ??????""
?????????? ?????????: ????????
# ???????
## ????????????",0,0.08373414725065231
780,"??????????? ???????????? ""?????????? ?????????""
?????????? ?????????: ????
# ???????
## ????????????? ???????",0,0.1269778162240982
168,"??????????? ???????????? ""??????????????? ??????????????? ??????? ? ???????""
?????????? ?????????: ????????
# ???????
## ??????? ????????? ? ?????????????? ????? ???????",1,0.3757053017616272
629,"??????????? ???????????? ""???????? ???? ? ????????? ????????""
?????????? ?????????: ????????
# ???????
## ??????? ????????? ??????????????? ? ???????????????? ????????? ???? (IIIC/D ???????????????? – IV ?????? ??? ?? ??????????)
### ????? ???????? ?????? ??????? 1-? ????? ? ????????? ??????????????? ??? ?????????????? ????????? ????",1,0.9442998170852661
1453,"??????????? ???????????? ""??????????""
?????????? ?????????: ???????? ? ????
# ???????
## ???????? ?????????????",0,0.08533623814582825
204,"??????????? ???????????? ""??? ???????? ?????""
?????????? ?????????: ????????
# ???????
## ??????? ????????? ? ???????????? ??????????? ???",1,0.696193277835846
1877,"??????????? ???????????? ""??????????""
?????????? ?????????: ???????? ? ????
# ???????
## ???? ???????",0,0.11292880028486252
2118,"??????????? ???????????? ""??????? ????????????? ?????????""
?????????? ?????????: ???????? ? ????
# ???????
## ???????? ???????? ???????",0,0.09492580592632294
1903,"??????????? ???????????? ""???????????? ???? [????????] ?????????? ??????????? ???????. ???????? ????????""
?????????? ?????????: ???????? ? ????
# ???????
## ??????????? ?????????? ?????????????",1,0.8691815733909607
1340,"??????????? ???????????? ""??????????? ??????????""
?????????? ?????????: ????????
# ???????
## ??????? ??????? ????????? ? ?? ??? ??????",1,0.3044915795326233
1582,"??????????? ???????????? ""?????????????? ??????????? ????????????""
?????????? ?????????: ???????? ? ????
# ???????
## ??????????? ?????????????
### ??????????? ??????????????? ????????? ? ??????? ??????????????? (??????????) ???????? ??????????? ?????? ????????????",1,0.8557788729667664
1472,"??????????? ???????????? ""???????? ???????""
?????????? ?????????: ????????
# ???????
## ????? ???????? ??????? ?????? ? ??????????? ???????? ???????",0,0.703987717628479
141,"??????????? ???????????? ""??????????????""
?????????? ?????????: ????
# ???????
## ????????????? ? ??????????? ???????? ? ????? ? ??????????????? ?? ???? ??????????? ???????
### ??????? ??? ?????????? ???????????",1,0.7697799205780029
892,"??????????? ???????????? ""??????????????""
?????????? ?????????: ????
# ???????
## ???????????? ? ??????? ??????? ? ?????, ????????????? ??????????? ????????????????? ???????",0,0.8298308849334717
1251,"??????????? ???????????? ""?????? ????????????? ???????? [????], ??????????, ????????????????? ???? ???????""
?????????? ?????????: ???????? ? ????
# ???????
## ????????????? ???????",0,0.15488234162330627
1428,"??????????? ???????????? ""?????????? ??????????? ??????????""
?????????? ?????????: ????????
# ???????
## ???????? ???????",0,0.0643167570233345
763,"??????????? ???????????? ""??? ???????""
?????????? ?????????: ????????
# ???????
## ???????? ???????/???????????? ???????",0,0.24359525740146637
1434,"??????????? ???????????? ""?????????????? ??????????????""
?????????? ?????????: 
# ???????
## ????????????? ??????? ??????? (??)",0,0.15626674890518188
1317,"??????????? ???????????? ""???? ??????? ??????? ? ?????? ?????""
?????????? ?????????: ????????
# ???????
## ??????? ?????? ??????? ???????, ????????? ? ???????? ????? (??)",1,0.7567659020423889
1339,"??????????? ???????????? ""????????????? ???????""
?????????? ?????????: ????????
# ???????
## ????????????? ? ???????????????? ???????",0,0.3628676235675812
1079,"??????????? ???????????? ""????????????? ????????? ?????? (???) ? ????????""
?????????? ?????????: ????????
# ???????
## ????? ???????????? ?? ??????? ???",0,0.3389715552330017
37,"??????????? ???????????? ""?????? ????????????? ???????? ???????? (????)""
?????????? ?????????: ????
# ???????
## ????????????? ???????",0,0.08897962421178818
473,"??????????? ???????????? ""???????????? ?????""
?????????? ?????????: ???????? ? ????
# ???????
## ?????? ?????????????? ? ?????????????? ????????",0,0.6509305238723755
22,"??????????? ???????????? ""????????????????? ??? II""
?????????? ?????????: ????????
# ???????",0,0.09375560283660889
751,"??????????? ???????????? ""????????????? ??? ??????? ????????????? ?????""
?????????? ?????????: ????????
# ???????
## ???????????????? ???????",0,0.1729602962732315
1664,"??????????? ???????????? ""????????? ???????????????""
?????????? ?????????: ????????
# ???????",0,0.09338078647851944
902,"??????????? ???????????? ""???????? ???????????? ?????? (???)""
?????????? ?????????: ???????? ? ????
# ???????
## ?????????????? ???????",0,0.09322668612003326
1111,"??????????? ???????????? ""??????????????? ??????????????? ??????? ? ???????""
?????????? ?????????: ????????
# ???????
## ??????? ????????? ? ???????????????? ????? ???????
### ????????????? ????????????????? ???????",1,0.8508490324020386
857,"??????????? ???????????? ""??? ?????????????""
?????????? ?????????: ????????
# ???????
## ??????? ???????",0,0.10224398225545883
1219,"??????????? ???????????? ""???????? ?????? 2 ???? ? ????????""
?????????? ?????????: ????????
# ???????
## ???? ???????",0,0.09022144973278046
1427,"??????????? ???????????? ""?????????????? ????????? ????????""
?????????? ?????????: ???????? ? ????
# ???????
## ????????????? ???????",0,0.07304032891988754
431,"??????????? ???????????? ""??????????? ? ????????????? ????????????,  ????????? ????????????? ????????????? ??????? ??????? ??????????? ?? ????????????? ??????? (????? ???????? ? ????????)""
?????????? ?????????: ???????? ? ????
# ???????
## ?????? ????????????? ? ???????????? ???????",0,0.8642405271530151
2103,"??????????? ???????????? ""??????????????? ??????????????? ?????, ???????? ???????, ???????????, ?????? ? ???????????? ??????? ???????""
?????????? ?????????: ????
# ???????
## ?????????????? ????????????",0,0.49633240699768066
1499,"??????????? ???????????? ""???????????????? ???????? ??? ????????????""
?????????? ?????????: ???????? ? ????
# ???????
## ??????????????? ???????",0,0.1760372519493103
1102,"??????????? ???????????? ""?????? ????""
?????????? ?????????: ???????? ? ????
# ???????
## ????????????? ???????",0,0.14403964579105377
1370,"??????????? ???????????? ""?????????? ???????? ????????????""
?????????? ?????????: ???????? ? ????
# ???????
## ??? ? ??????????",1,0.08486445993185043
250,"??????????? ???????????? ""????????? ?????? ??????? (??????????????)""
?????????? ?????????: ???????? ? ????
# ???????
## ???? ???????",0,0.07649404555559158
1820,"??????????? ???????????? ""??????? ??????""
?????????? ?????????: ????????
# ???????
## ????????????",0,0.09299750626087189
327,"??????????? ???????????? ""???????????? ??????????? ? ????????""
?????????? ?????????: ????????
# ???????
## ??????? ???????????? ??????????? ? ????????? ??????????? ?????????",1,0.8487356901168823
285,"??????????? ???????????? ""???????? ???????????? ?????? (???)""
?????????? ?????????: ???????? ? ????
# ???????
## ????????????? ???????",0,0.10886760801076889
474,"??????????? ???????????? ""???????? ??????? ?????""
?????????? ?????????: ????
# ???????
## ?????????????? ???????",0,0.13944324851036072
1916,"??????????? ???????????? ""???????? ???????????????""
?????????? ?????????: ????
# ???????
## ??????? ????????? ? ??????? ????????????????? ???",0,0.6136124730110168
1730,"??????????? ???????????? ""?????""
?????????? ?????????: ????????
# ???????
## ?????????????? ???????",0,0.1297418475151062
1244,"??????????? ???????????? ""???????? ??????????? ?????? ?????? ??????""
?????????? ?????????: ???????? ? ????
# ???????
## ?????????????? ???????
### ????????????? ???????",0,0.7237451076507568
1757,"??????????? ???????????? ""?????????? ?????????? ??? ?????? ???????????""
?????????? ?????????: ????????
# ???????
## ????????????? ???????
### ???????????? ???? ? ???????? ???",0,0.5119993686676025
1046,"??????????? ???????????? ""?????????????? ???????????????????? ??????? (???) ? ????????""
?????????? ?????????: 
# ???????
## ??????? ????????? ? ?????????????? ??? (???????????? ??????? ?? 3 ?? 12 ???)",1,0.8224022388458252
325,"??????????? ???????????? ""????????????. ?????????. ?????, ??????????? ? ?????????????? ???????????? ?? ????? ????????????, ? ????? ? ???????????? ???????.""
?????????? ?????????: ???????? ? ????
# ???????
## ??????? ????????????? ???????",0,0.5130151510238647
1351,"??????????? ???????????? ""??????-???????? ???????""
?????????? ?????????: ???????? ? ????
# ???????
## ?????????????? ???????",0,0.06906788796186447
1216,"??????????? ???????????? ""???????????? ??????????? ??????? ?????? ? ???""
?????????? ?????????: ???????? ? ????
# ???????
## ????????????? ???????",0,0.0949278250336647
1263,"??????????? ???????????? ""?????????? ???????????? ?????? ?????""
?????????? ?????????: ????
# ???????
## ????????????? ???????",0,0.13232359290122986
87,"??????????? ???????????? ""??????? ?????? ???????""
?????????? ?????????: ????????
# ???????
## ???????????? ???????? ??????? ?????????????? ?????????????",0,0.712509036064148
817,"??????????? ???????????? ""??????????? ? ????????????? ????????????, ????????? ????????????? ????????????? ??????? ??????? ?????? ????????????? ??????? (???????????? ?????????, ????????? ????????????? ????????????? ???????) (????? ???????? ? ????????)""
?????????? ?????????: ???????? ? ????
# ???????
## ?????? ????????????? ? ???????????? ???????",0,0.7669344544410706
317,"??????????? ???????????? ""??????????""
?????????? ?????????: ????
# ???????
## ??????? ??????????? ?????? ????????????????",0,0.19756421446800232
35,"??????????? ???????????? ""?????? ??????? ???????? ? ???????? ???????? ST ???????????????????""
?????????? ?????????: ????????
# ???????
## ??????? ????????? ???????? ? ??????????? ????????",1,0.7032841444015503
602,"??????????? ???????????? ""????????""
?????????? ?????????: ????????
# ???????
## ????? ???????? ??????? ??????? ? ???????????? ????????",0,0.6736853122711182
1343,"??????????? ???????????? ""??? ?????? (?????????????????)""
?????????? ?????????: ????????
# ???????
## ????????????? ???????",0,0.09626220166683197
455,"??????????? ???????????? ""???????? ? ????? ? ????????""
?????????? ?????????: ???????? ? ????
# ???????
## ???????????????? ? ???????????????? ???????",0,0.48050758242607117
439,"??????????? ???????????? ""???????????? ??????, ???????????? ???????????? ????????????""
?????????? ?????????: 
# ???????
## ???? ???????",0,0.0803752914071083
319,"??????????? ???????????? ""????????????? ???????? ????????? ? ???????? ??????? ??????""
?????????? ?????????: ???????? ? ????
# ???????
## ?????????????? ???????",0,0.4520256221294403
202,"??????????? ???????????? ""????????? ???????""
?????????? ?????????: ????????
# ???????
## ?????????????",0,0.10127992928028107
1638,"??????????? ???????????? ""?????? ????????""
?????????? ?????????: ???????? ? ????
# ???????
## ??????? ???????????? ? ????????? ? ??",1,0.24101972579956055
1386,"??????????? ???????????? ""?????????????? ????????? ????????????""
?????????? ?????????: ????????
# ???????
## ????????????? ???????",0,0.0690368115901947
616,"??????????? ???????????? ""???????? ?????? 2 ???? ? ????????""
?????????? ?????????: ????????
# ???????
## ??????????????? ???????
### ???????????????",0,0.6587983965873718
650,"??????????? ???????????? ""??????????? ??????????????""
?????????? ?????????: ????
# ???????
## ???? ???????",0,0.08325056731700897
2007,"??????????? ???????????? ""?????? ????????""
?????????? ?????????: ???????? ? ????
# ???????
## ???????????????? ???????",0,0.08406224846839905
1378,"??????????? ???????????? ""?????????? ????""
?????????? ?????????: ????????
# ???????
## ?????????????? ?????? ???????",0,0.12347739189863205
2187,"??????????? ???????????? ""????????? ??????????""
?????????? ?????????: ????????
# ???????",0,0.10268360376358032
2163,"??????????? ???????????? ""??????????? ??????? ??????? (???) ? ???????? ?????????, ??????????? ? ???????????? ??????????? ??????""
?????????? ?????????: ????????
# ???????
## ?????????????? ???????
### ????? (???????) ???????",0,0.5809920430183411
508,"??????????? ???????????? ""??????????????? ??????? ??????? ?????""
?????????? ?????????: ????????
# ???????
## ?????????????",0,0.0781274288892746
1776,"??????????? ???????????? ""????????""
?????????? ?????????: ???????? ? ????
# ???????
## ?????????????? ???????",0,0.15331071615219116
680,"??????????? ???????????? ""?????????? ???????""
?????????? ?????????: ????????
# ???????
## ??????????? ??????? ????????????? ??????????? ? ????????? ? ????????? ? ????????? ?????????? ???????",0,0.7551919221878052
1347,"??????????? ???????????? ""??? ??????""
?????????? ?????????: ????????
# ???????
## ??????? ??????????????? ??????-????????????????? ? ???????????????? ???? ??????",1,0.867834746837616
687,"??????????? ???????????? ""??????????????? ??????? (????????????) ? ????????? ???????? ? ??????????? ????????""
?????????? ?????????: ????????
# ???????
## ?????? ????????? ?????????",0,0.4940992295742035
748,"??????????? ???????????? ""????????????? ???????????? ???????? ???? ? ?????""
?????????? ?????????: ????
# ???????
## ??????????????? ???????",0,0.13959571719169617
1166,"??????????? ???????????? ""???????? ?????????? ?????? ???????????????? ??????????? ???????""
?????????? ?????????: ????????
# ???????
## ?????????????? ???????",0,0.47117558121681213
1997,"??????????? ???????????? ""?????????""
?????????? ?????????: ???????? ? ????
# ???????
## ?????????????? ???????
### ????????????????? ???????",0,0.09516359120607376
1114,"??????????? ???????????? ""??????????? ????????????? ??????? ??????""
?????????? ?????????: ????????
# ???????
## ?????? ?????? ???????",0,0.07816412299871445
909,"??????????? ???????????? ""?????????????? ???????""
?????????? ?????????: ????
# ???????
## ?????????????? ???????",0,0.13204610347747803
566,"??????????? ???????????? ""????? ????""
?????????? ?????????: ???????? ? ????
# ???????
## ?????????????? ???????",0,0.07231591641902924
1036,"??????????? ???????????? ""?????????????? ??????, ??????? ???????????????????? ??????, ?????????  ? ?????????? ????????????? ??????""
?????????? ?????????: ???????? ? ????
# ???????
## ?????????????????? ???????
### ??????????? ?????????????????? ???????",0,0.5862177014350891
2109,"??????????? ???????????? ""??????????? ? ????????????? ????????????, ????????? ????????????? ????????????? ??????? [????????, ????????, ?????????????, ?????????? ? ?????????? ???????, ???????, ?????? ???????????? (????? ???????), ??????? ?????????????, ????????, ?????????????? ? ?????????? ????????????? ???????]. ?????? ????????????""
?????????? ?????????: ???????? ? ????
# ???????
## ????? ??????? ? ??????? ?? ???",0,0.7941203713417053
944,"??????????? ???????????? ""?????????????? ????????????? ???????? ????????""
?????????? ?????????: ???????? ? ????
# ???????
## ???? ???????",0,0.1343659907579422
254,"??????????? ???????????? ""??????????????? ??????????????? ??????? ? ???????""
?????????? ?????????: ????????
# ???????
## ??????? ????????? ? ???????????????? ????? ???????
### ????????????, ? ??? ????? ???????, ? ???????????????? ???????",1,0.8483192324638367
724,"??????????? ???????????? ""???????? ? ?????""
?????????? ?????????: ????
# ???????
## «?????????????? ???????»",0,0.114122673869133
271,"??????????? ???????????? ""?????? ???????? ?????????????? ?????????? ?????????""
?????????? ?????????: ????????
# ???????
## ?????????????? ???????",0,0.09791160374879837
624,"??????????? ???????????? ""??????? ???????????? ????????? ???????????""
?????????? ?????????: ???????? ? ????
# ???????
## ?????????????",0,0.13221241533756256
1850,"??????????? ???????????? ""?????? ??????? ???????? ? ???????? ???????? ST ???????????????????""
?????????? ?????????: ????????
# ???????
## ???? ???????",0,0.4580058753490448
1661,"??????????? ???????????? ""??????? ?????????""
?????????? ?????????: ????????
# ???????
## ??????? ????????? ? ?????? ? ??????????????? ????????????",1,0.8416574001312256
85,"??????????? ???????????? ""????????? ??????????????? ???????????????""
?????????? ?????????: ????????
# ???????",0,0.07828317582607269
977,"??????????? ???????????? ""??????? ????????""
?????????? ?????????: ???????? ? ????
# ???????
## ?????? ????? ??????? ???, ???????????????? ??????, ? ????????? 18–60 ???",1,0.8986908793449402
1471,"??????????? ???????????? ""?????????? ????????????????""
?????????? ?????????: ???????? ? ????
# ???????
## ????? ??????? ? ??????? ?????????? ????????????????",0,0.7696253657341003
1463,"??????????? ???????????? ""???????????? ??????????? ??????? ?????? ? ???""
?????????? ?????????: ???????? ? ????
# ???????
## ?????????????? ???????",0,0.0878472849726677
229,"??????????? ???????????? ""???????? ???? ??????""
?????????? ?????????: ???????? ? ????
# ???????
## ?????????????",0,0.11796006560325623
1246,"??????????? ???????????? ""???????????? ??????, ???????????? ???????????? ????????????""
?????????? ?????????: 
# ???????
## ??????????????? ???????",0,0.12092713266611099
377,"??????????? ???????????? ""?????????? ?????????? ??? ?????? ???????????""
?????????? ?????????: ????????
# ???????
## ????????????? ???????
### ???? ?????????????? ???????, ????????? ? ?????????????? ??????? ?????????? ???????",0,0.5763017535209656
1910,"??????????? ???????????? ""???????? ???? ??????""
?????????? ?????????: ???????? ? ????
# ???????
## ?????????????? ???????",0,0.13185781240463257
155,"??????????? ???????????? ""????????? ??????????????? ??????????????? ????????? ????? ? ???????? ????????""
?????????? ?????????: ????????
# ???????
## ?????????? ? ?????????????? ???????",0,0.29569053649902344
1705,"??????????? ???????????? ""????????? ??????""
?????????? ?????????: ????????
# ???????
## ???????? ?????? ? ??????????? «????? ? ?????»",0,0.11978951841592789
1435,"??????????? ???????????? ""????????????????? ??? I""
?????????? ?????????: ????????
# ???????
## ???????????????? ???????",0,0.1477217823266983
1523,"??????????? ???????????? ""??????????""
?????????? ?????????: ????????
# ???????
## ????????????? ???????",0,0.10200952738523483
1533,"??????????? ???????????? ""???????? ???????""
?????????? ?????????: ????????
# ???????
## ????????????? ???????
### ???????????? ??? ??",0,0.0827266052365303
1882,"??????????? ???????????? ""????????????????? ?????????????""
?????????? ?????????: ????????
# ???????
## ????????? ? ?????? ???????",0,0.09438931196928024
214,"??????????? ???????????? ""???????????? ????????????? ? ?????""
?????????? ?????????: ????
# ???????
## ????????????",0,0.08472471684217453
1350,"??????????? ???????????? ""???????? ???? ??????""
?????????? ?????????: ???????? ? ????
# ???????
## ????????????",0,0.11722050607204437
493,"??????????? ???????????? ""??? ?????????????? ??????""
?????????? ?????????: ????????
# ???????
## ????????????? ???????
### ??????? ????????????-????????????? ??? (?????)",1,0.9188389182090759
498,"??????????? ???????????? ""?????????????? ?????????""
?????????? ?????????: ???????? ? ????
# ???????
## ?????????????? ???????",0,0.1157466247677803
1152,"??????????? ???????????? ""??????????? ????????? ???????????????""
?????????? ?????????: ????????
# ???????
## ?????????????? ???????
### ???????????? ??????????? ?????????? ? ????????? ? ??????????? ????????? ????????????????",1,0.8862651586532593
1202,"??????????? ???????????? ""?????? ?????, ????????? ?????""
?????????? ?????????: ????????
# ???????
## ????????????? ???????",0,0.09095118939876556
1657,"??????????? ???????????? ""????????? ?????? ?????""
?????????? ?????????: ????????
# ???????
## ?????????????? ???????",0,0.1025342047214508
1919,"??????????? ???????????? ""??????????""
?????????? ?????????: ???????? ? ????
# ???????
## ????????????? ???????",0,0.1239963173866272
6,"??????????? ???????????? ""?????????? ???? ????????""
?????????? ?????????: ???????? ? ????
# ???????
## ??????? ? ?????? ?????? ?????????? ???",0,0.28953754901885986
579,"??????????? ???????????? ""?????????""
?????????? ?????????: ???????? ? ????
# ???????
## ?????????????? ???????
### ??????????????? ????????",0,0.2750778794288635
340,"??????????? ???????????? ""?????????????? ??????, ??????? ???????????????????? ??????, ?????????  ? ?????????? ????????????? ??????""
?????????? ?????????: ???????? ? ????
# ???????
## ???????????? ????????????????? ?????? ? ??????????? ???????????????????? ??????",0,0.42658647894859314
1172,"??????????? ???????????? ""???????? ?????""
?????????? ?????????: ????????
# ???????
## ????????????? ???????
### ??????????????? ??????? ? ?????? ?????????????? ???????",0,0.8217402696609497
669,"??????????? ???????????? ""??????????? ???????? ??????? ?""
?????????? ?????????: ????????
# ???????
## ???????? ???????????? ???????? ?????",1,0.2794429063796997
1899,"??????????? ???????????? ""?????? ? ???????????? ????????????? ???????""
?????????? ?????????: ????????
# ???????
## ??????????? ???????? ??????? ????????? ? ???????? ? ?????????????? ????????????? ???????",0,0.8146188855171204
84,"??????????? ???????????? ""????????????????? ??? ????""
?????????? ?????????: ????????
# ???????
## ??????? ????????? ??????????????? ? ???????????????? ????????????????? ????? ???? (III ???????????????? ? IV ?????? ? ?? ???????????)",1,0.925862193107605
2030,"??????????? ???????????? ""??????????????? ??????? ??????? ?????""
?????????? ?????????: ????????
# ???????
## ???????? ?????????????? ???????",0,0.20867200195789337
1743,"??????????? ???????????? ""??????????????? ??????? (????????????) ? ????????? ???????? ? ??????????? ????????""
?????????? ?????????: ????????
# ???????
## ????????????? ? ????????? ???????? ? ??????????? ????????",1,0.7831210494041443
883,"??????????? ???????????? ""???? ?????? ?????? ????????-??????? ???????""
?????????? ?????????: ???????? ? ????
# ???????
## ???? ???????. ????????????",0,0.22246983647346497
341,"??????????? ???????????? ""??????????????? ??????????????? ????????? ?????""
?????????? ?????????: ????????
# ???????
## ???????????????? ???????",0,0.23662039637565613
520,"??????????? ???????????? ""??????? «????????? ??????»""
?????????? ?????????: ???????? ? ????
# ???????
## ?????????????? ???????",0,0.10166985541582108
1307,"??????????? ???????????? ""?????????? ???????????????""
?????????? ?????????: ????????
# ???????
## ???? ???????",0,0.1199396550655365
2003,"??????????? ???????????? ""???? ?????? ?????? ????????-??????? ???????""
?????????? ?????????: ???????? ? ????
# ???????
## ???????????? ???????? ??????? ?????????????? ?????????????",0,0.46545276045799255
1961,"??????????? ???????????? ""?????????? ?????????? ??? ?????? ???????????""
?????????? ?????????: ????????
# ???????
## ??????? ??????????? ?????????? ??? ?????? ???????????",0,0.7996473908424377
1927,"??????????? ???????????? ""???????????""
?????????? ?????????: ???????? ? ????
# ???????
## ??????????? ? ?????????????",1,0.157701775431633
353,"??????????? ???????????? ""????? ??????????? ? ??????????. ????? ?????????. ????? ??????????? ?????.""
?????????? ?????????: ???????? ? ????
# ???????
## ????? (?????????) ???????
### ???????????? ???????",0,0.24983032047748566
1281,"??????????? ???????????? ""?????? ????????? ?????????? ??????? (??????? ????????? ?????? ??????)""
?????????? ?????????: ???????? ? ????
# ???????
## ???????????????? ???????",0,0.4457755386829376
984,"??????????? ???????????? ""????????? ?????? (????????????)""
?????????? ?????????: ???????? ? ????
# ???????
## ???????????? ??? ?????????????",1,0.10351886600255966
484,"??????????? ???????????? ""??????????? ?????? ????????? ???????""
?????????? ?????????: ???????? ? ????
# ???????
## ???????????? ???????? ?????????????????? ??????????",0,0.678114652633667
417,"??????????? ???????????? ""??????????? ??? ?????????? ??????""
?????????? ?????????: ???????? ? ????
# ???????
## ??????????????? ???????",0,0.09548136591911316
442,"??????????? ???????????? ""?????????? ?????????? ??? ?????? ???????????""
?????????? ?????????: ????????
# ???????
## ??????????????
### ??????? ????????????? ????? ? ??????? ???",0,0.8172717690467834
1128,"??????????? ???????????? ""???????????????? ????????? ????????????""
?????????? ?????????: ????????
# ???????
## ???????????????????
### ??????? ?????? ?????",0,0.6737360954284668
1398,"??????????? ???????????? ""???????? ?????""
?????????? ?????????: ????????
# ???????
## ?????????????? ???????
### ????????????? ? ????????? ???????? ?????. ??????? ?????",1,0.8166382908821106
27,"??????????? ???????????? ""????????? ??????""
?????????? ?????????: ????????
# ???????
## ?????????????? ? ??????? ???????? ??????",0,0.3268618583679199
773,"??????????? ???????????? ""???????? ?????""
?????????? ?????????: ????????
# ???????
## ????????????? ???????
### ????? ???? ?????????????? ???????",0,0.6716633439064026
452,"??????????? ???????????? ""?????????? ?????????? ???? ????????????? (????????????????? ???????)""
?????????? ?????????: ????????
# ???????
## ?????????????? ???????",0,0.29313188791275024
2050,"??????????? ???????????? ""??????????? ???????? ??????? ? (????) ? ?????""
?????????? ?????????: ????
# ???????
## ?????????????? ???????",0,0.08636835962533951
752,"??????????? ???????????? ""??????? ??????? ??????? ? ???????? ?????""
?????????? ?????????: ????
# ???????
## ????????????",0,0.07916038483381271
149,"??????????? ???????????? ""??????????""
?????????? ?????????: ????????
# ???????
## ????????????? ???????",0,0.13355806469917297
1561,"??????????? ???????????? ""????? ?????""
?????????? ?????????: ????????
# ???????
## ?????????????? ???????",0,0.0687846690416336
1323,"??????????? ???????????? ""??????????? ?????????-?????????? ?????????????""
?????????? ?????????: ????????
# ???????
## ????????????? ???????",0,0.09122786670923233
1332,"??????????? ???????????? ""????????????? ?????""
?????????? ?????????: ???????? ? ????
# ???????
## ??????????? ??????? ?? ? ?????????? ? ? ?????? ???????? ?????????????",1,0.8365180492401123
646,"??????????? ???????????? ""?????? ????????""
?????????? ?????????: ???????? ? ????
# ???????
## ????????? ?????-???????? ???????",0,0.17649880051612854
577,"??????????? ???????????? ""???????? ??????????""
?????????? ?????????: ???????? ? ????
# ???????
## ?????????????? ???????",0,0.06950026005506516
1509,"??????????? ???????????? ""??????????????? ???????? ????????""
?????????? ?????????: ???????? ? ????
# ???????
## ???????????? ??????",0,0.09894192963838577
344,"??????????? ???????????? ""???????????. ??????????. ?????? ??????? ??????????? ?????? ???????????.""
?????????? ?????????: ???????? ? ????
# ???????
## ????? (?????????) ???????
### ?????? ??????? ????????? ?????? ? ???????????? ??????????????",0,0.19467170536518097
641,"??????????? ???????????? ""?????????? ????""
?????????? ?????????: ????????
# ???????
## ????????????? ?????? ???????",0,0.22010420262813568
2191,"??????????? ???????????? ""??????????????? ??????????????? ?????, ???????? ???????, ???????????, ?????? ? ???????????? ??????? ???????""
?????????? ?????????: ????
# ???????
## ????????????????? ???????
### ??????????? ??????? ??? ??? ?????",0,0.5376014709472656
2175,"??????????? ???????????? ""???????? ????????""
?????????? ?????????: ???????? ? ????
# ???????
## ???? ???????",0,0.11185261607170105
1306,"??????????? ???????????? ""????????????? ???????""
?????????? ?????????: ????????
# ???????
## ??????? ????????? ??
### ??????? ???????? ??, ?? ???????????? ??????? ???????????????",1,0.8682965040206909
1988,"??????????? ???????????? ""?????????????? (????????????) ?????????""
?????????? ?????????: ???????? ? ????
# ???????
## ?????????????? ???????",0,0.09061965346336365
762,"??????????? ???????????? ""??????????????? ???????????????? ???????????-???-??????? (??????? ????-???????????, ??????? ?2)""
?????????? ?????????: ???????? ? ????
# ???????
## ????????????? ???????",0,0.8187917470932007
1731,"??????????? ???????????? ""?????????""
?????????? ?????????: ???????? ? ????
# ???????
## ??????? ????????????",0,0.10007795691490173
393,"??????????? ???????????? ""??????????? ????????? ???????????????""
?????????? ?????????: ????????
# ???????
## ?????????????? ???????
### ??????????? ????????????",0,0.7769284844398499
1970,"??????????? ???????????? ""?????? ???????????""
?????????? ?????????: ???????? ? ????
# ???????
## ???????? ??????? ???????? ????????????",0,0.1867239773273468
781,"??????????? ???????????? ""?????????????? ????????????? ??????, ??????? ??????????????????? ????????????? ??????, ????????? ? ?????????? ????????????? ????????????? ??????""
?????????? ?????????: ????????
# ???????
## ?????????????? ???????",0,0.6845736503601074
132,"??????????? ???????????? ""?????? ?????????????""
?????????? ?????????: ????
# ???????
## ?????????????? ???????
### ???????????? ?????????",0,0.18737012147903442
206,"??????????? ???????????? ""???????? ??????????? ?????? ?????? ??????????""
?????????? ?????????: ???????? ? ????
# ???????
## ???? ???????",0,0.0761534720659256
1855,"??????????? ???????????? ""??? ?????? ?????""
?????????? ?????????: ????????
# ???????
## ???????????????? ???????",0,0.11086943000555038
562,"??????????? ???????????? ""???????? ?????????????? ?????? ????????? ?????""
?????????? ?????????: ????????
# ???????
## ?????????????? ???????",0,0.15726260840892792
647,"??????????? ???????????? ""???????? ???????????, ? ??? ????? ??????????? ?????????????????? ???????? ???????????""
?????????? ?????????: ????????
# ???????
## ??????? ???????????? ? ????????? ? ???????? ????????????",1,0.7061389088630676
674,"??????????? ???????????? ""??????????????? ??????? ????????""
?????????? ?????????: ????
# ???????
## ????????????? ???????",0,0.13095532357692719
1109,"??????????? ???????????? ""???????? ?????? 1 ???? ? ????????""
?????????? ?????????: ????????
# ???????
## ????????????? ???????",0,0.14815761148929596
1598,"??????????? ???????????? ""???-???????? ? ??????????""
?????????? ?????????: ????????
# ???????
## ???????????? ???? ? ????? (?????? ???? ????????????)",1,0.49014461040496826
1071,"??????????? ???????????? ""??????????? ??? ?????????? ??????""
?????????? ?????????: ???????? ? ????
# ???????
## ?????? ?????? ???????",0,0.08760058879852295
133,"??????????? ???????????? ""??? ??????""
?????????? ?????????: ????????
# ???????
## ????????????? ???????",0,0.13324804604053497
433,"??????????? ???????????? ""??? ???????? ??????""
?????????? ?????????: ????????
# ???????
## ?????????????",0,0.09487820416688919
1681,"??????????? ???????????? ""??? ???????? ??????""
?????????? ?????????: ????????
# ???????
## ????????? ????????????????? ???????
### ??????????? ????????????",0,0.7838238477706909
193,"??????????? ???????????? ""???????""
?????????? ?????????: ???????? ? ????
# ???????
## ???????? ??????? ? ?????????? ???????",0,0.14107096195220947
843,"??????????? ???????????? ""???????? ???? ??????""
?????????? ?????????: ???????? ? ????
# ???????
## ????????????? ???????",0,0.06830298900604248
160,"??????????? ???????????? ""?????????? ????? ????? ? ????? ? ???????????????""
?????????? ?????????: ???????? ? ????
# ???????
## ????????????????? ?????? ??????????? ?????",0,0.52458256483078
1437,"??????????? ???????????? ""????????????? ??????? ??????? ??????""
?????????? ?????????: ????????
# ???????
## ??????? ????? ? ??????????????? ?????????
### ????? ? ????????? ? ?????????? ????????????? ????????",1,0.7516173720359802
192,"??????????? ???????????? ""??????????-????????????? ????????????""
?????????? ?????????: 
# ???????",0,0.06013482064008713
750,"??????????? ???????????? ""???????? ?????????""
?????????? ?????????: 
# ???????
## ????????????? ???????",0,0.11107313632965088
917,"??????????? ???????????? ""??????????????? ??????""
?????????? ?????????: ???????? ? ????
# ???????
## ???? ???????",0,0.08881662786006927
1515,"??????????? ???????????? ""???????????, ?????????? Clostridioides difficile (C. difficile)""
?????????? ?????????: ????????
# ???????
## ????????????? ???????",0,0.08707847446203232
607,"??????????? ???????????? ""??????? ??????????? ??? ?????????????? ? ?????? ?????????? ?????? (?????????? ??????????)""
?????????? ?????????: ???????? ? ????
# ???????
## ????????????????? ?????? ???????",0,0.41756436228752136
1421,"??????????? ???????????? ""??????????? ??????? ??????? (???) ? ???????? ?????????, ??????????? ? ???????????? ??????????? ??????""
?????????? ?????????: ????????
# ???????
## ?????????????? ???????
### ??????? ???? ??????? ?????????????",0,0.2830059230327606
1319,"??????????? ???????????? ""??????????? ??????? ????????""
?????????? ?????????: ????????
# ???????
## ???????? ??????????? ??????? ???????? (????)",1,0.5689002871513367
1640,"??????????? ???????????? ""???????????? ??????????""
?????????? ?????????: ???????? ? ????
# ???????
## ??????????????? ?????????",0,0.18090514838695526
2168,"??????????? ???????????? ""??????????????? ??????????????? ?????, ???????? ???????, ???????????, ?????? ? ???????????? ??????? ???????""
?????????? ?????????: ????
# ???????
## ????????????? ???????",0,0.4059959650039673
793,"??????????? ???????????? ""??? ????? ?????""
?????????? ?????????: ????????
# ???????
## ??????? ???????",0,0.10225100815296173
860,"??????????? ???????????? ""????????????? ?????????? ???""
?????????? ?????????: ????????
# ???????
## ????????????? ??????? ???????????? ?????????????? ??????????? ????",0,0.7289569973945618
1077,"??????????? ???????????? ""??????????? ?????????? ??????""
?????????? ?????????: ???????? ? ????
# ???????
## ????????????? ??????? ? ???????? ?????????
### ????????? ??? ??????? ??? ? ????? ???????????",1,0.8843034505844116
1790,"??????????? ???????????? ""?????????""
?????????? ?????????: 
# ???????
## ???? ???????",0,0.08811568468809128
351,"??????????? ???????????? ""????????? ?????? (????????????)""
?????????? ?????????: ???????? ? ????
# ???????
## ???????????? ? ???????????????
### ??????????? ?????? ??????????? ????????? ? ????????? ? ??",1,0.8229653835296631
267,"??????????? ???????????? ""??????????????? ??????? ????????""
?????????? ?????????: ????????
# ???????
## ????????????? ??????? ???????",1,0.09916839003562927
394,"??????????? ???????????? ""???????????? ?????????? ? ???????? ??????????????? ?????????""
?????????? ?????????: ????????
# ???????
## ????????????? ???????
### ????????? ? ????? ?????????? ?????????????? ????????????? ? ????????? ? ???????????? ???????????? ????? ??????? ?????? ? ???????????????? ?????????",0,0.5002501606941223
443,"??????????? ???????????? ""5q-??????????????? ?????????? ???????? ???????""
?????????? ?????????: ????????
# ???????
## ???????????????? ??????????????? ???????",0,0.7612429261207581
764,"??????????? ???????????? ""?????????????? ??????????? ???????? ?????""
?????????? ?????????: ???????? ? ????
# ???????
## ????????????? ???????",0,0.0808115005493164
1033,"??????????? ???????????? ""??????????? ???????? /????????""
?????????? ?????????: ???????? ? ????
# ???????
## ????????????? ???????",0,0.09985898435115814
1324,"??????????? ???????????? ""?????????? ??????????? ????????????""
?????????? ?????????: ????????
# ???????
## ??????? ?????????? ???????????? ??????? ??? ?????????? ????????? (??)",1,0.7027614712715149
2014,"??????????? ???????????? ""????????? ??????????????? ??????????????? ????????? ????? ? ???????? ????????""
?????????? ?????????: ????????
# ???????
## ????????????",0,0.10369353741407394
796,"??????????? ???????????? ""?????????????? ??????????? ????????????""
?????????? ?????????: ???????? ? ????
# ???????
## ??????????? ?????????????
### ??????????? ??????????????? ????????? ? ??????? ????????????? ???????????? ? ?????????????? ?????? ? ??????? ?????? ????????????",0,0.8558855652809143
1591,"??????????? ???????????? ""??????????? (????????????) ????????????""
?????????? ?????????: ????????
# ???????
## ??????? ?????? ???? ??????????? ????????????",1,0.7072450518608093
129,"??????????? ???????????? ""???????? ???? ???????? ? ?????""
?????????? ?????????: ???????? ? ????
# ???????
## ?????????????? ???????",0,0.13319817185401917
1547,"??????????? ???????????? ""?????? ????????? ?????????? ??????? (??????? ????????? ?????? ??????)""
?????????? ?????????: ???????? ? ????
# ???????
## ???????????? ??????",0,0.18228326737880707
970,"??????????? ???????????? ""??????????? ??????? ??????? (???) ? ???????? ?????????, ??????????? ? ???????????? ??????????? ??????""
?????????? ?????????: ????????
# ???????
## ?????????????? ???????
### ????????????? ? ????????? ???? ?????",1,0.2794409692287445
1009,"??????????? ???????????? ""???????? ?????""
?????????? ?????????: ????????
# ???????
## ????????????? ???????
### ????????? ? ?????????????? ??????? ??: ???????? ?????????? ??",0,0.7042030692100525
1512,"??????????? ???????????? ""?????????????? ???????????, ????????? Mycoplasma genitalium""
?????????? ?????????: ???????? ? ????
# ???????
## ?????????????? ???????",0,0.4228042960166931
1506,"??????????? ???????????? ""??????????? ????????? ???????????????""
?????????? ?????????: ????????
# ???????
## ?????????????? ???????
### ???????????? ?????????? II ??????????? ? ?????????? ? ??????? ??????????? (?????????+??????????**)",0,0.919596791267395
283,"??????????? ???????????? ""?????? ????????????? ???????????""
?????????? ?????????: ???????? ? ????
# ???????
## ????????????? ???????",0,0.13930174708366394
1382,"??????????? ???????????? ""??????????? ???????? ??????? D (???D) ? ????????""
?????????? ?????????: ????????
# ???????
## ?????????????? ???????",0,0.15695233643054962
2113,"??????????? ???????????? ""?????????? ????????????""
?????????? ?????????: ????????
# ???????
## ???? ???????",0,0.09175638854503632
1719,"??????????? ???????????? ""?????? ?????????? ? ????????""
?????????? ?????????: ????????
# ???????
## ????????????? ???????",0,0.06832636147737503
1734,"??????????? ???????????? ""????????? ?????? (????????????)""
?????????? ?????????: ???????? ? ????
# ???????
## ?????????????? ???????
### ?????????????? ??????? ???????? ?????????? ?????????????? ??????????",1,0.8086977601051331
1853,"??????????? ???????????? ""??????????? ?????????""
?????????? ?????????: ???????? ? ????
# ???????
## ?????????????? ???????",0,0.06871046125888824
401,"??????????? ???????????? ""???????????""
?????????? ?????????: ???????? ? ????
# ???????
## ??????????????? ???????",0,0.11949104815721512
1701,"??????????? ???????????? ""??????????????""
?????????? ?????????: ????
# ???????
## ????????????? ? ??????????? ???????? ? ????? ? ??????????????? ?? ???? ??????????? ???????
### ???????????????? ??????????????? ????????????",0,0.7832704782485962
1823,"??????????? ???????????? ""?????????????? ??????, ??????? ???????????????????? ??????, ?????????  ? ?????????? ????????????? ??????""
?????????? ?????????: ???????? ? ????
# ???????
## ??????? ????????? ? ??????????????????? ???????",0,0.4232136011123657
1714,"??????????? ???????????? ""???????????? ????????""
?????????? ?????????: ???????? ? ????
# ???????
## ???? ???????",0,0.066291943192482
711,"??????????? ???????????? ""???????? ??????? ??????? ?/??? ?????????????????? ?????""
?????????? ?????????: ????
# ???????
## ?????????????? ???????",0,0.25866687297821045
360,"??????????? ???????????? ""??????????? ????????? ???????????????""
?????????? ?????????: ????????
# ???????
## ?????????????? ???????
### ?????????",0,0.14647427201271057
179,"??????????? ???????????? ""??? ?????? (?????????????????)""
?????????? ?????????: ????????
# ???????
## ?????? ????????? ?????????? ???????",0,0.27782386541366577
1094,"??????????? ???????????? ""????????? ??????""
?????????? ?????????: ????????
# ???????
## ??????????????? ??????????????",0,0.2279718667268753
1198,"??????????? ???????????? ""??????????????? ??????????????? ?????, ???????? ???????, ???????????, ?????? ? ???????????? ??????? ???????""
?????????? ?????????: ????
# ???????
## ????????????????? ???????
### ??????????? ??????? ??? ???????????????? ??:",1,0.41076913475990295
1505,"??????????? ???????????? ""?????????? ???????????? ?????? ?????""
?????????? ?????????: ????
# ???????
## ?????????????? ???????",0,0.1365661323070526
258,"??????????? ???????????? ""??????????????? ??????? (????????????) ? ????????? ???????? ? ??????????? ????????""
?????????? ?????????: ????????
# ???????
## ??????????? ??????? ??? ??? ???????? ? ??????????? ????????",1,0.8632724285125732
2162,"??????????? ???????????? ""??? ???????""
?????????? ?????????: ????????
# ???????
## ????????????? ????? ???????",1,0.13352608680725098
337,"??????????? ???????????? ""????????????????? ???????""
?????????? ?????????: ???????? ? ????
# ???????
## ????????????? ???????",0,0.15040220320224762
1967,"??????????? ???????????? ""??? ??????? ???? ? ??????????? ?????""
?????????? ?????????: ????????
# ???????
## ??????? ???????",0,0.08170376718044281
844,"??????????? ???????????? ""????????? ?????????????? ? ???????????????? ???????????????? ??????? ???????""
?????????? ?????????: ???????? ? ????
# ???????
## ??????? ?????????? ???????? ????????????",0,0.8703315258026123
1227,"??????????? ???????????? ""??? ?????????? ??????""
?????????? ?????????: ????
# ???????
## ????????????? ??????? ??????? (???) ??? ????",0,0.32713472843170166
615,"??????????? ???????????? ""???????????. ??????????. ?????? ??????? ??????????? ?????? ???????????.""
?????????? ?????????: ???????? ? ????
# ???????
## ????? (?????????) ???????
### ????????????? ?????????",0,0.25087592005729675
2151,"??????????? ???????????? ""??????????? ??????? ????""
?????????? ?????????: ???????? ? ????
# ???????
## ???? ???????",0,0.10488557070493698
1272,"??????????? ???????????? ""??????????????? 3-?????????????-??? ???????????? (3-???????????????????????, ????????????? ??? ?????????????? ???????????????)""
?????????? ?????????: ???????? ? ????
# ???????
## ???????????????? ???????",0,0.7055655121803284
1690,"??????????? ???????????? ""??????????? ? ????????????? ????????????,  ????????? ????????????? ???????? ??????? ?????? ???????? (??????????? ???????????? ?????????)""
?????????? ?????????: ???????? ? ????
# ???????
## ?????? ????????????? ? ???????????? ???????",0,0.6026564836502075
1484,"??????????? ???????????? ""??????????????? ??????? (????????????) ? ????????? ???????? ? ??????????? ????????""
?????????? ?????????: ????????
# ???????
## ????? ???????? ??????????? ????????? ??? ????? ???????? ? ??????????? ???????? ? ???????????????? ???????",1,0.8645960092544556
1809,"??????????? ???????????? ""??? ?????????? ??????""
?????????? ?????????: ????
# ???????
## ??????? ????????? ? ????????? ??? ????????????????? ???????????",0,0.8457897901535034
1228,"??????????? ???????????? ""??????????""
?????????? ?????????: ???????? ? ????
# ???????
## ???? ???????",0,0.09721598029136658
92,"??????????? ???????????? ""??????????????""
?????????? ?????????: ????
# ???????
## ??????? ????? ? ??????????????? ?????? ???????????? ????? (??. ?????????? ?)",1,0.7557304501533508
1912,"??????????? ???????????? ""???????? ???? ? ????????? ????????""
?????????? ?????????: ????????
# ???????
## ????????????? ??????? ? ??????? ????????? ????",0,0.6220990419387817
1020,"??????????? ???????????? ""?????????? ???????????? ?????? ?????""
?????????? ?????????: ????
# ???????
## ??????????????? ?????????????",0,0.12401652336120605
1571,"??????????? ???????????? ""????? ??????????? ? ??????????. ????? ?????????. ????? ??????????? ?????.""
?????????? ?????????: ???????? ? ????
# ???????
## ??????? ?????????????? ???????
### ??????? ?????????? ???????????????? ??????????",0,0.41761544346809387
729,"??????????? ???????????? ""??????????? ???? ? ????????? ???????? ? ??????????? ????????""
?????????? ?????????: ????????
# ???????
## ????????????? ???????",0,0.1853214055299759
1308,"??????????? ???????????? ""??????????????? ???????? ????????? ???????. ??????????????? ???????? ????????? ???????""
?????????? ?????????: ????
# ???????
## ????????????????? ???????",0,0.5265620350837708
346,"??????????? ???????????? ""????? ??????????? ? ??????????. ????? ?????????. ????? ??????????? ?????.""
?????????? ?????????: ???????? ? ????
# ???????
## ????? (?????????) ???????
### ????????????? ?????????",0,0.22432100772857666
1671,"??????????? ???????????? ""???????????? ????????????? ? ?????""
?????????? ?????????: ????
# ???????
## ???? ???????",0,0.09045717865228653
554,"??????????? ???????????? ""?????????? ? ????????????? ???????? ? ?????????? ????????????? ???????  ? ???????? ??????""
?????????? ?????????: ????????
# ???????
## ???? ???????",0,0.6867104172706604
505,"??????????? ???????????? ""?????? ??????? ? (???) ? ?????""
?????????? ?????????: ????
# ???????
## ????????????? ???????",0,0.1168900579214096
1187,"??????????? ???????????? ""????? ??????????? ? ??????????. ????? ?????????. ????? ??????????? ?????.""
?????????? ?????????: ???????? ? ????
# ???????
## ????? (?????????) ???????
### ????????????? (?????????????) ???????",0,0.25313493609428406
358,"??????????? ???????????? ""???????? ???? ?????????? (???)""
?????????? ?????????: ????????
# ???????
## ??????????? ??????? ???, ???????????? ? ????????????-?????????????? ???????? ????? (????)",1,0.8254903554916382
563,"??????????? ???????????? ""??? ???????""
?????????? ?????????: ????????
# ???????
## ???????? ????????????? ???????",0,0.2875477075576782
819,"??????????? ???????????? ""???? ??????? ??????? ? ?????? ?????""
?????????? ?????????: ????????
# ???????
## ?????????????",0,0.12468592077493668
914,"??????????? ???????????? ""????????????????? ??? ????""
?????????? ?????????: ????????
# ???????
## ??????? ????????? ?????? ??????????? (I-II)
### ??????? ????????-?????????? ???? ??????? ?????",1,0.9364330172538757
496,"??????????? ???????????? ""??????? ??????? ??????? ? ???????? ?????""
?????????? ?????????: ????
# ???????
## ?????????????",0,0.11629348248243332
1595,"??????????? ???????????? ""??? ?????????????? ??????""
?????????? ?????????: ????????
# ???????
## ????????????? ???????
### ????????-???????????? ???????",1,0.7890756726264954
365,"??????????? ???????????? ""????????? ???? ????????""
?????????? ?????????: ???????? ? ????
# ???????
## ?????????????? ???????",0,0.10196521133184433
1880,"??????????? ???????????? ""??????????? ???????? (???????????? ???????)""
?????????? ?????????: ????????
# ???????
## ?????????????? ???????",0,0.1426168978214264
790,"??????????? ???????????? ""??? ????????????? ??????""
?????????? ?????????: ????????
# ???????
## ?????????????? ???????
### ??????? ???????????????? ???? ????????????? ??????",1,0.8310434222221375
1662,"??????????? ???????????? ""?????? (? ????????)""
?????????? ?????????: ????????
# ???????
## ??????????? ???????",0,0.06544511765241623
1597,"??????????? ???????????? ""????????????? ?????""
?????????? ?????????: ???????? ? ????
# ???????
## ????????????? ???????",0,0.13192230463027954
1838,"??????????? ???????????? ""??????????? ??????????????  ????????????????? ??????????????????????""
?????????? ?????????: ????????
# ???????
## ???????????????? ???????",0,0.4476747512817383
1093,"??????????? ???????????? ""??????? ????????????? ?????????""
?????????? ?????????: ???????? ? ????
# ???????
## ????????????",0,0.09002941101789474
809,"??????????? ???????????? ""?????????? ?????????? ??? ?????? ???????????""
?????????? ?????????: ????????
# ???????
## ??????????????
### ????? ?????? ? ??????????? ???????????? ????????????? ???????",0,0.8554930686950684
2067,"??????????? ???????????? ""?????????? ? ????????""
?????????? ?????????: ????????
# ???????
## ?????????????
### ?????? ???????????? ??? ???????????",1,0.7083873748779297
472,"??????????? ???????????? ""??????? ??????? ????? ? ?????""
?????????? ?????????: ????
# ???????
## ???????????????????? ??????? (?????? ?????? ???????? ??? ??????????????? ???????????)",1,0.8285295963287354
953,"??????????? ???????????? ""?????? ?????? ????????????""
?????????? ?????????: ????
# ???????
## ???? ???????",0,0.11783278733491898
1423,"??????????? ???????????? ""???????? ??????????? ?????? ?????? ??????????""
?????????? ?????????: ???????? ? ????
# ???????
## ?????????????? ??????? :",0,0.12218745797872543
543,"??????????? ???????????? ""??????????? ????????? ???????????????""
?????????? ?????????: ????????
# ???????
## ????????????? ???????",0,0.08552814275026321
907,"??????????? ???????????? ""??????????????? ??????? ??????? ?????""
?????????? ?????????: ????????
# ???????
## ???????? ????????????? ???????",0,0.2176549732685089
995,"??????????? ???????????? ""??????? ?????""
?????????? ?????????: ????
# ???????
## ???? ?????? ???????",0,0.09652414917945862
476,"??????????? ???????????? ""????????????????? ???????""
?????????? ?????????: ????????
# ???????
## ??????? ??????????????? ??",0,0.08827202022075653
778,"??????????? ???????????? ""???????? ?????? ????? (????? ????????? ???????? ?????)""
?????????? ?????????: ???????? ? ????
# ???????
## ??????????? ???????",0,0.1810058057308197
1385,"??????????? ???????????? ""???????????? ?????????? ? ???????? ??????????????? ?????????""
?????????? ?????????: ????????
# ???????
## ????????????? ???????
### ????????????????? ?????????? ? ????????????????? ?????????? ????????? ? ???????????? ????????????",0,0.7654983401298523
797,"??????????? ???????????? ""???????????? ????????????? ???????""
?????????? ?????????: ???????? ? ????
# ???????
## ???? ???????",0,0.06667555123567581
1948,"??????????? ???????????? ""?????????????? (???????????????) ??????? ? ??????""
?????????? ?????????: ????????
# ???????
## ????????????? ???????",0,0.1674109846353531
7,"??????????? ???????????? ""???????????? ????????? ?????. ???????????? ?????????? ? ????????? ????????? ??????""
?????????? ?????????: ???????? ? ????
# ???????
## ??????? ???????????? ??????? ? ???????????? ????????? ????????? ??????
### ????????? ?????????????????? ??????? ? ????????? ? ??? ??? ???????? ????? ???. ??????????????? ???-? ??????????",1,0.7740404605865479
1160,"??????????? ???????????? ""????????? ?-????????? ???????""
?????????? ?????????: ???????? ? ????
# ???????
## ?????? ????? ??????? ???? ???+ ? ????? ? ?????????? ?? 18 ???",1,0.8891385793685913
1433,"??????????? ???????????? ""?????????? ???????????? ?????? ?????""
?????????? ?????????: ????
# ???????
## ?????????????? ???????",0,0.07952292263507843
810,"??????????? ???????????? ""?????? ????????""
?????????? ?????????: ???????? ? ????
# ???????
## ???????????????? ??????? ???????",0,0.2592395544052124
1060,"??????????? ???????????? ""?????????????? ?????????? ? ????????""
?????????? ?????????: ????????
# ???????
## ?????????????? ???????",0,0.07733473181724548
675,"??????????? ???????????? ""???????????. ??????????. ?????? ??????? ??????????? ?????? ???????????.""
?????????? ?????????: ???????? ? ????
# ???????
## ????? (?????????) ???????
### ?????????? ????????",0,0.10117442905902863
135,"??????????? ???????????? ""?????? ????????""
?????????? ?????????: ???????? ? ????
# ???????
## ??????? ????????? ? ??????????? ?????? ??",1,0.3137451708316803
1211,"??????????? ???????????? ""?????????????? ??????????? ????????????""
?????????? ?????????: ???????? ? ????
# ???????
## ??????????? ?????????????
### ??????????? ??????????????? ????????? ?? ?????????????? ?????",0,0.8819649815559387
1563,"??????????? ???????????? ""?????? ??????? ???????? ? ???????? ???????? ST ???????????????????""
?????????? ?????????: ????????
# ???????
## ?????????????? ??????? ???????????",0,0.8487696647644043
184,"??????????? ???????????? ""?????????? ?????? ??????? ???????? ???????""
?????????? ?????????: ????
# ???????
## ??????????????? ?????????????",0,0.10234346985816956
1713,"??????????? ???????????? ""????????????????? ????????????? ???????""
?????????? ?????????: ????
# ???????
## ????????????? ???????",0,0.12538596987724304
292,"??????????? ???????????? ""??????????? ??? ?????????? ??????""
?????????? ?????????: ???????? ? ????
# ???????
## ?????????????",0,0.084813691675663
639,"??????????? ???????????? ""???????? ???? ? ????????? ????????""
?????????? ?????????: ????????
# ???????
## ??????? ????????? ??????????????? ? ???????????????? ????????? ???? (IIIC/D ???????????????? – IV ?????? ??? ?? ??????????)
### ????? ??????? 1-? ????? ? ????????? ??? ??????? ? ????? BRAF, NRAS, KIT",1,0.8906350135803223
1663,"??????????? ???????????? ""??????????? ??????????????? ??????? - ????????? ?-????????? ??????????????? ???????, ?-????????? ??????? ??????? ??????? ????????????????? ?  ???????????? ????? c-MYC ? BCL2/BCL6, ????????? ??????????????? ?-????????? ???????, ??????????????? ??????? ????? ????, ??????? ????????, ?????????????? ???????.""
?????????? ?????????: ???????? ? ????
# ???????
## ?????? ????? ??????? ???? ? ????? ? ?????????? ?? 18 ???",1,0.8173779249191284
1478,"??????????? ???????????? ""??????????????? ??????????????? ??????? ? ???????""
?????????? ?????????: ????????
# ???????
## ??????? ????????? ? ???????????????? ????? ???????
### ??????? ?????????????? ???????",1,0.432114839553833
412,"??????????? ???????????? ""????????? ???????""
?????????? ?????????: ????????
# ???????
## ????????????",0,0.11147835105657578
1321,"??????????? ???????????? ""????????????? ???????""
?????????? ?????????: ????????
# ???????
## ??????? ??????? ?? ? ???????? ????????????????",1,0.5528998970985413
1431,"??????????? ???????????? ""???????????? ???????????? ??????????""
?????????? ?????????: ???????? ? ????
# ???????
## ??????? ???????, ???????????? ????
### ???????????? ??????????",0,0.7545018792152405
1944,"??????????? ???????????? ""?????? ? ??????""
?????????? ?????????: ????????
# ???????
## ???? ???????",0,0.06680353730916977
534,"??????????? ???????????? ""??? ???????? ??????""
?????????? ?????????: ????????
# ???????
## ????????????",0,0.09298209846019745
1021,"??????????? ???????????? ""?????? ???????????""
?????????? ?????????: ????????
# ???????
## ????????????????? ???????",0,0.15860791504383087
982,"??????????? ???????????? ""??????????????? ??????? ????????""
?????????? ?????????: ????????
# ???????
## ??????? ?????? ? ???????? ????",1,0.09547512978315353
411,"??????????? ???????????? ""???????? ???????????, ? ??? ????? ??????????? ?????????????????? ???????? ???????????""
?????????? ?????????: ????????
# ???????
## ??????????? ??????? ????????? ??????????? ???????? ? ???????? ????????????",1,0.6235644817352295
671,"??????????? ???????????? ""???????????? ??????""
?????????? ?????????: ????????
# ???????
## ????????????? ???????",0,0.13980256021022797
636,"??????????? ???????????? ""????????????? ??????""
?????????? ?????????: ????
# ???????
## ??????????????? ?????????????????? ??????? ? ???????? ?????? ????? ???????????????? ??????? ??",0,0.7562767267227173
570,"??????????? ???????????? ""????????? ????????????????? ?-????????? ?????? ??????""
?????????? ?????????: ???????? ? ????
# ???????
## ???????????? ?? ??????? ????????? ???? FAOD
### ???????????? ?? ??????? ??????? ??? ???????? LCHAD ? TFP",1,0.8849678635597229
130,"??????????? ???????????? ""??????? ???????? Glut1""
?????????? ?????????: ???????? ? ????
# ???????
## ?????????????? ?????????? ????? ? ?????????????? ???????????",0,0.8193469047546387
1750,"??????????? ???????????? ""??????????????? ??? ????""
?????????? ?????????: ????????
# ???????
## ????????????? ??????? ? ????????? ??????????????? ????? ????",0,0.8091957569122314
156,"??????????? ???????????? ""??????? ??????? ??????? ? ???????? ?????""
?????????? ?????????: ????
# ???????
## ????????????-?????????????? ?????? ???????",0,0.9078137874603271
1456,"??????????? ???????????? ""??????? ??????? ???????""
?????????? ?????????: ????????
# ???????
## ???????????? ????????????? ??????? ???????",0,0.32587453722953796
1980,"??????????? ???????????? ""?????? ????????????? ???????""
?????????? ?????????: ????????
# ???????
## ???????? ???????? ???????????? ???/???",0,0.34894323348999023
1993,"??????????? ???????????? ""?????? ???????""
?????????? ?????????: ???????? ? ????
# ???????
## ????????????? ???????",0,0.07143349945545197
1949,"??????????? ???????????? ""???????? ?????????????? ?????? ???????? ?????""
?????????? ?????????: ???????? ? ????
# ???????
## ?????????????? ???????",0,0.2605587840080261
1969,"??????????? ???????????? ""???????""
?????????? ?????????: ???????? ? ????
# ???????
## ?????? ??????????? ???????",0,0.10991174727678299
402,"??????????? ???????????? ""??????? ?????""
?????????? ?????????: ????
# ???????
## ????????????? ??????? ??????? ????? ? ?????
### ????????????? ??????? ?? ? ?????????? ??????? ??????? ???",1,0.805060088634491
1698,"??????????? ???????????? ""???????? ???????????, ? ??? ????? ??????????? ?????????????????? ???????? ???????????""
?????????? ?????????: ????????
# ???????
## ???????? ??????????? ?????????? ????????? ?????? ?/??? ?????????? (?????? III)",1,0.833949863910675
1718,"??????????? ???????????? ""???????????????? ????????? ????????????""
?????????? ?????????: ????????
# ???????
## ???????????????????
### ??????? ????????? ????? (??????????????? ??????????????)",1,0.7834996581077576
823,"??????????? ???????????? ""????? ??????????? ? ??????????. ????? ?????????. ????? ??????????? ?????.""
?????????? ?????????: ???????? ? ????
# ???????
## ??????? ?????????????? ???????
### ??????? ?????????????? ??????? ?? ????? ????????? ??????-?????????? ? ?????????????????? ??????????? ??????",0,0.40318846702575684
535,"??????????? ???????????? ""??? ?????????? ??????""
?????????? ?????????: ????
# ???????
## ???? ??????????????? ???????????? ? ????????????????? ??????? ???????",0,0.868859589099884
1023,"??????????? ???????????? ""?????????? ?????? ?????????? ??????????? ? ????? ? ?????? ?????????? ?????? ?????????????""
?????????? ?????????: ????
# ???????
## ???? ???????",0,0.6967416405677795
1162,"??????????? ???????????? ""?????????? ????????""
?????????? ?????????: ???????? ? ????
# ???????
## ????????????? ???????",0,0.06830298900604248
1737,"??????????? ???????????? ""????????????? ??????? ? ??????""
?????????? ?????????: ????????
# ???????
## ????????????? ???????",0,0.13343185186386108
1135,"??????????? ???????????? ""??????????""
?????????? ?????????: ???????? ? ????
# ???????
## ???? ???????",0,0.10053729265928268
1780,"??????????? ???????????? ""?????????? ?????""
?????????? ?????????: ???????? ? ????
# ???????
## ?????????????? ???????",0,0.1390838623046875
1587,"??????????? ???????????? ""??????????? ?????????? ??????""
?????????? ?????????: ???????? ? ????
# ???????
## ????????????? ??????? ? ???????? ?????????
### ??????? ??????????? ???????????",1,0.8423435688018799
1684,"??????????? ???????????? ""????????????? ???????""
?????????? ?????????: ????????
# ???????
## ??????? ????????? ? ??????? ????????????????? ?? ? ?? ?????????? ?? ???? ? ????-???? (?????? 65 ???)",1,0.9048817157745361
1387,"??????????? ???????????? ""????????????????? ???????""
?????????? ?????????: ???????? ? ????
# ???????
## ??????????????? ???????",0,0.118150494992733
1038,"??????????? ???????????? ""????????????????? ?????????????""
?????????? ?????????: ????????
# ???????
## ??????? ????????? ??",0,0.06693078577518463
97,"??????????? ???????????? ""?????? ????? ????????""
?????????? ?????????: ???????? ? ????
# ???????
## ????????????? ???????",0,0.08556746691465378
424,"??????????? ???????????? ""?????? ?????????? ? ????????""
?????????? ?????????: ????????
# ???????
## ????????????",0,0.12288932502269745
499,"??????????? ???????????? ""?????????? ???????? ????????????""
?????????? ?????????: ???????? ? ????
# ???????
## ?????????????? ???????",0,0.17177855968475342
275,"??????????? ???????????? ""???????? ??????  ????????????? ???????? (??????????, ?????????)""
?????????? ?????????: ???????? ? ????
# ???????
## ??????????????? ???????",0,0.34231099486351013
1995,"??????????? ???????????? ""??????????""
?????????? ?????????: ???????? ? ????
# ???????
## ????????????? ???????",0,0.07238903641700745
2149,"??????????? ???????????? ""???????? ???????????? ?????? (???)""
?????????? ?????????: ???????? ? ????
# ???????
## ?????????????????????? ???????",0,0.546567976474762
2176,"??????????? ???????????? ""??????????? ?????????? ?????? ????????????? ?????""
?????????? ?????????: ????????
# ???????
## ????????????? ???????",0,0.17024128139019012
150,"??????????? ???????????? ""?????????""
?????????? ?????????: ???????? ? ????
# ???????
## ?????????????? ???????
### ??????? ??????? ??????????",0,0.28115543723106384
1555,"??????????? ???????????? ""??????????????? ??? ????""
?????????? ?????????: ????????
# ???????
## ????????????",0,0.09254566580057144
348,"??????????? ???????????? ""????? ??????????? ????????? ?????????""
?????????? ?????????: ????????
# ???????
## ????????????? ???????",0,0.07735612243413925
1050,"??????????? ???????????? ""?????????????????? ??? ?????????? ??????""
?????????? ?????????: ????????
# ???????
## ????????????? ??????? ???????",0,0.18620970845222473
832,"??????????? ???????????? ""???????? ???????""
?????????? ?????????: ????????
# ???????
## ????????????? ???????
### ??????? ???????, ??????????? ?? ?????????? ?????? ?????????????????? ???????",1,0.7778163552284241
1262,"??????????? ???????????? ""?????? ? ??????????? ?????????? (???????? ???????????? ?  ?????????-?????????????? ?????????)""
?????????? ?????????: ????????
# ???????
## ??????????, ????????? ? ?????????? ?????????? ?????????? ?????",1,0.5034140944480896
148,"??????????? ???????????? ""?????? ?????????????""
?????????? ?????????: ????
# ???????
## ?????????????? ???????
### ??????-? ????????????????? ???????",0,0.7591008543968201
954,"??????????? ???????????? ""??? ??????????""
?????????? ?????????: ????????
# ???????
## ????????????",0,0.06658036261796951
1568,"??????????? ???????????? ""??????????? ?????????? ??????""
?????????? ?????????: ???????? ? ????
# ???????
## ????????????? ??????? ? ???????? ?????????
### ???????? ?????? ??? ??? ????? ???????",1,0.7698127031326294
274,"??????????? ???????????? ""???????????? ??????????? ? ????????""
?????????? ?????????: ????????
# ???????
## ??????? ?????? ????????????? ????????",0,0.5692630410194397
453,"??????????? ???????????? ""?????? (? ????????)""
?????????? ?????????: ????????
# ???????
## ???????????? ?????????? ???",0,0.11040704697370529
441,"??????????? ???????????? ""??????????? ???????? ??????????? ???????""
?????????? ?????????: ???????? ? ????
# ???????
## ???????? ?????????????????? ??????????? ??????",0,0.7050329446792603
1931,"??????????? ???????????? ""???????? ??????? ????????????""
?????????? ?????????: ???????? ? ????
# ???????
## ??????????????? ???????",0,0.08637343347072601
2140,"??????????? ???????????? ""???????? ? ?????""
?????????? ?????????: ????
# ???????
## ?????????????",0,0.09105067700147629
1224,"??????????? ???????????? ""?????? (? ????????)""
?????????? ?????????: ????????
# ???????
## ????????????? ???????",0,0.10407955199480057
651,"??????????? ???????????? ""??????????""
?????????? ?????????: ????
# ???????
## ??????? ?????????????????? ??????????",0,0.1711333990097046
253,"??????????? ???????????? ""????????? ??????????????? ??????????????? ????????? ????? ? ???????? ????????""
?????????? ?????????: ????????
# ???????
## ?????????????????? ???????",0,0.7690813541412354
159,"??????????? ???????????? ""???????????? ? ?????""
?????????? ?????????: 
# ???????
## ????????????",0,0.08835063129663467
1576,"??????????? ???????????? ""??????????-??????????? ???????""
?????????? ?????????: ????
# ???????
## ?????????????? ???????
### ???????? ???",1,0.2060382068157196
542,"??????????? ???????????? ""??????????? ??????? ??????? (???) ? ???????? ?????????, ??????????? ? ???????????? ??????????? ??????""
?????????? ?????????: ????????
# ???????
## ?????????????? ???????
### ??????? ???? ?????? ?????????????",0,0.2813499867916107
1322,"??????????? ???????????? ""?????? ?????????? ???????""
?????????? ?????????: ????
# ???????
## ??????? ??????? ??????????? ???",0,0.17954683303833008
1688,"??????????? ???????????? ""??????????????? ???????""
?????????? ?????????: ????????
# ???????
## ?????????????? ???????",0,0.08747895807027817
1518,"??????????? ???????????? ""?????? (? ????????)""
?????????? ?????????: ????????
# ???????
## ?????????????????? ?????? ?????????????",0,0.13464777171611786
2100,"??????????? ???????????? ""??????? ?????????? ????? ??????? ??????""
?????????? ?????????: ????
# ???????
## ?????????????????????? ???????",0,0.16066491603851318
1355,"??????????? ???????????? ""?????????????? ???????????????????? ??????? (???) ? ????????""
?????????? ?????????: 
# ???????
## ??????? ? ?????????? ?????????",0,0.48438775539398193
633,"??????????? ???????????? ""????????? ??????????????? ??????????????? ????????? ????? ? ???????? ????????""
?????????? ?????????: ????????
# ???????
## ???????????? ? ???????????????? ???????",0,0.6013237833976746
1401,"??????????? ???????????? ""??????????? ?????????? ???????""
?????????? ?????????: ????????
# ???????
## ????????????? ??????? ? ????????? ? ???",0,0.2873508632183075
659,"??????????? ???????????? ""????????? ??????????????? ??????????????? ????????? ????? ? ???????? ????????""
?????????? ?????????: ????????
# ???????
## ???????????????? ??????????",0,0.7961128950119019
904,"??????????? ???????????? ""??????????????? ??????? ????????""
?????????? ?????????: ????
# ???????
## ???? ???????",0,0.09156541526317596
929,"??????????? ???????????? ""???????? ?????????? ?????? ???????????????? ??????????? ???????""
?????????? ?????????: ????????
# ???????
## ???????? ???????",0,0.3911552429199219
381,"??????????? ???????????? ""?????????? ?????? ??????? ???????? ???????""
?????????? ?????????: ????
# ???????
## ?????????????? ???????",0,0.07724276930093765
890,"??????????? ???????????? ""????????? ??????""
?????????? ?????????: ????????
# ???????
## ?????????? ?????????? ???????????",0,0.1961744874715805
888,"??????????? ???????????? ""?????? ????????????? ???????""
?????????? ?????????: ????????
# ???????
## ??????????????? ?????????? ???",0,0.1173718199133873
2120,"??????????? ???????????? ""??????????????? ???????????????? ???????????-???-??????? (??????? ????-???????????, ??????? ?2)""
?????????? ?????????: ???????? ? ????
# ???????
## ???????????????? ???????",0,0.8177406191825867
1923,"??????????? ???????????? ""???????????? ????????? ?????. ???????????? ?????????? ? ????????? ????????? ??????""
?????????? ?????????: ???????? ? ????
# ???????
## ??????? ???????????? ??????? ? ???????????? ????????? ????????? ??????
### ??????????????? ???????",0,0.7740404605865479
2193,"??????????? ???????????? ""???-???????? ? ????????""
?????????? ?????????: ????????
# ???????
## ??????? ????????? ? ????????????? ??????????? ??? ???-????????",1,0.7014344930648804
1985,"??????????? ???????????? ""??????????? ?????????? ??????""
?????????? ?????????: ???????? ? ????
# ???????
## ????????????? ??????? ? ???????? ?????????
### ??????????? ?? ????? ??????? (?????????? ??????????? ??????? ??? ?  ????????? ? ???)",1,0.7636173367500305
2083,"??????????? ???????????? ""??????? ? ????????? ?????""
?????????? ?????????: ????????
# ???????
## ?????????? ???????????? ??????? ???????/????????? ????",0,0.5978714227676392
573,"??????????? ???????????? ""????????? ????????? ??????""
?????????? ?????????: ????????
# ???????
## ????????????????? ??????? ???",0,0.16403385996818542
210,"??????????? ???????????? ""??????????""
?????????? ?????????: ????????
# ???????
## ??????? ???????? ? ?????? ??????????? ? ?????????? ?????????????",1,0.7543372511863708
710,"??????????? ???????????? ""?????????? ???? (???? ???????????, ???????????????? ?????????????? ? ?????????? ???????????)""
?????????? ?????????: ???????? ? ????
# ???????
## ??????? ??????? ??????? ?????",0,0.3850055932998657
912,"??????????? ???????????? ""???????? ???? ? ????????? ????????""
?????????? ?????????: ????
# ???????
## ??????? ????????? ??????????????? ? ???????????????? ????????? ???? (IIIC/D ???????????????? – IV)",1,0.9432138204574585
925,"??????????? ???????????? ""???? ??????? ??????? ? ?????? ?????""
?????????? ?????????: ????????
# ???????
## ????? ???????? ??????? ????? ??????? ???????",0,0.5041783452033997
93,"??????????? ???????????? ""????????????????? ???????""
?????????? ?????????: ???????? ? ????
# ???????
## ????????????????? ???????",0,0.13401706516742706
2178,"??????????? ???????????? ""??????????? ??????? ????????? ???????""
?????????? ?????????: ???????? ? ????
# ???????
## ?????????????? ???????",0,0.13512642681598663
1326,"??????????? ???????????? ""??????? «????????? ??????»""
?????????? ?????????: ???????? ? ????
# ???????
## ????????????? ???????",0,0.06819241493940353
293,"??????????? ???????????? ""???????? ?????""
?????????? ?????????: ????????
# ???????
## ?????????????? ???????
### ???? ? ???????? ???????",0,0.08899214118719101
787,"??????????? ???????????? ""??????? ?????""
?????????? ?????????: ???????? ? ????
# ???????
## ???????????????? ???????",0,0.13220323622226715
2069,"??????????? ???????????? ""????????????? ??? ??????? ????????????? ?????""
?????????? ?????????: ????????
# ???????
## ??????? ???????",0,0.0843973457813263
2134,"??????????? ???????????? ""??????????????? ???????????????  ?????????""
?????????? ?????????: ????????
# ???????
## ????????????",0,0.07973794639110565
282,"??????????? ???????????? ""??????????????? ??????????????? ?????? ? ????????? ??????: ????????????, ??????? ?????""
?????????? ?????????: ????
# ???????
## ??????? ????????? ? ?????????????",1,0.5801102519035339
1063,"??????????? ???????????? ""?????????? ????? ????? ? ????? ? ???????????????""
?????????? ?????????: ???????? ? ????
# ???????
## ??????????? ????????? ? ???????? ?????",0,0.6365824937820435
1674,"??????????? ???????????? ""??? ???????? ??????""
?????????? ?????????: ????????
# ???????
## ????????????",0,0.10103382170200348
782,"??????????? ???????????? ""??? ????????????? ??????""
?????????? ?????????: ????????
# ???????
## ????????????? ???????",0,0.08722179383039474
906,"??????????? ???????????? ""??????? ????????""
?????????? ?????????: ???????? ? ????
# ???????
## ??????? ???????? ? ????????????",1,0.1280573159456253
144,"??????????? ???????????? ""???????? ???????????, ? ??? ????? ??????????? ?????????????????? ???????? ???????????""
?????????? ?????????: ????????
# ???????
## ????????????? ????????? ???????? ???????????? ???????????
### ???????? ???????????????? ??????? ? ???????? ??????????? ?????????????",1,0.7363722920417786
1764,"??????????? ???????????? ""??? ???????? ?????""
?????????? ?????????: ????????
# ???????
## ???????????????? ??????? ? ????????? ? ???",1,0.36929604411125183
732,"??????????? ???????????? ""??????? ??????? ???????""
?????????? ?????????: ????????
# ???????
## ????????????? ???????",0,0.06729104369878769
28,"??????????? ???????????? ""?????? ????????????? ???????""
?????????? ?????????: ????????
# ???????
## ??????????????? ??????? ????????????? ???????",0,0.653136670589447
1450,"??????????? ???????????? ""???????????. ??????????. ?????? ??????? ??????????? ?????? ???????????.""
?????????? ?????????: ???????? ? ????
# ???????
## ????? (?????????) ???????
### ??????????-?????????????? ???????",0,0.5878850221633911
1550,"??????????? ???????????? ""??? ????? ?????""
?????????? ?????????: ????????
# ???????
## ????????????",0,0.09196562319993973
399,"??????????? ???????????? ""????????????? ??????? ? ??????""
?????????? ?????????: ????????
# ???????
## ????????????? ???????",0,0.10472715646028519
1940,"??????????? ???????????? ""??????????? ????? ????????? ???????""
?????????? ?????????: ???????? ? ????
# ???????
## ???? ???????",0,0.06667555123567581
1381,"??????????? ???????????? ""????? ????????? ??????""
?????????? ?????????: ????????
# ???????
## ????????????",0,0.11613142490386963
1183,"??????????? ???????????? ""?????? ??? ??????????? ??????? ?????""
?????????? ?????????: ???????? ? ????
# ???????
## ??????? ????????? ? ??? ? ???????",1,0.09877260774374008
1986,"??????????? ???????????? ""????????????? ???????""
?????????? ?????????: ???????? ? ????
# ???????
## ????????????? ? ???????????????? ???????",0,0.36468416452407837
1185,"??????????? ???????????? ""???????? ??????? ????????????""
?????????? ?????????: ???????? ? ????
# ???????
## ???? ???????",0,0.06640784442424774
435,"??????????? ???????????? ""??????????? ????????????? ?????? /  ??????? ?? ????? ??????????""
?????????? ?????????: ????????
# ???????
## ????? ??????? ???????? ??? (2 ? ??????????? ?????)",0,0.8003668189048767
598,"??????????? ???????????? ""????????????? ???????""
?????????? ?????????: ???????? ? ????
# ???????
## ??????? ?????????????? ??",1,0.09197086840867996
142,"??????????? ???????????? ""???????????? ??????, ???????????? ???????????? ????????????""
?????????? ?????????: 
# ???????
## ?????????? ??????? ?? ?? ????????? ?????",0,0.5736668109893799
581,"??????????? ???????????? ""??????? ???????? ?????""
?????????? ?????????: ????????
# ???????
## ????????????",0,0.11613142490386963
221,"??????????? ???????????? ""????????????????? ??????""
?????????? ?????????: ????????
# ???????
## ??????? ????????? ? ???????????? ???? ?????????????????? ???????",1,0.8363530039787292
2199,"??????????? ???????????? ""???????? ???? ? ????????? ????????""
?????????? ?????????: ????
# ???????
## ??????? ????????? ?????? ??????????? (I–II)",1,0.6756855845451355
1885,"??????????? ???????????? ""??????? ?????""
?????????? ?????????: ????
# ???????
## ?????????????? ???????
### ???????? ????????",0,0.11894451826810837
2077,"??????????? ???????????? ""????????-???????? (???????????????) ???? ? ?????? ????? ?????""
?????????? ?????????: ????????
# ???????
## ???? ???????",0,0.17996469140052795
2029,"??????????? ???????????? ""????????????? ???????""
?????????? ?????????: ???????? ? ????
# ???????
## ???? ???????",0,0.12070998549461365
1024,"??????????? ???????????? ""???????""
?????????? ?????????: ???????? ? ????
# ???????
## ???????????? ???????",0,0.10201779752969742
997,"??????????? ???????????? ""??????????? ???????? ????? ????????. ??????????? ???????? ?????? ?????, ????? ? ?????""
?????????? ?????????: ???????? ? ????
# ???????
## ???????? ?????? ??????????? ?????? ??? ??????????? ???????????",0,0.8446609377861023
1898,"??????????? ???????????? ""??????????????? ??????????????? ??????? ? ???????""
?????????? ?????????: ????????
# ???????
## ??????? ????????? ? ???????????????? ????? ???????
### ???????????? 1-? ?????",1,0.8529151082038879
802,"??????????? ???????????? ""????????? ????????? ??????""
?????????? ?????????: ????????
# ???????
## ??????? ??? ? ????????? ??????????? ?????????
### ???????? ???????????????????",1,0.8787688612937927
131,"??????????? ???????????? ""??????? ????????????? ?????????""
?????????? ?????????: ???????? ? ????
# ???????
## ??????????????????? ???????   ??? ???",1,0.43680045008659363
1087,"??????????? ???????????? ""????????? ????????????????? ?-????????? ?????? ??????""
?????????? ?????????: ???????? ? ????
# ???????
## ???????????? ?? ??????? ????????? ???? FAOD
### ???????????? ?? ???????????? ????????????? ? MCAD, ?????????? ??? ???????????? ?????????",1,0.8983534574508667
704,"??????????? ???????????? ""????????????? ??????? ? ??????""
?????????? ?????????: ????????
# ???????
## ???????????????? ??????? ? ????????? ? ?????????????? ?????????",0,0.8146446943283081
1901,"??????????? ???????????? ""???????????? ????????""
?????????? ?????????: ???????? ? ????
# ???????
## ???? ???????",0,0.12070998549461365
822,"??????????? ???????????? ""????????????. ?????????. ?????, ??????????? ? ?????????????? ???????????? ?? ????? ????????????, ? ????? ? ???????????? ???????.""
?????????? ?????????: ???????? ? ????
# ???????
## ??????? ????????? ? ?? ? ????????? ??????????? ???????",1,0.3215979039669037
1683,"??????????? ???????????? ""????????????????? ????????? ???????? ??????""
?????????? ?????????: ???????? ? ????
# ???????
## ????????????????? ???????",0,0.18050704896450043
540,"??????????? ???????????? ""???????? ????????? ???????????????""
?????????? ?????????: ????????
# ???????
## ????????????? ???????",0,0.13256096839904785
1212,"??????????? ???????????? ""?????????? ? ????????""
?????????? ?????????: ????????
# ???????
## ????? ???????",0,0.08938657492399216
95,"??????????? ???????????? ""?????????????? ??????, ??????? ???????????????????? ??????, ?????????  ? ?????????? ????????????? ??????""
?????????? ?????????: ???????? ? ????
# ???????
## ????????? ? ???????????????? ? ?????????????? ??????",0,0.45221343636512756
400,"??????????? ???????????? ""???????? ? ?????""
?????????? ?????????: ????
# ???????
## ????????? ????????????? ???????",0,0.25400087237358093
655,"??????????? ???????????? ""??????????? ?????????. ??????????? ?????? ????????.""
?????????? ?????????: ???????? ? ????
# ???????
## ????????????? ???????",0,0.3259298503398895
599,"??????????? ???????????? ""??????????????""
?????????? ?????????: ????
# ???????
## ?????????????????? ?????????????",0,0.3429666757583618
1356,"??????????? ???????????? ""?????? ???????? ???????? (???) ? ????????""
?????????? ?????????: ????????
# ???????
## ????????????? ???????",0,0.0804346352815628
1936,"??????????? ???????????? ""??????????? ?????????????? ? ????????""
?????????? ?????????: ????????
# ???????
## ????????? ???????? ?????
### ?????????????? ?????",1,0.7519882321357727
947,"??????????? ???????????? ""???????? ???? ??????????""
?????????? ?????????: ????
# ???????
## ?????????????? ???????",0,0.08646636456251144
1400,"??????????? ???????????? ""????????????????? ??????????? ?????""
?????????? ?????????: ????????
# ???????
## ???????????????????????",0,0.16307996213436127
1239,"??????????? ???????????? ""??????????????? ??????????????? ?????? ? ????????? ??????: ????????????, ??????? ?????""
?????????? ?????????: ????
# ???????
## ???????????? ? ??????? ??????? ? ?????",0,0.6186388731002808
2019,"??????????? ???????????? ""??? ???????? ??????""
?????????? ?????????: ????????
# ???????
## ??????? ???????-??????????? ???? ???????? ??????",1,0.4911375641822815
1184,"??????????? ???????????? ""???????-?12-?????????? ??????""
?????????? ?????????: ???????? ? ????
# ???????
## ??????????? ?? ????? ???????",0,0.0946795642375946
21,"??????????? ???????????? ""???????????""
?????????? ?????????: ???????? ? ????
# ???????
## ?????????? ?????????",0,0.11136018484830856
39,"??????????? ???????????? ""???????? ???????????? ?????? (???)""
?????????? ?????????: ???????? ? ????
# ???????
## ???? ???????",0,0.08269347250461578
1493,"??????????? ???????????? ""??? ???????? ??????""
?????????? ?????????: ????????
# ???????
## ?????????? ? ??????????????? ??? ???????? ??????
### ??????? ?????????????????? ???? ???????? ??????",1,0.8732848167419434
703,"??????????? ???????????? ""?????? ?????????? ???????""
?????????? ?????????: ????????
# ???????
## ??????? ????????? ? ??????? ??????????",1,0.1261160671710968
1983,"??????????? ???????????? ""???????? ????????""
?????????? ?????????: ???????? ? ????
# ???????
## ?????????????? ???????",0,0.13069018721580505
1429,"??????????? ???????????? ""??????? ??? ????????""
?????????? ?????????: ???????? ? ????
# ???????
## ???????????? ???????? ??????? ?????????????? ?????????????",0,0.7751595377922058
758,"??????????? ???????????? ""??????? ??????????? ??? ?????????????? ? ?????? ?????????? ?????? (?????????? ??????????)""
?????????? ?????????: ???????? ? ????
# ???????
## ????????????? ?????? ???????",0,0.5347923040390015
1715,"??????????? ???????????? ""?????????? ?????????? ??? ?????? ???????????""
?????????? ?????????: ????????
# ???????
## ????????????? ???????
### ?????????? ??????????????? ????????",0,0.8198898434638977
1186,"??????????? ???????????? ""???????????? ????????????""
?????????? ?????????: ???????? ? ????
# ???????
## ?????????",0,0.06496987491846085
1779,"??????????? ???????????? ""???????-???????? ?????? ? ?????""
?????????? ?????????: ????
# ???????
## ???????????? ????",0,0.08832032233476639
815,"??????????? ???????????? ""?????????? ???????? ?????? ?????? ? ????, ?????????? ??????-???????? ?????????? ?????? ? ????""
?????????? ?????????: ???????? ? ????
# ???????
## ?????????????? ???????",0,0.432728111743927
530,"??????????? ???????????? ""??????? ?????""
?????????? ?????????: ????
# ???????
## ?????????????? ???????
### ?????????????? ???????",0,0.11755846440792084
1811,"??????????? ???????????? ""????? ?????? ??????? ??????? ?????""
?????????? ?????????: ???????? ? ????
# ???????
## ?????????????? ???????",0,0.17177855968475342
1695,"??????????? ???????????? ""???????????? ???????????? ??????????""
?????????? ?????????: ???????? ? ????
# ???????
## ??????? ????",0,0.07833625376224518
1618,"??????????? ???????????? ""??????? ???????????? ????""
?????????? ?????????: ????????
# ???????
## ??????? ????????? ? ???????? ???????????? ???? ?????????",1,0.7073171734809875
120,"??????????? ???????????? ""????????? ?????? (????????????)""
?????????? ?????????: ???????? ? ????
# ???????
## ?????????????? ???????
### ??????? ??????????? ??????????????? ????????????? ?????? (????)",1,0.8776490092277527
1558,"??????????? ???????????? ""?????? ???????? ?????????????? ?????????? ?????????""
?????????? ?????????: ????????
# ???????
## ????????????? ???????",0,0.10261699557304382
661,"??????????? ???????????? ""??????????? ????????? ???????????????""
?????????? ?????????: ????????
# ???????
## ?????????????? ???????
### ???????, ?????????? ??????? ????? ???? ??????, ? ?? ????????????? ??? ????????? ? ??????????? ????????? ???????????????? II-IV ??????????????? ?????? ? ????????? ???????? ??????? ?????? ?????????",1,0.8027907609939575
538,"??????????? ???????????? ""???????????????????? ???????. ????????????????????/ ???????????????????? ???????????????""
?????????? ?????????: ????????
# ???????
## ????????????? ???????",0,0.3792521059513092
1064,"??????????? ???????????? ""???????? ??????? ? ???????""
?????????? ?????????: ???????? ? ????
# ???????
## ?????????????? ???????",0,0.1157466247677803
1979,"??????????? ???????????? ""??????? ????????""
?????????? ?????????: ???????? ? ????
# ???????
## ?????? ????? ??????? ??? ? ????????? ?????? 60 ???",1,0.7834596037864685
654,"??????????? ???????????? ""????????????????? ??????""
?????????? ?????????: ????????
# ???????
## ??????? ??????? ?????????????????? ?????????????????? ???????",0,0.7657136917114258
1907,"??????????? ???????????? ""???????? ?????""
?????????? ?????????: ????????
# ???????
## ?????????????? ???????
### ???????. ?????? ? ????????????? ?????",1,0.7205966114997864
742,"??????????? ???????????? ""??????? ??????????? ?????""
?????????? ?????????: ???????? ? ????
# ???????
## ???? ????? ???????????? ??????? ???? ??? ?? ?????",0,0.6719779372215271
943,"??????????? ???????????? ""????? ?????""
?????????? ?????????: ???????? ? ????
# ???????
## ????????????? ???????",0,0.07238903641700745
1043,"??????????? ???????????? ""??? ????? ?????""
?????????? ?????????: ????????
# ???????
## ???????????? ??????? ???????",0,0.14110444486141205
222,"??????????? ???????????? ""????? ??????????? ? ??????????. ????? ?????????. ????? ??????????? ?????.""
?????????? ?????????: ???????? ? ????
# ???????
## ???? ???????",0,0.4617626667022705
2042,"??????????? ???????????? ""??????????? ??????????????? ??????? - ????????? ?-????????? ??????????????? ???????, ?-????????? ??????? ??????? ??????? ????????????????? ?  ???????????? ????? c-MYC ? BCL2/BCL6, ????????? ??????????????? ?-????????? ???????, ??????????????? ??????? ????? ????, ??????? ????????, ?????????????? ???????.""
?????????? ?????????: ???????? ? ????
# ???????
## ??????? ????????? ??????? ??? (?????) ? ????????",1,0.8785238862037659
1578,"??????????? ???????????? ""?????????? ? ????????""
?????????? ?????????: ????????
# ???????
## ?????????????
### ?????? ???????????? ???-??? ???????????",1,0.763626217842102
413,"??????????? ???????????? ""?????????? ?????? ?????????? ??????????? ? ????? ? ?????? ?????????? ?????? ?????????????""
?????????? ?????????: ????
# ???????
## ????????????? ???????",0,0.2819778025150299
475,"??????????? ???????????? ""????????????? ???????????? ????????""
?????????? ?????????: ????????
# ???????
## ??????????????? ???????",0,0.07859618216753006
1895,"??????????? ???????????? ""???????????? ?????????? ? ???????? ??????????????? ?????????""
?????????? ?????????: ????????
# ???????
## ????????????????? ???????
### ????????????????? ??????? ??????????? ? ????????????? ?????????????",1,0.7234141230583191
1679,"??????????? ???????????? ""???????? ???? ? ????????? ????????""
?????????? ?????????: ????
# ???????
## ??????????? ??????????? ??????? ???????? ???? ? ????????? ???????? ????????",1,0.8607940077781677
877,"??????????? ???????????? ""??????????????? ???????????????  ????""
?????????? ?????????: ????????
# ???????
## ????????????",0,0.06725876778364182
632,"??????????? ???????????? ""?????????? ????????""
?????????? ?????????: ????
# ???????
## ????????????? ???????",0,0.06820124387741089
83,"??????????? ???????????? ""?????????? ????? ??????????""
?????????? ?????????: ???????? ? ????
# ???????
## ??????????????? ???????",0,0.13709284365177155
945,"??????????? ???????????? ""?????? ????????????? ???????""
?????????? ?????????: ????????
# ???????
## ?????? ????????? ??? ??????? ??????? ?????????????? ???????",0,0.7535309791564941
784,"??????????? ???????????? ""????????????????? ??????????? ?????""
?????????? ?????????: ????????
# ???????
## ?????????????? ???????",0,0.06800248473882675
1766,"??????????? ???????????? ""?????? ???????????????? ??????""
?????????? ?????????: ????????
# ???????
## ?????????????? ??????????????? ????????? ?????? ??? ???",1,0.8359901905059814
759,"??????????? ???????????? ""?????????????""
?????????? ?????????: ???????? ? ????
# ???????
## ?????????????? ???????",0,0.07589404284954071
2107,"??????????? ???????????? ""??????? ???????????? ????""
?????????? ?????????: ????????
# ???????
## ??????? ????????? c ??????? (IE1, I?2, II?) ???????? MALT-??????? ???????",1,0.8929182291030884
2065,"??????????? ???????????? ""??????????? ????????? ???????????????""
?????????? ?????????: ????????
# ???????
## ?????????????? ???????
### ????????????? ??? ??????????? ????????? ???????????????",0,0.8170632719993591
391,"??????????? ???????????? ""?????????????? ??????, ??????? ???????????????????? ??????, ?????????  ? ?????????? ????????????? ??????""
?????????? ?????????: ???????? ? ????
# ???????
## ???????????? ?? ?????????? ????????????? ???????????? ? ????????? ? ??????????????????? ???????",0,0.5641108751296997
1982,"??????????? ???????????? ""????????????? ??????""
?????????? ?????????: ????
# ???????
## ???????????????? ??????? ????????? ? ??",0,0.2403656542301178
232,"??????????? ???????????? ""???????? ??????: ??????????? ?????????????, ?????????? ???? ?????????????""
?????????? ?????????: ????????
# ???????
## ????????????",0,0.3488515019416809
1566,"??????????? ???????????? ""??????????""
?????????? ?????????: ????????
# ???????
## ????????????? ???????",0,0.06762600690126419
1939,"??????????? ???????????? ""????? ???????????? ?????""
?????????? ?????????: ???????? ? ????
# ???????
## ????????????? ???????",0,0.13215601444244385
1762,"??????????? ???????????? ""??????????? ?????????? ???????""
?????????? ?????????: ????????
# ???????
## ??????? ??????? ????????? ? ???????????? ??????????? ?????????",0,0.7135735750198364
196,"??????????? ???????????? ""?????? ?????????????""
?????????? ?????????: ????
# ???????
## ????????????? ???????",0,0.12984317541122437
2152,"??????????? ???????????? ""??????????? ???????? ??????? ?""
?????????? ?????????: ????????
# ???????
## ??????????",1,0.06502317637205124
215,"??????????? ???????????? ""???????????? ????????""
?????????? ?????????: ???????? ? ????
# ???????
## ?????????????? ???????",0,0.1071217805147171
568,"??????????? ???????????? ""??????? ?????????""
?????????? ?????????: ????????
# ???????
## ????????????? ?????? ??????? ?????????",0,0.5341198444366455
2055,"??????????? ???????????? ""???????? ???? ??????""
?????????? ?????????: ???????? ? ????
# ???????
## ?????????????? ???????",0,0.13185781240463257
2154,"??????????? ???????????? ""????????, ??????????????? ? ??????????????? ????????????""
?????????? ?????????: ????????
# ???????
## ????????????? ???????
### ????????????? ??????? ???",0,0.8482382297515869
1164,"??????????? ???????????? ""??????? ????????????? ?????????""
?????????? ?????????: ???????? ? ????
# ???????
## ????????????? ???????",0,0.07016957551240921
1181,"??????????? ???????????? ""????????? ??????? ??????? ???????""
?????????? ?????????: ????????
# ???????
## ?????????????? ???????",0,0.12589186429977417
964,"??????????? ???????????? ""?????? ? ?????? ??????""
?????????? ?????????: ????????
# ???????
## ?????????????? ???????
### ??????? ????????? ? ?? ????????",1,0.529292643070221
1274,"??????????? ???????????? ""????????????? ???????:  ?????????????? ?-??????????""
?????????? ?????????: ???????? ? ????
# ???????
## ?????????????????? ? ????????????? ??????? ? ???????? ????????? ? IgAN",1,0.9080460071563721
1503,"??????????? ???????????? ""?????? ????????????? ???????""
?????????? ?????????: ????????
# ???????
## ???????????????? ???????",0,0.07510299235582352
470,"??????????? ???????????? ""??????????????? ??????????????? ?????, ???????? ???????, ???????????, ?????? ? ???????????? ??????? ???????""
?????????? ?????????: ????
# ???????
## ??????????? ???????? ? ??????????",0,0.2913466691970825
197,"??????????? ???????????? ""????????????????? ?????????????""
?????????? ?????????: ????????
# ???????
## ?????????????? ???????",0,0.12589186429977417
459,"??????????? ???????????? ""??? ???????""
?????????? ?????????: ????????
# ???????
## ???? ???????",0,0.1118144765496254
630,"??????????? ???????????? ""??????????? ?????????? ?????? ????????????? ?????""
?????????? ?????????: ????????
# ???????
## ?????????????? ???????",0,0.2526436150074005
1594,"??????????? ???????????? ""??????? ?????""
?????????? ?????????: ???????? ? ????
# ???????
## ?????????????? ???????",0,0.12932558357715607
1205,"??????????? ???????????? ""??????????? ?????????""
?????????? ?????????: ???????? ? ????
# ???????
## ????????????? ???????",0,0.06887149065732956
1459,"??????????? ???????????? ""????? ?????""
?????????? ?????????: ???????? ? ????
# ???????
## ?????????????? ???????",0,0.1287228763103485
1180,"??????????? ???????????? ""???????????? ????????????? ? ?????""
?????????? ?????????: ????
# ???????
## ???? ???????",0,0.08008763939142227
1960,"??????????? ???????????? ""?????????? ???????""
?????????? ?????????: ???????? ? ????
# ???????
## ????????????? ???????",0,0.08410892635583878
427,"??????????? ???????????? ""?????????? ?????????? ??????????????? (???)""
?????????? ?????????: 
# ???????
## ????????????? ???????",0,0.06465233862400055
363,"??????????? ???????????? ""????????????? ?????????? ???????""
?????????? ?????????: ????????
# ???????
## ?????????????? ???????",0,0.09135494381189346
722,"??????????? ???????????? ""??? ??????""
?????????? ?????????: ????????
# ???????
## ????????????",0,0.09060480445623398
1489,"??????????? ???????????? ""????????? ????????? ??????""
?????????? ?????????: ????????
# ???????
## ??????? ??? ? ????????? ??????????? ?????????
### ??? ? ????????? ?????? ??????",1,0.811374843120575
1830,"??????????? ???????????? ""??????????? ?????????? ??????????? (??????????? ???????????)""
?????????? ?????????: ????????
# ???????
## ?????????????? ???????",0,0.4781746566295624
1088,"??????????? ???????????? ""??????? ??????""
?????????? ?????????: ????????
# ???????
## ????????????? ???????",0,0.11736813932657242
1905,"??????????? ???????????? ""?????????? ????????? ?????""
?????????? ?????????: ????????
# ???????
## ?????????????? ???????",0,0.09276451915502548
187,"??????????? ???????????? ""????????????? ???????:  ?????????????? ?-??????????""
?????????? ?????????: ???????? ? ????
# ???????
## ????? ??????? ? ??????? IgAN ? ?????",1,0.895193338394165
1072,"??????????? ???????????? ""?????????????? ????????? ????????""
?????????? ?????????: ???????? ? ????
# ???????
## ?????????? ???????????? ??????? ??? ???????????? ?????? ??????",0,0.7972636222839355
500,"??????????? ???????????? ""?????????""
?????????? ?????????: ???????? ? ????
# ???????
## ?????????????? ???????
### ??????????????? ???????",0,0.27273744344711304
1590,"??????????? ???????????? ""???????????? ?????????? ? ???????? ??????????????? ?????????""
?????????? ?????????: ????????
# ???????
## ?????????????????? ??????? ? ??????? ???????????? ????????????",0,0.8268209099769592
2194,"??????????? ???????????? ""???????? ?????????? ?? ????? ???????????? ? ???????????? ???????. ?????????? ?????????????""
?????????? ?????????: ???????? ? ????
# ???????
## ????????? ? ???????????????? ???????",0,0.6099377274513245
1083,"??????????? ???????????? ""????????????? ??????? ??????? ??????""
?????????? ?????????: ????????
# ???????
## ??????? ????? ? ??????????????? ?????????
### ??????? ????? ? ????????? ? ??????????? ???????? ?????",1,0.7237647175788879
209,"??????????? ???????????? ""??????????-????????? ?????????""
?????????? ?????????: ???????? ? ????
# ???????
## ???????????? ?????????? ???",0,0.1204642578959465
382,"??????????? ???????????? ""???????????????? ??????""
?????????? ?????????: ???????? ? ????
# ???????
## ????????????? ???????",0,0.06798549741506577
1774,"??????????? ???????????? ""????????????????? ??? ????""
?????????? ?????????: ????????
# ???????
## ????????????",0,0.08760129660367966
281,"??????????? ???????????? ""????????? ?????????? ?????? ???????? ??? (?????)""
?????????? ?????????: ???????? ? ????
# ???????
## ????????????? ???????",0,0.19900232553482056
1973,"??????????? ???????????? ""???????? ??????????? ? ?????""
?????????? ?????????: ????
# ???????
## ????????????????? ???????",0,0.101749949157238
829,"??????????? ???????????? ""??????? ??????""
?????????? ?????????: ???????? ? ????
# ???????
## ????????????? ???????",0,0.13872022926807404
77,"??????????? ???????????? ""?????""
?????????? ?????????: ????????
# ???????
## ????????????? ???????",0,0.06644410640001297
1119,"??????????? ???????????? ""???????? ???? ? ????????? ????????""
?????????? ?????????: ????????
# ???????
## ?????????????",0,0.08483057469129562
1669,"??????????? ???????????? ""?????? ??????? A (??) ? ????????""
?????????? ?????????: ????????
# ???????
## ?????????????? ???????",0,0.13329948484897614
1795,"??????????? ???????????? ""????????????? ??????""
?????????? ?????????: ????
# ???????
## ??????? ???????????? ???? ? ????????? ??",1,0.5495970845222473
307,"??????????? ???????????? ""????????????? ?????????? ???""
?????????? ?????????: ????????
# ???????
## ????????????? ??????? ??????? ?????????? ?????????????? ??????????? ????",0,0.8602133393287659
425,"??????????? ???????????? ""?????-??????????????. ?????????????? ??????? ?????""
?????????? ?????????: ???????? ? ????
# ???????
## ????????????????? ?????? ???????",0,0.5119825005531311
354,"??????????? ???????????? ""??????????? ?????????""
?????????? ?????????: ???????? ? ????
# ???????
## ???? ???????",0,0.12070998549461365
62,"??????????? ???????????? ""???????? ???????????, ? ??? ????? ??????????? ?????????????????? ???????? ???????????""
?????????? ?????????: ????????
# ???????
## ????????????? ????????? ???????? ???????????? ???????????
### ???????? ???????????? ???????????, ??????????????? ? ???-?????????",1,0.7482877373695374
1633,"??????????? ???????????? ""??????????? ????????""
?????????? ?????????: ???????? ? ????
# ???????
## ???????? ???????
### ????????? ????????????????? ???????",0,0.7904137372970581
614,"??????????? ???????????? ""???????????????? ????????? ????????????""
?????????? ?????????: ????????
# ???????
## ???????????????????
### ??????? ??????? ?????",1,0.6448282599449158
2167,"??????????? ???????????? ""????????? ??????""
?????????? ?????????: ????????
# ???????
## ?????????????",0,0.10794685035943985
981,"??????????? ???????????? ""??????????????? 3-?????????????-??? ???????????? (3-???????????????????????, ????????????? ??? ?????????????? ???????????????)""
?????????? ?????????: ???????? ? ????
# ???????
## ???????????????? ???????",0,0.44756585359573364
1496,"??????????? ???????????? ""??? ????????????? ??????""
?????????? ?????????: ????????
# ???????
## ?????????????? ???????
### ???????????????? ? ??????????? ???????",1,0.835469126701355
681,"??????????? ???????????? ""????????? ??????""
?????????? ?????????: ????????
# ???????
## ?????????????? ???????? ? ??????? ???????? ??????",0,0.6939727663993835
948,"??????????? ???????????? ""??????????? ??????????????? ??????? - ????????? ?-????????? ??????????????? ???????, ?-????????? ??????? ??????? ??????? ????????????????? ?  ???????????? ????? c-MYC ? BCL2/BCL6, ????????? ??????????????? ?-????????? ???????, ??????????????? ??????? ????? ????, ??????? ????????, ?????????????? ???????.""
?????????? ?????????: ???????? ? ????
# ???????
## ?????? ????? ??????? ????????? ??????????????? (??????????) ?-????????? ??????????????? ??????? ? ????????",1,0.8910302519798279
147,"??????????? ???????????? ""???????? ???????????, ? ??? ????? ??????????? ?????????????????? ???????? ???????????""
?????????? ?????????: ????????
# ???????
## ????????????? ????????? ???????? ???????????? ???????????
### ???????? ???????????? ???????????, ??????????????? ? ??????????? ???????? ??????",1,0.8831322193145752
1268,"??????????? ???????????? ""????????????? ???????: ????????-???????????? ????????????????""
?????????? ?????????: ????????
# ???????
## ???????????????????? ??????? ????",0,0.7762758135795593
2021,"??????????? ???????????? ""???????????. ??????????. ?????? ??????? ??????????? ?????? ???????????.""
?????????? ?????????: ???????? ? ????
# ???????
## ??????? ?? ????? ????????? ??????-?????????? ? ?????????????????? ??????????? ??????",0,0.8431110978126526
949,"??????????? ???????????? ""??????? ?? ?????? ??????""
?????????? ?????????: ????????
# ???????
## ??????? ????????? ? ???????????? ????",0,0.18158654868602753
288,"??????????? ???????????? ""?????? ???????""
?????????? ?????????: ???????? ? ????
# ???????
## ?????????????? ???????",0,0.11129279434680939
1070,"??????????? ???????????? ""?????? ????""
?????????? ?????????: ???????? ? ????
# ???????
## ???? ???????",0,0.11292880028486252
2059,"??????????? ???????????? ""??? ?????????????? ??????""
?????????? ?????????: ????????
# ???????
## ????????????? ???????
### ???????????? ??????? ?????? ?????",0,0.7821207642555237
1292,"??????????? ???????????? ""???????? ????????""
?????????? ?????????: ???????? ? ????
# ???????
## ???? ???????",0,0.06424178183078766
583,"??????????? ???????????? ""?????????? ?? ????????""
?????????? ?????????: ????????
# ???????
## ???????? ???????",0,0.09477438777685165
961,"??????????? ???????????? ""?????? ?????????????""
?????????? ?????????: ????
# ???????
## ?????????????? ???????
### ??????????? ?????????",0,0.09254147112369537
1294,"??????????? ???????????? ""?????????? ?????????? ???? ????????????? (????????????????? ???????)""
?????????? ?????????: ????????
# ???????
## ???? ???????",0,0.29144933819770813
2136,"??????????? ???????????? ""??????????????? ??????""
?????????? ?????????: ???????? ? ????
# ???????
## ????????????? ???????",0,0.10494167357683182
1602,"??????????? ???????????? ""??????? ?????????""
?????????? ?????????: ????????
# ???????
## ??????? ????????? ? ?????? ? ????????????? ????????????",1,0.8111138343811035
1131,"??????????? ???????????? ""???????????????? ????""
?????????? ?????????: ????????
# ???????
## ?????????????? ???????",0,0.1025342047214508
657,"??????????? ???????????? ""??????????""
?????????? ?????????: ???????? ? ????
# ???????
## ????????????? ???????",0,0.1239963173866272
2102,"??????????? ???????????? ""???????? ?????????? ?? ????? ???????????? ? ???????????? ???????. ?????????? ?????????????""
?????????? ?????????: ???????? ? ????
# ???????
## ?????????????? ?????? ???????",0,0.37803876399993896
700,"??????????? ???????????? ""????????? ?-????????? ???????""
?????????? ?????????: ???????? ? ????
# ???????
## ?????? ????? ??????? ????????? ? ??????????????? NK/T-????????? ???????? ? ???????? ? ?????",1,0.8697468042373657
897,"??????????? ???????????? ""????????? ?????? ?????""
?????????? ?????????: ????????
# ???????
## ????????????? ???????",0,0.13266292214393616
679,"??????????? ???????????? ""??????????? ???????? ??????? ?""
?????????? ?????????: ????????
# ???????
## ?????????????",1,0.08654773235321045
1055,"??????????? ???????????? ""??????????""
?????????? ?????????: ???????? ? ????
# ???????
## ?????????? ? ?????????? ?????? ?????????????",0,0.5633360147476196
1318,"??????????? ???????????? ""????????????? ???????? ????????? ? ???????? ??????? ??????""
?????????? ?????????: ???????? ? ????
# ???????
## ??????? ?? ???????????? ???????? ??????? ?????????",0,0.45433229207992554
247,"??????????? ???????????? ""??????? 3-????????-3-?????????????-??? ?????""
?????????? ?????????: ???????? ? ????
# ???????
## ???????????????? ???????",0,0.30749279260635376
236,"??????????? ???????????? ""???????? ???? ?????????? (???)""
?????????? ?????????: ????????
# ???????
## ??????????? ???????? ???????? ????",0,0.17490918934345245
1609,"??????????? ???????????? ""????????????????? ????????? ???????? ??????""
?????????? ?????????: ???????? ? ????
# ???????
## ?????????? ??????? ??? ??? ????",1,0.38888680934906006
552,"??????????? ???????????? ""???????????? ?????????? ? ???????? ??????????????? ?????????""
?????????? ?????????: ????????
# ???????
## ????????????????? ???????
### ????????????????? ??????? ???????????????? ???????????",1,0.6301936507225037
2200,"??????????? ???????????? ""????? ????????? ??????""
?????????? ?????????: ????????
# ???????
## ????????????? ???????",0,0.10025528818368912
2161,"??????????? ???????????? ""???????????? ???????????? ??????????""
?????????? ?????????: ???????? ? ????
# ???????
## ??????? ???????, ???????????? ????
### ??????????? ???????",0,0.8220407962799072
1151,"??????????? ???????????? ""?????????? ????????? ?????? ?????""
?????????? ?????????: ????
# ???????
## ??????????????? ?????????????",0,0.15102188289165497
1171,"??????????? ???????????? ""??????? ?????""
?????????? ?????????: ???????? ? ????
# ???????
## ????????????? ???????",0,0.07113703340291977
1397,"??????????? ???????????? ""?????-??????????????. ?????????????? ??????? ?????""
?????????? ?????????: ???????? ? ????
# ???????
## ?????????????? ??????????? ??????? ??????????? ?????",1,0.8391796946525574
1455,"??????????? ???????????? ""??????????? ????????????? ??????? ??????""
?????????? ?????????: ????????
# ???????
## ????????????? ???????",0,0.0830054059624672
2000,"??????????? ???????????? ""???????????? ????????""
?????????? ?????????: ???????? ? ????
# ???????
## ????????????? ???????",0,0.13516753911972046
548,"??????????? ???????????? ""???????? ?????? 2 ???? ? ????????""
?????????? ?????????: ????????
# ???????
## ????????????????? ?????? ???????",0,0.21303729712963104
1725,"??????????? ???????????? ""??????? ??? (????????, ????????? Salmonella Typhi) ? ????????""
?????????? ?????????: ????????
# ???????
## ????????????? ???????",0,0.4027898609638214
1548,"??????????? ???????????? ""?????? (? ????????)""
?????????? ?????????: ????????
# ???????
## ?????????????? ????????? ? ?????????? ???????",0,0.4709951877593994
464,"??????????? ???????????? ""??????????????? ???????????????  ?????????""
?????????? ?????????: ????????
# ???????
## ???????? ??????? ???????",0,0.13616758584976196
1143,"??????????? ???????????? ""???????? ???????? ?????""
?????????? ?????????: ????????
# ???????
## ????????????????? ????????????",0,0.1873922049999237
896,"??????????? ???????????? ""??? ???????""
?????????? ?????????: ????????
# ???????
## ?????????????",0,0.09300217032432556
211,"??????????? ???????????? ""???????????? ?????????? ? ???????? ??????????????? ?????????""
?????????? ?????????: ????????
# ???????
## ????????????? ???????
### ????????????? ??????? ? ??????? ??????? ????????? ? ???????????? ????????????",0,0.77352374792099
1383,"??????????? ???????????? ""??????????? ??????? ??????? (???) ? ???????? ?????????, ??????????? ? ???????????? ??????????? ??????""
?????????? ?????????: ????????
# ???????
## ????????????????? ???????",0,0.17003366351127625
1592,"??????????? ???????????? ""???????? ??????? ???????? ?????""
?????????? ?????????: ???????? ? ????
# ???????
## ?????????????? ???????",0,0.12443751841783524
1833,"??????????? ???????????? ""???????? ??????????""
?????????? ?????????: ????
# ???????
## ????????????? ??????? (????????? ? ???????????, ? ??? ????? ?????????? ?????????????? ???????; ?????? ?????????????? ???????)",0,0.864953875541687
1835,"??????????? ???????????? ""?????????????????? ??? ?????????? ??????""
?????????? ?????????: ????????
# ???????
## ????????????? ???????",0,0.0830054059624672
685,"??????????? ???????????? ""??? ???????? ??????""
?????????? ?????????: ????????
# ???????
## ?????????? ? ???????? ???????. ?????? ???????",0,0.47763291001319885
537,"??????????? ???????????? ""???????????? ?????????????? ???????""
?????????? ?????????: 
# ???????
## ???? ???????",0,0.11860968172550201
786,"??????????? ???????????? ""???? ???????????, ?????????????? ????? ???????? ???????""
?????????? ?????????: ???????? ? ????
# ???????
## ??????????? ????????? ? ?????????????? ????? ??",0,0.7818870544433594
770,"??????????? ???????????? ""???????????? ?????""
?????????? ?????????: ???????? ? ????
# ???????
## ??????????????? ???????
### ??????? ?????????? ??",0,0.6463181376457214
2061,"??????????? ???????????? ""???????? ? ????????""
?????????? ?????????: ????????
# ???????
## ????????????? ???????",0,0.07097113877534866
2062,"??????????? ???????????? ""?????????? ???????""
?????????? ?????????: ????????
# ???????
## ????????????????? ?????? ??????? ?????????? ???????",0,0.6482903957366943
884,"??????????? ???????????? ""??????????? ??????????""
?????????? ?????????: ????????
# ???????
## ????????????? ???????
### ??????? ????????? ??????????? ??? ??????????? ???????????",1,0.8666549324989319
457,"??????????? ???????????? ""????????????. ?????????. ?????, ??????????? ? ?????????????? ???????????? ?? ????? ????????????, ? ????? ? ???????????? ???????.""
?????????? ?????????: ???????? ? ????
# ???????
## ????????????????? ???????",0,0.5098264813423157
1497,"??????????? ???????????? ""?????????? ? ????????""
?????????? ?????????: ????????
# ???????
## ?????????????
### ?????? ???????????? ??? ???????????",1,0.553500771522522
1215,"??????????? ???????????? ""???????????? ?????????? ? ???????? ??????????????? ?????????""
?????????? ?????????: ????????
# ???????
## ????????????????? ???????
### ????????????????? ??????? ???????????????? ???????????",1,0.4765377938747406
2099,"??????????? ???????????? ""?????? (? ????????)""
?????????? ?????????: ????????
# ???????
## ???????? ????????",0,0.10827329754829407
901,"??????????? ???????????? ""????????? ????????????????? ?-????????? ?????? ??????""
?????????? ?????????: ???????? ? ????
# ???????
## ???????????????? ???????",0,0.32742300629615784
2141,"??????????? ???????????? ""??? ??????""
?????????? ?????????: ????????
# ???????
## ?????????????",0,0.10593731701374054
1298,"??????????? ???????????? ""???????? ??????? ?????? ??????????""
?????????? ?????????: ???????? ? ????
# ???????
## ???? ???????",0,0.12301899492740631
1396,"??????????? ???????????? ""?????????????? ?????????""
?????????? ?????????: ???????? ? ????
# ???????
## ????????????? ????????????",0,0.17887799441814423
1039,"??????????? ???????????? ""??????????? ???? ? ????????? ???????? ? ??????????? ????????""
?????????? ?????????: ????????
# ???????
## ??????? ? ??????? ??????????? ???? ?????? 60 ???",1,0.8671352863311768
2071,"??????????? ???????????? ""???????-???????????? ???????????????""
?????????? ?????????: ???????? ? ????
# ???????
## ????????????? ?????? ???????",0,0.11822186410427094
974,"??????????? ???????????? ""??????????? ???????? ?????????????????? ????????????? ? ????????????? ?????????????""
?????????? ?????????: ???????? ? ????
# ???????
## ???????? ?????? ??????????? ?????? ??? ??????????? ???????????",0,0.7716562747955322
1057,"??????????? ???????????? ""??????????? ????????""
?????????? ?????????: ???????? ? ????
# ???????
## ???????? ???????
### ????????? ??????? ????????? ? ??????????? ??????????",0,0.8257557153701782
1728,"??????????? ???????????? ""????????????? ??????? ? ??????""
?????????? ?????????: ????????
# ???????
## ?????????????",0,0.08654773235321045
2158,"??????????? ???????????? ""?????? ???????? ?????????????? ?????????? ?????????""
?????????? ?????????: ????????
# ???????
## ???????????? ?????? ???????",0,0.24388425052165985
287,"??????????? ???????????? ""??????? ???????-???? ??? ?""
?????????? ?????????: ???????? ? ????
# ???????
## ???????????????? ???????",0,0.15177293121814728
1365,"??????????? ???????????? ""??????? ???????? ??????? ? ???????? ??????????????? ??????????? (??? ? ????)""
?????????? ?????????: ????
# ???????
## ????????????? ???????",0,0.4599563777446747
980,"??????????? ???????????? ""????? ???????????? ?????""
?????????? ?????????: ???????? ? ????
# ???????
## ??????????????? ?????????????",0,0.14651831984519958
2110,"??????????? ???????????? ""??????????? ?????? ????????? ???????""
?????????? ?????????: ???????? ? ????
# ???????
## ?????????????? ???????",0,0.0715041533112526
477,"??????????? ???????????? ""??????? ? ????????? ?????""
?????????? ?????????: ????????
# ???????
## ?????????????? ???????",0,0.08747895807027817
1051,"??????????? ???????????? ""?????????????? ???????????""
?????????? ?????????: ???????? ? ????
# ???????
## ????????????? ???????",0,0.0870649442076683
1238,"??????????? ???????????? ""??????????? ??????????????  ????????????????? ??????????????????????""
?????????? ?????????: ????????
# ???????
## ???????????????? ??????? ?????? ?????",0,0.48064425587654114
143,"??????????? ???????????? ""???????? ?????""
?????????? ?????????: ????????
# ???????
## ?????????????? ???????
### ??????????? (??????????)",0,0.10234249383211136
1580,"??????????? ???????????? ""??????? ?????? ???????""
?????????? ?????????: ????
# ???????
## ???? ???????",0,0.08838755637407303
522,"??????????? ???????????? ""???? ??????? ??????""
?????????? ?????????: ???????? ? ????
# ???????
## ????????????? ???????",0,0.08410892635583878
2033,"??????????? ???????????? ""????????????. ?????????. ?????, ??????????? ? ?????????????? ???????????? ?? ????? ????????????, ? ????? ? ???????????? ???????.""
?????????? ?????????: ???????? ? ????
# ???????
## ?????? ?????? ??? ???????? ?????????",0,0.3183757960796356
2129,"??????????? ???????????? ""??????? ? ????????""
?????????? ?????????: ????????
# ???????
## ??????????????? ???????",1,0.20693457126617432
30,"??????????? ???????????? ""?????????? ??????????? ??????????, ?????????????? ?????????? ? ???????????? ????""
?????????? ?????????: ???????? ? ????
# ???????
## ???????????????? ???????",0,0.3380245268344879
481,"??????????? ???????????? ""?????? ??????? ? (???) ? ?????""
?????????? ?????????: ????
# ???????
## ???? ???????",0,0.085129015147686
1588,"??????????? ???????????? ""??????????-????????? ?????????""
?????????? ?????????: ???????? ? ????
# ???????
## ?????????????? ??????????????? ????????? ??????",1,0.7260302305221558
1824,"??????????? ???????????? ""???????? ?????? 2 ???? ? ????????""
?????????? ?????????: ????????
# ???????
## ????????????",0,0.08365468680858612
301,"??????????? ???????????? ""??????????? ????????""
?????????? ?????????: ???????? ? ????
# ???????
## ?????????????? ???????",0,0.13482366502285004
48,"??????????? ???????????? ""????????, ??????????????? ? ??????????????? ????????????""
?????????? ?????????: ????????
# ???????
## ?????????????? ???????",0,0.38700300455093384
231,"??????????? ???????????? ""?????? ???????? ???????? (???) ? ????????""
?????????? ?????????: ????????
# ???????
## ?????????????? ???????",0,0.12735463678836823
1241,"??????????? ???????????? ""????????????? ?????? ??????????????? ??????? (?????????????????)""
?????????? ?????????: ???????? ? ????
# ???????
## ?????????????????? ???????",0,0.40864935517311096
1884,"??????????? ???????????? ""??????????????? ???????""
?????????? ?????????: ????????
# ???????
## ??????? ?????????????????? ???
### ????????????? ???????",1,0.7170263528823853
1507,"??????????? ???????????? ""??????????? ?????????. ??????????? ?????? ????????.""
?????????? ?????????: ???????? ? ????
# ???????
## ??????????????? ??????? ????? ?????????? ?/??? ?????????????",0,0.45141837000846863
438,"??????????? ???????????? ""??????????? ?????????????? ? ????????""
?????????? ?????????: ????????
# ???????
## ????????? ??????????? ?????
### ?????????????? ?????????",1,0.7920766472816467
1027,"??????????? ???????????? ""????? ????""
?????????? ?????????: ???????? ? ????
# ???????
## ????????????? ???????",0,0.06797682493925095
878,"??????????? ???????????? ""???????? ?????? 2 ???? ? ????????""
?????????? ?????????: ????????
# ???????
## ??????????????? ???????
### ????? ???????? ??????????????? ???????",0,0.8745874166488647
59,"??????????? ???????????? ""??????????? ? ????????????? ????????????, ????????? ????????????? ?????? (????????). ??????? ??????????? ?? ??????, ??????? ?????? ?????? ? ????????""
?????????? ?????????: ????????
# ???????
## ????????????? ???????",0,0.7492488026618958
1902,"??????????? ???????????? ""?????? (? ????????)""
?????????? ?????????: ????????
# ???????
## ???????? ????????????? ?????",0,0.12112931162118912
1881,"??????????? ???????????? ""??????????""
?????????? ?????????: ????????
# ???????
## ?????????????? ???????",0,0.0687846690416336
846,"??????????? ???????????? ""??????""
?????????? ?????????: ???????? ? ????
# ???????
## ??????????????? ???????",0,0.11900253593921661
1388,"??????????? ???????????? ""???????? ???? ? ????????? ????????""
?????????? ?????????: ????????
# ???????
## ??????? ????????? ??????????????? ? ???????????????? ????????? ???? (IIIC/D ???????????????? – IV ?????? ??? ?? ??????????)
### ????? ??????? ? ????????? ??????????????? ??? ?????????????? ????????? ???? ? ???????? ? ???? KIT",1,0.9223988652229309
1012,"??????????? ???????????? ""????? ?????""
?????????? ?????????: ????????
# ???????
## ????????????? ?????? ???????",0,0.1177014634013176
454,"??????????? ???????????? ""??? ?????????????? ??????""
?????????? ?????????: ????????
# ???????
## ?????????? ?????????? (??????????? ???????)",0,0.42637068033218384
100,"??????????? ???????????? ""?????????""
?????????? ?????????: ???????? ? ????
# ???????
## ????????????? ???????
### ????????????????? ????????",0,0.30617576837539673
1207,"??????????? ???????????? ""??????????? ????????""
?????????? ?????????: ???????? ? ????
# ???????
## ???????? ???????
### ??????? ???????????? ???????????? ????????",1,0.8351618647575378
384,"??????????? ???????????? ""????????? ?????? (????????????)""
?????????? ?????????: ???????? ? ????
# ???????
## ?????????????? ???????
### ???????????????? ???????",0,0.8188970685005188
584,"??????????? ???????????? ""???????? ?????????? ?? ????? ???????????? ? ???????????? ???????. ?????????? ?????????????""
?????????? ?????????: ???????? ? ????
# ???????
## ????????????? ???????:",0,0.620659351348877
103,"??????????? ???????????? ""??????????? ????????????? ?????? /  ??????? ?? ????? ??????????""
?????????? ?????????: ????????
# ???????
## ????????? ? ?????? ??????? ?-?????????? ???",0,0.6533886790275574
1516,"??????????? ???????????? ""?????????? ???????? ??? 1""
?????????? ?????????: ???????? ? ????
# ???????
## ?????????????? ???????",0,0.07001577317714691
837,"??????????? ???????????? ""?????????????? ??????, ??????? ???????????????????? ??????, ?????????  ? ?????????? ????????????? ??????""
?????????? ?????????: ???????? ? ????
# ???????
## ?????????????????? ???????
### ?????????????? ?????????????????? ???????",0,0.5862177014350891
1037,"??????????? ???????????? ""???????????????? ????????? ????????????""
?????????? ?????????: ????????
# ???????
## ???????????????????
### ???????????? ? ?????????? ???????????????????",0,0.6294662356376648
34,"??????????? ???????????? ""?????? ???????????????? ??????""
?????????? ?????????: ????????
# ???????
## ???????????? ? ??????? ?????????????",1,0.31679943203926086
745,"??????????? ???????????? ""?????????? ????????????""
?????????? ?????????: ????
# ???????
## ????????????? ?????? ???????",0,0.14511333405971527
556,"??????????? ???????????? ""?????????????? ????????? ????????""
?????????? ?????????: ???????? ? ????
# ???????
## ???????????????????? ?????????????????? ???????",0,0.8261712789535522
112,"??????????? ???????????? ""?????? ????????????? ???????? ???????? (????)""
?????????? ?????????: ????
# ???????
## ?????????????? ???????",0,0.09740861505270004
2013,"??????????? ???????????? ""?????????? ?????????""
?????????? ?????????: ????
# ???????
## ?????????????? ???????",0,0.10430822521448135
1430,"??????????? ???????????? ""????????? ?????? (????????????)""
?????????? ?????????: ???????? ? ????
# ???????
## ???????????? ??????",0,0.13511784374713898
478,"??????????? ???????????? ""??????????? ??????????""
?????????? ?????????: ????????
# ???????
## ????????????",0,0.09098118543624878
1846,"??????????? ???????????? ""??????????????? ???????? ????????? ???????. ??????????????? ???????? ????????? ???????""
?????????? ?????????: ????
# ???????
## ???????????? ??????????? ??????",0,0.5238832831382751
1084,"??????????? ???????????? ""???????????""
?????????? ?????????: ???????? ? ????
# ???????
## ????????????? ???????",0,0.12630760669708252
867,"??????????? ???????????? ""??????????????? ???????? ? ?????""
?????????? ?????????: ????
# ???????
## ?????????????? ???????",0,0.06827251613140106
861,"??????????? ???????????? ""???????????? ??????, ???????????? ???????????? ????????????""
?????????? ?????????: 
# ???????
## ????????????????? (????????????????) ???????",0,0.5004302859306335
609,"??????????? ???????????? ""???????????????? ???""
?????????? ?????????: ???????? ? ????
# ???????",0,0.095030277967453
1531,"??????????? ???????????? ""?????????? ?????? ??????? ???????? ???????""
?????????? ?????????: ????
# ???????
## ????????????? ???????",0,0.07654205709695816
2008,"??????????? ???????????? ""??????????? ???????? ???????? ? ?????????????""
?????????? ?????????: ???????? ? ????
# ???????
## ???????? ?????????????????? ??????????? ??????",0,0.8167430758476257
1814,"??????????? ???????????? ""?????????? ???????""
?????????? ?????????: ????????
# ???????
## ???????? ???????? ??????? ????????? ? ????????? ??",0,0.6878504157066345
421,"??????????? ???????????? ""??????????? ????????? ???????????????""
?????????? ?????????: ????????
# ???????
## ?????????????? ???????
### ??????? ????????? ? ??? ? ?????? ???????",1,0.8071461915969849
1248,"??????????? ???????????? ""??????????? ???? ? ????????? ???????? ? ??????????? ????????""
?????????? ?????????: ????????
# ???????
## ??????????????? ???????",0,0.6223780512809753
380,"??????????? ???????????? ""??????? «????????? ??????»""
?????????? ?????????: ???????? ? ????
# ???????
## ???????? ??????????? ?????????????, ?????????",0,0.6310978531837463
592,"??????????? ???????????? ""??????? ?????????? ????? ??????? ??????""
?????????? ?????????: ????
# ???????
## ?????????????? ???????",0,0.06615705788135529
2146,"??????????? ???????????? ""???????? ????????? ????? (????? ?????????????? ?????? ????????? ?????)""
?????????? ?????????: ???????? ? ????
# ???????
## ?????????????? ???????
### ????????????????? ???????",0,0.5595695376396179
2052,"??????????? ???????????? ""??????????-????????? ?????????""
?????????? ?????????: ???????? ? ????
# ???????
## ????????????? ???????",0,0.12792335450649261
488,"??????????? ???????????? ""??????????? ??????????????? ??????? - ????????? ?-????????? ??????????????? ???????, ?-????????? ??????? ??????? ??????? ????????????????? ?  ???????????? ????? c-MYC ? BCL2/BCL6, ????????? ??????????????? ?-????????? ???????, ??????????????? ??????? ????? ????, ??????? ????????, ?????????????? ???????.""
?????????? ?????????: ???????? ? ????
# ???????
## ??????? ?????????????? ??????? ? ????????",1,0.9416414499282837
2208,"??????????? ???????????? ""????????????? ????????? ? ????????""
?????????? ?????????: ????????
# ???????
## ??????? ??????????????????? ?????????
### ??????????? ???",0,0.6501309871673584
1003,"??????????? ???????????? ""???????? ?????????? ?????? ???????????????? ??????????? ???????""
?????????? ?????????: ????????
# ???????
## ????????????? ???????",0,0.453536719083786
1604,"??????????? ???????????? ""???????? ???? ? ????????? ????????""
?????????? ?????????: ????
# ???????
## ??????? ????????? ????????? ???? III ??????",1,0.6360023617744446
2070,"??????????? ???????????? ""?????? ???????????""
?????????? ?????????: ???????? ? ????
# ???????
## ??????? ?? ??? ???????????",1,0.09118443727493286
91,"??????????? ???????????? ""????? ??????????? ? ??????????. ????? ?????????. ????? ??????????? ?????.""
?????????? ?????????: ???????? ? ????
# ???????
## ????? (?????????) ???????
### ???????????? ? ??????? ??????? ??????????? ?????",0,0.23308758437633514
504,"??????????? ???????????? ""?????? ?????????? ???????""
?????????? ?????????: ????????
# ???????
## ??????? ????????? ? ?????? ?????????? ???????? ? ???????? 18–60 ???",1,0.8473405838012695
198,"??????????? ???????????? ""???????????? ??????????? ? ????????""
?????????? ?????????: ????????
# ???????
## ??????????????? ??????? ??
### ????????????? ???????? ??? ??????? ???????????? ???????????",0,0.8036944270133972
1223,"??????????? ???????????? ""???????? ???? ? ????????? ????????""
?????????? ?????????: ????????
# ???????
## ??????? ????????? ??????????????? ? ???????????????? ????????? ???? (IIIC/D ???????????????? – IV ?????? ??? ?? ??????????)
### ???????????? ?????????? ??????? ??????? ? ?????????? ?????????????????? ???????",1,0.8344563841819763
1702,"??????????? ???????????? ""????????? ?????? ? ?????""
?????????? ?????????: ????
# ???????
## ?????? ??????????? ??????????????",0,0.20657379925251007
692,"??????????? ???????????? ""?????????????""
?????????? ?????????: ????
# ???????",0,0.10628202557563782
468,"??????????? ???????????? ""???????? ?????""
?????????? ?????????: ????????
# ???????
## ???? ???????",0,0.11142317205667496
1761,"??????????? ???????????? ""???????????? ???????????? ??????????""
?????????? ?????????: ???????? ? ????
# ???????
## ??????? ???????, ???????????? ????
### ???? ??????",0,0.8119388818740845
1654,"??????????? ???????????? ""??????????????? ??????? ????????""
?????????? ?????????: ????????
# ???????
## ????????????",0,0.08155671507120132
550,"??????????? ???????????? ""????????????? ???????????? ????????""
?????????? ?????????: ????????
# ???????
## ??????????????? ?????? ? ????????????",0,0.23032532632350922
449,"??????????? ???????????? ""??????? ??????? ??????? ? ???????? ?????""
?????????? ?????????: ????
# ???????
## ???????????? ????????????? ??????? ???????",0,0.26379770040512085
1303,"??????????? ???????????? ""??????????? ???????? ??????? ?""
?????????? ?????????: ????????
# ???????
## ????????????? ?????????????????????? ????????? ???????? ?",1,0.7633242607116699
1097,"??????????? ???????????? ""??????? ????????????? ?????????""
?????????? ?????????: ???????? ? ????
# ???????
## ???? ???????",0,0.1283280849456787
73,"??????????? ???????????? ""??? ?????? (?????????????????)""
?????????? ?????????: ????????
# ???????
## ????????????????? ????????????????",0,0.4870205521583557
1635,"??????????? ???????????? ""??????? ?? ?????? ??????""
?????????? ?????????: ????????
# ???????
## ?????? ?????? ?? ???????",0,0.11219257116317749
1019,"??????????? ???????????? ""???????? ??????: ??????????? ?????????????, ?????????? ???? ?????????????""
?????????? ?????????: ????????
# ???????
## ???????? ???????",0,0.45469409227371216
2066,"??????????? ???????????? ""?????? ???????????? ????????? ????""
?????????? ?????????: ????????
# ???????
## ?????????? ??????",0,0.0816415473818779
1941,"??????????? ???????????? ""???????? ?????""
?????????? ?????????: ????????
# ???????
## ????????????? ???????
### ??????????? ? ?????? ?????????? ?????????????? ??????? ??? ???????????? ?????????????? ??????????",0,0.8773986101150513
263,"??????????? ???????????? ""??????????? ? ?????????? ?????????? ? ????????""
?????????? ?????????: ????????
# ???????
## ????????????? ? ??????????????? ??????? ??????????? ??????????
### ??????????? ???????????????????? ??????????",0,0.8458731174468994
2080,"??????????? ???????????? ""??????? ?????""
?????????? ?????????: ????
# ???????
## ????????????? ??????? ??????? ????? ? ?????
### ????????????????? ??????? ????? ?????????????? ??????? ??",1,0.8179576992988586
788,"??????????? ???????????? ""????????? ???? ? ??????????????? ??????""
?????????? ?????????: ???????? ? ????
# ???????
## ??????????????? ???????",0,0.17878630757331848
1822,"??????????? ???????????? ""????????? ????????? ??????""
?????????? ?????????: ????????
# ???????
## ??????? ??? ? ????????? ??????????? ?????????
### ??? ? ?????????????????? ???????",1,0.8800234794616699
1474,"??????????? ???????????? ""?????????? ? ????????""
?????????? ?????????: ????????
# ???????
## ?????????????
### ?????? ???????????? ?????????-????????????? ???????????",1,0.8826100826263428
1801,"??????????? ???????????? ""????????? ?-????????? ???????""
?????????? ?????????: ???????? ? ????
# ???????
## ??????? ????????? ????",0,0.1367192566394806
1729,"??????????? ???????????? ""???????????? ?????""
?????????? ?????????: ???????? ? ????
# ???????
## ?????????????? ???????????",0,0.07187916338443756
491,"??????????? ???????????? ""?????????????????? ?????????? ????????????""
?????????? ?????????: ????????
# ???????
## ????????????",0,0.06589414179325104
553,"??????????? ???????????? ""????????? ?????????? ?????? ???????? ??? (?????)""
?????????? ?????????: ???????? ? ????
# ???????
## ???? ???????",0,0.0902094841003418
1290,"??????????? ???????????? ""???????? ? ?????""
?????????? ?????????: ????
# ???????
## ???? ???????",0,0.08592714369297028
776,"??????????? ???????????? ""????????????????? ??????????? ?????? ? ???""
?????????? ?????????: ????????
# ???????
## ???? ???????",0,0.07831010222434998
316,"??????????? ???????????? ""?????????????? ???????? ??????""
?????????? ?????????: ????????
# ???????
## ????????????? ???????",0,0.06809142231941223
1656,"??????????? ???????????? ""?????????? ???????????""
?????????? ?????????: ????????
# ???????
## ??????????????? ???????",0,0.09354633092880249
1581,"??????????? ???????????? ""??? ?????????????? ??????""
?????????? ?????????: ????????
# ???????
## ??????? ???????",0,0.0654246136546135
900,"??????????? ???????????? ""???????????? ?????""
?????????? ?????????: ???????? ? ????
# ???????
## ????????-????????????? ?????????????",0,0.25970563292503357
666,"??????????? ???????????? ""???-???????? ? ????????""
?????????? ?????????: ????????
# ???????
## ?????????????? ???? ? ???? ??? ???????????? ? ?????????? ?1",0,0.8608392477035522
298,"??????????? ???????????? ""???????????? ????????? ??????""
?????????? ?????????: ???????? ? ????
# ???????
## ?????????????? ???????",0,0.0869983434677124
627,"??????????? ???????????? ""??????????? ?????? ????????? ???????""
?????????? ?????????: ???????? ? ????
# ???????
## ?????????????? ???????",0,0.09285841882228851
597,"??????????? ???????????? ""??????????????? ??????????????? ?????, ???????? ???????, ???????????, ?????? ? ???????????? ??????? ???????""
?????????? ?????????: ????
# ???????
## ????????????????? ???????
### ??????????? ??????? ??? ??? ?????",1,0.3981929123401642
1468,"??????????? ???????????? ""??????? ???????? ?????""
?????????? ?????????: ????????
# ???????
## ?????????????",0,0.09320920705795288
868,"??????????? ???????????? ""????????????? ????????? ? ????????""
?????????? ?????????: ????????
# ???????
## ??????? ??????????????????? ?????????
### ????????????? ???????",0,0.825104832649231
2179,"??????????? ???????????? ""??????-???????? ???????""
?????????? ?????????: ???????? ? ????
# ???????
## ???? ???????",0,0.06567879766225815
1357,"??????????? ???????????? ""??? ??????????""
?????????? ?????????: ????????
# ???????
## ???????? ?????????????? ???????",0,0.1977403610944748
1842,"??????????? ???????????? ""??????? (?????) ???????? ? ?????????-??????????? ?????? ????????????""
?????????? ?????????: ???????? ? ????
# ???????
## ????????????? ???????",0,0.3787955343723297
1403,"??????????? ???????????? ""?????? ??????? A (??) ? ????????""
?????????? ?????????: ????????
# ???????
## ????????????? ???????",0,0.12064298987388611
766,"??????????? ???????????? ""???????? ????????""
?????????? ?????????: ???????? ? ????
# ???????
## ?????????????? ???????",0,0.0679040402173996
1362,"??????????? ???????????? ""???????????? ?????????? ? ???????? ??????????????? ?????????""
?????????? ?????????: ????????
# ???????
## ????????????? ???????
### ????? ???????? ?????????????? ??????? ????????????? ???????????",0,0.8800439238548279
2165,"??????????? ???????????? ""??????????? ????????? ???????????????""
?????????? ?????????: ????????
# ???????
## ?????????????? ???????
### ?????????? ???",0,0.2258574366569519
1537,"??????????? ???????????? ""????????????? ?????????? ???????? ??????? 5q""
?????????? ?????????: ????
# ???????
## ??????????????? ???????",0,0.0977633148431778
1876,"??????????? ???????????? ""???????????? ???? [????????] ?????????? ??????????? ???????. ???????? ????????""
?????????? ?????????: ???????? ? ????
# ???????
## ?????? ??? ?????????? ??",0,0.3594304919242859
195,"??????????? ???????????? ""????????? ????????? ??????""
?????????? ?????????: ????????
# ???????
## ??????? ??? ? ????????? ??????????? ?????????
### ??? ? ??????????? ??????? ?????",1,0.8466882705688477
845,"??????????? ???????????? ""??????????????? ???????????????  ????""
?????????? ?????????: ????????
# ???????
## ???????? ????????? ????????????",0,0.20867200195789337
1536,"??????????? ???????????? ""??? ???? ????? ? ??????? ?????""
?????????? ?????????: ????????
# ???????
## ??????????? ???????",0,0.08897551894187927
373,"??????????? ???????????? ""??????? ?????""
?????????? ?????????: ???????? ? ????
# ???????
## ????????????? ???????",0,0.11274348944425583
1546,"??????????? ???????????? ""??? ??????""
?????????? ?????????: ????????
# ???????
## ????? ???????? ??????? ? ??????????? ?? ??????",0,0.6058360934257507
772,"??????????? ???????????? ""??????? 3-????????-3-?????????????-??? ?????""
?????????? ?????????: ???????? ? ????
# ???????
## ???????????????? ???????",0,0.16322971880435944
2043,"??????????? ???????????? ""???????????""
?????????? ?????????: ???????? ? ????
# ???????
## ??????????????? ???????",0,0.1156836450099945
1687,"??????????? ???????????? ""??????????? ?????? ????????? ???????""
?????????? ?????????: ???????? ? ????
# ???????
## ????????????",0,0.07786118984222412
29,"??????????? ???????????? ""?????????""
?????????? ?????????: ???????? ? ????
# ???????
## ??????? ???????????? ?????????",1,0.1775689274072647
1123,"??????????? ???????????? ""?????????????? ???????????? ???????? (??????????? ? ????????? ????????)""
?????????? ?????????: ???????? ? ????
# ???????",0,0.080689437687397
1261,"??????????? ???????????? ""???????????? ???????????? ??????????""
?????????? ?????????: ???????? ? ????
# ???????
## ??????? ??????????? ??????????",1,0.1693558394908905
1153,"??????????? ???????????? ""?????????????? ??????????? ????????????""
?????????? ?????????: ???????? ? ????
# ???????
## ??????????? ?????????????
### ??????????? ??????????????? ????????? ? ??????? ??????????????? (??????????) ???????? ???????? ?????? ????????????",0,0.5385372042655945
217,"??????????? ???????????? ""????????-?????????? ????????????""
?????????? ?????????: ????????
# ???????
## ???????????????????",0,0.13559110462665558
524,"??????????? ???????????? ""??????????? ??????? ??????? (???) ? ???????? ?????????, ??????????? ? ???????????? ??????????? ??????""
?????????? ?????????: ????????
# ???????
## ?????????????? ???????
### ????? ???????? ??????? ??????????? ???? ??? ???????? ???????????? ??????????? ??????",0,0.28161898255348206
2157,"??????????? ???????????? ""?????????? ? ?????""
?????????? ?????????: ????
# ???????
## ?????? ?????????",1,0.06924223899841309
450,"??????????? ???????????? ""??? ???????? ?????""
?????????? ?????????: ????????
# ???????
## ?????????????",0,0.0676095113158226
392,"??????????? ???????????? ""???????????? ????????? ?????. ???????????? ?????????? ? ????????? ????????? ??????""
?????????? ?????????: ???????? ? ????
# ???????
## ??????? ???????????? ??????????? ? ???????????? ????????? ?????? ? ????????? ???????
### ????????????? ?????? ?????",1,0.7351711392402649
434,"??????????? ???????????? ""???????????? ????????? ?????. ???????????? ?????????? ? ????????? ????????? ??????""
?????????? ?????????: ???????? ? ????
# ???????
## ??????? ????????? ??????????? ?????? ? ????????? ???????????? ????????? ??????",0,0.8528794050216675
2114,"??????????? ???????????? ""???????????? ?????????? ? ???????? ??????????????? ?????????""
?????????? ?????????: ????????
# ???????
## ????????????????? ???????
### ???????????? ????????????????? ??????? ????????????? ???????????",0,0.6670528650283813
1082,"??????????? ???????????? ""????????????????? ???????""
?????????? ?????????: ????????
# ???????
## ??????? ??? ??? ? ????????????? ????????????",1,0.40886953473091125
1399,"??????????? ???????????? ""??????????????? ??????? ??????? ?????""
?????????? ?????????: ????????
# ???????
## ????? ?????? ???????",0,0.07708963751792908
107,"??????????? ???????????? ""?????????????? ??????, ??????? ???????????????????? ??????, ?????????  ? ?????????? ????????????? ??????""
?????????? ?????????: ???????? ? ????
# ???????
## ?????????????????? ???????
### ????????? ???????????** ??? ????????????** ?? ?????????? ??????? ???????????? (m-TORi) #????????? ??? ??????????**",0,0.5863984823226929
968,"??????????? ???????????? ""??????????????""
?????????? ?????????: ????
# ???????
## ????????????? ? ??????????? ???????? ? ????? ? ??????????????? ?? ???? ??????????? ???????
### ???? ??????????????? ????????????",0,0.8904236555099487
122,"??????????? ???????????? ""???????? ??????????? ?????? ?????? ???????????""
?????????? ?????????: ???????? ? ????
# ???????
## ??????????? ???????",0,0.17835135757923126
1374,"??????????? ???????????? ""??????????? ? ????????????? ????????????, ????????? ????????????? ????????????? ???????. ???????? (? ???????? ?????????????) ????????????""
?????????? ?????????: ????????
# ???????
## ????????????????? ???????
### ???????????? ???????? ?????????????????? ???????",0,0.43409642577171326
1815,"??????????? ???????????? ""??????????? ? ?????????? ?????????? ? ????????""
?????????? ?????????: ????????
# ???????
## ????????????? ? ??????????????? ??????? ??????????? ??????????
### ?????????? ??????? ??? ??????????? ??????????",0,0.8458731174468994
783,"??????????? ???????????? ""??????? ??????""
?????????? ?????????: ???????? ? ????
# ???????
## ?????????????? ???????",0,0.13888460397720337
2026,"??????????? ???????????? ""????????? ???????""
?????????? ?????????: ????????
# ???????
## ??????? ??????? ? ?????????????? III ??????? ???????????",1,0.9075048565864563
2035,"??????????? ???????????? ""??????????????? ???????????????  ????""
?????????? ?????????: ????????
# ???????
## ???????? ?????????????? ???????",0,0.20867200195789337
525,"??????????? ???????????? ""????????????? ?????? ??????????????? ??????? (?????????????????)""
?????????? ?????????: ???????? ? ????
# ???????
## ???? ???????",0,0.35158708691596985
707,"??????????? ???????????? ""???????? ???? ? ????????? ????????""
?????????? ?????????: ????
# ???????
## ??????????? ???????? ? ??????????",0,0.3389621675014496
1157,"??????????? ???????????? ""????????? ? ?????""
?????????? ?????????: ????
# ???????
## ?????????????? ???????",0,0.06795031577348709
1226,"??????????? ???????????? ""?????? ?????????? ?????????? ?????????????? ??????????""
?????????? ?????????: ???????? ? ????
# ???????
## ????? ??????? ? ??????? ??????? ?????????? ?????????? ?????????????? ??????????",0,0.8371695280075073
919,"??????????? ???????????? ""?????? ????????""
?????????? ?????????: ???????? ? ????
# ???????
## ???????????",0,0.12152455002069473
1849,"??????????? ???????????? ""?????? ????????? ????? ??????? ??????""
?????????? ?????????: ????????
# ???????
## ????????? ??? ?????????????? ???????",0,0.4538896679878235
1237,"??????????? ???????????? ""??????????""
?????????? ?????????: ????????
# ???????
## ?????????????? ???????",0,0.12661388516426086
1304,"??????????? ???????????? ""????????????? ?????????? ???""
?????????? ?????????: ????????
# ???????
## ?????????????? ??????? ?????????????? ??????????? ????",0,0.7164421677589417
374,"??????????? ???????????? ""?????????""
?????????? ?????????: ???????? ? ????
# ???????
## ????????????? ???????
### ???? ???????",0,0.1178974062204361
1763,"??????????? ???????????? ""?????????????? ??????, ??????? ???????????????????? ??????, ?????????  ? ?????????? ????????????? ??????""
?????????? ?????????: ???????? ? ????
# ???????
## ??????? ?????????? ?????????? ?????????????",0,0.45271626114845276
1295,"??????????? ???????????? ""???????? ???????????????""
?????????? ?????????: ????
# ???????
## ????? ????????????",0,0.10195678472518921
1693,"??????????? ???????????? ""???? ??????? ??????""
?????????? ?????????: ???????? ? ????
# ???????
## ?????????????? ???????",0,0.1290678083896637
1492,"??????????? ???????????? ""????????????? ??????""
?????????? ?????????: ????????
# ???????
## ????????????? ???????",0,0.10693463683128357
2126,"??????????? ???????????? ""??? ???????? ??????""
?????????? ?????????: ????????
# ???????
## ??????? ?????????-??????????? ???? ???????? ??????",1,0.6910959482192993
1133,"??????????? ???????????? ""??????????? ? ?????????? ?????????? ? ????????""
?????????? ?????????: ????????
# ???????
## ????????????? ? ??????????????? ??????? ??????????? ??????????
### ?????????? ??????? ?????????? ??????????",1,0.4984254837036133
1837,"??????????? ???????????? ""??????? ??????""
?????????? ?????????: ????????
# ???????
## ????????????? ???????",0,0.13514788448810577
604,"??????????? ???????????? ""??????????? ???????? ??????? ?""
?????????? ?????????: ????????
# ???????
## ????????? ? ?????? ??????????????? ???????",0,0.6392900347709656
1526,"??????????? ???????????? ""?????????? ???????????????""
?????????? ?????????: ????????
# ???????
## ????????????? ???????
### ????????? ??? ?????????????? ??????? ??:",0,0.8166899681091309
686,"??????????? ???????????? ""??? ???????? ??????""
?????????? ?????????: ????????
# ???????
## ????? ???????? ???????",0,0.1252211630344391
414,"??????????? ???????????? ""?????????? ?????????? ? ?????""
?????????? ?????????: ????
# ???????
## ?????????????? ???????",0,0.105246901512146
665,"??????????? ???????????? ""??????? ???????? Glut1""
?????????? ?????????: ???????? ? ????
# ???????
## ???????????? ????? ????????? ? ?????????? ?????",0,0.4881420433521271
1520,"??????????? ???????????? ""???????? ? ?????""
?????????? ?????????: ????
# ???????
## ??????????????? ???????",0,0.10564953088760376
747,"??????????? ???????????? ""?????????? ??????????? ????????????""
?????????? ?????????: ????????
# ???????
## ??????? ??????????? ? ????????",1,0.14293630421161652
921,"??????????? ???????????? ""?????????? ?????? ?????????? ??????????? ? ????? ? ?????? ?????????? ?????? ?????????????""
?????????? ?????????: ????
# ???????
## ?????????????? ???????",0,0.43106016516685486
286,"??????????? ???????????? ""??????????? ????????""
?????????? ?????????: ???????? ? ????
# ???????
## ?????????????? ???????",0,0.13482366502285004
166,"??????????? ???????????? ""???????? ?????? 1 ???? ? ????????""
?????????? ?????????: ????????
# ???????
## ???????? ?????? ???????",0,0.06946954876184464
1139,"??????????? ???????????? ""??????????""
?????????? ?????????: ????????
# ???????
## ????????????",0,0.11113757640123367
1821,"??????????? ???????????? ""??????????? ??????????????? ??????? - ????????? ?-????????? ??????????????? ???????, ?-????????? ??????? ??????? ??????? ????????????????? ?  ???????????? ????? c-MYC ? BCL2/BCL6, ????????? ??????????????? ?-????????? ???????, ??????????????? ??????? ????? ????, ??????? ????????, ?????????????? ???????.""
?????????? ?????????: ???????? ? ????
# ???????
## ??????????? ??????? ???-?????????????? ????????? ?????? 18 ???",1,0.9190118908882141
2121,"??????????? ???????????? ""???????""
?????????? ?????????: ???????? ? ????
# ???????
## ??????? ???????? ? ????????",1,0.16416554152965546
432,"??????????? ???????????? ""???????????. ??????????. ?????? ??????? ??????????? ?????? ???????????.""
?????????? ?????????: ???????? ? ????
# ???????
## ????? (?????????) ???????
### ?????????????????? ???????",0,0.29131361842155457
1873,"??????????? ???????????? ""???????????? ???????? ??????""
?????????? ?????????: ???????? ? ????
# ???????
## ??????????????",0,0.10439784824848175
1584,"??????????? ???????????? ""???????? ??????""
?????????? ?????????: ????????
# ???????
## ????????????? ?????? ???????",0,0.11700233817100525
862,"??????????? ???????????? ""???????????? ????????????""
?????????? ?????????: ???????? ? ????
# ???????
## ?????????????? ???????:",0,0.1397596001625061
419,"??????????? ???????????? ""???????? ???????? ?????""
?????????? ?????????: ????????
# ???????
## ?????????????? ???????",0,0.06786655634641647
234,"??????????? ???????????? ""??????????????? ??????????????? ??????? ? ???????""
?????????? ?????????: ????????
# ???????
## ??????? ????????? ? ???????????????? ????? ???????
### ?????????????",1,0.8548275828361511
986,"??????????? ???????????? ""???????? ?????? ????? (????? ????????? ???????? ?????)""
?????????? ?????????: ???????? ? ????
# ???????
## ?????????????? ???????",0,0.5662675499916077
1358,"??????????? ???????????? ""??? ???????? / ??? ???????? ????? / ????????? ??? ???????""
?????????? ?????????: ????????
# ???????
## ??????? ????????? ???? ????????",0,0.40623536705970764
246,"??????????? ???????????? ""????????? ?????? ??????? (??????????????)""
?????????? ?????????: ???????? ? ????
# ???????
## ????????????? ???????",0,0.07621990889310837
56,"??????????? ???????????? ""?????? ?????????????""
?????????? ?????????: ????
# ???????
## ?????????????? ???????
### ???????????????? ?????????",0,0.4057152569293976
1257,"??????????? ???????????? ""????? ??????? ????????""
?????????? ?????????: ???????? ? ????
# ???????
## ????????????? ???????;",0,0.11341621726751328
480,"??????????? ???????????? ""??????????? ?????? ?????? ??? ????????????? ??? ?????????????? ????????? ? ???????????? ?????, ? ????????????? ?????? ?????""
?????????? ?????????: ???????? ? ????
# ???????
## ????? ?????? ??????????????",0,0.4924620985984802
2098,"??????????? ???????????? ""??????????????? ????????/????????""
?????????? ?????????: ???????? ? ????
# ???????
## ???? ???????",0,0.0669427216053009
235,"??????????? ???????????? ""??????????????? ???????""
?????????? ?????????: ????????
# ???????
## ??????? ?????????????????? ???
### ??????????????????? ??????????? ???????? ? ?????? ??????? ?????????????????? ???",1,0.7943316102027893
1255,"??????????? ???????????? ""???????????? ?????????? ? ???????? ??????????????? ?????????""
?????????? ?????????: ????????
# ???????
## ????????????????? ???????
### ???????????? ????????????????? ??????? ????????????? ???????????",0,0.47421008348464966
1831,"??????????? ???????????? ""????????????? ???????:  ?????????????? ?-??????????""
?????????? ?????????: ???????? ? ????
# ???????
## ?????????????????? ? ????????????? ??????? ? ????? ? IgAN",1,0.49532297253608704
1622,"??????????? ???????????? ""????????? ?????????? ?????? ???????? ???""
?????????? ?????????: ????
# ???????
## ?????????????? ???????",0,0.06717392802238464
1265,"??????????? ???????????? ""????? ??????? ????????""
?????????? ?????????: ???????? ? ????
# ???????
## ?????????????? ???????",0,0.13506446778774261
1608,"??????????? ???????????? ""?????????? ? ????????""
?????????? ?????????: ????????
# ???????
## ?????????????? ???????",0,0.14427898824214935
1564,"??????????? ???????????? ""?????????????? ??????????? ???????? ?????""
?????????? ?????????: ???????? ? ????
# ???????
## ????????????????? ???????",0,0.17705118656158447
1922,"??????????? ???????????? ""???????? ?????""
?????????? ?????????: ????????
# ???????
## ????????????? ???????
### ?????????? ????????? ????? ?????????????? ??????? ??",1,0.7911447882652283
51,"??????????? ???????????? ""?????????? ????????????""
?????????? ?????????: ???????? ? ????
# ???????
## ?????????? ????????? ? ??????????????",0,0.49633491039276123
1680,"??????????? ???????????? ""?????? ??????? ???????? ? ???????? ???????? ST ???????????????????""
?????????? ?????????: ????????
# ???????
## ??????????????? ??????? ???????????",0,0.6569355726242065
490,"??????????? ???????????? ""???????????""
?????????? ?????????: ???????? ? ????
# ???????
## ?????????? ?????????",0,0.13444948196411133
936,"??????????? ???????????? ""????????? ?????? ??????? (??????????????)""
?????????? ?????????: ???????? ? ????
# ???????
## ?????????????? ???????",0,0.09135571867227554
2135,"??????????? ???????????? ""????? ??????????? ? ??????????. ????? ?????????. ????? ??????????? ?????.""
?????????? ?????????: ???????? ? ????
# ???????
## ????? (?????????) ???????
### ????????????",0,0.24911485612392426
676,"??????????? ???????????? ""??????????? ???????? ??????????? ???????""
?????????? ?????????: ???????? ? ????
# ???????
## ???????? ??????????? ?????? ??? ??????????? ???????????",0,0.8204017877578735
1408,"??????????? ???????????? ""???????????????????? ??????????? ???????""
?????????? ?????????: ????????
# ???????
## ??????? ????????? ? ??????-????????????????? ????",1,0.6242053508758545
803,"??????????? ???????????? ""???? ???????????, ?????????????? ????? ???????? ???????""
?????????? ?????????: ???????? ? ????
# ???????
## ??????????????????? ??????????? ???????? ??",0,0.6720483303070068
2082,"??????????? ???????????? ""??????????? ??????????????? ??????? - ????????? ?-????????? ??????????????? ???????, ?-????????? ??????? ??????? ??????? ????????????????? ?  ???????????? ????? c-MYC ? BCL2/BCL6, ????????? ??????????????? ?-????????? ???????, ??????????????? ??????? ????? ????, ??????? ????????, ?????????????? ???????.""
?????????? ?????????: ???????? ? ????
# ???????
## ?????? ????? ??????? ???? ? ????????",1,0.8910302519798279
830,"??????????? ???????????? ""???????????? ??????????? ? ????????""
?????????? ?????????: ????????
# ???????
## ????????????????? ??????? ??",0,0.15719041228294373
1726,"??????????? ???????????? ""?????? ??????????????""
?????????? ?????????: ???????? ? ????
# ???????
## ?????????????? ???????",0,0.13506446778774261
409,"??????????? ???????????? ""?????????????? ???????????????????? ??????? (???) ? ????????""
?????????? ?????????: 
# ???????
## ??????? ????????? ? ??????? ????????????????? ??? (???????????? ??????? ?? 3 ???)",1,0.785926878452301
108,"??????????? ???????????? ""???????? ?????? 2 ???? ? ?????""
?????????? ?????????: ????
# ???????
## ????????",0,0.08247596025466919
1030,"??????????? ???????????? ""???????? ?????? 2 ???? ? ????????""
?????????? ?????????: ????????
# ???????
## ????????????? ???????",0,0.06827596575021744
1107,"??????????? ???????????? ""?????? ????? ????????""
?????????? ?????????: ???????? ? ????
# ???????
## ???? ???????",0,0.11976448446512222
38,"??????????? ???????????? ""???????? ??????? ?????????????? ?????""
?????????? ?????????: ???????? ? ????
# ???????
## ????????????? ???????",0,0.11232133954763412
50,"??????????? ???????????? ""????????? ??????""
?????????? ?????????: ????????
# ???????
## ??????????? ??????",0,0.10369706898927689
1366,"??????????? ???????????? ""??????? ? ????????""
?????????? ?????????: ????????
# ???????
## ??????????????? ???????
### ??????????????? ??????? ??? ????????? ???????? ? ?????????",1,0.8627426624298096
1947,"??????????? ???????????? ""??????????????? ??????????????? ??????? ? ???????""
?????????? ?????????: ????????
# ???????
## ??????? ????????? ? ???????????????? ????? ???????
### ??????? ??? ???????????????? ? ???????? ????",1,0.7903960943222046
1089,"??????????? ???????????? ""??? ???????? ??????""
?????????? ?????????: ????????
# ???????
## ?????????????????????? ???????? ?? ???????????? ?????????? ??? ???????? ??????",1,0.8721948862075806
116,"??????????? ???????????? ""??? ?????? ?????""
?????????? ?????????: ????????
# ???????
## ??????????? ????????????",0,0.18558369576931
2155,"??????????? ???????????? ""????????????????? ??? I""
?????????? ?????????: ????????
# ???????
## ????????????? ???????",0,0.1399913877248764
1034,"??????????? ???????????? ""???????????? ??????????? ? ????????""
?????????? ?????????: ????????
# ???????
## ?????????? ????????? ??? ???????????? ???????????: ??????????????? ????",0,0.588530421257019
519,"??????????? ???????????? ""???????????? ???????""
?????????? ?????????: ????
# ???????
## ????????????? ???????",0,0.10386520624160767
571,"??????????? ???????????? ""???????????? ???????""
?????????? ?????????: ????????
# ???????
## ????????????? ??????? ??? ?????? ?????",0,0.43741708993911743
2088,"??????????? ???????????? ""????????? ??????""
?????????? ?????????: ????????
# ???????
## ?????????????? ?????? ?????? ????? ???????? ?????? ????",1,0.6034379601478577
2047,"??????????? ???????????? ""??????????? ????????????? ??????? ??????""
?????????? ?????????: ????????
# ???????
## ??????? ?????????? ????",0,0.0843610167503357
252,"??????????? ???????????? ""??????? ? ???????? ? ?????""
?????????? ?????????: ????
# ???????
## ?????????????? ???????",0,0.1200641319155693
720,"??????????? ???????????? ""??????????? ??????????""
?????????? ?????????: ????????
# ???????
## ????????????? ???????
### ????????????? ???????: ????????? ? ??????",0,0.5451772809028625
930,"??????????? ???????????? ""???????????? ? ????????""
?????????? ?????????: ????????
# ???????
## ?????????????? ???????",0,0.09229718148708344
1066,"??????????? ???????????? ""??????????? ? ?????????? ?????????? ? ????????""
?????????? ?????????: ????????
# ???????
## ????????????? ? ??????????????? ??????? ??????????? ??????????
### ???????????????? ??????? ?????????",0,0.8474534749984741
1316,"??????????? ???????????? ""??? ?????? (?????????????????)""
?????????? ?????????: ????????
# ???????
## ????????????????? ????????????????",0,0.23013925552368164
1857,"??????????? ???????????? ""????????? ????????? ??????""
?????????? ?????????: ????????
# ???????
## ?????????? ??????? ???",0,0.12761567533016205
771,"??????????? ???????????? ""???????????? ?????????? ? ???????? ??????????????? ?????????""
?????????? ?????????: ????????
# ???????
## ??????? ????????? ? ???????????? ???????????? ? ????????? ??????????? ?????????
### ???????????? ?????????? ? ????????? ? ??????????? ???????? ??????",1,0.7784756422042847
1646,"??????????? ???????????? ""???????? ??????? ????? ??? ????????????""
?????????? ?????????: ????????
# ???????
## ????????????????? ?????? ???????",0,0.12126359343528748
1488,"??????????? ???????????? ""?????? ????????????? ??????""
?????????? ?????????: ????
# ???????
## ????????????? ???????",0,0.1264997273683548
1634,"??????????? ???????????? ""????????????????? ??????????? ?????""
?????????? ?????????: ????????
# ???????
## ???????????? ?????????????????? ??????????",0,0.5091432929039001
1904,"??????????? ???????????? ""??????? ???? ?????. ??????? ???? ?????""
?????????? ?????????: ????
# ???????
## ?????????????? ???????",0,0.08357114344835281
408,"??????????? ???????????? ""??????? ??????? ???????""
?????????? ?????????: ????????
# ???????
## ????????????",0,0.08444898575544357
20,"??????????? ???????????? ""??????????? ??????????""
?????????? ?????????: ????????
# ???????
## ????????????? ???????
### ??????????????? ????????????? ??????? ??",0,0.8696497082710266
2204,"??????????? ???????????? ""????? ? ????????""
?????????? ?????????: ????????
# ???????
## ?????????????? ???????
### ??????? ??????????? ?????????????, ??????? ? ?????? ??????? ???? ?????? ? ???????????? ????????",1,0.8013929724693298
1208,"??????????? ???????????? ""???????? ??????""
?????????? ?????????: ????????
# ???????
## ??????????? ???????",0,0.11562430113554001
863,"??????????? ???????????? ""?????? (? ????????)""
?????????? ?????????: ????????
# ???????
## ????????????? ???????",0,0.06638843566179276
1372,"??????????? ???????????? ""????????? ????""
?????????? ?????????: ???????? ? ????
# ???????
## ???? ???????",0,0.09393633157014847
1753,"??????????? ???????????? ""???????????? ?????????? ? ???????? ??????????????? ?????????""
?????????? ?????????: ????????
# ???????
## ??????? ????????? ? ???????????? ???????????? ? ????????? ??????????? ?????????
### ???????????? ?????????? ? ????????? ??????????? ??????? ? ??????????",1,0.8688969016075134
1175,"??????????? ???????????? ""??????????? ??????? ??????? (???) ? ???????? ?????????, ??????????? ? ???????????? ??????????? ??????""
?????????? ?????????: ????????
# ???????
## ?????????????? ???????
### ??????? ????????? ????",1,0.5701985955238342
856,"??????????? ???????????? ""????????????? ????? (??????????? ?????)""
?????????? ?????????: ???????? ? ????
# ???????
## ??????????????? ?????? ???????",0,0.33818772435188293
272,"??????????? ???????????? ""?????????????????? ??? ?????????? ??????""
?????????? ?????????: ????????
# ???????
## ??????? ???????????????? ???? ?????????? ??????",1,0.6620258092880249
82,"??????????? ???????????? ""??????????????? ????????/????????""
?????????? ?????????: ???????? ? ????
# ???????
## ??????? ? ?????? ??????????????? ?????",1,0.7142639756202698
1341,"??????????? ???????????? ""?????? ????????????? ???????? [????], ??????????, ????????????????? ???? ???????""
?????????? ?????????: ???????? ? ????
# ???????
## ?????????????? ???????",0,0.7747618556022644
1222,"??????????? ???????????? ""??????????? ????????????? ??????? ??????""
?????????? ?????????: ????????
# ???????
## ?????????????? ???????",0,0.08367694914340973
1214,"??????????? ???????????? ""??????? ???????""
?????????? ?????????: ????????
# ???????
## ?????????????? ???????",0,0.07220081984996796
1192,"??????????? ???????????? ""???????? ????????? ???????????????""
?????????? ?????????: ????????
# ???????
## ?????????????? ???????",0,0.06803113967180252
190,"??????????? ???????????? ""??????????????? ??????""
?????????? ?????????: ???????? ? ????
# ???????
## ?????????????? ???????",0,0.1387215405702591
1315,"??????????? ???????????? ""??? ??????????""
?????????? ?????????: ????????
# ???????
## ???????? ??????? ???????",0,0.12638939917087555
1972,"??????????? ???????????? ""?????????? ??????????? ????""
?????????? ?????????: ???????? ? ????
# ???????
## ???????, ??????? ??????????????? ? ????????????????? ???????, ????????????, ?????????????, ??????????? ????????? ? ???????????????? ? ?????????? ??????? ???????",0,0.6185617446899414
1612,"??????????? ???????????? ""????????? ?????? (????????????)""
?????????? ?????????: ???????? ? ????
# ???????
## ?????????????",0,0.12225102633237839
1773,"??????????? ???????????? ""??????? ? ????????? ?????""
?????????? ?????????: ????????
# ???????
## ????????????? ???????",0,0.06623254716396332
794,"??????????? ???????????? ""???????????? ????????????? ? ?????""
?????????? ?????????: ????
# ???????
## ?????????????? ???????",0,0.0805317834019661
1709,"??????????? ???????????? ""???????? ?????""
?????????? ?????????: ????????
# ???????
## ?????????????? ???????",0,0.13097621500492096
1494,"??????????? ???????????? ""????????????? ???????""
?????????? ?????????: ????????
# ???????
## ????????? ? ?????? ??????? ? ??????????? ????????? ???????",0,0.7181956768035889
1893,"??????????? ???????????? ""???????????? ?????????? ? ???????? ??????????????? ?????????""
?????????? ?????????: ????????
# ???????
## ????????????? ???????
### ????????? ? ????? ?????????? ?????????????? ????????????? ? ????????? ? ???????????? ???????????? ????? ??????? ?????? ? ????????? ????????????????",1,0.5967167019844055
1193,"??????????? ???????????? ""??????????????? ??????????????? ??????? ? ???????""
?????????? ?????????: ????????
# ???????
## ??????? ????????? ? ???????????????? ????? ???????
### ???????? ??????? ????????? ? 0–III?, IIIB (T3N2) ???????? ???????????",1,0.8850932121276855
2095,"??????????? ???????????? ""????????????? ?????""
?????????? ?????????: ???????? ? ????
# ???????
## ????????-????????????? ?????????????",0,0.3789180517196655
2049,"??????????? ???????????? ""??????????""
?????????? ?????????: ???????? ? ????
# ???????
## ?????????????? ???????
### ????????????????? ???????",0,0.574934720993042
1951,"??????????? ???????????? ""????????????? ??? ??????? ????????????? ?????""
?????????? ?????????: ????????
# ???????
## ????????????",0,0.08150430023670197
1535,"??????????? ???????????? ""?????????? ???????? ??? 1""
?????????? ?????????: ???????? ? ????
# ???????
## ????????????? ???????",0,0.06879784166812897
1201,"??????????? ???????????? ""?????? ???????""
?????????? ?????????: ????????
# ???????
## ??????????????? ????????",0,0.13896118104457855
512,"??????????? ???????????? ""?????????????? ????????? ????????""
?????????? ?????????: ???????? ? ????
# ???????
## ?????????????? ???????",0,0.14241859316825867
471,"??????????? ???????????? ""???????? ??????? ???????? ?????""
?????????? ?????????: ???????? ? ????
# ???????
## ????????????? ???????",0,0.12435490638017654
371,"??????????? ???????????? ""????????????? ?????????? ???????""
?????????? ?????????: ????????
# ???????
## ??????? ??? ?? ???? ???",1,0.08590378612279892
2197,"??????????? ???????????? ""?????-??????????????. ?????????????? ??????? ?????""
?????????? ?????????: ???????? ? ????
# ???????
## ?????????????? ??? ?????-??????????????",1,0.870965838432312
291,"??????????? ???????????? ""??????????? ?????????? ??????""
?????????? ?????????: ???????? ? ????
# ???????
## ????????????? ??????? ? ???????? ?????????
### ?????? ? ????????? ????? ??????? ??? ????????? ? ???",1,0.7712839841842651
2131,"??????????? ???????????? ""???????? ?????? 1 ???? ? ????????""
?????????? ?????????: ????????
# ???????
## ????????????",0,0.12972678244113922
1977,"??????????? ???????????? ""??? ?????????????? ??????""
?????????? ?????????: ????????
# ???????
## ????????????? ???????
### ????????? ??????? ????????? ??????? ??? ??????? ?????????? ??????????????? ???????????",1,0.8057792782783508
1086,"??????????? ???????????? ""????????????? ???????????? ????????""
?????????? ?????????: ????????
# ???????
## ???? ???????",0,0.06704197824001312
761,"??????????? ???????????? ""????????-???????? (???????????????) ???? ? ?????? ????? ?????""
?????????? ?????????: ????????
# ???????
## ?????????????? ???????",0,0.20853574573993683
1210,"??????????? ???????????? ""??????????? ???? ? ????????? ???????? ? ??????????? ????????""
?????????? ?????????: ????????
# ???????
## ????????????????? ???????",0,0.6096386909484863
462,"??????????? ???????????? ""????????????? ???????""
?????????? ?????????: ????????
# ???????
## ??????? ????????? ??
### ??????? ???????? ??, ???????????? ??????? ???????????????",1,0.791756808757782
1286,"??????????? ???????????? ""??????? ?????""
?????????? ?????????: ????
# ???????
## ????????????? ??????? ??????? ????? ? ?????
### ????????????? ??????? ?? ? ????? ????????????? ?????? ??? ??????????",1,0.8426305055618286
913,"??????????? ???????????? ""?????????????????? ?????????? ????????????""
?????????? ?????????: ????????
# ???????
## ???????????????????",0,0.11852884292602539
201,"??????????? ???????????? ""??? ??????""
?????????? ?????????: ????????
# ???????
## ???????????????? ??????? ? ????????? ? ????? ??????",0,0.2802976369857788
96,"??????????? ???????????? ""????????""
?????????? ?????????: ????????
# ???????
## ??????? ??????? ????????",0,0.13218402862548828
1557,"??????????? ???????????? ""???????? ???????????, ? ??? ????? ??????????? ?????????????????? ???????? ???????????""
?????????? ?????????: ????????
# ???????
## ????????????? ????????? ???????? ???????????? ???????????
### ?????????????????? ???????????",1,0.8831322193145752
990,"??????????? ???????????? ""????????????????? ????? ?? ?????, ????????? ?????????????? ??????????? ?????? ?????? ?? ????? ????????????, ????? ? ? ???????????? ???????""
?????????? ?????????: ???????? ? ????
# ???????
## ????????????? ?????? ???????",0,0.42039111256599426
2196,"??????????? ???????????? ""?????? ???????? ?????????????? ?????????? ?????????""
?????????? ?????????: ????????
# ???????
## ???????????? ??????? ??????? ? ?????? ????????????? ???????? ???????????????",1,0.44962388277053833
600,"??????????? ???????????? ""????????? ??????""
?????????? ?????????: ????????
# ???????
## ??????? ????? ???????? ??????",1,0.1668388992547989
2074,"??????????? ???????????? ""???????????? ????????? ?????. ???????????? ?????????? ? ????????? ????????? ??????""
?????????? ?????????: ???????? ? ????
# ???????
## ??????? ???????????? ??????????? ? ???????????? ????????? ?????? ? ????????? ???????
### ??????? ??????????? ????????? QT",1,0.7741732001304626
565,"??????????? ???????????? ""??? ?????????????""
?????????? ?????????: ????????
# ???????
## ?????????????? ???????",0,0.13256822526454926
515,"??????????? ???????????? ""?????????""
?????????? ?????????: ???????? ? ????
# ???????
## ????????????? ???????
### ??????????? ?????????????????? ???????????? ??????? ? ????? ? ???????????",1,0.8426893353462219
157,"??????????? ???????????? ""??????????? ? ????????????? ????????????, ????????? ????????????? ????????????? ??????? [????????, ?????????????, ?????????? ? ?????????? ???????, ???????, ?????? ???????????? (????? ???????), ?????????????? ? ?????????? ????????????? ???????]  ????????????? ????????????""
?????????? ?????????: ???????? ? ????
# ???????
## ??????? ??????? ??????? ????????????? ???????????",0,0.7753143906593323
994,"??????????? ???????????? ""??????? (???????????????? ?????)""
?????????? ?????????: ???????? ? ????
# ???????
## ????????????? ?????? ???????",0,0.19418740272521973
697,"??????????? ???????????? ""?????? ???????????""
?????????? ?????????: ???????? ? ????
# ???????
## ???????? ? ???????????? ??, ????????? ?????????? ??????, ?????????? ???????????? ??????????? ????????",0,0.8616785407066345
226,"??????????? ???????????? ""??? ???????? ??????""
?????????? ?????????: ????????
# ???????
## ???????? ???????????? ??? ???????? ?????? (0, I, IIA, IIB, IIIA ??????)
### ????????????? ??????? (???????????/??????????????)",1,0.8894517421722412
1044,"??????????? ???????????? ""???????? ???????""
?????????? ?????????: ????????
# ???????
## ??????????????? ???????",0,0.13911695778369904
1264,"??????????? ???????????? ""??????????????? ??????????????? ?????? ? ????????? ??????: ????????????, ??????? ?????""
?????????? ?????????: ????
# ???????
## ?????????????? ?????????",0,0.33462265133857727
1545,"??????????? ???????????? ""??????? ??????????, ????????? ???????????? ? ?????? ???????????, ????????????? ????????? ?????????????""
?????????? ?????????: ????????
# ???????
## ???????????? ??? ??????? ??????????",0,0.4136594831943512
68,"??????????? ???????????? ""?????????""
?????????? ?????????: ???????? ? ????
# ???????
## ????????????? ???????",0,0.10694626718759537
237,"??????????? ???????????? ""???????? ?????""
?????????? ?????????: ????????
# ???????
## ????????????? ???????
### ???? ????????????? ????????????",0,0.43101951479911804
177,"??????????? ???????????? ""?????????? ??????????? ????????????""
?????????? ?????????: ????????
# ???????
## ?????????? ??????? ???????????? ????????? (??)",0,0.6413342952728271
825,"??????????? ???????????? ""????????????. ?????????. ?????, ??????????? ? ?????????????? ???????????? ?? ????? ????????????, ? ????? ? ???????????? ???????.""
?????????? ?????????: ???????? ? ????
# ???????
## ?????????????????? ???????",0,0.42628902196884155
1458,"??????????? ???????????? ""??????????????""
?????????? ?????????: ????
# ???????
## ??????? ????? ? ??????????????? ?????? ???????? ????? (??. ?????????? ?)",1,0.765326976776123
366,"??????????? ???????????? ""??????????? ????? ????????? ???????""
?????????? ?????????: ???????? ? ????
# ???????
## ????????????? ???????",0,0.09196348488330841
1504,"??????????? ???????????? ""????????? ????????????????? ?-????????? ?????? ??????""
?????????? ?????????: ???????? ? ????
# ???????
## ????????????? ???????",0,0.47345513105392456
94,"??????????? ???????????? ""?????????????? ??????????????""
?????????? ?????????: 
# ???????
## ???????????????? ???????",0,0.1505260318517685
678,"??????????? ???????????? ""?????? ???????????????? ??????""
?????????? ?????????: ????????
# ???????
## ??????? ???, ??????????????? ?????????????? ?????????????",1,0.8203044533729553
1639,"??????????? ???????????? ""??????? ???????????? ????""
?????????? ?????????: ????????
# ???????
## ??????? ????????? ? ????????????????? (III-IV) ???????? MALT-???????",1,0.8384256362915039
1861,"??????????? ???????????? ""??? ???????""
?????????? ?????????: ????????
# ???????
## ????????????? ???????",0,0.13355806469917297
1692,"??????????? ???????????? ""????????????? ???????: ????????-???????????? ????????????????""
?????????? ?????????: ????????
# ???????
## ??????? ?????????? ????",1,0.4630470275878906
1473,"??????????? ???????????? ""??????? ? ????????? ?????""
?????????? ?????????: ????????
# ???????
## ???????????????????????",0,0.09276371449232101
369,"??????????? ???????????? ""??? ?????? ?????""
?????????? ?????????: ????????
# ???????
## ???????????? ????????????",0,0.15380823612213135
690,"??????????? ???????????? ""??????????? ?????????? ??????????? (??????????? ???????????)""
?????????? ?????????: ????????
# ???????
## ????????????? ???????",0,0.42742201685905457
1981,"??????????? ???????????? ""??????????????? ???????????????  ?????????""
?????????? ?????????: ????????
# ???????
## ???????? ????????? ????????????",0,0.20597092807292938
1462,"??????????? ???????????? ""??????????????? ???????? ? ?????""
?????????? ?????????: ????
# ???????
## ????????????? ???????",0,0.11662452667951584
869,"??????????? ???????????? ""???????-???????? ?????? ? ?????""
?????????? ?????????: ????
# ???????
## ?????????????? ????",0,0.10594090819358826
1367,"??????????? ???????????? ""??????????????? ???????????????  ?????????""
?????????? ?????????: ????????
# ???????
## ??????? ???????? ????????",0,0.08989369869232178
1957,"??????????? ???????????? ""??????? ?????????? ????? ??????? ??????""
?????????? ?????????: ????
# ???????
## ????????????? ???????",0,0.07875519245862961
728,"??????????? ???????????? ""???????? ? ????????????""
?????????? ?????????: ???????? ? ????
# ???????
## ??????????????? ? ????????????????? ??????? ????????? ? ????????? ? ????????? ??? ?????????????",0,0.873630940914154
850,"??????????? ???????????? ""????????????? ???????? ????????? ? ???????? ??????? ??????""
?????????? ?????????: ???????? ? ????
# ???????
## ????????????? ???????",0,0.5285762548446655
1522,"??????????? ???????????? ""????????? ????????????????? ?-????????? ?????? ??????""
?????????? ?????????: ???????? ? ????
# ???????
## ???????????? ?? ??????? ????????? ???? FAOD
### ???????????? ?? ??????? ????????? ??????????????? ?????????",1,0.8708034157752991
1242,"??????????? ???????????? ""????????????? ??????????-???????????? ??????????""
?????????? ?????????: ???????? ? ????
# ???????
## ????????????? ???????
### ????????????? ????????????? ??? ?????????? ????? ? ????????????",0,0.74944669008255
1405,"??????????? ???????????? ""??????????""
?????????? ?????????: ???????? ? ????
# ???????
## ????????????? ???????",0,0.07238903641700745
879,"??????????? ???????????? ""??????? ??????????? ?????""
?????????? ?????????: ???????? ? ????
# ???????
## ??????? ??????????????? ????? ? ?? ?????",1,0.5597550868988037
946,"??????????? ???????????? ""??????????""
?????????? ?????????: ???????? ? ????
# ???????
## ???? ???????",0,0.10053729265928268
313,"??????????? ???????????? ""?????????? ?????????? ??? ?????? ???????????""
?????????? ?????????: ????????
# ???????
## ???????? ??????????? ????",1,0.1751074641942978
1266,"??????????? ???????????? ""????? ????????????""
?????????? ?????????: ???????? ? ????
# ???????
## ?????????????",0,0.11464378237724304
558,"??????????? ???????????? ""??????????? ??????????""
?????????? ?????????: ????????
# ???????
## ????????????? ???????
### ??????????????? ???????",0,0.1505972295999527
2169,"??????????? ???????????? ""??? ??????""
?????????? ?????????: ????????
# ???????
## ??????? ???? ?????? ? ??????",1,0.11936037242412567
80,"??????????? ???????????? ""????????????????? ????????? ???????? ??????""
?????????? ?????????: ???????? ? ????
# ???????
## ????????????? ???????",0,0.2037866711616516
874,"??????????? ???????????? ""?????????? ?????????? ??? ?????? ???????????""
?????????? ?????????: ????????
# ???????
## ????????????? ???????
### ?????????? ????????????? ????????",0,0.7945822477340698
693,"??????????? ???????????? ""?????????""
?????????? ?????????: ???????? ? ????
# ???????
## ????????????? ???????
### ?????????????????? ??",0,0.2023482322692871
779,"??????????? ???????????? ""??????? ??????????, ????????? ???????????? ? ?????? ???????????, ????????????? ????????? ?????????????""
?????????? ?????????: ????????
# ???????
## ????????????? ??????? ??????? ??????????",0,0.49276989698410034
1404,"??????????? ???????????? ""????????? ?????? (????????????)""
?????????? ?????????: ???????? ? ????
# ???????
## ???????????? ? ???????????????
### ????????? ??? ??? ??????? ????? ? ?????????? ??????? ??? ?????? ? ?????????",0,0.8078749775886536
1697,"??????????? ???????????? ""??????????? ? ?????????? ?????????? ? ????????""
?????????? ?????????: ????????
# ???????
## ?????????????? ???????",0,0.15510790050029755
65,"??????????? ???????????? ""???????????????? ????????? ????????????""
?????????? ?????????: ????????
# ???????
## ????????????",0,0.07723382115364075
753,"??????????? ???????????? ""?????? ? ???????????? ????????????? ???????""
?????????? ?????????: ????????
# ???????
## ??????????????? ???????",0,0.14045508205890656
128,"??????????? ???????????? ""????????? ??????""
?????????? ?????????: ????????
# ???????
## ????????????????? ??????????",0,0.18803651630878448
1253,"??????????? ???????????? ""??? ?????????????? ???????""
?????????? ?????????: ???????? ? ????
# ???????
## ??????? ???????",0,0.06604905426502228
835,"??????????? ???????????? ""??????????????? ???????????????  ????""
?????????? ?????????: ????????
# ???????
## ???????? ??????? ???????",0,0.08139881491661072
1461,"??????????? ???????????? ""?????????? ???????""
?????????? ?????????: ???????? ? ????
# ???????
## ???????, ?????????? ??????? ??",0,0.15999537706375122
1345,"??????????? ???????????? ""?????????-?????????????? ?????????? ?????????? ??????""
?????????? ?????????: ????????
# ???????
## ?????????????? ??????? ?????????-??????????????? ??????????????",0,0.8384672403335571
2185,"??????????? ???????????? ""????????????????? ??? VI""
?????????? ?????????: 
# ???????
## ???????????????? ???????",0,0.09619711339473724
2145,"??????????? ???????????? ""??????? ?????? ???????""
?????????? ?????????: ????????
# ???????
## ????????????? ???????",0,0.09396999329328537
1446,"??????????? ???????????? ""?????? ?????????????""
?????????? ?????????: ????
# ???????
## ?????????????? ???????
### ????????????? ???????",0,0.16212207078933716
390,"??????????? ???????????? ""?????????? ???????? ?????? ?????? ? ????, ?????????? ??????-???????? ?????????? ?????? ? ????""
?????????? ?????????: ???????? ? ????
# ???????
## ???? ???????",0,0.8653512001037598
1644,"??????????? ???????????? ""???????????""
?????????? ?????????: ???????? ? ????
# ???????
## ???? ???????",0,0.06710586696863174
1637,"??????????? ???????????? ""???????????? ?????????? ? ???????? ??????????????? ?????????""
?????????? ?????????: ????????
# ???????
## ????????????????? ???????
### ????????????????? ??????? ??????????????? ???????????",1,0.47649654746055603
1475,"??????????? ???????????? ""??????????? ? ????????????? ????????????, ????????? ????????????? ????????????? ??????? ???????????? ????????? (??????? ??????) ? ????????""
?????????? ?????????: ????????
# ???????
## ??????????? ?????",0,0.5100824236869812
19,"??????????? ???????????? ""???????????? ? ????????? ????????????""
?????????? ?????????: 
# ???????
## ????????? ?????????? ??? ??????? ?????????? ?? ?????????",0,0.7041496634483337
881,"??????????? ???????????? ""??????????? ??????????""
?????????? ?????????: ????????
# ???????
## ?????????????? ????????????????? ???????",0,0.19023866951465607
3,"??????????? ???????????? ""????????? ????????""
?????????? ?????????: ????
# ???????
## ??????????????? ???????????????? ???????",0,0.2546501159667969
1167,"??????????? ???????????? ""??????????? ????????""
?????????? ?????????: ???????? ? ????
# ???????
## ????????????? ???????",0,0.12290095537900925
967,"??????????? ???????????? ""???????????????? ???????""
?????????? ?????????: ???????? ? ????
# ???????
## ?????????????? ???????",0,0.14386095106601715
423,"??????????? ???????????? ""??? ?????? (?????????????????)""
?????????? ?????????: ????????
# ???????
## ????????????? ???????",0,0.12525220215320587
67,"??????????? ???????????? ""????? ??????????? ? ??????????. ????? ?????????. ????? ??????????? ?????.""
?????????? ?????????: ???????? ? ????
# ???????
## ????? (?????????) ???????
### ??????????????",0,0.24983064830303192
104,"??????????? ???????????? ""???????????? ?????????????? ? ?????? ???? ????????????????????""
?????????? ?????????: ???????? ? ????
# ???????
## ?????????????? ???????",0,0.4908694922924042
895,"??????????? ???????????? ""?????? ? ?????? ??????""
?????????? ?????????: ????????
# ???????
## ?????????????? ???????
### ??????? ?????????? ?????????????",1,0.8678807616233826
2207,"??????????? ???????????? ""??? ?????????? ??????""
?????????? ?????????: ????
# ???????
## ?????????????? ???????",0,0.13205797970294952
1127,"??????????? ???????????? ""????????????? ???????""
?????????? ?????????: ????????
# ???????
## ??????? ????????? ? ??????? ????????????????? ??, ?????????? ?? ???? ? ??????????? ????-????",1,0.9219472408294678
1134,"??????????? ???????????? ""??????? ? ????????? ?????""
?????????? ?????????: ????????
# ???????
## ???????????? ???????",0,0.12173018604516983
1250,"??????????? ???????????? ""???????????. ??????????. ?????? ??????? ??????????? ?????? ???????????.""
?????????? ?????????: ???????? ? ????
# ???????
## ????? (?????????) ???????
### ????????-???????? ?????????? ? ???????????? ? ????? ???????????????",0,0.24692033231258392
746,"??????????? ???????????? ""??????????""
?????????? ?????????: ???????? ? ????
# ???????
## ?????????????? ???????",0,0.08533623814582825
1998,"??????????? ???????????? ""???????????? ????????? ?????. ???????????? ?????????? ? ????????? ????????? ??????""
?????????? ?????????: ???????? ? ????
# ???????
## ??????? ???????????? ??????????? ? ???????????? ????????? ?????? ? ????????? ???????
### ??????-???????? ???????????",1,0.6218947768211365
715,"??????????? ???????????? ""??????? ???????? Glut1""
?????????? ?????????: ???????? ? ????
# ???????
## ??????? ???????? ???????? ? ?????????? ?????????? ?????",0,0.6637160778045654
628,"??????????? ???????????? ""??????? ?????? ?????? ????? ? ????????? ???????? ????????""
?????????? ?????????: ????
# ???????
## ??????????? (?????????????) ???????",0,0.4862721562385559
127,"??????????? ???????????? ""?????????????? ??????????? ???????? ?????""
?????????? ?????????: ???????? ? ????
# ???????
## ??????????????? ???????",0,0.2096995860338211
194,"??????????? ???????????? ""?????? ????????""
?????????? ?????????: ???????? ? ????
# ???????
## ??????????? ?????????",0,0.1255977749824524
1491,"??????????? ???????????? ""??????????????? ??????? ??????? ?????""
?????????? ?????????: ????????
# ???????
## ???????? ??",0,0.07777191698551178
329,"??????????? ???????????? ""???????? ???????????????""
?????????? ?????????: ????
# ???????
## ??????? ????????? ? ?????????????? ???",1,0.2883187234401703
2084,"??????????? ???????????? ""????????????? ????????? ? ????????""
?????????? ?????????: ????????
# ???????
## ??????? ???????????? ?????????",1,0.15424472093582153
2022,"??????????? ???????????? ""??????? ?????""
?????????? ?????????: ????
# ???????
## ????????????? ??????? ??????? ????? ? ?????
### ??????? ?? ? ????????????? ???????????",1,0.8058341145515442
652,"??????????? ???????????? ""???????????? ??????????? ? ????????""
?????????? ?????????: ????????
# ???????
## ????????? ? ?????????????????? ???????",0,0.3055933713912964
1909,"??????????? ???????????? ""?????????????? ???????  (??????), ??????????????  ??????? – ?????????? ?????????, ??????? ???????????????????? ???????, ??????? ????????????????????  ??????? – ?????????? ????????? , ????????? ? ?????????? ????????????? ???????, ????????? ? ??????????  ??????? – ?????????? ?????????????""
?????????? ?????????: ???????? ? ????
# ???????
## ?????????????? ???????",0,0.8181213140487671
1577,"??????????? ???????????? ""??????????? ??????????????  ????????????????? ??????????????????????""
?????????? ?????????: ????????
# ???????
## ???????????????? ??????? ?????? ?????",0,0.5284866690635681
1191,"??????????? ???????????? ""???????? ???????""
?????????? ?????????: ????????
# ???????
## ????????????? ???????
### ??????? ??????? ? ????-???????????????? ??????????????",1,0.8856404423713684
1800,"??????????? ???????????? ""????????? ???? ? ??????????????? ??????""
?????????? ?????????: ???????? ? ????
# ???????
## ?????????????? ??????? ?????????",0,0.6903350949287415
561,"??????????? ???????????? ""???????? ???? ? ????????? ????????""
?????????? ?????????: ????????
# ???????
## ??????? ????????? ??????????????? ? ???????????????? ????????? ???? (IIIC/D ???????????????? – IV ?????? ??? ?? ??????????)
### ??????????? ?????? ?????? ?? ??????? ???-??????????? PD1 ??? CTLA4",1,0.9305701851844788
1336,"??????????? ???????????? ""???????????? ???????""
?????????? ?????????: ????????
# ???????
## ????????????? ??????? ??? ?????? ???????????",0,0.4858725368976593
937,"??????????? ???????????? ""??????????? ????????? ???????????????""
?????????? ?????????: ????????
# ???????
## ?????????????? ???????
### ???????????? ?? ?????????? ??????? ????????? ? ??????????? ????????? ???????????????? ? ???????????? ?????????? ? ??????? ???????? ???????????? ?????????? ? ?????? ??? ??????????? ????????",1,0.8010616898536682
1333,"??????????? ???????????? ""?????????????? ???????  (??????), ??????????????  ??????? – ?????????? ?????????, ??????? ???????????????????? ???????, ??????? ????????????????????  ??????? – ?????????? ????????? , ????????? ? ?????????? ????????????? ???????, ????????? ? ??????????  ??????? – ?????????? ?????????????""
?????????? ?????????: ???????? ? ????
# ???????
## ????????????? ???????",0,0.5686615705490112
1787,"??????????? ???????????? ""??????????-??????????? ???????""
?????????? ?????????: ????
# ???????
## ?????????????? ???????
### ????????? ???",1,0.09946531057357788
1670,"??????????? ???????????? ""??????????????? ??????????????? ??????? ? ???????""
?????????? ?????????: ????????
# ???????
## ??????? ????????? ? ???????????????? ????? ???????
### ???????????-???????????? ???????: EGFR +, ALK /ROS1 +, BRAF +",1,0.8695464134216309
2,"??????????? ???????????? ""?????????""
?????????? ?????????: ???????? ? ????
# ???????
## ??????????? ?????? ???????",0,0.12072749435901642
372,"??????????? ???????????? ""????????? ????????????????? ?-????????? ?????? ??????""
?????????? ?????????: ???????? ? ????
# ???????
## ???????????? ?? ??????? ????????? ???? FAOD
### ???????????? ?? ??????? ??????? ??? ???????? MCAD",1,0.9168826341629028
951,"??????????? ???????????? ""??????? ??????""
?????????? ?????????: ????????
# ???????
## ????????????? ??????? ? ??????? ???????? ??????",0,0.6101899743080139
1797,"??????????? ???????????? ""???????? ???? ???????? ? ?????""
?????????? ?????????: ???????? ? ????
# ???????
## ?????????????",0,0.10476655513048172
1694,"??????????? ???????????? ""?????????? ?? ????????""
?????????? ?????????: ????????
# ???????
## ????????????, ????????????? ? ?????? ?????? ???????",0,0.6282240748405457
2045,"??????????? ???????????? ""????????? ??????? ??????? ???????""
?????????? ?????????: ????????
# ???????
## ????????????? ???????",0,0.06785726547241211
619,"??????????? ???????????? ""???????????? ?????????? ? ???????? ??????????????? ?????????""
?????????? ?????????: ????????
# ???????
## ????????????? ???????
### ????????? ? ????? ?????????? ?????????????? ????????????? ? ????????? ? ???????????????? ???????????? ????????????? ???????????",1,0.5002501606941223
1619,"??????????? ???????????? ""??????????""
?????????? ?????????: ????????
# ???????
## ?????????????? ???????",0,0.12661388516426086
1129,"??????????? ???????????? ""??????? ??????????? ?????""
?????????? ?????????: ???????? ? ????
# ???????
## ???????? ??????? ????? ?? ???????",0,0.12061313539743423
1760,"??????????? ???????????? ""???????????????? ??????""
?????????? ?????????: ???????? ? ????
# ???????
## ?????????????? ???????",0,0.1154639720916748
405,"??????????? ???????????? ""?????? ?????? ????????????""
?????????? ?????????: ????
# ???????
## ????????????? ???????",0,0.09220533818006516
1616,"??????????? ???????????? ""???????????????????? ???????. ????????????????????/ ???????????????????? ???????????????""
?????????? ?????????: ????????
# ???????
## ???????????????? ???????",0,0.6000936031341553
64,"??????????? ???????????? ""??????????? (????????????) ????????????""
?????????? ?????????: ????????
# ???????
## ????????????? ??????? ??????? ????????????",0,0.6657010316848755
1236,"??????????? ???????????? ""????????? ?????? (????????????)""
?????????? ?????????: ???????? ? ????
# ???????
## ?????????????? ???????
### ???????????????? ???????(?????????+??????????)",1,0.8068853616714478
1328,"??????????? ???????????? ""??????????? (????????????) ????????????""
?????????? ?????????: ????????
# ???????
## ??????????? ?? ????? ???????",0,0.10393007099628448
1096,"??????????? ???????????? ""????????????????? ??? II""
?????????? ?????????: ????
# ???????
## ????????????? ???????",0,0.10143999010324478
1501,"??????????? ???????????? ""???????? ?????????????? ???????? ?????, ????????? ?????????????? ??????????? ?????? ??????""
?????????? ?????????: ???????? ? ????
# ???????",0,0.6347238421440125
60,"??????????? ???????????? ""??????????? ????????""
?????????? ?????????: ???????? ? ????
# ???????
## ???? ???????",0,0.11976448446512222
1990,"??????????? ???????????? ""????????????? ????????? ? ????????""
?????????? ?????????: ????????
# ???????
## ??????? ??????????????????? ?????????
### ??????????: ??? – ??????????????????????? S. pneumoniae; MRSA - ??????????????????????? S. aureus; ???? - ????-????????? ???????????? ???????; 1 ?????????????? ????????????? ???????????? ???????? ??? ??????????",1,0.8960087895393372
1360,"??????????? ???????????? ""?????????? ????????? ?????? ?????""
?????????? ?????????: ????
# ???????
## ????????????? ???????",0,0.13095532357692719
559,"??????????? ???????????? ""??? ???????? / ??? ???????? ????? / ????????? ??? ???????""
?????????? ?????????: ????????
# ???????
## ????????????? ??????? I–II ?????? ???? ????????",1,0.6557959914207458
800,"??????????? ???????????? ""??????????? ??????????????""
?????????? ?????????: ????
# ???????
## ????????????? ???????",0,0.08512793481349945
2137,"??????????? ???????????? ""????????? ??????""
?????????? ?????????: ????????
# ???????
## ??????????? ??????",0,0.10369706898927689
672,"??????????? ???????????? ""?????????? ??????????? ??????????""
?????????? ?????????: ????????
# ???????
## ????????????? ???????",0,0.13518410921096802
1770,"??????????? ???????????? ""??????? ??? (????????, ????????? Salmonella Typhi) ? ????????""
?????????? ?????????: ????????
# ???????
## ?????????????? ???????",0,0.4329194128513336
1544,"??????????? ???????????? ""??????????? ???????? ??????? ?""
?????????? ?????????: ????????
# ???????
## ???????? ???????",0,0.1028679758310318
175,"??????????? ???????????? ""?????????????? ??????????? ????????????""
?????????? ?????????: ???????? ? ????
# ???????
## ??????????? ?????????????
### ??????????? ??????????????? ????????? ? ??????? ?????????-???????????? ???????",0,0.8821789622306824
1827,"??????????? ???????????? ""?????????????? ?????????""
?????????? ?????????: ????
# ???????
## ????????????? ???????",0,0.06829710304737091
979,"??????????? ???????????? ""????????? ????????? ??????""
?????????? ?????????: ????????
# ???????
## ??????? ??? ? ????????? ??????????? ?????????
### ??? ? ???/?????????? ?????????? ?????????????",1,0.8882541060447693
698,"??????????? ???????????? ""???????? ??????????""
?????????? ?????????: ????
# ???????
## ?????????????? ???????",0,0.07234498858451843
58,"??????????? ???????????? ""????????? ?????? (????????????)""
?????????? ?????????: ???????? ? ????
# ???????
## ?????????????? ???????
### ??????? ????????? ??????",1,0.8033435344696045
1368,"??????????? ???????????? ""??????????????? ??????????????? ?????? ? ????????? ??????: ????????????, ??????? ?????""
?????????? ?????????: ????
# ???????
## ??????? ????????? ? ??????????????",1,0.5935004949569702
1220,"??????????? ???????????? ""??????????? ???????? ??????? ?""
?????????? ?????????: ????????
# ???????
## ??????? ????????? ??? ??????? ?????? ? ? ???????????????????????? ??????",1,0.8541653752326965
1974,"??????????? ???????????? ""?????? ??????? ? (???) ? ????????""
?????????? ?????????: ????????
# ???????
## ?????????????? ???????",0,0.10324352234601974
1848,"??????????? ???????????? ""???????????? ????????? ?????. ???????????? ?????????? ? ????????? ????????? ??????""
?????????? ?????????: ???????? ? ????
# ???????
## ??????? ???????????? ??????????? ? ???????????? ????????? ?????? ? ????????? ???????
### ????????????????????? ??????????? ???????????? ??????????",1,0.6218947768211365
1933,"??????????? ???????????? ""??????? ?????""
?????????? ?????????: ????????
# ???????
## ????????????? ??????? ??
### ??????? ?? ? ????????????? ???????????? (???????????? ??)",1,0.7734721302986145
852,"??????????? ???????????? ""????????? ?????? (????????????)""
?????????? ?????????: ???????? ? ????
# ???????
## ?????????????? ???????
### ????????????????? ??????? (???)",0,0.8317142128944397
959,"??????????? ???????????? ""????????????????? ??????????? ?????? ? ???""
?????????? ?????????: ????????
# ???????
## ????????????? ???????",0,0.0690346360206604
935,"??????????? ???????????? ""???????""
?????????? ?????????: ???????? ? ????
# ???????
## ??????? ????????? ? ?????????? ?????????",1,0.5690574049949646
1739,"??????????? ???????????? ""???????? ???????? ?????????? ???????""
?????????? ?????????: ????
# ???????
## ????????????? ???????",0,0.07819823920726776
261,"??????????? ???????????? ""???????? ?????? 2 ???? ? ?????""
?????????? ?????????: ????
# ???????
## ?????????? ????????",0,0.06599770486354828
1541,"??????????? ???????????? ""?????? ????????? ????? ??????? ??????""
?????????? ?????????: ????????
# ???????
## ?????????????? ???????",0,0.07733473181724548
1081,"??????????? ???????????? ""??????????? ??????????????? ??????? - ????????? ?-????????? ??????????????? ???????, ?-????????? ??????? ??????? ??????? ????????????????? ?  ???????????? ????? c-MYC ? BCL2/BCL6, ????????? ??????????????? ?-????????? ???????, ??????????????? ??????? ????? ????, ??????? ????????, ?????????????? ???????.""
?????????? ?????????: ???????? ? ????
# ???????
## ?????? ?????? ?? ???????",0,0.8785238862037659
396,"??????????? ???????????? ""???????? ? ?????""
?????????? ?????????: ????
# ???????
## ????????????",0,0.10261369496583939
10,"??????????? ???????????? ""????????? ????????????????? ?-????????? ?????? ??????""
?????????? ?????????: ???????? ? ????
# ???????
## ???????????? ?? ??????? ????????? ???? FAOD
### ???????????? ?? ??????? ????????? ? ??2",1,0.8949762582778931
136,"??????????? ???????????? ""?????? ?????? ????????????""
?????????? ?????????: ????
# ???????
## ?????????????? ???????",0,0.09513949602842331
1799,"??????????? ???????????? ""??????????? ?????? ?????? ??? ????????????? ??? ?????????????? ????????? ? ???????????? ?????, ? ????????????? ?????? ?????""
?????????? ?????????: ???????? ? ????
# ???????
## ?????????? ? ?????????????? (?????????? ?)",0,0.44335079193115234
1741,"??????????? ???????????? ""?????? ????????? ? ????????  (?????? ????????????????)""
?????????? ?????????: ???????? ? ????
# ???????
## ?????????????? ???????",0,0.5640417337417603
1660,"??????????? ???????????? ""?????? ? ?????? ??????""
?????????? ?????????: ????????
# ???????
## ?????????????? ???????
### ??????? ??????? ?????? ? ?????????????????????",1,0.8830159902572632
1999,"??????????? ???????????? ""????????? ??????""
?????????? ?????????: ????????
# ???????
## ??????? ?????? ???????? ? ??????????? ?????? ??????",1,0.45274868607521057
932,"??????????? ???????????? ""?????????????? ???????  (??????), ??????????????  ??????? – ?????????? ?????????, ??????? ???????????????????? ???????, ??????? ????????????????????  ??????? – ?????????? ????????? , ????????? ? ?????????? ????????????? ???????, ????????? ? ??????????  ??????? – ?????????? ?????????????""
?????????? ?????????: ???????? ? ????
# ???????
## ??????????????? ???????",0,0.8001492023468018
1240,"??????????? ???????????? ""??????????? ??????? ????""
?????????? ?????????: ???????? ? ????
# ???????
## ????????????? ???????",0,0.13351131975650787
546,"??????????? ???????????? ""???????""
?????????? ?????????: ???????? ? ????
# ???????
## ???? ???????",0,0.09238854050636292
1971,"??????????? ???????????? ""????????????. ?????????. ?????, ??????????? ? ?????????????? ???????????? ?? ????? ????????????, ? ????? ? ???????????? ???????.""
?????????? ?????????: ???????? ? ????
# ???????
## ??????????????",0,0.5124809741973877
1956,"??????????? ???????????? ""??????????? ? ????????????? ????????????,  ????????? ????????????? ????????????? ??????? ??????? ??????????? ?? ????????????? ??????? (????? ???????? ? ????????)""
?????????? ?????????: ???????? ? ????
# ???????
## ??????????????? ???????",0,0.726895272731781
1113,"??????????? ???????????? ""??????????? ?????????. ??????????? ?????? ????????.""
?????????? ?????????: ???????? ? ????
# ???????
## ?????????????? ???????",0,0.5439669489860535
1631,"??????????? ???????????? ""?????????""
?????????? ?????????: ???????? ? ????
# ???????
## ??????????? ???????",0,0.09214507788419724
1596,"??????????? ???????????? ""??? ???? ???????????? (?????????????????? ???)""
?????????? ?????????: ???????? ? ????
# ???????
## ???? ???????",0,0.07930217683315277
1852,"??????????? ???????????? ""????? ??????????? ? ??????????. ????? ?????????. ????? ??????????? ?????.""
?????????? ?????????: ???????? ? ????
# ???????
## ????? (?????????) ???????
### ????????????? ? ???????",0,0.28604668378829956
2174,"??????????? ???????????? ""?????? ?????????? ???????""
?????????? ?????????: ????
# ???????
## ??????? ????????? ? ???????????? (????????????) ???? ???",1,0.6668441295623779
228,"??????????? ???????????? ""??? ???????? ??????""
?????????? ?????????: ????????
# ???????
## ???????? ???????????? ??? ???????? ?????? (0, I, IIA, IIB, IIIA ??????)
### ?????? 0 (?isN0?0), ?????????? ??? in situ",1,0.9233203530311584
1028,"??????????? ???????????? ""????? ??????????? ????????? ?????????""
?????????? ?????????: ????????
# ???????
## ?????????????? ???????",0,0.14250193536281586
118,"??????????? ???????????? ""??? ???? ????? ? ??????? ?????""
?????????? ?????????: ????????
# ???????
## ????????????? ???????",0,0.08771132677793503
328,"??????????? ???????????? ""?????????????? ??????, ??????? ???????????????????? ??????, ?????????  ? ?????????? ????????????? ??????""
?????????? ?????????: ???????? ? ????
# ???????
## ?????????????????? ???????
### ???????????? ?????????????????? ??????? ? ??????????? ??????",0,0.49732545018196106
595,"??????????? ???????????? ""??????????? ??????? ????????""
?????????? ?????????: ????????
# ???????
## ?????????????",0,0.0958910658955574
1168,"??????????? ???????????? ""??? ??????? ???? ? ??????????? ?????""
?????????? ?????????: ????????
# ???????
## ????????????? ???????",0,0.10443802177906036
1054,"??????????? ???????????? ""??? ??????????""
?????????? ?????????: ????????
# ???????
## ????? ???????? ??????? ? ??????????? ?? ??????",0,0.2622518539428711
14,"??????????? ???????????? ""??????? ????""
?????????? ?????????: ????????
# ???????
## ?????????????? ???????",0,0.12763462960720062
1170,"??????????? ???????????? ""???????? ?????? 1 ???? ? ????????""
?????????? ?????????: ????????
# ???????
## ???????????????",0,0.08866986632347107
1282,"??????????? ???????????? ""??????????????? ??????""
?????????? ?????????: ????????
# ???????
## ??????? ????????? ? ??????? ????????????????? ???",0,0.6335465908050537
1627,"??????????? ???????????? ""????????? ????""
?????????? ?????????: ???????? ? ????
# ???????
## ?????????????? ???????",0,0.13204053044319153
536,"??????????? ???????????? ""???????????? ????????""
?????????? ?????????: ???????? ? ????
# ???????
## ?????????????? ???????",0,0.11841551214456558
754,"??????????? ???????????? ""??????? ?????""
?????????? ?????????: ????????
# ???????
## ?????????????? ???????
### ?? ????????????? ??????????? ??????? ???????",1,0.8094924688339233
1090,"??????????? ???????????? ""?????????? (?????????????????) ????????????""
?????????? ?????????: ????????
# ???????
## ????????????? ???????",0,0.07204052805900574
2189,"??????????? ???????????? ""????????????? ???????? ????????? ? ???????? ??????? ??????""
?????????? ?????????: ???????? ? ????
# ???????
## ???????????? ???????? ??????? ?????????????? ?????????????",0,0.8561923503875732
385,"??????????? ???????????? ""???????????? ????????? ?????. ???????????? ?????????? ? ????????? ????????? ??????""
?????????? ?????????: ???????? ? ????
# ???????
## ??????? ???????????? ??????????? ? ???????????? ????????? ?????? ? ????????? ???????
### ??????? ?? ?? ????? ????????????",1,0.8821175694465637
727,"??????????? ???????????? ""??????????????? ??????????????? ????????? ?????""
?????????? ?????????: ????????
# ???????
## ??????????? ????????????",0,0.11219179630279541
1413,"??????????? ???????????? ""???????? ???? ? ????????? ????????""
?????????? ?????????: ????????
# ???????
## ???????????? ?? ?????????? ??????????? ??????? ???????? ???? II ? III ?????? ? ???????????? III ??????",1,0.9398736357688904
1217,"??????????? ???????????? ""????????????? ??????????-???????????? ??????????""
?????????? ?????????: ???????? ? ????
# ???????
## ????????????? ???????
### ????????????? ????????????? ? ?????????? ????? ????? ?????????",0,0.4381430149078369
1908,"??????????? ???????????? ""??????????? ????????????? ?????? /  ??????? ?? ????? ??????????""
?????????? ?????????: ????????
# ???????
## ?????? ????? ??????? ???",0,0.300967812538147
775,"??????????? ???????????? ""???????-?12-?????????? ??????""
?????????? ?????????: ???????? ? ????
# ???????
## ?????????????? ???????",0,0.138972207903862
1014,"??????????? ???????????? ""?????????????? ???????????, ????????? Mycoplasma genitalium""
?????????? ?????????: ???????? ? ????
# ???????
## ???? ???????",0,0.10606983304023743
683,"??????????? ???????????? ""?????????? ?????????? ??? ?????? ???????????""
?????????? ?????????: ????????
# ???????
## ????????????? ???????
### ???????? (???????????) ????????? ?????????? ????????? ???",0,0.8539389967918396
828,"??????????? ???????????? ""??????????? ??????????????? ??????? - ????????? ?-????????? ??????????????? ???????, ?-????????? ??????? ??????? ??????? ????????????????? ?  ???????????? ????? c-MYC ? BCL2/BCL6, ????????? ??????????????? ?-????????? ???????, ??????????????? ??????? ????? ????, ??????? ????????, ?????????????? ???????.""
?????????? ?????????: ???????? ? ????
# ???????
## ??????? ??????? ???????? ? ????????",1,0.8785238862037659
115,"??????????? ???????????? ""????????""
?????????? ?????????: ???????? ? ????
# ???????
## ????????????? ???????",0,0.11615879088640213
1810,"??????????? ???????????? ""???????????? ????????""
?????????? ?????????: ???????? ? ????
# ???????
## ????????????? ???????",0,0.06887149065732956
1293,"??????????? ???????????? ""????????????????? ???????""
?????????? ?????????: ????????
# ???????
## ??????? ????????? ? ????????????? ???????????",1,0.47683441638946533
1843,"??????????? ???????????? ""????????????? ???????""
?????????? ?????????: ???????? ? ????
# ???????
## ????????? ? ?????? ??????? ??",0,0.17046144604682922
88,"??????????? ???????????? ""???????""
?????????? ?????????: ????
# ???????
## ????????????????? ?????? ???????",0,0.10740042477846146
1206,"??????????? ???????????? ""?????? ? ???????????? ????????????? ???????""
?????????? ?????????: ????????
# ???????
## ????? ????????? ? ??????? ??????? ????",0,0.33601006865501404
821,"??????????? ???????????? ""?????????? ?????????????????? ????????""
?????????? ?????????: ????
# ???????
## ?????????????? ???????",0,0.0772840827703476
379,"??????????? ???????????? ""???????? ?????? 2 ???? ? ?????""
?????????? ?????????: ????
# ???????
## ?????? ? ??????? ?????????? ?????????????? ????????",0,0.49884212017059326
2046,"??????????? ???????????? ""?????? ????? ????????""
?????????? ?????????: ???????? ? ????
# ???????
## ?????????????? ???????",0,0.06953991949558258
78,"??????????? ???????????? ""???????????? ????????????? ? ?????""
?????????? ?????????: ????
# ???????
## ?????????????? ???????",0,0.13660256564617157
637,"??????????? ???????????? ""?????????????? ????????????? ??????, ??????? ??????????????????? ????????????? ??????, ????????? ? ?????????? ????????????? ????????????? ??????""
?????????? ?????????: ????????
# ???????
## ?????????????????? ???????",0,0.40850427746772766
1551,"??????????? ???????????? ""??????? ??????? ????? ? ?????""
?????????? ?????????: ????
# ???????
## ???????? ??????? ??????? (?????? ?????? ???????? ??? ??????????????? ??????????? ?????????????? ?????????????)",1,0.7385110855102539
726,"??????????? ???????????? ""???????? ????????????? ??????? ? ??????? ???????? (?????????????)""
?????????? ?????????: ???????? ? ????
# ???????
## ????????????????? ???????",0,0.5038217902183533
338,"??????????? ???????????? ""????????? ?????? (????????????)""
?????????? ?????????: ???????? ? ????
# ???????
## ???????????? ? ???????????????
### ??????? ???????????? ? ?????????? ? ????????",1,0.8841003179550171
334,"??????????? ???????????? ""???????-?12-?????????? ??????""
?????????? ?????????: ???????? ? ????
# ???????
## ??????????? ???????? ???????",0,0.18384458124637604
1567,"??????????? ???????????? ""????????? ????????""
?????????? ?????????: ????
# ???????
## ????????????? ???????",0,0.13232490420341492
1624,"??????????? ???????????? ""????????""
?????????? ?????????: ????????
# ???????
## ?????????????? ???????
### ????????????????? ???????",0,0.12920746207237244
1755,"??????????? ???????????? ""??????? ?????""
?????????? ?????????: ????????
# ???????
## ?????????????? ???????
### ?? ??????? ????? ?????? ? ??????? ???????",1,0.7694087624549866
1373,"??????????? ???????????? ""????????? ???? ? ??????????????? ??????""
?????????? ?????????: ???????? ? ????
# ???????
## ????????????? ???????",0,0.07256907224655151
1059,"??????????? ???????????? ""??? ??????????""
?????????? ?????????: ????????
# ???????
## ???????? ????????? ????????????",0,0.12448888272047043
125,"??????????? ???????????? ""???-???????? ? ?????""
?????????? ?????????: ????
# ???????
## ????? ????? ????????? ???",0,0.10354048013687134
1314,"??????????? ???????????? ""?????? ??????????""
?????????? ?????????: ????????
# ???????
## ????????????? ???????",0,0.13186562061309814
1048,"??????????? ???????????? ""??????????????? ??????????????? ?????, ???????? ???????, ???????????, ?????? ? ???????????? ??????? ???????""
?????????? ?????????: ????
# ???????
## ????????????????? ???????
### ??????????? ??????? ??? ?????????????? ??",1,0.4100547432899475
836,"??????????? ???????????? ""?????????????? (????????????) ?????????""
?????????? ?????????: ???????? ? ????
# ???????
## ???? ???????",0,0.07600931823253632
1040,"??????????? ???????????? ""???????-???????????? ???????????????""
?????????? ?????????: ???????? ? ????
# ???????
## ??????????????? ?????? ???????",0,0.28155359625816345
799,"??????????? ???????????? ""?????? ????????? ? ????????  (?????? ????????????????)""
?????????? ?????????: ???????? ? ????
# ???????
## ????????????? ???????",0,0.3794565498828888
866,"??????????? ???????????? ""??????? ?????????? ????? ??????? ??????""
?????????? ?????????: ????
# ???????
## ???? ???????",0,0.07589665800333023
161,"??????????? ???????????? ""??????????????? ??????? ????? ? ??????????????""
?????????? ?????????: ????
# ???????
## ????????????? ???????",0,0.084084652364254
124,"??????????? ???????????? ""????????????? ??????????? ????????????? ?????????????? ?????????? ???????????? ???????? ??? ?????""
?????????? ?????????: ????
# ???????",0,0.32081082463264465
5,"??????????? ???????????? ""?????????????? ???????????, ????????? Mycoplasma genitalium""
?????????? ?????????: ???????? ? ????
# ???????
## ????????????? ???????",0,0.19406220316886902
1641,"??????????? ???????????? ""???????? ???? ? ????????? ????????""
?????????? ?????????: ????????
# ???????
## ??????? ????????? ?????? ??????????? (I–II)",1,0.8728246688842773
1155,"??????????? ???????????? ""???????? ???? ? ????????? ????????""
?????????? ?????????: ????????
# ???????
## ??????? ????????? ??????????????? ? ???????????????? ????????? ???? (IIIC/D ???????????????? – IV ?????? ??? ?? ??????????)
### ??????? ????????? ? ??????????? ? ???????? ?????",1,0.8344563841819763
318,"??????????? ???????????? ""????????? ?????? ?????????????? ??????????? (??????????????)""
?????????? ?????????: ???????? ? ????
# ???????
## ????????????? ???????",0,0.3030802011489868
1794,"??????????? ???????????? ""?????????""
?????????? ?????????: ???????? ? ????
# ???????
## ??????????? ?????????? ??????????????? ??????? ? ??????????? ?? ??????????? ????????????",1,0.8314002156257629
721,"??????????? ???????????? ""????????????????? ??? ????""
?????????? ?????????: ????????
# ???????
## ????????????? ??????? ? ????????? ????????????????? ????? ????",0,0.8250090479850769
1511,"??????????? ???????????? ""??????? ? ????????? ???????? ? ??????????? ????????""
?????????? ?????????: ????????
# ???????
## ????????????????? ???? ???????????? ???????",0,0.773193895816803
987,"??????????? ???????????? ""??? ?????????????""
?????????? ?????????: ????????
# ???????
## ???? ???????",0,0.10444961488246918
755,"??????????? ???????????? ""????????? ?????? (????????????)""
?????????? ?????????: ???????? ? ????
# ???????
## ?????????????? ???????? ?????? ? ??????????????",1,0.7961490750312805
1259,"??????????? ???????????? ""?????????????? ???????????""
?????????? ?????????: ????????
# ???????
## ?????????????? ???????",0,0.11525120586156845
1925,"??????????? ???????????? ""??????? ?????? ?????? ????? ? ????????? ???????? ????????""
?????????? ?????????: ????
# ???????
## ???? ???????",0,0.0906868726015091
567,"??????????? ???????????? ""????????""
?????????? ?????????: ????????
# ???????
## ??????? ???????????? ????????",0,0.09954642504453659
557,"??????????? ???????????? ""??????????? ??????? ????????? ???????""
?????????? ?????????: ???????? ? ????
# ???????
## ???? ???????",0,0.08367018401622772
463,"??????????? ???????????? ""????????????????? ??? I""
?????????? ?????????: ????????
# ???????
## ???????????????? ???????",0,0.1477217823266983
294,"??????????? ???????????? ""????????????????? ??????????? ?????""
?????????? ?????????: ????????
# ???????
## ???????????????? ??????????",0,0.09689818322658539
273,"??????????? ???????????? ""??? ?????????? ??????""
?????????? ?????????: ????
# ???????
## ??????? ???????????? ????",1,0.13246005773544312
2060,"??????????? ???????????? ""??????????? ??????????????""
?????????? ?????????: ????
# ???????
## ?????????????? ???????",0,0.08773031830787659
139,"??????????? ???????????? ""????????? ???????""
?????????? ?????????: ????????
# ???????
## ????????????? ??????? ? ??????? ?????????? ???????",0,0.5994267463684082
2164,"??????????? ???????????? ""???????? ???????? ?????""
?????????? ?????????: ????????
# ???????
## ???? ???????",0,0.08440423756837845
1733,"??????????? ???????????? ""????????? ????????????????? ?-????????? ?????? ??????""
?????????? ?????????: ???????? ? ????
# ???????
## ???????????? ?? ?????????? ????????? ????????????? ??????????",0,0.7228710651397705
105,"??????????? ???????????? ""???-???????? ? ??????????""
?????????? ?????????: ????????
# ???????
## ??? ?? ????? ???????????? (?????? ???? ????????????). ??????????? ????????????? ?????????? ???-?????????????? ??????????",1,0.865298330783844
2101,"??????????? ???????????? ""???????? ?????????????? ?????? ???????? ?????""
?????????? ?????????: ???????? ? ????
# ???????
## ???? ???????",0,0.09106317162513733
1031,"??????????? ???????????? ""??????? ????????""
?????????? ?????????: ???????? ? ????
# ???????
## ?????? ?????? ?? ???????",0,0.1146828904747963
1666,"??????????? ???????????? ""???????? ???????????????""
?????????? ?????????: ????
# ???????
## ?????????? ???????",0,0.10195678472518921
689,"??????????? ???????????? ""??????????????? ????""
?????????? ?????????: 
# ???????
## ????????????? ???????",0,0.09688907861709595
1851,"??????????? ???????????? ""??????????? ?????? ?????? ??? ????????????? ??? ?????????????? ?????????????? ???????? ???? ? ?????.  ???????, ?????? ??? ????????????? ??????????? ?????, ????????? ?????????????? ??????????? ?????? ??????""
?????????? ?????????: ???????? ? ????
# ???????
## ????????????? ?????? ???????",0,0.7635821104049683
1416,"??????????? ???????????? ""???-???????? ? ????????""
?????????? ?????????: ????????
# ???????
## ????????????? ???????",0,0.12929865717887878
918,"??????????? ???????????? ""???????? ???????""
?????????? ?????????: ????????
# ???????
## ??????? ?????? ???????? ???????",1,0.3250086307525635
1149,"??????????? ???????????? ""????????????? ??? ??????? ????????????? ?????""
?????????? ?????????: ????????
# ???????
## ?????????????? ???????",0,0.07351462543010712
300,"??????????? ???????????? ""????????? ?????????? ?????? ???????? ???""
?????????? ?????????: ????
# ???????
## ???? ???????",0,0.07950941473245621
180,"??????????? ???????????? ""???????? ??????????? ?????? ?????? ??????????""
?????????? ?????????: ???????? ? ????
# ???????
## ????????????? ???????",0,0.0979546457529068
663,"??????????? ???????????? ""???????????????? ????????? ????????????""
?????????? ?????????: ????????
# ???????
## ???? ?????? ???????",0,0.06517529487609863
743,"??????????? ???????????? ""?????????????? ??????????????""
?????????? ?????????: 
# ???????
## ????????????????? ??????? ?????????????? ??",0,0.49939489364624023
1615,"??????????? ???????????? ""???????????. ??????????. ?????? ??????? ??????????? ?????? ???????????.""
?????????? ?????????: ???????? ? ????
# ???????
## ????? (?????????) ???????
### ???????????? ?????????",0,0.10693743079900742
662,"??????????? ???????????? ""?????????? ??????????? ????????????""
?????????? ?????????: ????????
# ???????
## ?????????????? ??????? ???????????? ?????????",1,0.745752215385437
1017,"??????????? ???????????? ""??????????? ??????????""
?????????? ?????????: ????????
# ???????
## ????????????? ???????
### ??????????????? ??????? ???????? ? ?????????? ??????????????? ??????",1,0.8375884294509888
611,"??????????? ???????????? ""??????""
?????????? ?????????: ???????? ? ????
# ???????
## ????????????? ???????",0,0.12852144241333008
191,"??????????? ???????????? ""??????? ? ????????? ?????""
?????????? ?????????: ????????
# ???????
## ??????????? ?????????????? ??????? ?????????? ??????? ???? ? ????????? ????",1,0.725623369216919
640,"??????????? ???????????? ""????????????????? ???????""
?????????? ?????????: ????????
# ???????
## ????????????? ???????",0,0.08562079817056656
622,"??????????? ???????????? ""???????? ??????????? ?????? ?????? ??????""
?????????? ?????????: ???????? ? ????
# ???????
## ?????????????? ???????
### ??????? ??????? ???????? ? ??????????? ???????? ???????",0,0.8590837121009827
684,"??????????? ???????????? ""????????-?????????? ????????????""
?????????? ?????????: ????????
# ???????
## ????????????",0,0.06450933963060379
1771,"??????????? ???????????? ""?????????? ?? ????????""
?????????? ?????????: ????????
# ???????
## ????????????? ???????",0,0.09396999329328537
1053,"??????????? ???????????? ""??????????? ?????????-?????????? ?????????????""
?????????? ?????????: ????????
# ???????
## ?????????????? ???????",0,0.09172887355089188
63,"??????????? ???????????? ""???????????? ????????? ?????. ???????????? ?????????? ? ????????? ????????? ??????""
?????????? ?????????: ???????? ? ????
# ???????
## ??????? ???????????? ??????? ? ???????????? ????????? ????????? ??????
### ???????????????? ??????????. ?????????????? ????????????-?????????????",0,0.7740404605865479
1169,"??????????? ???????????? ""?????????????? ??????, ??????? ???????????????????? ??????, ?????????  ? ?????????? ????????????? ??????""
?????????? ?????????: ???????? ? ????
# ???????
## ?????????????????? ???????
### ???????????????????? (???????????) ??????????????? ???????",0,0.5849006175994873
656,"??????????? ???????????? ""?????????? ?????????? ??????????????? (???)""
?????????? ?????????: 
# ???????
## ?????????????? ???????",0,0.06510213762521744
1247,"??????????? ???????????? ""??????????????? ??????""
?????????? ?????????: ????????
# ???????
## ????????? ? ?????? ??????? ? ??????????? ????????? ???????",0,0.7606287598609924
240,"??????????? ???????????? ""????????? ?????? (????????????)""
?????????? ?????????: ???????? ? ????
# ???????
## ?????????????? ???????
### ?????????????? ??????? ????????? ???????????? ? ?????????????",1,0.7879011631011963
2127,"??????????? ???????????? ""????????????? ??????? ??????? ??????""
?????????? ?????????: ????????
# ???????
## ????????????????? ??????? ?????",0,0.10509281605482101
1975,"??????????? ???????????? ""????????? ?????? (????????????)""
?????????? ?????????: ???????? ? ????
# ???????
## ?????????????? ???????
### ??????? ??????????? ???????????????",0,0.7915059328079224
1751,"??????????? ???????????? ""??????????????? ??????????????? ?????? ? ????????? ??????: ????????????, ??????? ?????""
?????????? ?????????: ????
# ???????
## ??????? ????????? ? ??????? ????????????????? ??????",1,0.6663169860839844
1560,"??????????? ???????????? ""?????????? ??????????? ??????????, ?????????????? ?????????? ? ???????????? ????""
?????????? ?????????: ???????? ? ????
# ???????
## ?????????????? (???????????) ???????? ?????? ??????? ?????????",0,0.3193676769733429
588,"??????????? ???????????? ""??????? ?????? ?????? ????? ? ????????? ???????? ????????""
?????????? ?????????: ????
# ???????
## ?????????????? ???????",0,0.09868989139795303
1460,"??????????? ???????????? ""?????????????? ??????, ??????? ???????????????????? ??????, ?????????  ? ?????????? ????????????? ??????""
?????????? ?????????: ???????? ? ????
# ???????
## ???????????? ?? ??????????? ? ??????? ??????? ?????????? ??????? ????????????? ??????",0,0.4716774523258209
1807,"??????????? ???????????? ""???????? ???????? ?????????? ???????""
?????????? ?????????: ????
# ???????
## ???? ???????",0,0.07836232334375381
1569,"??????????? ???????????? ""?????????""
?????????? ?????????: ???????? ? ????
# ???????
## ?????????? ?????????? ?????? ? ????????? ? ??????????",1,0.6000834703445435
1992,"??????????? ???????????? ""??????????? ?????????????? ? ????????""
?????????? ?????????: ????????
# ???????
## ????????? ?????? ???????? ??????",0,0.1973205953836441
1189,"??????????? ???????????? ""??????????? ?????????????? ? ????????""
?????????? ?????????: ????????
# ???????
## ????????? ??????????? ?????
### ?????????????? ?????????? ???????????? ????????",1,0.8636339902877808
1879,"??????????? ???????????? ""?????????? ? ????????""
?????????? ?????????: ????????
# ???????
## ?????????????
### ?????? ???????????? ????????????-??????????????? ???????????",1,0.8002296090126038
695,"??????????? ???????????? ""??????? ???????????? ????""
?????????? ?????????: ????????
# ???????
## ????????????? ? ???????????????? ???????",0,0.3396912217140198
848,"??????????? ???????????? ""??? ????? ?????""
?????????? ?????????: ????????
# ???????
## ?????????????",0,0.06623359024524689
1875,"??????????? ???????????? ""????? ??????????? ? ??????????. ????? ?????????. ????? ??????????? ?????.""
?????????? ?????????: ???????? ? ????
# ???????
## ????????????? ???????",0,0.13192394375801086
992,"??????????? ???????????? ""??????????""
?????????? ?????????: ???????? ? ????
# ???????
## ?????????????? ???????
### ??????????????? ???????",0,0.09800688177347183
1708,"??????????? ???????????? ""???????? ???? ? ????????? ????????""
?????????? ?????????: ????????
# ???????
## ??????? ????????? ? ?????????????? ????????? ???? III ?????? ? ???????????? III ??????",1,0.9256256222724915
1138,"??????????? ???????????? ""?????????? ????????????""
?????????? ?????????: ????????
# ???????
## ????????????",0,0.09254566580057144
1735,"??????????? ???????????? ""????????????? ?????""
?????????? ?????????: ???????? ? ????
# ???????",0,0.09753779321908951
255,"??????????? ???????????? ""???????????? ?????""
?????????? ?????????: ???????? ? ????
# ???????
## ??????????? ??????? ?? ? ?????????? ? ? ?????? ???????? ?????????????",1,0.8115662336349487
1617,"??????????? ???????????? ""?????????""
?????????? ?????????: ???????? ? ????
# ???????
## ??????????????",0,0.11607548594474792
1889,"??????????? ???????????? ""????????????? ???????""
?????????? ?????????: ???????? ? ????
# ???????
## ?????????????? ???????",0,0.06871046125888824
1076,"??????????? ???????????? ""??????????????? ????????/????????""
?????????? ?????????: ???????? ? ????
# ???????
## ?????????????? ???????",0,0.14562168717384338
1414,"??????????? ???????????? ""??????? ?? ?????? ??????""
?????????? ?????????: ????????
# ???????
## ????????? (I-II) ??????",1,0.4440464377403259
617,"??????????? ???????????? ""??????????????? ???????????????? ???????????-???-??????? (??????? ????-???????????, ??????? ?2)""
?????????? ?????????: ???????? ? ????
# ???????
## ???????????????? ???????",0,0.28132906556129456
1466,"??????????? ???????????? ""?????????""
?????????? ?????????: ???????? ? ????
# ???????
## ???????????????? ???????",0,0.13370443880558014
1847,"??????????? ???????????? ""???????? ??????????""
?????????? ?????????: ???????? ? ????
# ???????
## ???? ???????",0,0.08305898308753967
549,"??????????? ???????????? ""???????""
?????????? ?????????: ???????? ? ????
# ???????
## ?????????????? ???????",0,0.12288753688335419
2153,"??????????? ???????????? ""??????? ???????????""
?????????? ?????????: ????????
# ???????
## ???? ???????",0,0.09935574233531952
620,"??????????? ???????????? ""????????????? ??????? ??????? ??????""
?????????? ?????????: ????????
# ???????
## ??????????????? ??????? ?????",0,0.14293630421161652
1056,"??????????? ???????????? ""??? ???????? ??????""
?????????? ?????????: ????????
# ???????
## ?????????? ? ??????????????? ??? ???????? ??????
### ??????? ????????????? ??????? ?????????",1,0.7927963733673096
702,"??????????? ???????????? ""?????????""
?????????? ?????????: 
# ???????
## ?????????????? ???????",0,0.0918973982334137
1150,"??????????? ???????????? ""?????????-?????????????? ?????????? ?????????? ??????""
?????????? ?????????: ????????
# ???????
## ?????????????? ??????? ?????????-??????????????? ???????????",1,0.8616136908531189
304,"??????????? ???????????? ""??????????????? ??? ????""
?????????? ?????????: ????????
# ???????
## ??????? ????????? ? ??????????????? ? ???????????????? ??????????????? ????? ???? (III ???????????????? ? IV ??????)",1,0.9385212659835815
176,"??????????? ???????????? ""????? ????? ? ?????""
?????????? ?????????: ????
# ???????
## ?????????????? ???????",0,0.10554052889347076
916,"??????????? ???????????? ""??????????? ????????? ???????????????""
?????????? ?????????: ????????
# ???????
## ?????????????? ???????
### ???????, ??????????????? ????????? ? ?????????? ????????? ???????????????? ?? ????????? ???????? ??????? ?????? ?????????",1,0.8026073575019836
1465,"??????????? ???????????? ""??????? ?? ?????? ??????""
?????????? ?????????: ????????
# ???????
## ???????????????? ?????? ? ????????? ?????? 65 ??? ? ?????????, ?? ?????????? ??????????? ??? ?????????? ??????????? ???????, ?????? ????? ???????",1,0.9058812260627747
326,"??????????? ???????????? ""??? ???? ????? ? ??????? ?????""
?????????? ?????????: ????????
# ???????
## ?????????????",0,0.0664602667093277
2182,"??????????? ???????????? ""??????????????? ??????????????? ?????? ? ????????? ??????: ????????????, ??????? ?????""
?????????? ?????????: ????
# ???????
## ??????? ????????? ? ???????? ????? ? ??????? ????????????????????? ????????????????????? ????????? ??????",1,0.6323173642158508
2108,"??????????? ???????????? ""?????????? ????????""
?????????? ?????????: ???????? ? ????
# ???????
## ?????????????? ???????",0,0.13083888590335846
1177,"??????????? ???????????? ""???????? ????????""
?????????? ?????????: ???????? ? ????
# ???????
## ????????????? ???????",0,0.11284391582012177
302,"??????????? ???????????? ""????????????????? ??????""
?????????? ?????????: ???????? ? ????
# ???????
## ????????????? ???????",0,0.10730818659067154
397,"??????????? ???????????? ""????????? ?????? (????????????)""
?????????? ?????????: ???????? ? ????
# ???????
## ?????????????? ???????
### ??????? ????????????????? ??????????????? ????????????? ??????",0,0.8791218400001526
2202,"??????????? ???????????? ""??? ?????????????""
?????????? ?????????: ????????
# ???????
## ????????????? ???????",0,0.1332741230726242
25,"??????????? ???????????? ""???????????? ?????????? ? ???????? ??????????????? ?????????""
?????????? ?????????: ????????
# ???????
## ????????????? ???????
### ????????? ? ????? ?????????? ?????????????? ????????????? ? ????????? ? ???????????? ???????????? ? ?????????? ?????????",1,0.7070521116256714
52,"??????????? ???????????? ""???????????? ??????????? ? ????????""
?????????? ?????????: ????????
# ???????
## ??????????????? ??????? ??
### ????? ???????? ??????????????? ???????",0,0.8247061967849731
1389,"??????????? ???????????? ""?????????? ?????????? ??????????????? (???)""
?????????? ?????????: 
# ???????
## ???? ???????",0,0.06338851898908615
1438,"??????????? ???????????? ""??????????? ? ?????????, ????????? ? ????????? ????""
?????????? ?????????: ???????? ? ????
# ???????
## ???????/???????????? ???",1,0.5905743837356567
1285,"??????????? ???????????? ""??????????? ?????? ?????? ??? ????????????? ??? ?????????????? ?????????????? ???????? ???? ? ?????.  ???????, ?????? ??? ????????????? ??????????? ?????, ????????? ?????????????? ??????????? ?????? ??????""
?????????? ?????????: ???????? ? ????
# ???????
## ??????????????? ?????? ???????",0,0.7635821104049683
492,"??????????? ???????????? ""???????????? ?????????? ? ???????? ??????????????? ?????????""
?????????? ?????????: ????????
# ???????
## ???? ???????",0,0.18663232028484344
1364,"??????????? ???????????? ""???????? ???????? ?????????? ???????""
?????????? ?????????: ????
# ???????
## ??????????????? ?????????????",0,0.14882636070251465
1828,"??????????? ???????????? ""????? ??????????? ? ??????????. ????? ?????????. ????? ??????????? ?????.""
?????????? ?????????: ???????? ? ????
# ???????
## ????? (?????????) ???????
### ???????????? ?????????",0,0.22376517951488495
333,"??????????? ???????????? ""???????? ????????? ???????????????""
?????????? ?????????: ????????
# ???????
## ???????? ???????",0,0.12147703766822815
227,"??????????? ???????????? ""??????????? ?????????? ??????""
?????????? ?????????: ???????? ? ????
# ???????
## ????????????? ??????? ? ???????? ?????????
### ??????? ??? ??????? ?????? ? ??????????? ????? ???????",1,0.7330347299575806
1234,"??????????? ???????????? ""????????????????? ???????""
?????????? ?????????: ????????
# ???????
## ??????? ?????? ??",1,0.12073365598917007
72,"??????????? ???????????? ""???????? ??????  ????????????? ???????? (??????????, ?????????)""
?????????? ?????????: ???????? ? ????
# ???????
## ???? ???????",0,0.11440517753362656
309,"??????????? ???????????? ""????? ????????? ??????""
?????????? ?????????: ????????
# ???????
## ?????????????",0,0.0651063323020935
1553,"??????????? ???????????? ""???????""
?????????? ?????????: ????
# ???????
## ?????????????? ???????",0,0.06773274391889572
1147,"??????????? ???????????? ""??? ?????? (?????????????????)""
?????????? ?????????: ????????
# ???????
## ?????????????? ???????",0,0.1013813242316246
2044,"??????????? ???????????? ""????????????? ???? ?????, ????????? ?????????????? ??????????? ?????? ?????? (???????? ????? ?????)""
?????????? ?????????: ???????? ? ????
# ???????
## ??????????????",0,0.5414860844612122
269,"??????????? ???????????? ""???????? ??????? ?????""
?????????? ?????????: ????
# ???????
## ???? ???????",0,0.11723066866397858
2173,"??????????? ???????????? ""??????????????? ??????""
?????????? ?????????: ???????? ? ????
# ???????
## ??????????????? ?????????????",0,0.11751695722341537
1309,"??????????? ???????????? ""??????????-????????? ?????????""
?????????? ?????????: ???????? ? ????
# ???????
## ???????????? ????????? ???",0,0.1276322454214096
1283,"??????????? ???????????? ""??????????????? ???????????????  ????""
?????????? ?????????: ????????
# ???????
## ???? ???????",0,0.07364225387573242
262,"??????????? ???????????? ""?????????????????? ??? ?????????? ??????""
?????????? ?????????: ????????
# ???????
## ????????? ?????????????? ??????? ???????, 153 Sm ???????????",1,0.8359103798866272
1649,"??????????? ???????????? ""??????? ???????? Glut1""
?????????? ?????????: ???????? ? ????
# ???????
## ???????????????? ??????? — ???????????????????? ?????????",0,0.8467458486557007
634,"??????????? ???????????? ""??????????? ?????????????? ? ????????""
?????????? ?????????: ????????
# ???????
## ????????? ???????? ?????
### ??????? ????????",1,0.3567856550216675
1716,"??????????? ???????????? ""???????? ??????????? ?????? ???????? ?????""
?????????? ?????????: ???????? ? ????
# ???????
## ???? ???????",0,0.08192306756973267
1104,"??????????? ???????????? ""?????????? ?????????? ? ?????""
?????????? ?????????: ????
# ???????
## ????????????? ???????",0,0.12337299436330795
1441,"??????????? ???????????? ""???????? ??????? ???????? ?????""
?????????? ?????????: ???????? ? ????
# ???????
## ???? ???????",0,0.06844264268875122
89,"??????????? ???????????? ""???????""
?????????? ?????????: ???????? ? ????
# ???????
## ??????? ???????? ? ??????????",1,0.11814890801906586
1125,"??????????? ???????????? ""??????????? ? ????????????? ????????????, ????????? ????????????? ???????? ??????? ??????????? ?? ????????""
?????????? ?????????: ???????? ? ????
# ???????
## ?????? ????????????? ? ???????????? ???????",0,0.4840068817138672
36,"??????????? ???????????? ""?????????? ?????????? ??? ?????? ???????????""
?????????? ?????????: ????????
# ???????
## ????????????? ???????
### ?????????????? (???????????????) ?????????????? ?????? ???????",0,0.8478560447692871
2054,"??????????? ???????????? ""????????????? ?????????? ???????? ??????? 5q""
?????????? ?????????: ????
# ???????
## ???? ???????",0,0.08466875553131104
1126,"??????????? ???????????? ""??????? ?????""
?????????? ?????????: ????????
# ???????
## ?????????????? ???????
### ?????????? ????????????? ? ???????? ???????? ????????????? ???????",0,0.8076030015945435
1354,"??????????? ???????????? ""????? ??????????? ? ??????????. ????? ?????????. ????? ??????????? ?????.""
?????????? ?????????: ???????? ? ????
# ???????
## ????? (?????????) ???????
### ???????????????",0,0.22427934408187866
1869,"??????????? ???????????? ""????????? ? ?????????????? ?????? ? ???????? ? ?????""
?????????? ?????????: ???????? ? ????
# ???????",0,0.08143743127584457
162,"??????????? ???????????? ""????????????????? ??? ????""
?????????? ?????????: ????????
# ???????
## ??????? ????????-?????????? ???? ???? ? ??????????? ? ??????????? ?????????????? ????? (III ??????)",1,0.9395532608032227
1586,"??????????? ???????????? ""??????? ? ????????? ???????? ? ??????????? ????????""
?????????? ?????????: ????????
# ???????
## ??????????? ??????? ????????????? ??????????? ? ????????? ? ????????? ? ??????? ?????? ???????",1,0.824951708316803
621,"??????????? ???????????? ""??? ??????""
?????????? ?????????: ????????
# ???????
## ??????? ???????",0,0.09256241470575333
1369,"??????????? ???????????? ""????? ??????????? ? ??????????. ????? ?????????. ????? ??????????? ?????.""
?????????? ?????????: ???????? ? ????
# ???????
## ????? (?????????) ???????
### ??????????-?????????????? ???????",0,0.17089301347732544
677,"??????????? ???????????? ""????????????? ??????? ??????? ??????""
?????????? ?????????: ????????
# ???????
## ??????? ????? ? ??????????????? ?????????
### ??????? ????? ? ????????? ? ???????? ???????? 2-?? ????",1,0.8619760870933533
1203,"??????????? ???????????? ""??????????? ??????? ??????? (???) ? ???????? ?????????, ??????????? ? ???????????? ??????????? ??????""
?????????? ?????????: ????????
# ???????
## ?????????????? ???????
### ??????? ??????????????? ????",1,0.5795536041259766
249,"??????????? ???????????? ""?????? ???? ????????? ?????? ??????????? ? ????????????? ????? (?????????????? ???????? /????????)""
?????????? ?????????: ???????? ? ????
# ???????
## ?????????????? ???????",0,0.20458659529685974
1872,"??????????? ???????????? ""????????? ? ???????????????? ????????? ? ???????""
?????????? ?????????: ????????
# ???????
## ?????????????? ???????",0,0.08353821188211441
589,"??????????? ???????????? ""??????? ?????""
?????????? ?????????: ????????
# ???????
## ????????????? ??????? ??
### ????????????? ??????? ?? ??????? ?????",0,0.8508336544036865
610,"??????????? ???????????? ""??????????????? ??????????????? ????????? ?????""
?????????? ?????????: ????????
# ???????
## ????????????? ???????",0,0.1751822680234909
1630,"??????????? ???????????? ""?????? ??????????-???????????? ???????????  (??????????????????? ?????)""
?????????? ?????????: ???????? ? ????
# ???????
## ?????????????? ???????",0,0.21999339759349823
1058,"??????????? ???????????? ""?????? (? ????????)""
?????????? ?????????: ????????
# ???????
## ??????? ? ?????????",0,0.10587283223867416
2031,"??????????? ???????????? ""??????? ???????????????. ?????????????? ??????""
?????????? ?????????: ???????? ? ????
# ???????
## ?????????????? ???????",0,0.2860028147697449
1342,"??????????? ???????????? ""???????? ???????? ?????????? ???????""
?????????? ?????????: ????
# ???????
## ?????????????? ???????",0,0.1365661323070526
1744,"??????????? ???????????? ""????????????????? ??????????? ?????""
?????????? ?????????: ????????
# ???????
## ????????? ??? ?????????????? ???????",0,0.4538896679878235
1451,"??????????? ???????????? ""?????? ?????????? ???????????? ????????????????, ??????????????? ? ????????????????????? ??????????""
?????????? ?????????: ???????? ? ????
# ???????
## ???????? ?????? ??????????? ?????? ??? ??????????? ???????????",0,0.5002530217170715
41,"??????????? ???????????? ""???????????? ?????????????? ???????""
?????????? ?????????: 
# ???????
## ??????????????? ??????? ??????????? ???????????",0,0.3308260142803192
43,"??????????? ???????????? ""?????????? ???????? ??? 1""
?????????? ?????????: ???????? ? ????
# ???????
## ???? ???????",0,0.1309797316789627
894,"??????????? ???????????? ""?????? ????????????: ?????????????? ??????? ???????? ??????????? ????? II, VII, X""
?????????? ?????????: ???????? ? ????
# ???????",0,0.8736459612846375
1642,"??????????? ???????????? ""????????? ?????? (????????????)""
?????????? ?????????: ???????? ? ????
# ???????
## ?????????????? ???????
### ????????????????? ??????? ??? MRSA (?????????????????????? ???????????) - ????????",1,0.9346919655799866
1392,"??????????? ???????????? ""???????? ??????? ?????????????? ?????""
?????????? ?????????: ???????? ? ????
# ???????
## ?????????????? ???????",0,0.13512642681598663
225,"??????????? ???????????? ""????????? ?????? (????????????)""
?????????? ?????????: ???????? ? ????
# ???????
## ?????????????? ???????
### ??????? ????????? ??????, ???????????????? ???? Aspergillus",1,0.8959359526634216
2184,"??????????? ???????????? ""??????????? ? ?????????? ?????????? ? ????????""
?????????? ?????????: ????????
# ???????
## ????????????? ? ??????????????? ??????? ??????????? ??????????
### ??????????????????? ?????? ???????????? ?????????????????? ??????????. ???????? ???? ?????? ?????????? ??? ???????????? ????????",1,0.8423843383789062
1651,"??????????? ???????????? ""????????????? ??????????-???????????? ??????????""
?????????? ?????????: ???????? ? ????
# ???????
## ????????????? ???????
### ???????????? ???????",0,0.7268358469009399
57,"??????????? ???????????? ""?????? (? ????????)""
?????????? ?????????: ????????
# ???????
## ???????????? ???????? ?????????????",0,0.22648470103740692
306,"??????????? ???????????? ""????????????????? ??? VI""
?????????? ?????????: 
# ???????
## ???????????????? ???????",0,0.09673076868057251
1900,"??????????? ???????????? ""????????????? ??? ??????? ????????????? ?????""
?????????? ?????????: ????????
# ???????
## ???????????????? ??????? ??????? ?????",1,0.6094192862510681
851,"??????????? ???????????? ""????????????????? ???????""
?????????? ?????????: ????????
# ???????
## ??????? ??",0,0.1123490035533905
26,"??????????? ???????????? ""??? ??????""
?????????? ?????????: ????????
# ???????
## ?????????????",0,0.06646532565355301
485,"??????????? ???????????? ""????????? ?????? ???? (??????? ????????)""
?????????? ?????????: ???????? ? ????
# ???????
## ????????????? ???????",0,0.14955265820026398
765,"??????????? ???????????? ""?????????????? ???????""
?????????? ?????????: ???????? ? ????
# ???????
## ?????????????? ???????",0,0.1387215405702591
532,"??????????? ???????????? ""????????? ?????????????? ? ???????????????? ???????????????? ??????? ???????""
?????????? ?????????: ???????? ? ????
# ???????
## ?????????????? ??????? ???????????????? ???????? ??????????**",0,0.506672739982605
933,"??????????? ???????????? ""???????? ?????? ????????? ?????""
?????????? ?????????: ????????
# ???????
## ?????????????? ???????",0,0.0688832551240921
1479,"??????????? ???????????? ""????????????? ??????""
?????????? ?????????: ????????
# ???????
## ????????????? ? ???????????????? ???????",0,0.15946049988269806
123,"??????????? ???????????? ""????????????? ???????? ????????? ? ???????? ??????? ??????""
?????????? ?????????: ???????? ? ????
# ???????
## ???? ???????",0,0.10053284466266632
342,"??????????? ???????????? ""?????????? ?????????? ? ????????""
?????????? ?????????: ????????
# ???????
## ???? ???????",0,0.08965464681386948
2180,"??????????? ???????????? ""??????????????? ??????""
?????????? ?????????: ????????
# ???????
## ??????? ????????? ???",0,0.10087314993143082
297,"??????????? ???????????? ""??????? ???????????????. ?????????????? ??????""
?????????? ?????????: ???????? ? ????
# ???????
## ????????????? ???????",0,0.1135384738445282
90,"??????????? ???????????? ""??????? ? ????????? ?????""
?????????? ?????????: ????????
# ???????
## ???????????? ?????????????????? ??????????",0,0.3297320008277893
660,"??????????? ???????????? ""?????? ????????????? ???????? ???????? (????) ? ????????""
?????????? ?????????: ????????
# ???????
## ?????????????? ???????",0,0.4300806522369385
2036,"??????????? ???????????? ""??????? ???????????""
?????????? ?????????: ????????
# ???????
## ??????? ??????????????? ?????????? ??????",1,0.17027617990970612
1379,"??????????? ???????????? ""????????????? ?????? ??????????????? ??????? (?????????????????)""
?????????? ?????????: ???????? ? ????
# ???????
## ????????????",0,0.1436842530965805
591,"??????????? ???????????? ""??? ?????? (?????????????????)""
?????????? ?????????: ????????
# ???????
## ??????? ???????",0,0.09461499005556107
440,"??????????? ???????????? ""???????????, ?????????? Clostridioides difficile (C. difficile)""
?????????? ?????????: ????????
# ???????
## ?????????????? ???????",0,0.08910630643367767
54,"??????????? ???????????? ""??????? ?????""
?????????? ?????????: ???????? ? ????
# ???????
## ???????????????? ???????",0,0.13220323622226715
152,"??????????? ???????????? ""??????????? ??????? ??????? (???) ? ???????? ?????????, ??????????? ? ???????????? ??????????? ??????""
?????????? ?????????: ????????
# ???????
## ?????????????? ???????
### ??????? ?????????? ????????? ???????",1,0.5788459181785583
1570,"??????????? ???????????? ""??????????? ? ????????????? ????????????, ????????? ????????????? ????????????? ??????? [????????, ?????????????, ?????????? ? ?????????? ???????, ???????, ?????? ???????????? (????? ???????), ?????????????? ? ?????????? ????????????? ???????]  ????????????? ????????????""
?????????? ?????????: ???????? ? ????
# ???????
## ????? ??????? ??????? ????????????? ???????????",0,0.511335551738739
367,"??????????? ???????????? ""??? ???????? / ??? ???????? ????? / ????????? ??? ???????""
?????????? ?????????: ????????
# ???????
## ??????????? ? ?????? ????? ????????????",0,0.5178001523017883
171,"??????????? ???????????? ""?????????? ???????????? ?????? ?????""
?????????? ?????????: ????
# ???????
## ???? ???????",0,0.11413422226905823
801,"??????????? ???????????? ""???????? ?????""
?????????? ?????????: ????????
# ???????
## ?????????????? ???????
### ????????????? ? ????????? ???????? ?????. ????????????? ?????",1,0.8611434102058411
733,"??????????? ???????????? ""?????? ????????""
?????????? ?????????: ???????? ? ????
# ???????
## ?????????????? ???????",0,0.1432543396949768
277,"??????????? ???????????? ""???????? ??????? ?????????????? ?????""
?????????? ?????????: ???????? ? ????
# ???????
## ???? ???????",0,0.07833625376224518
2087,"??????????? ???????????? ""?????? ?????????? ?????????? ?????????????? ??????????""
?????????? ?????????: ???????? ? ????
# ???????
## ??????? ?? ????? ?????????????????? ??????????? ??????",0,0.4829099178314209
1530,"??????????? ???????????? ""?????? ?????????? ???????""
?????????? ?????????: ????????
# ???????
## ??????? ????????? ? ?????? ?????????? ???????? ??????? ?????????? ?????? ( >60 ???)",1,0.8808281421661377
1754,"??????????? ???????????? ""?????????? ????? ??????????""
?????????? ?????????: ???????? ? ????
# ???????
## ???? ???????",0,0.0886823907494545
99,"??????????? ???????????? ""?????? ???? ????????? ?????? ??????????? ? ????????????? ????? (?????????????? ???????? /????????)""
?????????? ?????????: ???????? ? ????
# ???????
## ???? ???????",0,0.5334761738777161
1348,"??????????? ???????????? ""??????? ???? ?????. ??????? ???? ?????""
?????????? ?????????: ????
# ???????
## ????????????? ???????",0,0.06662151962518692
838,"??????????? ???????????? ""???????? ???????? ?????""
?????????? ?????????: ????????
# ???????
## ????????????",0,0.08638092130422592
169,"??????????? ???????????? ""????????????. ?????????. ?????, ??????????? ? ?????????????? ???????????? ?? ????? ????????????, ? ????? ? ???????????? ???????.""
?????????? ?????????: ???????? ? ????
# ???????
## ????????????????? ?????? ???????",0,0.4254657030105591
1467,"??????????? ???????????? ""????????????? ??? ??????? ????????????? ?????""
?????????? ?????????: ????????
# ???????
## ??????? ??????? ?????????????? ??????-???????????????? ? ????????????????? ?????",1,0.6016086339950562
544,"??????????? ???????????? ""??????? ?????? ??????""
?????????? ?????????: 
# ???????",0,0.07842972129583359
172,"??????????? ???????????? ""??????? ???????????? ????""
?????????? ?????????: ????????
# ???????
## ??????? ????????? ? ???????????? ???? ???",0,0.2814207077026367
2089,"??????????? ???????????? ""????????? ??????""
?????????? ?????????: ????????
# ???????
## ?????????????? ??????????????",0,0.3250086307525635
1440,"??????????? ???????????? ""?????? ???????????""
?????????? ?????????: ???????? ? ????
# ???????
## ????? ???????? ??????? ??",0,0.11374936997890472
1793,"??????????? ???????????? ""??????""
?????????? ?????????: ???????? ? ????
# ???????
## ?????????????? ???????",0,0.1256958246231079
1756,"??????????? ???????????? ""??????????? ?????????? ??????""
?????????? ?????????: ???????? ? ????
# ???????
## ????????????? ??????? ? ???????? ?????????
### ??????????????? ? ??????????????? ???????",1,0.7707386612892151
1542,"??????????? ???????????? ""???? ???????????, ?????????????? ????? ???????? ???????""
?????????? ?????????: ???????? ? ????
# ???????
## ??????? ????????? ????? ??",0,0.5491222143173218
1962,"??????????? ???????????? ""??????? ????????????? ?????????""
?????????? ?????????: ???????? ? ????
# ???????
## ???? ???????",0,0.08785417675971985
631,"??????????? ???????????? ""?????????????? ????????, ??????????? ??????????""
?????????? ?????????: ????????
# ???????
## ????????????? ???????",0,0.22376008331775665
1950,"??????????? ???????????? ""??????? ?????""
?????????? ?????????: ????
# ???????
## ????????????? ??????? ??????? ????? ? ?????
### ????????? ? ?????????????? ??????? ?? ? ?????",0,0.792080819606781
842,"??????????? ???????????? ""?????? ??????? ???????? ? ???????? ???????? ST ???????????????????""
?????????? ?????????: ????????
# ???????
## ???ST ??????? ?????????",1,0.8650473356246948
2028,"??????????? ???????????? ""???????? ?????? ????????? ?????""
?????????? ?????????: ????????
# ???????
## ????????????? ??????? ??? ??????? ???",1,0.38266825675964355
1233,"??????????? ???????????? ""???????????, ?????????? Clostridioides difficile (C. difficile)""
?????????? ?????????: ????????
# ???????
## ?????? ????????????? ???????",0,0.18966521322727203
164,"??????????? ???????????? ""????????????? ????????? ?????? (???) ? ????????""
?????????? ?????????: ????????
# ???????
## ????????????? ???????",0,0.14713047444820404
1049,"??????????? ???????????? ""??????????? ?????????? ???????""
?????????? ?????????: ????????
# ???????
## ????????????? ??????? ????????? ? ???????????? ??????????? ?????????",0,0.8491221070289612
1243,"??????????? ???????????? ""???????? ?????""
?????????? ?????????: ????
# ???????
## ?????????????? ???????
### ????????????",0,0.0796845555305481
1932,"??????????? ???????????? ""??????????""
?????????? ?????????: ???????? ? ????
# ???????
## ???????????????? ???????",0,0.11781612038612366
527,"??????????? ???????????? ""??????? (???????????????? ?????)""
?????????? ?????????: ???????? ? ????
# ???????
## ????????????????? ?????? ???????",0,0.605400562286377
361,"??????????? ???????????? ""?????????? ???????????????""
?????????? ?????????: ????????
# ???????
## ?????????????? ???????",0,0.08451147377490997
1528,"??????????? ???????????? ""?????? ??? ??????????? ??????? ?????""
?????????? ?????????: ???????? ? ????
# ???????
## ?????????????? ? ????????? ? ??? ? ???????",1,0.7018904685974121
1593,"??????????? ???????????? ""??? ??????""
?????????? ?????????: ????????
# ???????
## ??????? ???? ?????? ? ??????",1,0.10168866813182831
1706,"??????????? ???????????? ""??????????? ?????""
?????????? ?????????: ???????? ? ????
# ???????
## ??????? ????????? ? ????????????????? ???????? ???????????? ?????? ? ?????????? ? ???????????? ???? ???????????? ??????",1,0.8750936388969421
1174,"??????????? ???????????? ""??????????? ?????????????? ? ????????""
?????????? ?????????: ????????
# ???????
## ????????? ??????????? ?????
### ????????? ??????? ????",1,0.6760373711585999
1068,"??????????? ???????????? ""??????? ??????""
?????????? ?????????: ???????? ? ????
# ???????
## ???? ???????",0,0.06621599197387695
1667,"??????????? ???????????? ""??????? ?????????""
?????????? ?????????: ???????? ? ????
# ???????
## ????????????? ???????",0,0.11284391582012177
