id,title_text,label,oof_proba_t3
526,"Клинические рекомендации ""Мочекаменная болезнь""
Возрастная категория: Взрослые
# Лечение
## Лечение мочекаменной болезни в особых группах пациентов",1,0.6346419453620911
314,"Клинические рекомендации ""Болезнь Крона""
Возрастная категория: Взрослые
# Лечение
## Консервативное лечение
### Тяжелое течение активной БК любой локализации",1,0.5692442655563354
672,"Клинические рекомендации ""Болезнь Крона""
Возрастная категория: Взрослые
# Лечение
## Хирургическое лечение БК
### Хирургическое лечение БК в форме терминального илеита или илеоколита",1,0.8107810020446777
707,"Клинические рекомендации ""Артериальная гипертензия у взрослых""
Возрастная категория: Взрослые
# Лечение
## Лечение артериальной гипертензии в отдельных клинических ситуациях",1,0.7132015228271484
665,"Клинические рекомендации ""Хроническая сердечная недостаточность""
Возрастная категория: Взрослые
# Лечение
## Консервативное лечение
### Терапия, рекомендованная пациентам с симптомной сердечной недостаточностью со сниженной фракцией выброса левого желудочка",1,0.6143220663070679
346,"Клинические рекомендации ""Эндометриоз""
Возрастная категория: Взрослые и дети
# Лечение
## Эндометриоз в постменопаузе",0,0.08276207745075226
213,"Клинические рекомендации ""Хроническая сердечная недостаточность""
Возрастная категория: Взрослые
# Лечение
## Консервативное лечение
### Терапия, рекомендованная пациентам с симптомной сердечной недостаточностью со сниженной фракцией выброса левого желудочка",1,0.6061378121376038
509,"Клинические рекомендации ""Болезнь Крона""
Возрастная категория: Взрослые
# Лечение
## Хирургическое лечение БК
### Лечение БК с перианальными проявлениями (перианальная БК)",0,0.7817527651786804
559,"Клинические рекомендации ""Хроническая сердечная недостаточность""
Возрастная категория: Взрослые
# Лечение
## Консервативное лечение
### Лечение пациентов с хронической сердечной недостаточностью и сочетанной патологией",1,0.8790972828865051
321,"Клинические рекомендации ""Эндометриоз""
Возрастная категория: Взрослые и дети
# Лечение
## Эндометриоз у подростков (до 18 лет)",0,0.4083779752254486
49,"Клинические рекомендации ""Хроническая сердечная недостаточность""
Возрастная категория: Взрослые
# Лечение
## Консервативное лечение
### Лечение пациентов с хронической сердечной недостаточностью и сочетанной патологией",1,0.8936985731124878
112,"Клинические рекомендации ""Гастрит и дуоденит""
Возрастная категория: Взрослые
# Лечение
## Эндоскопическое лечение",1,0.2265668511390686
338,"Клинические рекомендации ""Болезнь Крона""
Возрастная категория: Взрослые
# Лечение
## Консервативное лечение
### Легкая БК илеоцекальной локализации",1,0.724107563495636
447,"Клинические рекомендации ""Эндометриоз""
Возрастная категория: Взрослые и дети
# Лечение
## Эндометриоз и рак",0,0.06991476565599442
554,"Клинические рекомендации ""Эндометриоз""
Возрастная категория: Взрослые и дети
# Лечение
## Эндометриоз у подростков (до 18 лет)",0,0.08494973927736282
643,"Клинические рекомендации ""Болезнь Крона""
Возрастная категория: Взрослые
# Лечение
## Консервативное лечение
### Легкая БК илеоцекальной локализации",1,0.799765408039093
703,"Клинические рекомендации ""Эндометриоз""
Возрастная категория: Взрослые и дети
# Лечение
## Эндометриоз и рак",0,0.41850680112838745
578,"Клинические рекомендации ""Эндометриоз""
Возрастная категория: Взрослые и дети
# Лечение
## Эндометриоз у подростков (до 18 лет)",0,0.2422887682914734
527,"Клинические рекомендации ""Эндометриоз""
Возрастная категория: Взрослые и дети
# Лечение
## Эндометриоз в постменопаузе",0,0.06986825168132782
790,"Клинические рекомендации ""Хроническая сердечная недостаточность""
Возрастная категория: Взрослые
# Лечение
## Консервативное лечение
### Рекомендации по контролю ритма у пациентов с фибрилляцией предсердий, симптомной ХСН, систолической дисфункцией левого желудочка при отсутствии острой декомпенсации",0,0.5325778126716614
192,"Клинические рекомендации ""Хроническая сердечная недостаточность""
Возрастная категория: Взрослые
# Лечение
## Консервативное лечение
### Лечение пациентов с ХСН в особых группах",1,0.8377658128738403
583,"Клинические рекомендации ""Хроническая сердечная недостаточность""
Возрастная категория: Взрослые
# Лечение
## Консервативное лечение
### Лечение пациентов с хронической сердечной недостаточностью и сочетанной патологией",1,0.75832599401474
580,"Клинические рекомендации ""Головная боль напряжения (ГБН)""
Возрастная категория: Взрослые
# Лечение
## Особенности лечения ГБН, сочетающейся с лекарственно-индуцированной головной болью (ЛИГБ)",1,0.7640586495399475
448,"Клинические рекомендации ""Эндометриоз""
Возрастная категория: Взрослые и дети
# Лечение
## Эндометриоз у подростков (до 18 лет)",0,0.0836196094751358
784,"Клинические рекомендации ""Хроническая сердечная недостаточность""
Возрастная категория: Взрослые
# Лечение
## Консервативное лечение
### Лечение пациентов с ХСН в особых группах",1,0.23848795890808105
471,"Клинические рекомендации ""Эндометриоз""
Возрастная категория: Взрослые и дети
# Лечение
## Эндометриоз в постменопаузе",0,0.09075625985860825
295,"Клинические рекомендации ""Эндометриоз""
Возрастная категория: Взрослые и дети
# Лечение
## Эндометриоз и рак",0,0.3751000165939331
396,"Клинические рекомендации ""Эндометриоз""
Возрастная категория: Взрослые и дети
# Лечение
## Эндометриоз в постменопаузе",0,0.08385774493217468
298,"Клинические рекомендации ""Головная боль напряжения (ГБН)""
Возрастная категория: Взрослые
# Лечение
## Особенности лечения ГБН, сочетающейся с лекарственно-индуцированной головной болью (ЛИГБ)",1,0.2269836962223053
852,"Клинические рекомендации ""Болезнь Крона""
Возрастная категория: Взрослые
# Лечение
## Хирургическое лечение БК
### Хирургическое лечение БК с поражением верхних отделов ЖКТ",0,0.7464854121208191
480,"Клинические рекомендации ""Хроническая сердечная недостаточность""
Возрастная категория: Взрослые
# Лечение
## Консервативное лечение
### Особенности лечения пациентов с хронической сердечной недостаточностью и фибрилляцией предсердий",0,0.8543708920478821
695,"Клинические рекомендации ""Болезнь Крона""
Возрастная категория: Взрослые
# Лечение
## Хирургическое лечение БК
### Лечение БК с перианальными проявлениями (перианальная БК)",0,0.46677809953689575
333,"Клинические рекомендации ""Хроническая сердечная недостаточность""
Возрастная категория: Взрослые
# Лечение
## Консервативное лечение
### Терапия, применение которой может быть опасно, и не рекомендовано для пациентов с хронической сердечной недостаточностью II-IV функционального класса и сниженной фракцией выброса левого желудочка",0,0.4308023452758789
39,"Клинические рекомендации ""Хроническая сердечная недостаточность""
Возрастная категория: Взрослые
# Лечение
## Консервативное лечение
### Особенности лечения пациентов с хронической сердечной недостаточностью и желудочковыми нарушениями ритма сердца",1,0.6580535173416138
749,"Клинические рекомендации ""Болезнь Крона""
Возрастная категория: Взрослые
# Лечение
## Консервативное лечение
### Тяжелое течение активной БК любой локализации",1,0.7872491478919983
733,"Клинические рекомендации ""Артериальная гипертензия у взрослых""
Возрастная категория: Взрослые
# Лечение
## Лечение артериальной гипертензии в отдельных клинических ситуациях",1,0.7330520749092102
222,"Клинические рекомендации ""Хроническая сердечная недостаточность""
Возрастная категория: Взрослые
# Лечение
## Консервативное лечение
### Терапия, не рекомендованная (не доказан положительный эффект) пациентам с симптомной сердечной недостаточностью и сниженной фракцией выброса левого желудочка",1,0.9095903635025024
126,"Клинические рекомендации ""Бронхиальная астма""
Возрастная категория: Взрослые и дети
# Лечение
## Особенности лечения БА у беременных и в период грудного вскармливания",1,0.21532246470451355
107,"Клинические рекомендации ""Гастрит и дуоденит""
Возрастная категория: Взрослые
# Лечение
## Медикаментозное лечение
### Медикаментозная терапия при эрозивном гастрите и дуодените",1,0.35915353894233704
181,"Клинические рекомендации ""Хроническая сердечная недостаточность""
Возрастная категория: Взрослые
# Лечение
## Консервативное лечение
### Лечение пациентов с ХСН в особых группах",1,0.6072155237197876
215,"Клинические рекомендации ""Хроническая сердечная недостаточность""
Возрастная категория: Взрослые
# Лечение
## Консервативное лечение
### Лечение пациентов с ХСН с умеренно сниженной и сохраненной ФВ ЛЖ",1,0.8719114065170288
366,"Клинические рекомендации ""Болезнь Крона""
Возрастная категория: Взрослые
# Лечение
## Консервативное лечение
### Тяжелое течение активной БК любой локализации",1,0.768649697303772
836,"Клинические рекомендации ""Хроническая сердечная недостаточность""
Возрастная категория: Взрослые
# Лечение
## Консервативное лечение
### Лечение пациентов с хронической сердечной недостаточностью и сочетанной патологией",1,0.7757061123847961
500,"Клинические рекомендации ""Хроническая сердечная недостаточность""
Возрастная категория: Взрослые
# Лечение
## Консервативное лечение
### Рекомендации по начальному лечению пациентов с хронической сердечной недостаточностью и фибрилляцией предсердий с высокой частотой желудочковых сокращений в острой или хронической ситуации",1,0.8429897427558899
562,"Клинические рекомендации ""Хроническая сердечная недостаточность""
Возрастная категория: Взрослые
# Лечение
## Консервативное лечение
### Профилактика фибрилляции предсердий у пациентов с хронической сердечной недостаточностью",1,0.8548822999000549
766,"Клинические рекомендации ""Хроническая сердечная недостаточность""
Возрастная категория: Взрослые
# Лечение
## Консервативное лечение
### Рекомендации по начальному лечению пациентов с хронической сердечной недостаточностью и фибрилляцией предсердий с высокой частотой желудочковых сокращений в острой или хронической ситуации",0,0.2260308563709259
100,"Клинические рекомендации ""Артериальная гипертензия у взрослых""
Возрастная категория: Взрослые
# Лечение
## Лечение артериальной гипертензии в отдельных клинических ситуациях",1,0.8388718962669373
531,"Клинические рекомендации ""Головная боль напряжения (ГБН)""
Возрастная категория: Взрослые
# Лечение
## Особенности лечения ГБН, сочетающейся с лекарственно-индуцированной головной болью (ЛИГБ)",0,0.7482448816299438
821,"Клинические рекомендации ""Болезнь Крона""
Возрастная категория: Взрослые
# Лечение
## Консервативное лечение
### БК толстой кишки легкой и средней тяжести",1,0.7816164493560791
114,"Клинические рекомендации ""Гастрит и дуоденит""
Возрастная категория: Взрослые
# Лечение
## Медикаментозное лечение
### Эрадикационная терапия инфекции H. рylori",0,0.5572341084480286
706,"Клинические рекомендации ""Головная боль напряжения (ГБН)""
Возрастная категория: Взрослые
# Лечение
## Особенности лечения ГБН, сочетающейся с лекарственно-индуцированной головной болью (ЛИГБ)",0,0.5242373943328857
274,"Клинические рекомендации ""Хроническая сердечная недостаточность""
Возрастная категория: Взрослые
# Лечение
## Консервативное лечение
### Лечение пациентов с ХСН в особых группах",1,0.334330677986145
428,"Клинические рекомендации ""Хроническая сердечная недостаточность""
Возрастная категория: Взрослые
# Лечение
## Консервативное лечение
### Лечение пациентов с хронической сердечной недостаточностью и сочетанной патологией",1,0.46945619583129883
700,"Клинические рекомендации ""Гонартроз""
Возрастная категория: Взрослые и дети
# Лечение
## Хирургическое лечение
### Особенности органосохраняющего оперативного лечения у детей с гонартрозом",0,0.19029204547405243
701,"Клинические рекомендации ""Мочекаменная болезнь""
Возрастная категория: Взрослые
# Лечение
## Лечение мочекаменной болезни в особых группах пациентов",1,0.6108657121658325
746,"Клинические рекомендации ""Болезнь Крона""
Возрастная категория: Взрослые
# Лечение
## Консервативное лечение
### БК толстой кишки легкой и средней тяжести",1,0.7398185133934021
322,"Клинические рекомендации ""Амиодарон-индуцированная дисфункция щитовидной железы""
Возрастная категория: Взрослые
# Лечение
## Консервативное лечение амиодарон-индуцированного гипотиреоза",1,0.6394292712211609
216,"Клинические рекомендации ""Хроническая сердечная недостаточность""
Возрастная категория: Взрослые
# Лечение
## Консервативное лечение
### Лечение пациентов с хронической сердечной недостаточностью и сочетанной патологией",1,0.9093446731567383
443,"Клинические рекомендации ""Болезнь Крона""
Возрастная категория: Взрослые
# Лечение
## Хирургическое лечение БК
### Хирургическое лечение БК в форме терминального илеита или илеоколита",0,0.42753055691719055
17,"Клинические рекомендации ""Хроническая сердечная недостаточность""
Возрастная категория: Взрослые
# Лечение
## Консервативное лечение
### Особенности лечения пациентов с хронической сердечной недостаточностью и желудочковыми нарушениями ритма сердца",1,0.9189210534095764
812,"Клинические рекомендации ""Хроническая сердечная недостаточность""
Возрастная категория: Взрослые
# Лечение
## Консервативное лечение
### Особенности лечения пациентов с хронической сердечной недостаточностью и желудочковыми нарушениями ритма сердца",0,0.2077803909778595
773,"Клинические рекомендации ""Болезнь Крона""
Возрастная категория: Взрослые
# Лечение
## Консервативное лечение
### Легкая БК илеоцекальной локализации",1,0.842564046382904
78,"Клинические рекомендации ""Хроническая сердечная недостаточность""
Возрастная категория: Взрослые
# Лечение
## Консервативное лечение
### Терапия, применение которой может быть опасно, и не рекомендовано для пациентов с хронической сердечной недостаточностью II-IV функционального класса и сниженной фракцией выброса левого желудочка",1,0.8925952315330505
683,"Клинические рекомендации ""Хроническая сердечная недостаточность""
Возрастная категория: Взрослые
# Лечение
## Консервативное лечение
### Особенности лечения пациентов с хронической сердечной недостаточностью и фибрилляцией предсердий",0,0.6633545756340027
606,"Клинические рекомендации ""Хроническая сердечная недостаточность""
Возрастная категория: Взрослые
# Лечение
## Консервативное лечение
### Лечение пациентов с ХСН с умеренно сниженной и сохраненной ФВ ЛЖ",1,0.8707395195960999
755,"Клинические рекомендации ""Эндометриоз""
Возрастная категория: Взрослые и дети
# Лечение
## Эндометриоз и рак",0,0.08615879714488983
68,"Клинические рекомендации ""Хроническая сердечная недостаточность""
Возрастная категория: Взрослые
# Лечение
## Консервативное лечение
### Терапия, рекомендованная пациентам с симптомной сердечной недостаточностью со сниженной фракцией выброса левого желудочка",1,0.9206739068031311
399,"Клинические рекомендации ""Амиодарон-индуцированная дисфункция щитовидной железы""
Возрастная категория: Взрослые
# Лечение
## Консервативное лечение амиодарон-индуцированного гипотиреоза",0,0.5114421248435974
632,"Клинические рекомендации ""Хроническая сердечная недостаточность""
Возрастная категория: Взрослые
# Лечение
## Консервативное лечение
### Особенности лечения пациентов с хронической сердечной недостаточностью и желудочковыми нарушениями ритма сердца",1,0.8123850226402283
529,"Клинические рекомендации ""Эндометриоз""
Возрастная категория: Взрослые и дети
# Лечение
## Эндометриоз у подростков (до 18 лет)",0,0.08688656240701675
427,"Клинические рекомендации ""Хроническая сердечная недостаточность""
Возрастная категория: Взрослые
# Лечение
## Консервативное лечение
### Лечение пациентов с ХСН с умеренно сниженной и сохраненной ФВ ЛЖ",1,0.19765165448188782
709,"Клинические рекомендации ""Хроническая сердечная недостаточность""
Возрастная категория: Взрослые
# Лечение
## Консервативное лечение
### Лечение пациентов с ХСН с умеренно сниженной и сохраненной ФВ ЛЖ",1,0.8303719162940979
743,"Клинические рекомендации ""Хроническая сердечная недостаточность""
Возрастная категория: Взрослые
# Лечение
## Консервативное лечение
### Терапия, применение которой может быть опасно, и не рекомендовано для пациентов с хронической сердечной недостаточностью II-IV функционального класса и сниженной фракцией выброса левого желудочка",1,0.5060077905654907
461,"Клинические рекомендации ""Хроническая сердечная недостаточность""
Возрастная категория: Взрослые
# Лечение
## Консервативное лечение
### Терапия, рекомендованная пациентам с симптомной сердечной недостаточностью со сниженной фракцией выброса левого желудочка",1,0.6630392670631409
326,"Клинические рекомендации ""Хроническая сердечная недостаточность""
Возрастная категория: Взрослые
# Лечение
## Консервативное лечение
### Лечение пациентов с хронической сердечной недостаточностью и сочетанной патологией",1,0.5990736484527588
841,"Клинические рекомендации ""Хроническая сердечная недостаточность""
Возрастная категория: Взрослые
# Лечение
## Консервативное лечение
### Рекомендации по начальному лечению пациентов с хронической сердечной недостаточностью и фибрилляцией предсердий с высокой частотой желудочковых сокращений в острой или хронической ситуации",0,0.42231354117393494
316,"Клинические рекомендации ""Болезнь Крона""
Возрастная категория: Взрослые
# Лечение
## Хирургическое лечение БК
### Хирургическое лечение БК в форме терминального илеита или илеоколита",0,0.39328765869140625
287,"Клинические рекомендации ""Болезнь Крона""
Возрастная категория: Взрослые
# Лечение
## Консервативное лечение
### БК тонкой кишки (кроме терминального илеита)",0,0.43145322799682617
204,"Клинические рекомендации ""Хроническая сердечная недостаточность""
Возрастная категория: Взрослые
# Лечение
## Консервативное лечение
### Лечение пациентов с ХСН с умеренно сниженной и сохраненной ФВ ЛЖ",1,0.8678570985794067
310,"Клинические рекомендации ""Болезнь Крона""
Возрастная категория: Взрослые
# Лечение
## Консервативное лечение
### БК илеоцекальной локализации средней тяжести",1,0.7055763006210327
305,"Клинические рекомендации ""Хроническая сердечная недостаточность""
Возрастная категория: Взрослые
# Лечение
## Консервативное лечение
### Рекомендации по контролю ритма у пациентов с фибрилляцией предсердий, симптомной ХСН, систолической дисфункцией левого желудочка при отсутствии острой декомпенсации",0,0.42358213663101196
157,"Клинические рекомендации ""Гастрит и дуоденит""
Возрастная категория: Взрослые
# Лечение
## Эндоскопическое лечение",1,0.8498513102531433
269,"Клинические рекомендации ""Желчнокаменная болезнь""
Возрастная категория: Взрослые
# Лечение
## Хирургическое лечение
### Холедохолитиаз/холангиолитиаз",1,0.5651772022247314
577,"Клинические рекомендации ""Эндометриоз""
Возрастная категория: Взрослые и дети
# Лечение
## Эндометриоз и рак",0,0.39823657274246216
217,"Клинические рекомендации ""Хроническая сердечная недостаточность""
Возрастная категория: Взрослые
# Лечение
## Консервативное лечение
### Особенности лечения пациентов с хронической сердечной недостаточностью и желудочковыми нарушениями ритма сердца",1,0.8920513987541199
832,"Клинические рекомендации ""Амиодарон-индуцированная дисфункция щитовидной железы""
Возрастная категория: Взрослые
# Лечение
## Консервативное лечение амиодарон-индуцированного гипотиреоза",0,0.4912927448749542
564,"Клинические рекомендации ""Хроническая сердечная недостаточность""
Возрастная категория: Взрослые
# Лечение
## Консервативное лечение
### Рекомендации по начальному лечению пациентов с хронической сердечной недостаточностью и фибрилляцией предсердий с высокой частотой желудочковых сокращений в острой или хронической ситуации",1,0.5659098625183105
219,"Клинические рекомендации ""Хроническая сердечная недостаточность""
Возрастная категория: Взрослые
# Лечение
## Консервативное лечение
### Профилактика фибрилляции предсердий у пациентов с хронической сердечной недостаточностью",1,0.7913182973861694
104,"Клинические рекомендации ""Гастрит и дуоденит""
Возрастная категория: Взрослые
# Лечение
## Медикаментозное лечение
### Медикаментозная терапия при эрозивном гастрите и дуодените",1,0.5984753966331482
551,"Клинические рекомендации ""Мочекаменная болезнь""
Возрастная категория: Взрослые
# Лечение
## Лечение мочекаменной болезни в особых группах пациентов",1,0.7302693128585815
361,"Клинические рекомендации ""Хроническая сердечная недостаточность""
Возрастная категория: Взрослые
# Лечение
## Консервативное лечение
### Терапия, рекомендованная пациентам с симптомной сердечной недостаточностью со сниженной фракцией выброса левого желудочка",1,0.6513352990150452
553,"Клинические рекомендации ""Эндометриоз""
Возрастная категория: Взрослые и дети
# Лечение
## Эндометриоз и рак",0,0.38309410214424133
228,"Клинические рекомендации ""Хроническая сердечная недостаточность""
Возрастная категория: Взрослые
# Лечение
## Консервативное лечение
### Особенности лечения пациентов с хронической сердечной недостаточностью и желудочковыми нарушениями ритма сердца",1,0.8085901141166687
660,"Клинические рекомендации ""Хроническая сердечная недостаточность""
Возрастная категория: Взрослые
# Лечение
## Консервативное лечение
### Профилактика фибрилляции предсердий у пациентов с хронической сердечной недостаточностью",1,0.7651910185813904
170,"Клинические рекомендации ""Хроническая сердечная недостаточность""
Возрастная категория: Взрослые
# Лечение
## Консервативное лечение
### Лечение пациентов с ХСН в особых группах",1,0.7909553050994873
748,"Клинические рекомендации ""Болезнь Крона""
Возрастная категория: Взрослые
# Лечение
## Консервативное лечение
### Легкая БК илеоцекальной локализации",1,0.733427882194519
77,"Клинические рекомендации ""Хроническая сердечная недостаточность""
Возрастная категория: Взрослые
# Лечение
## Консервативное лечение
### Терапия, не рекомендованная (не доказан положительный эффект) пациентам с симптомной сердечной недостаточностью и сниженной фракцией выброса левого желудочка",1,0.9117625951766968
265,"Клинические рекомендации ""Болезнь Крона""
Возрастная категория: Взрослые
# Лечение
## Хирургическое лечение БК
### Лечение БК с перианальными проявлениями (перианальная БК)",1,0.3741688132286072
30,"Клинические рекомендации ""Хроническая сердечная недостаточность""
Возрастная категория: Взрослые
# Лечение
## Консервативное лечение
### Профилактика фибрилляции предсердий у пациентов с хронической сердечной недостаточностью",1,0.9203110933303833
7,"Клинические рекомендации ""Желчнокаменная болезнь""
Возрастная категория: Взрослые
# Лечение
## Хирургическое лечение
### Острый калькулезный холецистит",1,0.8435640335083008
833,"Клинические рекомендации ""Головная боль напряжения (ГБН)""
Возрастная категория: Взрослые
# Лечение
## Особенности лечения ГБН, сочетающейся с лекарственно-индуцированной головной болью (ЛИГБ)",1,0.2832585275173187
785,"Клинические рекомендации ""Хроническая сердечная недостаточность""
Возрастная категория: Взрослые
# Лечение
## Консервативное лечение
### Лечение пациентов с ХСН с умеренно сниженной и сохраненной ФВ ЛЖ",1,0.23311747610569
297,"Клинические рекомендации ""Амиодарон-индуцированная дисфункция щитовидной железы""
Возрастная категория: Взрослые
# Лечение
## Консервативное лечение амиодарон-индуцированного гипотиреоза",1,0.5300162434577942
802,"Клинические рекомендации ""Болезнь Крона""
Возрастная категория: Взрослые
# Лечение
## Хирургическое лечение БК
### Хирургическое лечение БК с поражением верхних отделов ЖКТ",0,0.4702490270137787
388,"Клинические рекомендации ""Болезнь Крона""
Возрастная категория: Взрослые
# Лечение
## Консервативное лечение
### БК толстой кишки легкой и средней тяжести",1,0.8107326030731201
175,"Клинические рекомендации ""Хроническая сердечная недостаточность""
Возрастная категория: Взрослые
# Лечение
## Консервативное лечение
### Профилактика фибрилляции предсердий у пациентов с хронической сердечной недостаточностью",1,0.609317421913147
318,"Клинические рекомендации ""Мочекаменная болезнь""
Возрастная категория: Взрослые
# Лечение
## Лечение мочекаменной болезни в особых группах пациентов",0,0.5165004134178162
590,"Клинические рекомендации ""Хроническая сердечная недостаточность""
Возрастная категория: Взрослые
# Лечение
## Консервативное лечение
### Терапия, применение которой может быть опасно, и не рекомендовано для пациентов с хронической сердечной недостаточностью II-IV функционального класса и сниженной фракцией выброса левого желудочка",1,0.5774587988853455
150,"Клинические рекомендации ""Гастрит и дуоденит""
Возрастная категория: Взрослые
# Лечение
## Медикаментозное лечение
### Эрадикационная терапия инфекции H. рylori",1,0.4862789809703827
426,"Клинические рекомендации ""Хроническая сердечная недостаточность""
Возрастная категория: Взрослые
# Лечение
## Консервативное лечение
### Лечение пациентов с ХСН в особых группах",1,0.6182419061660767
604,"Клинические рекомендации ""Головная боль напряжения (ГБН)""
Возрастная категория: Взрослые
# Лечение
## Особенности лечения ГБН, сочетающейся с лекарственно-индуцированной головной болью (ЛИГБ)",1,0.46638041734695435
306,"Клинические рекомендации ""Хроническая сердечная недостаточность""
Возрастная категория: Взрослые
# Лечение
## Консервативное лечение
### Рекомендации по начальному лечению пациентов с хронической сердечной недостаточностью и фибрилляцией предсердий с высокой частотой желудочковых сокращений в острой или хронической ситуации",0,0.18132857978343964
565,"Клинические рекомендации ""Хроническая сердечная недостаточность""
Возрастная категория: Взрослые
# Лечение
## Консервативное лечение
### Терапия, не рекомендованная (не доказан положительный эффект) пациентам с симптомной сердечной недостаточностью и сниженной фракцией выброса левого желудочка",0,0.8694156408309937
152,"Клинические рекомендации ""Гастрит и дуоденит""
Возрастная категория: Взрослые
# Лечение
## Медикаментозное лечение
### Медикаментозная терапия при эрозивном гастрите и дуодените",1,0.8800804018974304
647,"Клинические рекомендации ""Болезнь Крона""
Возрастная категория: Взрослые
# Лечение
## Хирургическое лечение БК
### Хирургическое лечение БК с поражением верхних отделов ЖКТ",1,0.5214582681655884
454,"Клинические рекомендации ""Хроническая сердечная недостаточность""
Возрастная категория: Взрослые
# Лечение
## Консервативное лечение
### Особенности лечения пациентов с хронической сердечной недостаточностью и желудочковыми нарушениями ритма сердца",0,0.5919212102890015
670,"Клинические рекомендации ""Болезнь Крона""
Возрастная категория: Взрослые
# Лечение
## Консервативное лечение
### Тяжелое течение активной БК любой локализации",1,0.7990685701370239
385,"Клинические рекомендации ""Хроническая сердечная недостаточность""
Возрастная категория: Взрослые
# Лечение
## Консервативное лечение
### Терапия, применение которой может быть опасно, и не рекомендовано для пациентов с хронической сердечной недостаточностью II-IV функционального класса и сниженной фракцией выброса левого желудочка",0,0.4800703525543213
251,"Клинические рекомендации ""Хроническая сердечная недостаточность""
Возрастная категория: Взрослые
# Лечение
## Консервативное лечение
### Лечение пациентов с хронической сердечной недостаточностью и сочетанной патологией",1,0.8130011558532715
739,"Клинические рекомендации ""Хроническая сердечная недостаточность""
Возрастная категория: Взрослые
# Лечение
## Консервативное лечение
### Профилактика фибрилляции предсердий у пациентов с хронической сердечной недостаточностью",1,0.8302037715911865
630,"Клинические рекомендации ""Хроническая сердечная недостаточность""
Возрастная категория: Взрослые
# Лечение
## Консервативное лечение
### Лечение пациентов с ХСН с умеренно сниженной и сохраненной ФВ ЛЖ",1,0.7596994638442993
759,"Клинические рекомендации ""Хроническая сердечная недостаточность""
Возрастная категория: Взрослые
# Лечение
## Консервативное лечение
### Лечение пациентов с ХСН в особых группах",1,0.5432671308517456
525,"Клинические рекомендации ""Гонартроз""
Возрастная категория: Взрослые и дети
# Лечение
## Хирургическое лечение
### Особенности органосохраняющего оперативного лечения у детей с гонартрозом",1,0.12948334217071533
679,"Клинические рекомендации ""Хроническая сердечная недостаточность""
Возрастная категория: Взрослые
# Лечение
## Консервативное лечение
### Лечение пациентов с ХСН в особых группах",1,0.8024293184280396
131,"Клинические рекомендации ""Бронхиальная астма""
Возрастная категория: Взрослые и дети
# Лечение
## Особенности лечения БА у беременных и в период грудного вскармливания",1,0.29089319705963135
857,"Клинические рекомендации ""Амиодарон-индуцированная дисфункция щитовидной железы""
Возрастная категория: Взрослые
# Лечение
## Консервативное лечение амиодарон-индуцированного гипотиреоза",1,0.49904853105545044
486,"Клинические рекомендации ""Хроническая сердечная недостаточность""
Возрастная категория: Взрослые
# Лечение
## Консервативное лечение
### Терапия, рекомендованная пациентам с симптомной сердечной недостаточностью со сниженной фракцией выброса левого желудочка",1,0.8652774691581726
414,"Клинические рекомендации ""Болезнь Крона""
Возрастная категория: Взрослые
# Лечение
## Консервативное лечение
### БК тонкой кишки (кроме терминального илеита)",0,0.5659990906715393
610,"Клинические рекомендации ""Хроническая сердечная недостаточность""
Возрастная категория: Взрослые
# Лечение
## Консервативное лечение
### Профилактика фибрилляции предсердий у пациентов с хронической сердечной недостаточностью",1,0.8551032543182373
588,"Клинические рекомендации ""Хроническая сердечная недостаточность""
Возрастная категория: Взрослые
# Лечение
## Консервативное лечение
### Рекомендации по начальному лечению пациентов с хронической сердечной недостаточностью и фибрилляцией предсердий с высокой частотой желудочковых сокращений в острой или хронической ситуации",1,0.6954724788665771
714,"Клинические рекомендации ""Хроническая сердечная недостаточность""
Возрастная категория: Взрослые
# Лечение
## Консервативное лечение
### Рекомендации по контролю ритма у пациентов с фибрилляцией предсердий, симптомной ХСН, систолической дисфункцией левого желудочка при отсутствии острой декомпенсации",1,0.6838499903678894
783,"Клинические рекомендации ""Головная боль напряжения (ГБН)""
Возрастная категория: Взрослые
# Лечение
## Особенности лечения ГБН, сочетающейся с лекарственно-индуцированной головной болью (ЛИГБ)",0,0.23353078961372375
689,"Клинические рекомендации ""Хроническая сердечная недостаточность""
Возрастная категория: Взрослые
# Лечение
## Консервативное лечение
### Терапия, рекомендованная пациентам с симптомной сердечной недостаточностью со сниженной фракцией выброса левого желудочка",1,0.8429564833641052
552,"Клинические рекомендации ""Эндометриоз""
Возрастная категория: Взрослые и дети
# Лечение
## Эндометриоз в постменопаузе",0,0.07089494913816452
477,"Клинические рекомендации ""Хроническая сердечная недостаточность""
Возрастная категория: Взрослые
# Лечение
## Консервативное лечение
### Лечение пациентов с ХСН с умеренно сниженной и сохраненной ФВ ЛЖ",1,0.759645402431488
848,"Клинические рекомендации ""Болезнь Крона""
Возрастная категория: Взрослые
# Лечение
## Консервативное лечение
### Легкая БК илеоцекальной локализации",1,0.7663519382476807
256,"Клинические рекомендации ""Хроническая сердечная недостаточность""
Возрастная категория: Взрослые
# Лечение
## Консервативное лечение
### Рекомендации по начальному лечению пациентов с хронической сердечной недостаточностью и фибрилляцией предсердий с высокой частотой желудочковых сокращений в острой или хронической ситуации",0,0.736760675907135
9,"Клинические рекомендации ""Дегенеративные заболевания позвоночника""
Возрастная категория: Взрослые и дети
# Лечение
## Пункционные вмешательства
### Пункционные интервенционные процедуры в области дугоотростчатых (фасеточных) суставов поясничного отдела позвоночника",0,0.4406629204750061
129,"Клинические рекомендации ""Бронхиальная астма""
Возрастная категория: Взрослые и дети
# Лечение
## Особенности лечения БА у беременных и в период грудного вскармливания",0,0.3923896849155426
364,"Клинические рекомендации ""Болезнь Крона""
Возрастная категория: Взрослые
# Лечение
## Консервативное лечение
### БК тонкой кишки (кроме терминального илеита)",1,0.6584996581077576
528,"Клинические рекомендации ""Эндометриоз""
Возрастная категория: Взрослые и дети
# Лечение
## Эндометриоз и рак",0,0.38173389434814453
421,"Клинические рекомендации ""Эндометриоз""
Возрастная категория: Взрослые и дети
# Лечение
## Эндометриоз в постменопаузе",0,0.09715738892555237
38,"Клинические рекомендации ""Хроническая сердечная недостаточность""
Возрастная категория: Взрослые
# Лечение
## Консервативное лечение
### Лечение пациентов с хронической сердечной недостаточностью и сочетанной патологией",1,0.916149377822876
349,"Клинические рекомендации ""Амиодарон-индуцированная дисфункция щитовидной железы""
Возрастная категория: Взрослые
# Лечение
## Консервативное лечение амиодарон-индуцированного гипотиреоза",1,0.7971616983413696
302,"Клинические рекомендации ""Хроническая сердечная недостаточность""
Возрастная категория: Взрослые
# Лечение
## Консервативное лечение
### Особенности лечения пациентов с хронической сердечной недостаточностью и желудочковыми нарушениями ритма сердца",0,0.46658438444137573
484,"Клинические рекомендации ""Хроническая сердечная недостаточность""
Возрастная категория: Взрослые
# Лечение
## Консервативное лечение
### Терапия, не рекомендованная (не доказан положительный эффект) пациентам с симптомной сердечной недостаточностью и сниженной фракцией выброса левого желудочка",0,0.7754254341125488
494,"Клинические рекомендации ""Хроническая сердечная недостаточность""
Возрастная категория: Взрослые
# Лечение
## Консервативное лечение
### Лечение пациентов с ХСН с умеренно сниженной и сохраненной ФВ ЛЖ",1,0.8641822934150696
793,"Клинические рекомендации ""Хроническая сердечная недостаточность""
Возрастная категория: Взрослые
# Лечение
## Консервативное лечение
### Терапия, применение которой может быть опасно, и не рекомендовано для пациентов с хронической сердечной недостаточностью II-IV функционального класса и сниженной фракцией выброса левого желудочка",1,0.335686057806015
110,"Клинические рекомендации ""Гастрит и дуоденит""
Возрастная категория: Взрослые
# Лечение
## Медикаментозное лечение
### Медикаментозная терапия при эрозивном гастрите и дуодените",1,0.5795626640319824
81,"Клинические рекомендации ""Бронхиальная астма""
Возрастная категория: Взрослые и дети
# Лечение
## Особенности лечения БА у беременных и в период грудного вскармливания",0,0.25671496987342834
239,"Клинические рекомендации ""Гастрит и дуоденит""
Возрастная категория: Взрослые
# Лечение
## Медикаментозное лечение
### Медикаментозная терапия при эрозивном гастрите и дуодените",1,0.6084246635437012
511,"Клинические рекомендации ""Болезнь Крона""
Возрастная категория: Взрослые
# Лечение
## Хирургическое лечение БК
### Хирургическое лечение БК с поражением верхних отделов ЖКТ",0,0.5600858926773071
476,"Клинические рекомендации ""Хроническая сердечная недостаточность""
Возрастная категория: Взрослые
# Лечение
## Консервативное лечение
### Лечение пациентов с ХСН в особых группах",1,0.7554352879524231
460,"Клинические рекомендации ""Хроническая сердечная недостаточность""
Возрастная категория: Взрослые
# Лечение
## Консервативное лечение
### Терапия, применение которой может быть опасно, и не рекомендовано для пациентов с хронической сердечной недостаточностью II-IV функционального класса и сниженной фракцией выброса левого желудочка",1,0.3676329553127289
286,"Клинические рекомендации ""Болезнь Крона""
Возрастная категория: Взрослые
# Лечение
## Консервативное лечение
### БК толстой кишки легкой и средней тяжести",1,0.7577677965164185
614,"Клинические рекомендации ""Хроническая сердечная недостаточность""
Возрастная категория: Взрослые
# Лечение
## Консервативное лечение
### Терапия, применение которой может быть опасно, и не рекомендовано для пациентов с хронической сердечной недостаточностью II-IV функционального класса и сниженной фракцией выброса левого желудочка",1,0.7658014893531799
184,"Клинические рекомендации ""Хроническая сердечная недостаточность""
Возрастная категория: Взрослые
# Лечение
## Консервативное лечение
### Особенности лечения пациентов с хронической сердечной недостаточностью и желудочковыми нарушениями ритма сердца",0,0.8920513987541199
51,"Клинические рекомендации ""Хроническая сердечная недостаточность""
Возрастная категория: Взрослые
# Лечение
## Консервативное лечение
### Особенности лечения пациентов с хронической сердечной недостаточностью и фибрилляцией предсердий",1,0.6567849516868591
757,"Клинические рекомендации ""Амиодарон-индуцированная дисфункция щитовидной железы""
Возрастная категория: Взрослые
# Лечение
## Консервативное лечение амиодарон-индуцированного гипотиреоза",1,0.4786436855792999
101,"Клинические рекомендации ""Артериальная гипертензия у взрослых""
Возрастная категория: Взрослые
# Лечение
## Лечение артериальной гипертензии в отдельных клинических ситуациях",1,0.8244831562042236
266,"Клинические рекомендации ""Болезнь Крона""
Возрастная категория: Взрослые
# Лечение
## Хирургическое лечение БК
### Хирургическое лечение БК в форме терминального илеита или илеоколита",1,0.45624834299087524
692,"Клинические рекомендации ""Болезнь Крона""
Возрастная категория: Взрослые
# Лечение
## Консервативное лечение
### БК тонкой кишки (кроме терминального илеита)",0,0.49424007534980774
278,"Клинические рекомендации ""Хроническая сердечная недостаточность""
Возрастная категория: Взрослые
# Лечение
## Консервативное лечение
### Особенности лечения пациентов с хронической сердечной недостаточностью и фибрилляцией предсердий",0,0.3009324371814728
622,"Клинические рекомендации ""Болезнь Крона""
Возрастная категория: Взрослые
# Лечение
## Хирургическое лечение БК
### Хирургическое лечение БК в форме терминального илеита или илеоколита",1,0.635010302066803
719,"Клинические рекомендации ""Болезнь Крона""
Возрастная категория: Взрослые
# Лечение
## Консервативное лечение
### БК илеоцекальной локализации средней тяжести",1,0.7518453598022461
762,"Клинические рекомендации ""Хроническая сердечная недостаточность""
Возрастная категория: Взрослые
# Лечение
## Консервативное лечение
### Особенности лечения пациентов с хронической сердечной недостаточностью и желудочковыми нарушениями ритма сердца",0,0.2466217577457428
711,"Клинические рекомендации ""Хроническая сердечная недостаточность""
Возрастная категория: Взрослые
# Лечение
## Консервативное лечение
### Особенности лечения пациентов с хронической сердечной недостаточностью и желудочковыми нарушениями ритма сердца",1,0.5817646980285645
249,"Клинические рекомендации ""Хроническая сердечная недостаточность""
Возрастная категория: Взрослые
# Лечение
## Консервативное лечение
### Лечение пациентов с ХСН в особых группах",1,0.8275601267814636
254,"Клинические рекомендации ""Хроническая сердечная недостаточность""
Возрастная категория: Взрослые
# Лечение
## Консервативное лечение
### Профилактика фибрилляции предсердий у пациентов с хронической сердечной недостаточностью",1,0.8238561749458313
258,"Клинические рекомендации ""Хроническая сердечная недостаточность""
Возрастная категория: Взрослые
# Лечение
## Консервативное лечение
### Терапия, применение которой может быть опасно, и не рекомендовано для пациентов с хронической сердечной недостаточностью II-IV функционального класса и сниженной фракцией выброса левого желудочка",1,0.5063866376876831
581,"Клинические рекомендации ""Хроническая сердечная недостаточность""
Возрастная категория: Взрослые
# Лечение
## Консервативное лечение
### Лечение пациентов с ХСН в особых группах",1,0.7557284832000732
767,"Клинические рекомендации ""Хроническая сердечная недостаточность""
Возрастная категория: Взрослые
# Лечение
## Консервативное лечение
### Терапия, не рекомендованная (не доказан положительный эффект) пациентам с симптомной сердечной недостаточностью и сниженной фракцией выброса левого желудочка",1,0.2796853184700012
136,"Клинические рекомендации ""Гастрит и дуоденит""
Возрастная категория: Взрослые
# Лечение
## Эндоскопическое лечение",0,0.18526935577392578
355,"Клинические рекомендации ""Хроническая сердечная недостаточность""
Возрастная категория: Взрослые
# Лечение
## Консервативное лечение
### Особенности лечения пациентов с хронической сердечной недостаточностью и фибрилляцией предсердий",0,0.2327086478471756
88,"Клинические рекомендации ""Артериальная гипертензия у взрослых""
Возрастная категория: Взрослые
# Лечение
## Лечение артериальной гипертензии в отдельных клинических ситуациях",0,0.616098940372467
82,"Клинические рекомендации ""Бронхиальная астма""
Возрастная категория: Взрослые и дети
# Лечение
## Особенности лечения БА у беременных и в период грудного вскармливания",0,0.16779933869838715
236,"Клинические рекомендации ""Гастрит и дуоденит""
Возрастная категория: Взрослые
# Лечение
## Медикаментозное лечение
### Медикаментозная терапия при эрозивном гастрите и дуодените",1,0.7664058804512024
633,"Клинические рекомендации ""Хроническая сердечная недостаточность""
Возрастная категория: Взрослые
# Лечение
## Консервативное лечение
### Особенности лечения пациентов с хронической сердечной недостаточностью и фибрилляцией предсердий",1,0.8109150528907776
244,"Клинические рекомендации ""Амиодарон-индуцированная дисфункция щитовидной железы""
Возрастная категория: Взрослые
# Лечение
## Консервативное лечение амиодарон-индуцированного гипотиреоза",0,0.5355247259140015
379,"Клинические рекомендации ""Хроническая сердечная недостаточность""
Возрастная категория: Взрослые
# Лечение
## Консервативное лечение
### Особенности лечения пациентов с хронической сердечной недостаточностью и желудочковыми нарушениями ритма сердца",0,0.35055169463157654
76,"Клинические рекомендации ""Хроническая сердечная недостаточность""
Возрастная категория: Взрослые
# Лечение
## Консервативное лечение
### Рекомендации по начальному лечению пациентов с хронической сердечной недостаточностью и фибрилляцией предсердий с высокой частотой желудочковых сокращений в острой или хронической ситуации",0,0.9023891687393188
412,"Клинические рекомендации ""Болезнь Крона""
Возрастная категория: Взрослые
# Лечение
## Консервативное лечение
### БК илеоцекальной локализации средней тяжести",1,0.6786449551582336
382,"Клинические рекомендации ""Хроническая сердечная недостаточность""
Возрастная категория: Взрослые
# Лечение
## Консервативное лечение
### Рекомендации по контролю ритма у пациентов с фибрилляцией предсердий, симптомной ХСН, систолической дисфункцией левого желудочка при отсутствии острой декомпенсации",0,0.2546890377998352
842,"Клинические рекомендации ""Хроническая сердечная недостаточность""
Возрастная категория: Взрослые
# Лечение
## Консервативное лечение
### Терапия, не рекомендованная (не доказан положительный эффект) пациентам с симптомной сердечной недостаточностью и сниженной фракцией выброса левого желудочка",1,0.7591665387153625
304,"Клинические рекомендации ""Хроническая сердечная недостаточность""
Возрастная категория: Взрослые
# Лечение
## Консервативное лечение
### Профилактика фибрилляции предсердий у пациентов с хронической сердечной недостаточностью",1,0.6351624131202698
859,"Клинические рекомендации ""Амиодарон-индуцированная дисфункция щитовидной железы""
Возрастная категория: Взрослые
# Лечение
## Консервативное лечение амиодарон-индуцированного гипотиреоза",1,0.644327700138092
350,"Клинические рекомендации ""Головная боль напряжения (ГБН)""
Возрастная категория: Взрослые
# Лечение
## Особенности лечения ГБН, сочетающейся с лекарственно-индуцированной головной болью (ЛИГБ)",1,0.23656578361988068
433,"Клинические рекомендации ""Хроническая сердечная недостаточность""
Возрастная категория: Взрослые
# Лечение
## Консервативное лечение
### Рекомендации по начальному лечению пациентов с хронической сердечной недостаточностью и фибрилляцией предсердий с высокой частотой желудочковых сокращений в острой или хронической ситуации",0,0.31460893154144287
751,"Клинические рекомендации ""Болезнь Крона""
Возрастная категория: Взрослые
# Лечение
## Хирургическое лечение БК
### Хирургическое лечение БК в форме терминального илеита или илеоколита",1,0.5185911059379578
18,"Клинические рекомендации ""Хроническая сердечная недостаточность""
Возрастная категория: Взрослые
# Лечение
## Консервативное лечение
### Особенности лечения пациентов с хронической сердечной недостаточностью и фибрилляцией предсердий",1,0.8686747550964355
763,"Клинические рекомендации ""Хроническая сердечная недостаточность""
Возрастная категория: Взрослые
# Лечение
## Консервативное лечение
### Особенности лечения пациентов с хронической сердечной недостаточностью и фибрилляцией предсердий",0,0.538771390914917
591,"Клинические рекомендации ""Хроническая сердечная недостаточность""
Возрастная категория: Взрослые
# Лечение
## Консервативное лечение
### Терапия, рекомендованная пациентам с симптомной сердечной недостаточностью со сниженной фракцией выброса левого желудочка",1,0.87680983543396
599,"Клинические рекомендации ""Болезнь Крона""
Возрастная категория: Взрослые
# Лечение
## Хирургическое лечение БК
### Хирургическое лечение БК с поражением верхних отделов ЖКТ",0,0.45856234431266785
285,"Клинические рекомендации ""Болезнь Крона""
Возрастная категория: Взрослые
# Лечение
## Консервативное лечение
### БК илеоцекальной локализации средней тяжести",1,0.8341421484947205
847,"Клинические рекомендации ""Болезнь Крона""
Возрастная категория: Взрослые
# Лечение
## Консервативное лечение
### БК тонкой кишки (кроме терминального илеита)",1,0.25633636116981506
761,"Клинические рекомендации ""Хроническая сердечная недостаточность""
Возрастная категория: Взрослые
# Лечение
## Консервативное лечение
### Лечение пациентов с хронической сердечной недостаточностью и сочетанной патологией",1,0.3481151759624481
119,"Клинические рекомендации ""Гастрит и дуоденит""
Возрастная категория: Взрослые
# Лечение
## Медикаментозное лечение
### Медикаментозная терапия при эрозивном гастрите и дуодените",1,0.3981304466724396
504,"Клинические рекомендации ""Болезнь Крона""
Возрастная категория: Взрослые
# Лечение
## Консервативное лечение
### БК илеоцекальной локализации средней тяжести",1,0.8465570211410522
277,"Клинические рекомендации ""Хроническая сердечная недостаточность""
Возрастная категория: Взрослые
# Лечение
## Консервативное лечение
### Особенности лечения пациентов с хронической сердечной недостаточностью и желудочковыми нарушениями ритма сердца",0,0.30471286177635193
800,"Клинические рекомендации ""Болезнь Крона""
Возрастная категория: Взрослые
# Лечение
## Хирургическое лечение БК
### Лечение БК с перианальными проявлениями (перианальная БК)",0,0.46836671233177185
666,"Клинические рекомендации ""Болезнь Крона""
Возрастная категория: Взрослые
# Лечение
## Консервативное лечение
### БК илеоцекальной локализации средней тяжести",1,0.5218321084976196
337,"Клинические рекомендации ""Болезнь Крона""
Возрастная категория: Взрослые
# Лечение
## Консервативное лечение
### БК тонкой кишки (кроме терминального илеита)",0,0.5893831849098206
176,"Клинические рекомендации ""Хроническая сердечная недостаточность""
Возрастная категория: Взрослые
# Лечение
## Консервативное лечение
### Рекомендации по контролю ритма у пациентов с фибрилляцией предсердий, симптомной ХСН, систолической дисфункцией левого желудочка при отсутствии острой декомпенсации",0,0.8641391396522522
91,"Клинические рекомендации ""Артериальная гипертензия у взрослых""
Возрастная категория: Взрослые
# Лечение
## Лечение артериальной гипертензии в отдельных клинических ситуациях",0,0.6241589188575745
245,"Клинические рекомендации ""Амиодарон-индуцированная дисфункция щитовидной железы""
Возрастная категория: Взрослые
# Лечение
## Консервативное лечение амиодарон-индуцированного гипотиреоза",1,0.682344913482666
467,"Клинические рекомендации ""Болезнь Крона""
Возрастная категория: Взрослые
# Лечение
## Хирургическое лечение БК
### Лечение БК с перианальными проявлениями (перианальная БК)",1,0.7493607401847839
823,"Клинические рекомендации ""Болезнь Крона""
Возрастная категория: Взрослые
# Лечение
## Консервативное лечение
### Легкая БК илеоцекальной локализации",1,0.5319226980209351
195,"Клинические рекомендации ""Хроническая сердечная недостаточность""
Возрастная категория: Взрослые
# Лечение
## Консервативное лечение
### Особенности лечения пациентов с хронической сердечной недостаточностью и желудочковыми нарушениями ритма сердца",1,0.8799885511398315
495,"Клинические рекомендации ""Хроническая сердечная недостаточность""
Возрастная категория: Взрослые
# Лечение
## Консервативное лечение
### Лечение пациентов с хронической сердечной недостаточностью и сочетанной патологией",1,0.8699576258659363
571,"Клинические рекомендации ""Болезнь Крона""
Возрастная категория: Взрослые
# Лечение
## Консервативное лечение
### Легкая БК илеоцекальной локализации",1,0.6000243425369263
485,"Клинические рекомендации ""Хроническая сердечная недостаточность""
Возрастная категория: Взрослые
# Лечение
## Консервативное лечение
### Терапия, применение которой может быть опасно, и не рекомендовано для пациентов с хронической сердечной недостаточностью II-IV функционального класса и сниженной фракцией выброса левого желудочка",1,0.7659040093421936
132,"Клинические рекомендации ""Бронхиальная астма""
Возрастная категория: Взрослые и дети
# Лечение
## Особенности лечения БА у беременных и в период грудного вскармливания",1,0.47305047512054443
685,"Клинические рекомендации ""Хроническая сердечная недостаточность""
Возрастная категория: Взрослые
# Лечение
## Консервативное лечение
### Рекомендации по контролю ритма у пациентов с фибрилляцией предсердий, симптомной ХСН, систолической дисфункцией левого желудочка при отсутствии острой декомпенсации",0,0.8328821063041687
111,"Клинические рекомендации ""Гастрит и дуоденит""
Возрастная категория: Взрослые
# Лечение
## Медикаментозное лечение
### Эрадикационная терапия инфекции H. рylori",0,0.5118530988693237
225,"Клинические рекомендации ""Хроническая сердечная недостаточность""
Возрастная категория: Взрослые
# Лечение
## Консервативное лечение
### Лечение пациентов с ХСН в особых группах",1,0.8084036111831665
63,"Клинические рекомендации ""Хроническая сердечная недостаточность""
Возрастная категория: Взрослые
# Лечение
## Консервативное лечение
### Профилактика фибрилляции предсердий у пациентов с хронической сердечной недостаточностью",1,0.8902982473373413
635,"Клинические рекомендации ""Хроническая сердечная недостаточность""
Возрастная категория: Взрослые
# Лечение
## Консервативное лечение
### Рекомендации по контролю ритма у пациентов с фибрилляцией предсердий, симптомной ХСН, систолической дисфункцией левого желудочка при отсутствии острой декомпенсации",1,0.7281025648117065
218,"Клинические рекомендации ""Хроническая сердечная недостаточность""
Возрастная категория: Взрослые
# Лечение
## Консервативное лечение
### Особенности лечения пациентов с хронической сердечной недостаточностью и фибрилляцией предсердий",1,0.8601233959197998
792,"Клинические рекомендации ""Хроническая сердечная недостаточность""
Возрастная категория: Взрослые
# Лечение
## Консервативное лечение
### Терапия, не рекомендованная (не доказан положительный эффект) пациентам с симптомной сердечной недостаточностью и сниженной фракцией выброса левого желудочка",1,0.23129285871982574
402,"Клинические рекомендации ""Хроническая сердечная недостаточность""
Возрастная категория: Взрослые
# Лечение
## Консервативное лечение
### Лечение пациентов с ХСН с умеренно сниженной и сохраненной ФВ ЛЖ",1,0.7835034132003784
309,"Клинические рекомендации ""Хроническая сердечная недостаточность""
Возрастная категория: Взрослые
# Лечение
## Консервативное лечение
### Терапия, рекомендованная пациентам с симптомной сердечной недостаточностью со сниженной фракцией выброса левого желудочка",1,0.20504127442836761
745,"Клинические рекомендации ""Болезнь Крона""
Возрастная категория: Взрослые
# Лечение
## Консервативное лечение
### БК илеоцекальной локализации средней тяжести",1,0.7978213429450989
855,"Клинические рекомендации ""Эндометриоз""
Возрастная категория: Взрослые и дети
# Лечение
## Эндометриоз у подростков (до 18 лет)",0,0.08428061753511429
243,"Клинические рекомендации ""Артериальная гипертензия у взрослых""
Возрастная категория: Взрослые
# Лечение
## Лечение артериальной гипертензии в отдельных клинических ситуациях",1,0.6312296986579895
654,"Клинические рекомендации ""Головная боль напряжения (ГБН)""
Возрастная категория: Взрослые
# Лечение
## Особенности лечения ГБН, сочетающейся с лекарственно-индуцированной головной болью (ЛИГБ)",0,0.4675821363925934
799,"Клинические рекомендации ""Болезнь Крона""
Возрастная категория: Взрослые
# Лечение
## Консервативное лечение
### Тяжелое течение активной БК любой локализации",1,0.7481105327606201
46,"Клинические рекомендации ""Хроническая сердечная недостаточность""
Возрастная категория: Взрослые
# Лечение
## Консервативное лечение
### Терапия, рекомендованная пациентам с симптомной сердечной недостаточностью со сниженной фракцией выброса левого желудочка",1,0.9245296716690063
263,"Клинические рекомендации ""Болезнь Крона""
Возрастная категория: Взрослые
# Лечение
## Консервативное лечение
### Легкая БК илеоцекальной локализации",1,0.6848206520080566
99,"Клинические рекомендации ""Артериальная гипертензия у взрослых""
Возрастная категория: Взрослые
# Лечение
## Лечение артериальной гипертензии в отдельных клинических ситуациях",1,0.8870951533317566
641,"Клинические рекомендации ""Болезнь Крона""
Возрастная категория: Взрослые
# Лечение
## Консервативное лечение
### БК толстой кишки легкой и средней тяжести",1,0.5193009972572327
22,"Клинические рекомендации ""Хроническая сердечная недостаточность""
Возрастная категория: Взрослые
# Лечение
## Консервативное лечение
### Терапия, не рекомендованная (не доказан положительный эффект) пациентам с симптомной сердечной недостаточностью и сниженной фракцией выброса левого желудочка",1,0.9204415678977966
403,"Клинические рекомендации ""Хроническая сердечная недостаточность""
Возрастная категория: Взрослые
# Лечение
## Консервативное лечение
### Лечение пациентов с хронической сердечной недостаточностью и сочетанной патологией",1,0.4690062701702118
235,"Клинические рекомендации ""Хроническая сердечная недостаточность""
Возрастная категория: Взрослые
# Лечение
## Консервативное лечение
### Терапия, рекомендованная пациентам с симптомной сердечной недостаточностью со сниженной фракцией выброса левого желудочка",1,0.8722591400146484
267,"Клинические рекомендации ""Болезнь Крона""
Возрастная категория: Взрослые
# Лечение
## Хирургическое лечение БК
### Хирургическое лечение БК с поражением верхних отделов ЖКТ",0,0.6421887278556824
57,"Клинические рекомендации ""Хроническая сердечная недостаточность""
Возрастная категория: Взрослые
# Лечение
## Консервативное лечение
### Терапия, рекомендованная пациентам с симптомной сердечной недостаточностью со сниженной фракцией выброса левого желудочка",1,0.9247394800186157
124,"Клинические рекомендации ""Бронхиальная астма""
Возрастная категория: Взрослые и дети
# Лечение
## Особенности лечения БА у беременных и в период грудного вскармливания",0,0.32098323106765747
240,"Клинические рекомендации ""Гастрит и дуоденит""
Возрастная категория: Взрослые
# Лечение
## Медикаментозное лечение
### Эрадикационная терапия инфекции H. рylori",0,0.7069271206855774
334,"Клинические рекомендации ""Хроническая сердечная недостаточность""
Возрастная категория: Взрослые
# Лечение
## Консервативное лечение
### Терапия, рекомендованная пациентам с симптомной сердечной недостаточностью со сниженной фракцией выброса левого желудочка",1,0.5445864200592041
291,"Клинические рекомендации ""Болезнь Крона""
Возрастная категория: Взрослые
# Лечение
## Хирургическое лечение БК
### Хирургическое лечение БК в форме терминального илеита или илеоколита",1,0.7485119700431824
676,"Клинические рекомендации ""Эндометриоз""
Возрастная категория: Взрослые и дети
# Лечение
## Эндометриоз у подростков (до 18 лет)",0,0.11424534022808075
696,"Клинические рекомендации ""Болезнь Крона""
Возрастная категория: Взрослые
# Лечение
## Хирургическое лечение БК
### Хирургическое лечение БК в форме терминального илеита или илеоколита",0,0.6320512294769287
123,"Клинические рекомендации ""Бронхиальная астма""
Возрастная категория: Взрослые и дети
# Лечение
## Особенности лечения БА у беременных и в период грудного вскармливания",0,0.4851129651069641
652,"Клинические рекомендации ""Эндометриоз""
Возрастная категория: Взрослые и дети
# Лечение
## Эндометриоз у подростков (до 18 лет)",0,0.0883854329586029
143,"Клинические рекомендации ""Гастрит и дуоденит""
Возрастная категория: Взрослые
# Лечение
## Медикаментозное лечение
### Медикаментозная терапия при эрозивном гастрите и дуодените",0,0.6066638827323914
469,"Клинические рекомендации ""Болезнь Крона""
Возрастная категория: Взрослые
# Лечение
## Хирургическое лечение БК
### Хирургическое лечение БК с поражением верхних отделов ЖКТ",0,0.5226359367370605
226,"Клинические рекомендации ""Хроническая сердечная недостаточность""
Возрастная категория: Взрослые
# Лечение
## Консервативное лечение
### Лечение пациентов с ХСН с умеренно сниженной и сохраненной ФВ ЛЖ",1,0.8691101670265198
411,"Клинические рекомендации ""Хроническая сердечная недостаточность""
Возрастная категория: Взрослые
# Лечение
## Консервативное лечение
### Терапия, рекомендованная пациентам с симптомной сердечной недостаточностью со сниженной фракцией выброса левого желудочка",1,0.47300413250923157
615,"Клинические рекомендации ""Хроническая сердечная недостаточность""
Возрастная категория: Взрослые
# Лечение
## Консервативное лечение
### Терапия, рекомендованная пациентам с симптомной сердечной недостаточностью со сниженной фракцией выброса левого желудочка",1,0.8767423033714294
777,"Клинические рекомендации ""Болезнь Крона""
Возрастная категория: Взрослые
# Лечение
## Хирургическое лечение БК
### Хирургическое лечение БК с поражением верхних отделов ЖКТ",0,0.6948996782302856
270,"Клинические рекомендации ""Гонартроз""
Возрастная категория: Взрослые и дети
# Лечение
## Хирургическое лечение
### Особенности органосохраняющего оперативного лечения у детей с гонартрозом",0,0.41650334000587463
850,"Клинические рекомендации ""Болезнь Крона""
Возрастная категория: Взрослые
# Лечение
## Хирургическое лечение БК
### Лечение БК с перианальными проявлениями (перианальная БК)",1,0.607585608959198
325,"Клинические рекомендации ""Хроническая сердечная недостаточность""
Возрастная категория: Взрослые
# Лечение
## Консервативное лечение
### Лечение пациентов с ХСН с умеренно сниженной и сохраненной ФВ ЛЖ",1,0.46749961376190186
193,"Клинические рекомендации ""Хроническая сердечная недостаточность""
Возрастная категория: Взрослые
# Лечение
## Консервативное лечение
### Лечение пациентов с ХСН с умеренно сниженной и сохраненной ФВ ЛЖ",1,0.8987770676612854
658,"Клинические рекомендации ""Хроническая сердечная недостаточность""
Возрастная категория: Взрослые
# Лечение
## Консервативное лечение
### Особенности лечения пациентов с хронической сердечной недостаточностью и желудочковыми нарушениями ритма сердца",0,0.5167012810707092
307,"Клинические рекомендации ""Хроническая сердечная недостаточность""
Возрастная категория: Взрослые
# Лечение
## Консервативное лечение
### Терапия, не рекомендованная (не доказан положительный эффект) пациентам с симптомной сердечной недостаточностью и сниженной фракцией выброса левого желудочка",1,0.47449082136154175
803,"Клинические рекомендации ""Мочекаменная болезнь""
Возрастная категория: Взрослые
# Лечение
## Лечение мочекаменной болезни в особых группах пациентов",1,0.6131484508514404
659,"Клинические рекомендации ""Хроническая сердечная недостаточность""
Возрастная категория: Взрослые
# Лечение
## Консервативное лечение
### Особенности лечения пациентов с хронической сердечной недостаточностью и фибрилляцией предсердий",0,0.3181770443916321
35,"Клинические рекомендации ""Хроническая сердечная недостаточность""
Возрастная категория: Взрослые
# Лечение
## Консервативное лечение
### Терапия, рекомендованная пациентам с симптомной сердечной недостаточностью со сниженной фракцией выброса левого желудочка",1,0.6605095267295837
726,"Клинические рекомендации ""Болезнь Крона""
Возрастная категория: Взрослые
# Лечение
## Хирургическое лечение БК
### Хирургическое лечение БК с поражением верхних отделов ЖКТ",0,0.7187180519104004
137,"Клинические рекомендации ""Гастрит и дуоденит""
Возрастная категория: Взрослые
# Лечение
## Медикаментозное лечение
### Медикаментозная терапия при эрозивном гастрите и дуодените",1,0.41350212693214417
716,"Клинические рекомендации ""Хроническая сердечная недостаточность""
Возрастная категория: Взрослые
# Лечение
## Консервативное лечение
### Терапия, не рекомендованная (не доказан положительный эффект) пациентам с симптомной сердечной недостаточностью и сниженной фракцией выброса левого желудочка",1,0.5022155046463013
397,"Клинические рекомендации ""Эндометриоз""
Возрастная категория: Взрослые и дети
# Лечение
## Эндометриоз и рак",0,0.14765024185180664
624,"Клинические рекомендации ""Эндометриоз""
Возрастная категория: Взрослые и дети
# Лечение
## Эндометриоз в постменопаузе",0,0.07735084742307663
673,"Клинические рекомендации ""Болезнь Крона""
Возрастная категория: Взрослые
# Лечение
## Хирургическое лечение БК
### Хирургическое лечение БК с поражением верхних отделов ЖКТ",1,0.6199758648872375
639,"Клинические рекомендации ""Хроническая сердечная недостаточность""
Возрастная категория: Взрослые
# Лечение
## Консервативное лечение
### Терапия, рекомендованная пациентам с симптомной сердечной недостаточностью со сниженной фракцией выброса левого желудочка",1,0.5731000304222107
574,"Клинические рекомендации ""Болезнь Крона""
Возрастная категория: Взрослые
# Лечение
## Хирургическое лечение БК
### Хирургическое лечение БК в форме терминального илеита или илеоколита",1,0.2245752066373825
625,"Клинические рекомендации ""Эндометриоз""
Возрастная категория: Взрослые и дети
# Лечение
## Эндометриоз и рак",0,0.3886254131793976
199,"Клинические рекомендации ""Хроническая сердечная недостаточность""
Возрастная категория: Взрослые
# Лечение
## Консервативное лечение
### Рекомендации по начальному лечению пациентов с хронической сердечной недостаточностью и фибрилляцией предсердий с высокой частотой желудочковых сокращений в острой или хронической ситуации",1,0.5987083911895752
705,"Клинические рекомендации ""Амиодарон-индуцированная дисфункция щитовидной железы""
Возрастная категория: Взрослые
# Лечение
## Консервативное лечение амиодарон-индуцированного гипотиреоза",1,0.826140820980072
161,"Клинические рекомендации ""Гастрит и дуоденит""
Возрастная категория: Взрослые
# Лечение
## Медикаментозное лечение
### Медикаментозная терапия при эрозивном гастрите и дуодените",1,0.592427670955658
690,"Клинические рекомендации ""Болезнь Крона""
Возрастная категория: Взрослые
# Лечение
## Консервативное лечение
### БК илеоцекальной локализации средней тяжести",1,0.45655810832977295
93,"Клинические рекомендации ""Артериальная гипертензия у взрослых""
Возрастная категория: Взрослые
# Лечение
## Лечение артериальной гипертензии в отдельных клинических ситуациях",1,0.882727861404419
342,"Клинические рекомендации ""Болезнь Крона""
Возрастная категория: Взрослые
# Лечение
## Хирургическое лечение БК
### Хирургическое лечение БК с поражением верхних отделов ЖКТ",0,0.6954231262207031
169,"Клинические рекомендации ""Гастрит и дуоденит""
Возрастная категория: Взрослые
# Лечение
## Эндоскопическое лечение",1,0.8082242012023926
510,"Клинические рекомендации ""Болезнь Крона""
Возрастная категория: Взрослые
# Лечение
## Хирургическое лечение БК
### Хирургическое лечение БК в форме терминального илеита или илеоколита",1,0.5216840505599976
548,"Клинические рекомендации ""Болезнь Крона""
Возрастная категория: Взрослые
# Лечение
## Хирургическое лечение БК
### Лечение БК с перианальными проявлениями (перианальная БК)",1,0.8223876357078552
730,"Клинические рекомендации ""Мочекаменная болезнь""
Возрастная категория: Взрослые
# Лечение
## Лечение мочекаменной болезни в особых группах пациентов",1,0.5701728463172913
449,"Клинические рекомендации ""Амиодарон-индуцированная дисфункция щитовидной железы""
Возрастная категория: Взрослые
# Лечение
## Консервативное лечение амиодарон-индуцированного гипотиреоза",0,0.4986042082309723
187,"Клинические рекомендации ""Хроническая сердечная недостаточность""
Возрастная категория: Взрослые
# Лечение
## Консервативное лечение
### Рекомендации по контролю ритма у пациентов с фибрилляцией предсердий, симптомной ХСН, систолической дисфункцией левого желудочка при отсутствии острой декомпенсации",1,0.7854202389717102
186,"Клинические рекомендации ""Хроническая сердечная недостаточность""
Возрастная категория: Взрослые
# Лечение
## Консервативное лечение
### Профилактика фибрилляции предсердий у пациентов с хронической сердечной недостаточностью",1,0.8878987431526184
419,"Клинические рекомендации ""Болезнь Крона""
Возрастная категория: Взрослые
# Лечение
## Хирургическое лечение БК
### Хирургическое лечение БК с поражением верхних отделов ЖКТ",0,0.49192020297050476
356,"Клинические рекомендации ""Хроническая сердечная недостаточность""
Возрастная категория: Взрослые
# Лечение
## Консервативное лечение
### Профилактика фибрилляции предсердий у пациентов с хронической сердечной недостаточностью",1,0.19390341639518738
678,"Клинические рекомендации ""Головная боль напряжения (ГБН)""
Возрастная категория: Взрослые
# Лечение
## Особенности лечения ГБН, сочетающейся с лекарственно-индуцированной головной болью (ЛИГБ)",0,0.3899885416030884
324,"Клинические рекомендации ""Хроническая сердечная недостаточность""
Возрастная категория: Взрослые
# Лечение
## Консервативное лечение
### Лечение пациентов с ХСН в особых группах",1,0.19826126098632812
830,"Клинические рекомендации ""Эндометриоз""
Возрастная категория: Взрослые и дети
# Лечение
## Эндометриоз и рак",0,0.0802488923072815
675,"Клинические рекомендации ""Эндометриоз""
Возрастная категория: Взрослые и дети
# Лечение
## Эндометриоз и рак",0,0.07893934100866318
31,"Клинические рекомендации ""Хроническая сердечная недостаточность""
Возрастная категория: Взрослые
# Лечение
## Консервативное лечение
### Рекомендации по контролю ритма у пациентов с фибрилляцией предсердий, симптомной ХСН, систолической дисфункцией левого желудочка при отсутствии острой декомпенсации",1,0.9063896536827087
629,"Клинические рекомендации ""Хроническая сердечная недостаточность""
Возрастная категория: Взрослые
# Лечение
## Консервативное лечение
### Лечение пациентов с ХСН в особых группах",1,0.7553923726081848
473,"Клинические рекомендации ""Эндометриоз""
Возрастная категория: Взрослые и дети
# Лечение
## Эндометриоз у подростков (до 18 лет)",0,0.08904936164617538
542,"Клинические рекомендации ""Хроническая сердечная недостаточность""
Возрастная категория: Взрослые
# Лечение
## Консервативное лечение
### Терапия, рекомендованная пациентам с симптомной сердечной недостаточностью со сниженной фракцией выброса левого желудочка",1,0.5732227563858032
1,"Клинические рекомендации ""Гастрит и дуоденит""
Возрастная категория: Взрослые
# Лечение
## Медикаментозное лечение
### Эрадикационная терапия инфекции H. рylori",1,0.5658153295516968
534,"Клинические рекомендации ""Хроническая сердечная недостаточность""
Возрастная категория: Взрослые
# Лечение
## Консервативное лечение
### Лечение пациентов с хронической сердечной недостаточностью и сочетанной патологией",1,0.8699295520782471
407,"Клинические рекомендации ""Хроническая сердечная недостаточность""
Возрастная категория: Взрослые
# Лечение
## Консервативное лечение
### Рекомендации по контролю ритма у пациентов с фибрилляцией предсердий, симптомной ХСН, систолической дисфункцией левого желудочка при отсутствии острой декомпенсации",0,0.25426867604255676
839,"Клинические рекомендации ""Хроническая сердечная недостаточность""
Возрастная категория: Взрослые
# Лечение
## Консервативное лечение
### Профилактика фибрилляции предсердий у пациентов с хронической сердечной недостаточностью",1,0.7276776432991028
713,"Клинические рекомендации ""Хроническая сердечная недостаточность""
Возрастная категория: Взрослые
# Лечение
## Консервативное лечение
### Профилактика фибрилляции предсердий у пациентов с хронической сердечной недостаточностью",1,0.8076082468032837
547,"Клинические рекомендации ""Болезнь Крона""
Возрастная категория: Взрослые
# Лечение
## Консервативное лечение
### Тяжелое течение активной БК любой локализации",1,0.7598480582237244
282,"Клинические рекомендации ""Хроническая сердечная недостаточность""
Возрастная категория: Взрослые
# Лечение
## Консервативное лечение
### Терапия, не рекомендованная (не доказан положительный эффект) пациентам с симптомной сердечной недостаточностью и сниженной фракцией выброса левого желудочка",0,0.4959737956523895
153,"Клинические рекомендации ""Гастрит и дуоденит""
Возрастная категория: Взрослые
# Лечение
## Медикаментозное лечение
### Эрадикационная терапия инфекции H. рylori",1,0.6942819356918335
122,"Клинические рекомендации ""Бронхиальная астма""
Возрастная категория: Взрослые и дети
# Лечение
## Особенности лечения БА у беременных и в период грудного вскармливания",0,0.32098323106765747
185,"Клинические рекомендации ""Хроническая сердечная недостаточность""
Возрастная категория: Взрослые
# Лечение
## Консервативное лечение
### Особенности лечения пациентов с хронической сердечной недостаточностью и фибрилляцией предсердий",0,0.89230877161026
420,"Клинические рекомендации ""Мочекаменная болезнь""
Возрастная категория: Взрослые
# Лечение
## Лечение мочекаменной болезни в особых группах пациентов",1,0.5273300409317017
21,"Клинические рекомендации ""Хроническая сердечная недостаточность""
Возрастная категория: Взрослые
# Лечение
## Консервативное лечение
### Рекомендации по начальному лечению пациентов с хронической сердечной недостаточностью и фибрилляцией предсердий с высокой частотой желудочковых сокращений в острой или хронической ситуации",1,0.6438212394714355
395,"Клинические рекомендации ""Мочекаменная болезнь""
Возрастная категория: Взрослые
# Лечение
## Лечение мочекаменной болезни в особых группах пациентов",1,0.5870111584663391
631,"Клинические рекомендации ""Хроническая сердечная недостаточность""
Возрастная категория: Взрослые
# Лечение
## Консервативное лечение
### Лечение пациентов с хронической сердечной недостаточностью и сочетанной патологией",1,0.5730385184288025
425,"Клинические рекомендации ""Головная боль напряжения (ГБН)""
Возрастная категория: Взрослые
# Лечение
## Особенности лечения ГБН, сочетающейся с лекарственно-индуцированной головной болью (ЛИГБ)",0,0.4592742621898651
367,"Клинические рекомендации ""Болезнь Крона""
Возрастная категория: Взрослые
# Лечение
## Хирургическое лечение БК
### Лечение БК с перианальными проявлениями (перианальная БК)",0,0.7760761380195618
487,"Клинические рекомендации ""Мочекаменная болезнь""
Возрастная категория: Взрослые
# Лечение
## Лечение мочекаменной болезни в особых группах пациентов",0,0.7279685735702515
674,"Клинические рекомендации ""Эндометриоз""
Возрастная категория: Взрослые и дети
# Лечение
## Эндометриоз в постменопаузе",0,0.07086177170276642
708,"Клинические рекомендации ""Хроническая сердечная недостаточность""
Возрастная категория: Взрослые
# Лечение
## Консервативное лечение
### Лечение пациентов с ХСН в особых группах",1,0.7682735919952393
756,"Клинические рекомендации ""Эндометриоз""
Возрастная категория: Взрослые и дети
# Лечение
## Эндометриоз у подростков (до 18 лет)",0,0.4032626748085022
648,"Клинические рекомендации ""Желчнокаменная болезнь""
Возрастная категория: Взрослые
# Лечение
## Хирургическое лечение
### Острый калькулезный холецистит",1,0.40942326188087463
472,"Клинические рекомендации ""Эндометриоз""
Возрастная категория: Взрослые и дети
# Лечение
## Эндометриоз и рак",0,0.07772836834192276
408,"Клинические рекомендации ""Хроническая сердечная недостаточность""
Возрастная категория: Взрослые
# Лечение
## Консервативное лечение
### Рекомендации по начальному лечению пациентов с хронической сердечной недостаточностью и фибрилляцией предсердий с высокой частотой желудочковых сокращений в острой или хронической ситуации",0,0.314017653465271
789,"Клинические рекомендации ""Хроническая сердечная недостаточность""
Возрастная категория: Взрослые
# Лечение
## Консервативное лечение
### Профилактика фибрилляции предсердий у пациентов с хронической сердечной недостаточностью",0,0.5605617761611938
257,"Клинические рекомендации ""Хроническая сердечная недостаточность""
Возрастная категория: Взрослые
# Лечение
## Консервативное лечение
### Терапия, не рекомендованная (не доказан положительный эффект) пациентам с симптомной сердечной недостаточностью и сниженной фракцией выброса левого желудочка",1,0.8365524411201477
296,"Клинические рекомендации ""Эндометриоз""
Возрастная категория: Взрослые и дети
# Лечение
## Эндометриоз у подростков (до 18 лет)",0,0.06744309514760971
556,"Клинические рекомендации ""Головная боль напряжения (ГБН)""
Возрастная категория: Взрослые
# Лечение
## Особенности лечения ГБН, сочетающейся с лекарственно-индуцированной головной болью (ЛИГБ)",0,0.5508192181587219
780,"Клинические рекомендации ""Эндометриоз""
Возрастная категория: Взрослые и дети
# Лечение
## Эндометриоз и рак",0,0.40952378511428833
858,"Клинические рекомендации ""Амиодарон-индуцированная дисфункция щитовидной железы""
Возрастная категория: Взрослые
# Лечение
## Консервативное лечение амиодарон-индуцированного гипотиреоза",0,0.48097512125968933
854,"Клинические рекомендации ""Эндометриоз""
Возрастная категория: Взрослые и дети
# Лечение
## Эндометриоз и рак",0,0.37715479731559753
682,"Клинические рекомендации ""Хроническая сердечная недостаточность""
Возрастная категория: Взрослые
# Лечение
## Консервативное лечение
### Особенности лечения пациентов с хронической сердечной недостаточностью и желудочковыми нарушениями ритма сердца",1,0.5803133845329285
183,"Клинические рекомендации ""Хроническая сердечная недостаточность""
Возрастная категория: Взрослые
# Лечение
## Консервативное лечение
### Лечение пациентов с хронической сердечной недостаточностью и сочетанной патологией",1,0.8704554438591003
376,"Клинические рекомендации ""Хроническая сердечная недостаточность""
Возрастная категория: Взрослые
# Лечение
## Консервативное лечение
### Лечение пациентов с ХСН в особых группах",1,0.19811592996120453
646,"Клинические рекомендации ""Болезнь Крона""
Возрастная категория: Взрослые
# Лечение
## Хирургическое лечение БК
### Хирургическое лечение БК в форме терминального илеита или илеоколита",1,0.5416368246078491
16,"Клинические рекомендации ""Хроническая сердечная недостаточность""
Возрастная категория: Взрослые
# Лечение
## Консервативное лечение
### Лечение пациентов с хронической сердечной недостаточностью и сочетанной патологией",1,0.6445445418357849
14,"Клинические рекомендации ""Хроническая сердечная недостаточность""
Возрастная категория: Взрослые
# Лечение
## Консервативное лечение
### Лечение пациентов с ХСН в особых группах",1,0.9166305065155029
300,"Клинические рекомендации ""Хроническая сердечная недостаточность""
Возрастная категория: Взрослые
# Лечение
## Консервативное лечение
### Лечение пациентов с ХСН с умеренно сниженной и сохраненной ФВ ЛЖ",1,0.1976718008518219
156,"Клинические рекомендации ""Гастрит и дуоденит""
Возрастная категория: Взрослые
# Лечение
## Медикаментозное лечение
### Эрадикационная терапия инфекции H. рylori",1,0.8659625053405762
702,"Клинические рекомендации ""Эндометриоз""
Возрастная категория: Взрослые и дети
# Лечение
## Эндометриоз в постменопаузе",0,0.3029567003250122
96,"Клинические рекомендации ""Артериальная гипертензия у взрослых""
Возрастная категория: Взрослые
# Лечение
## Лечение артериальной гипертензии в отдельных клинических ситуациях",1,0.5731161236763
62,"Клинические рекомендации ""Хроническая сердечная недостаточность""
Возрастная категория: Взрослые
# Лечение
## Консервативное лечение
### Особенности лечения пациентов с хронической сердечной недостаточностью и фибрилляцией предсердий",1,0.8906046748161316
281,"Клинические рекомендации ""Хроническая сердечная недостаточность""
Возрастная категория: Взрослые
# Лечение
## Консервативное лечение
### Рекомендации по начальному лечению пациентов с хронической сердечной недостаточностью и фибрилляцией предсердий с высокой частотой желудочковых сокращений в острой или хронической ситуации",0,0.31959035992622375
89,"Клинические рекомендации ""Артериальная гипертензия у взрослых""
Возрастная категория: Взрослые
# Лечение
## Лечение артериальной гипертензии в отдельных клинических ситуациях",0,0.6347917318344116
20,"Клинические рекомендации ""Хроническая сердечная недостаточность""
Возрастная категория: Взрослые
# Лечение
## Консервативное лечение
### Рекомендации по контролю ритма у пациентов с фибрилляцией предсердий, симптомной ХСН, систолической дисфункцией левого желудочка при отсутствии острой декомпенсации",1,0.6434102654457092
102,"Клинические рекомендации ""Артериальная гипертензия у взрослых""
Возрастная категория: Взрослые
# Лечение
## Лечение артериальной гипертензии в отдельных клинических ситуациях",1,0.8354938626289368
820,"Клинические рекомендации ""Болезнь Крона""
Возрастная категория: Взрослые
# Лечение
## Консервативное лечение
### БК илеоцекальной локализации средней тяжести",1,0.530134916305542
229,"Клинические рекомендации ""Хроническая сердечная недостаточность""
Возрастная категория: Взрослые
# Лечение
## Консервативное лечение
### Особенности лечения пациентов с хронической сердечной недостаточностью и фибрилляцией предсердий",1,0.8565029501914978
636,"Клинические рекомендации ""Хроническая сердечная недостаточность""
Возрастная категория: Взрослые
# Лечение
## Консервативное лечение
### Рекомендации по начальному лечению пациентов с хронической сердечной недостаточностью и фибрилляцией предсердий с высокой частотой желудочковых сокращений в острой или хронической ситуации",1,0.842705249786377
416,"Клинические рекомендации ""Болезнь Крона""
Возрастная категория: Взрослые
# Лечение
## Консервативное лечение
### Тяжелое течение активной БК любой локализации",1,0.7541869878768921
345,"Клинические рекомендации ""Мочекаменная болезнь""
Возрастная категория: Взрослые
# Лечение
## Лечение мочекаменной болезни в особых группах пациентов",1,0.507016122341156
718,"Клинические рекомендации ""Хроническая сердечная недостаточность""
Возрастная категория: Взрослые
# Лечение
## Консервативное лечение
### Терапия, рекомендованная пациентам с симптомной сердечной недостаточностью со сниженной фракцией выброса левого желудочка",1,0.8428800702095032
656,"Клинические рекомендации ""Хроническая сердечная недостаточность""
Возрастная категория: Взрослые
# Лечение
## Консервативное лечение
### Лечение пациентов с ХСН с умеренно сниженной и сохраненной ФВ ЛЖ",1,0.2505339980125427
108,"Клинические рекомендации ""Гастрит и дуоденит""
Возрастная категория: Взрослые
# Лечение
## Медикаментозное лечение
### Эрадикационная терапия инфекции H. рylori",0,0.36815163493156433
727,"Клинические рекомендации ""Желчнокаменная болезнь""
Возрастная категория: Взрослые
# Лечение
## Хирургическое лечение
### Острый калькулезный холецистит",1,0.3329479694366455
736,"Клинические рекомендации ""Хроническая сердечная недостаточность""
Возрастная категория: Взрослые
# Лечение
## Консервативное лечение
### Лечение пациентов с хронической сердечной недостаточностью и сочетанной патологией",1,0.8129552602767944
498,"Клинические рекомендации ""Хроническая сердечная недостаточность""
Возрастная категория: Взрослые
# Лечение
## Консервативное лечение
### Профилактика фибрилляции предсердий у пациентов с хронической сердечной недостаточностью",1,0.7397217750549316
550,"Клинические рекомендации ""Болезнь Крона""
Возрастная категория: Взрослые
# Лечение
## Хирургическое лечение БК
### Хирургическое лечение БК с поражением верхних отделов ЖКТ",1,0.4771850109100342
824,"Клинические рекомендации ""Болезнь Крона""
Возрастная категория: Взрослые
# Лечение
## Консервативное лечение
### Тяжелое течение активной БК любой локализации",1,0.8191047310829163
794,"Клинические рекомендации ""Хроническая сердечная недостаточность""
Возрастная категория: Взрослые
# Лечение
## Консервативное лечение
### Терапия, рекомендованная пациентам с симптомной сердечной недостаточностью со сниженной фракцией выброса левого желудочка",1,0.7675606608390808
816,"Клинические рекомендации ""Хроническая сердечная недостаточность""
Возрастная категория: Взрослые
# Лечение
## Консервативное лечение
### Рекомендации по начальному лечению пациентов с хронической сердечной недостаточностью и фибрилляцией предсердий с высокой частотой желудочковых сокращений в острой или хронической ситуации",0,0.5317035913467407
844,"Клинические рекомендации ""Хроническая сердечная недостаточность""
Возрастная категория: Взрослые
# Лечение
## Консервативное лечение
### Терапия, рекомендованная пациентам с симптомной сердечной недостаточностью со сниженной фракцией выброса левого желудочка",1,0.42154303193092346
818,"Клинические рекомендации ""Хроническая сердечная недостаточность""
Возрастная категория: Взрослые
# Лечение
## Консервативное лечение
### Терапия, применение которой может быть опасно, и не рекомендовано для пациентов с хронической сердечной недостаточностью II-IV функционального класса и сниженной фракцией выброса левого желудочка",0,0.25750821828842163
92,"Клинические рекомендации ""Артериальная гипертензия у взрослых""
Возрастная категория: Взрослые
# Лечение
## Лечение артериальной гипертензии в отдельных клинических ситуациях",1,0.8319883942604065
276,"Клинические рекомендации ""Хроническая сердечная недостаточность""
Возрастная категория: Взрослые
# Лечение
## Консервативное лечение
### Лечение пациентов с хронической сердечной недостаточностью и сочетанной патологией",1,0.5726789236068726
797,"Клинические рекомендации ""Болезнь Крона""
Возрастная категория: Взрослые
# Лечение
## Консервативное лечение
### БК тонкой кишки (кроме терминального илеита)",0,0.4704468250274658
341,"Клинические рекомендации ""Болезнь Крона""
Возрастная категория: Взрослые
# Лечение
## Хирургическое лечение БК
### Хирургическое лечение БК в форме терминального илеита или илеоколита",0,0.46524176001548767
582,"Клинические рекомендации ""Хроническая сердечная недостаточность""
Возрастная категория: Взрослые
# Лечение
## Консервативное лечение
### Лечение пациентов с ХСН с умеренно сниженной и сохраненной ФВ ЛЖ",1,0.8707608580589294
344,"Клинические рекомендации ""Желчнокаменная болезнь""
Возрастная категория: Взрослые
# Лечение
## Хирургическое лечение
### Холедохолитиаз/холангиолитиаз",1,0.4280594289302826
807,"Клинические рекомендации ""Амиодарон-индуцированная дисфункция щитовидной железы""
Возрастная категория: Взрослые
# Лечение
## Консервативное лечение амиодарон-индуцированного гипотиреоза",0,0.6021184325218201
97,"Клинические рекомендации ""Артериальная гипертензия у взрослых""
Возрастная категория: Взрослые
# Лечение
## Лечение артериальной гипертензии в отдельных клинических ситуациях",1,0.8040417432785034
752,"Клинические рекомендации ""Болезнь Крона""
Возрастная категория: Взрослые
# Лечение
## Хирургическое лечение БК
### Хирургическое лечение БК с поражением верхних отделов ЖКТ",1,0.459344744682312
445,"Клинические рекомендации ""Мочекаменная болезнь""
Возрастная категория: Взрослые
# Лечение
## Лечение мочекаменной болезни в особых группах пациентов",1,0.5812473297119141
230,"Клинические рекомендации ""Хроническая сердечная недостаточность""
Возрастная категория: Взрослые
# Лечение
## Консервативное лечение
### Профилактика фибрилляции предсердий у пациентов с хронической сердечной недостаточностью",1,0.6060091853141785
568,"Клинические рекомендации ""Болезнь Крона""
Возрастная категория: Взрослые
# Лечение
## Консервативное лечение
### БК илеоцекальной локализации средней тяжести",1,0.4577169716358185
329,"Клинические рекомендации ""Хроническая сердечная недостаточность""
Возрастная категория: Взрослые
# Лечение
## Консервативное лечение
### Профилактика фибрилляции предсердий у пациентов с хронической сердечной недостаточностью",0,0.3452536165714264
840,"Клинические рекомендации ""Хроническая сердечная недостаточность""
Возрастная категория: Взрослые
# Лечение
## Консервативное лечение
### Рекомендации по контролю ритма у пациентов с фибрилляцией предсердий, симптомной ХСН, систолической дисфункцией левого желудочка при отсутствии острой декомпенсации",0,0.4613903760910034
253,"Клинические рекомендации ""Хроническая сердечная недостаточность""
Возрастная категория: Взрослые
# Лечение
## Консервативное лечение
### Особенности лечения пациентов с хронической сердечной недостаточностью и фибрилляцией предсердий",0,0.6636779308319092
214,"Клинические рекомендации ""Хроническая сердечная недостаточность""
Возрастная категория: Взрослые
# Лечение
## Консервативное лечение
### Лечение пациентов с ХСН в особых группах",1,0.6072155237197876
569,"Клинические рекомендации ""Болезнь Крона""
Возрастная категория: Взрослые
# Лечение
## Консервативное лечение
### БК толстой кишки легкой и средней тяжести",1,0.49517613649368286
354,"Клинические рекомендации ""Хроническая сердечная недостаточность""
Возрастная категория: Взрослые
# Лечение
## Консервативное лечение
### Особенности лечения пациентов с хронической сердечной недостаточностью и желудочковыми нарушениями ритма сердца",0,0.3516092002391815
377,"Клинические рекомендации ""Хроническая сердечная недостаточность""
Возрастная категория: Взрослые
# Лечение
## Консервативное лечение
### Лечение пациентов с ХСН с умеренно сниженной и сохраненной ФВ ЛЖ",1,0.19766175746917725
744,"Клинические рекомендации ""Хроническая сердечная недостаточность""
Возрастная категория: Взрослые
# Лечение
## Консервативное лечение
### Терапия, рекомендованная пациентам с симптомной сердечной недостаточностью со сниженной фракцией выброса левого желудочка",1,0.8022873997688293
162,"Клинические рекомендации ""Гастрит и дуоденит""
Возрастная категория: Взрослые
# Лечение
## Медикаментозное лечение
### Эрадикационная терапия инфекции H. рylori",1,0.5925602912902832
722,"Клинические рекомендации ""Болезнь Крона""
Возрастная категория: Взрослые
# Лечение
## Консервативное лечение
### Легкая БК илеоцекальной локализации",0,0.7364840507507324
699,"Клинические рекомендации ""Желчнокаменная болезнь""
Возрастная категория: Взрослые
# Лечение
## Хирургическое лечение
### Холедохолитиаз/холангиолитиаз",0,0.5267319679260254
373,"Клинические рекомендации ""Эндометриоз""
Возрастная категория: Взрослые и дети
# Лечение
## Эндометриоз у подростков (до 18 лет)",0,0.3828718066215515
544,"Клинические рекомендации ""Болезнь Крона""
Возрастная категория: Взрослые
# Лечение
## Консервативное лечение
### БК толстой кишки легкой и средней тяжести",1,0.8606019020080566
370,"Клинические рекомендации ""Мочекаменная болезнь""
Возрастная категория: Взрослые
# Лечение
## Лечение мочекаменной болезни в особых группах пациентов",1,0.45688122510910034
623,"Клинические рекомендации ""Болезнь Крона""
Возрастная категория: Взрослые
# Лечение
## Хирургическое лечение БК
### Хирургическое лечение БК с поражением верхних отделов ЖКТ",1,0.8300479054450989
539,"Клинические рекомендации ""Хроническая сердечная недостаточность""
Возрастная категория: Взрослые
# Лечение
## Консервативное лечение
### Рекомендации по начальному лечению пациентов с хронической сердечной недостаточностью и фибрилляцией предсердий с высокой частотой желудочковых сокращений в острой или хронической ситуации",0,0.8474780321121216
125,"Клинические рекомендации ""Бронхиальная астма""
Возрастная категория: Взрослые и дети
# Лечение
## Особенности лечения БА у беременных и в период грудного вскармливания",0,0.4851129651069641
687,"Клинические рекомендации ""Хроническая сердечная недостаточность""
Возрастная категория: Взрослые
# Лечение
## Консервативное лечение
### Терапия, не рекомендованная (не доказан положительный эффект) пациентам с симптомной сердечной недостаточностью и сниженной фракцией выброса левого желудочка",1,0.502296507358551
405,"Клинические рекомендации ""Хроническая сердечная недостаточность""
Возрастная категория: Взрослые
# Лечение
## Консервативное лечение
### Особенности лечения пациентов с хронической сердечной недостаточностью и фибрилляцией предсердий",0,0.1902213841676712
798,"Клинические рекомендации ""Болезнь Крона""
Возрастная категория: Взрослые
# Лечение
## Консервативное лечение
### Легкая БК илеоцекальной локализации",1,0.699737548828125
829,"Клинические рекомендации ""Эндометриоз""
Возрастная категория: Взрослые и дети
# Лечение
## Эндометриоз в постменопаузе",0,0.08277248591184616
351,"Клинические рекомендации ""Хроническая сердечная недостаточность""
Возрастная категория: Взрослые
# Лечение
## Консервативное лечение
### Лечение пациентов с ХСН в особых группах",1,0.43822646141052246
602,"Клинические рекомендации ""Эндометриоз""
Возрастная категория: Взрослые и дети
# Лечение
## Эндометриоз у подростков (до 18 лет)",0,0.15821392834186554
795,"Клинические рекомендации ""Болезнь Крона""
Возрастная категория: Взрослые
# Лечение
## Консервативное лечение
### БК илеоцекальной локализации средней тяжести",1,0.7788110971450806
98,"Клинические рекомендации ""Артериальная гипертензия у взрослых""
Возрастная категория: Взрослые
# Лечение
## Лечение артериальной гипертензии в отдельных клинических ситуациях",1,0.5769751071929932
617,"Клинические рекомендации ""Болезнь Крона""
Возрастная категория: Взрослые
# Лечение
## Консервативное лечение
### БК толстой кишки легкой и средней тяжести",1,0.5412425398826599
311,"Клинические рекомендации ""Болезнь Крона""
Возрастная категория: Взрослые
# Лечение
## Консервативное лечение
### БК толстой кишки легкой и средней тяжести",1,0.4581415355205536
115,"Клинические рекомендации ""Гастрит и дуоденит""
Возрастная категория: Взрослые
# Лечение
## Эндоскопическое лечение",0,0.5120974183082581
47,"Клинические рекомендации ""Хроническая сердечная недостаточность""
Возрастная категория: Взрослые
# Лечение
## Консервативное лечение
### Лечение пациентов с ХСН в особых группах",1,0.9127686023712158
452,"Клинические рекомендации ""Хроническая сердечная недостаточность""
Возрастная категория: Взрослые
# Лечение
## Консервативное лечение
### Лечение пациентов с ХСН с умеренно сниженной и сохраненной ФВ ЛЖ",1,0.29231345653533936
172,"Клинические рекомендации ""Хроническая сердечная недостаточность""
Возрастная категория: Взрослые
# Лечение
## Консервативное лечение
### Лечение пациентов с хронической сердечной недостаточностью и сочетанной патологией",1,0.6092798113822937
808,"Клинические рекомендации ""Головная боль напряжения (ГБН)""
Возрастная категория: Взрослые
# Лечение
## Особенности лечения ГБН, сочетающейся с лекарственно-индуцированной головной болью (ЛИГБ)",1,0.5949739813804626
34,"Клинические рекомендации ""Хроническая сердечная недостаточность""
Возрастная категория: Взрослые
# Лечение
## Консервативное лечение
### Терапия, применение которой может быть опасно, и не рекомендовано для пациентов с хронической сердечной недостаточностью II-IV функционального класса и сниженной фракцией выброса левого желудочка",1,0.9238169193267822
835,"Клинические рекомендации ""Хроническая сердечная недостаточность""
Возрастная категория: Взрослые
# Лечение
## Консервативное лечение
### Лечение пациентов с ХСН с умеренно сниженной и сохраненной ФВ ЛЖ",1,0.5306724309921265
87,"Клинические рекомендации ""Артериальная гипертензия у взрослых""
Возрастная категория: Взрослые
# Лечение
## Лечение артериальной гипертензии в отдельных клинических ситуациях",0,0.3709811270236969
437,"Клинические рекомендации ""Болезнь Крона""
Возрастная категория: Взрослые
# Лечение
## Консервативное лечение
### БК илеоцекальной локализации средней тяжести",1,0.7572543025016785
12,"Клинические рекомендации ""Доброкачественная дисплазия молочной железы""
Возрастная категория: Взрослые и дети
# Лечение
## Применение гормональных контрацептивов при ДДМЖ",0,0.7658096551895142
750,"Клинические рекомендации ""Болезнь Крона""
Возрастная категория: Взрослые
# Лечение
## Хирургическое лечение БК
### Лечение БК с перианальными проявлениями (перианальная БК)",1,0.6649203896522522
117,"Клинические рекомендации ""Гастрит и дуоденит""
Возрастная категория: Взрослые
# Лечение
## Медикаментозное лечение
### Эрадикационная терапия инфекции H. рylori",0,0.7406008243560791
268,"Клинические рекомендации ""Желчнокаменная болезнь""
Возрастная категория: Взрослые
# Лечение
## Хирургическое лечение
### Острый калькулезный холецистит",1,0.486702561378479
279,"Клинические рекомендации ""Хроническая сердечная недостаточность""
Возрастная категория: Взрослые
# Лечение
## Консервативное лечение
### Профилактика фибрилляции предсердий у пациентов с хронической сердечной недостаточностью",0,0.30649763345718384
603,"Клинические рекомендации ""Амиодарон-индуцированная дисфункция щитовидной железы""
Возрастная категория: Взрослые
# Лечение
## Консервативное лечение амиодарон-индуцированного гипотиреоза",1,0.7274488210678101
691,"Клинические рекомендации ""Болезнь Крона""
Возрастная категория: Взрослые
# Лечение
## Консервативное лечение
### БК толстой кишки легкой и средней тяжести",1,0.481550931930542
747,"Клинические рекомендации ""Болезнь Крона""
Возрастная категория: Взрослые
# Лечение
## Консервативное лечение
### БК тонкой кишки (кроме терминального илеита)",0,0.7487457990646362
210,"Клинические рекомендации ""Хроническая сердечная недостаточность""
Возрастная категория: Взрослые
# Лечение
## Консервативное лечение
### Рекомендации по начальному лечению пациентов с хронической сердечной недостаточностью и фибрилляцией предсердий с высокой частотой желудочковых сокращений в острой или хронической ситуации",0,0.601510763168335
90,"Клинические рекомендации ""Артериальная гипертензия у взрослых""
Возрастная категория: Взрослые
# Лечение
## Лечение артериальной гипертензии в отдельных клинических ситуациях",1,0.6469443440437317
242,"Клинические рекомендации ""Артериальная гипертензия у взрослых""
Возрастная категория: Взрослые
# Лечение
## Лечение артериальной гипертензии в отдельных клинических ситуациях",1,0.7903691530227661
130,"Клинические рекомендации ""Бронхиальная астма""
Возрастная категория: Взрослые и дети
# Лечение
## Особенности лечения БА у беременных и в период грудного вскармливания",0,0.4143165946006775
845,"Клинические рекомендации ""Болезнь Крона""
Возрастная категория: Взрослые
# Лечение
## Консервативное лечение
### БК илеоцекальной локализации средней тяжести",1,0.7385507225990295
320,"Клинические рекомендации ""Эндометриоз""
Возрастная категория: Взрослые и дети
# Лечение
## Эндометриоз и рак",0,0.18169701099395752
179,"Клинические рекомендации ""Хроническая сердечная недостаточность""
Возрастная категория: Взрослые
# Лечение
## Консервативное лечение
### Терапия, применение которой может быть опасно, и не рекомендовано для пациентов с хронической сердечной недостаточностью II-IV функционального класса и сниженной фракцией выброса левого желудочка",1,0.8894686102867126
693,"Клинические рекомендации ""Болезнь Крона""
Возрастная категория: Взрослые
# Лечение
## Консервативное лечение
### Легкая БК илеоцекальной локализации",1,0.5109434127807617
496,"Клинические рекомендации ""Хроническая сердечная недостаточность""
Возрастная категория: Взрослые
# Лечение
## Консервативное лечение
### Особенности лечения пациентов с хронической сердечной недостаточностью и желудочковыми нарушениями ритма сердца",1,0.7557266354560852
237,"Клинические рекомендации ""Гастрит и дуоденит""
Возрастная категория: Взрослые
# Лечение
## Медикаментозное лечение
### Эрадикационная терапия инфекции H. рylori",1,0.31184765696525574
729,"Клинические рекомендации ""Гонартроз""
Возрастная категория: Взрослые и дети
# Лечение
## Хирургическое лечение
### Особенности органосохраняющего оперативного лечения у детей с гонартрозом",0,0.45245304703712463
177,"Клинические рекомендации ""Хроническая сердечная недостаточность""
Возрастная категория: Взрослые
# Лечение
## Консервативное лечение
### Рекомендации по начальному лечению пациентов с хронической сердечной недостаточностью и фибрилляцией предсердий с высокой частотой желудочковых сокращений в острой или хронической ситуации",0,0.8958722352981567
40,"Клинические рекомендации ""Хроническая сердечная недостаточность""
Возрастная категория: Взрослые
# Лечение
## Консервативное лечение
### Особенности лечения пациентов с хронической сердечной недостаточностью и фибрилляцией предсердий",1,0.9104595184326172
723,"Клинические рекомендации ""Болезнь Крона""
Возрастная категория: Взрослые
# Лечение
## Консервативное лечение
### Тяжелое течение активной БК любой локализации",1,0.49097415804862976
613,"Клинические рекомендации ""Хроническая сердечная недостаточность""
Возрастная категория: Взрослые
# Лечение
## Консервативное лечение
### Терапия, не рекомендованная (не доказан положительный эффект) пациентам с симптомной сердечной недостаточностью и сниженной фракцией выброса левого желудочка",1,0.8704063892364502
292,"Клинические рекомендации ""Болезнь Крона""
Возрастная категория: Взрослые
# Лечение
## Хирургическое лечение БК
### Хирургическое лечение БК с поражением верхних отделов ЖКТ",1,0.5087277293205261
753,"Клинические рекомендации ""Мочекаменная болезнь""
Возрастная категория: Взрослые
# Лечение
## Лечение мочекаменной болезни в особых группах пациентов",1,0.5586897134780884
260,"Клинические рекомендации ""Болезнь Крона""
Возрастная категория: Взрослые
# Лечение
## Консервативное лечение
### БК илеоцекальной локализации средней тяжести",1,0.4556560516357422
627,"Клинические рекомендации ""Амиодарон-индуцированная дисфункция щитовидной железы""
Возрастная категория: Взрослые
# Лечение
## Консервативное лечение амиодарон-индуцированного гипотиреоза",1,0.5042288303375244
834,"Клинические рекомендации ""Хроническая сердечная недостаточность""
Возрастная категория: Взрослые
# Лечение
## Консервативное лечение
### Лечение пациентов с ХСН в особых группах",1,0.5293209552764893
165,"Клинические рекомендации ""Гастрит и дуоденит""
Возрастная категория: Взрослые
# Лечение
## Медикаментозное лечение
### Эрадикационная терапия инфекции H. рylori",1,0.6955302357673645
180,"Клинические рекомендации ""Хроническая сердечная недостаточность""
Возрастная категория: Взрослые
# Лечение
## Консервативное лечение
### Терапия, рекомендованная пациентам с симптомной сердечной недостаточностью со сниженной фракцией выброса левого желудочка",1,0.8741009831428528
664,"Клинические рекомендации ""Хроническая сердечная недостаточность""
Возрастная категория: Взрослые
# Лечение
## Консервативное лечение
### Терапия, применение которой может быть опасно, и не рекомендовано для пациентов с хронической сердечной недостаточностью II-IV функционального класса и сниженной фракцией выброса левого желудочка",0,0.5163171291351318
611,"Клинические рекомендации ""Хроническая сердечная недостаточность""
Возрастная категория: Взрослые
# Лечение
## Консервативное лечение
### Рекомендации по контролю ритма у пациентов с фибрилляцией предсердий, симптомной ХСН, систолической дисфункцией левого желудочка при отсутствии острой декомпенсации",1,0.5655922293663025
393,"Клинические рекомендации ""Болезнь Крона""
Возрастная категория: Взрослые
# Лечение
## Хирургическое лечение БК
### Хирургическое лечение БК в форме терминального илеита или илеоколита",1,0.3150624632835388
83,"Клинические рекомендации ""Бронхиальная астма""
Возрастная категория: Взрослые и дети
# Лечение
## Особенности лечения БА у беременных и в период грудного вскармливания",0,0.19141976535320282
383,"Клинические рекомендации ""Хроническая сердечная недостаточность""
Возрастная категория: Взрослые
# Лечение
## Консервативное лечение
### Рекомендации по начальному лечению пациентов с хронической сердечной недостаточностью и фибрилляцией предсердий с высокой частотой желудочковых сокращений в острой или хронической ситуации",0,0.1812586784362793
313,"Клинические рекомендации ""Болезнь Крона""
Возрастная категория: Взрослые
# Лечение
## Консервативное лечение
### Легкая БК илеоцекальной локализации",1,0.7825660705566406
596,"Клинические рекомендации ""Болезнь Крона""
Возрастная категория: Взрослые
# Лечение
## Консервативное лечение
### Тяжелое течение активной БК любой локализации",1,0.7476605772972107
838,"Клинические рекомендации ""Хроническая сердечная недостаточность""
Возрастная категория: Взрослые
# Лечение
## Консервативное лечение
### Особенности лечения пациентов с хронической сердечной недостаточностью и фибрилляцией предсердий",0,0.5598434209823608
677,"Клинические рекомендации ""Амиодарон-индуцированная дисфункция щитовидной железы""
Возрастная категория: Взрослые
# Лечение
## Консервативное лечение амиодарон-индуцированного гипотиреоза",1,0.7124220728874207
133,"Клинические рекомендации ""Бронхиальная астма""
Возрастная категория: Взрослые и дети
# Лечение
## Особенности лечения БА у беременных и в период грудного вскармливания",1,0.20309950411319733
774,"Клинические рекомендации ""Болезнь Крона""
Возрастная категория: Взрослые
# Лечение
## Консервативное лечение
### Тяжелое течение активной БК любой локализации",1,0.8278835415840149
628,"Клинические рекомендации ""Головная боль напряжения (ГБН)""
Возрастная категория: Взрослые
# Лечение
## Особенности лечения ГБН, сочетающейся с лекарственно-индуцированной головной болью (ЛИГБ)",0,0.4579198658466339
517,"Клинические рекомендации ""Болезнь Крона""
Возрастная категория: Взрослые
# Лечение
## Консервативное лечение
### БК илеоцекальной локализации средней тяжести",1,0.7939538955688477
567,"Клинические рекомендации ""Хроническая сердечная недостаточность""
Возрастная категория: Взрослые
# Лечение
## Консервативное лечение
### Терапия, рекомендованная пациентам с симптомной сердечной недостаточностью со сниженной фракцией выброса левого желудочка",1,0.8033564686775208
11,"Клинические рекомендации ""Артериальная гипертензия у взрослых""
Возрастная категория: Взрослые
# Лечение
## Лечение артериальной гипертензии в отдельных клинических ситуациях",1,0.6279833316802979
754,"Клинические рекомендации ""Эндометриоз""
Возрастная категория: Взрослые и дети
# Лечение
## Эндометриоз в постменопаузе",0,0.0865325853228569
561,"Клинические рекомендации ""Хроническая сердечная недостаточность""
Возрастная категория: Взрослые
# Лечение
## Консервативное лечение
### Особенности лечения пациентов с хронической сердечной недостаточностью и фибрилляцией предсердий",1,0.8105204105377197
335,"Клинические рекомендации ""Болезнь Крона""
Возрастная категория: Взрослые
# Лечение
## Консервативное лечение
### БК илеоцекальной локализации средней тяжести",1,0.7653576731681824
688,"Клинические рекомендации ""Хроническая сердечная недостаточность""
Возрастная категория: Взрослые
# Лечение
## Консервативное лечение
### Терапия, применение которой может быть опасно, и не рекомендовано для пациентов с хронической сердечной недостаточностью II-IV функционального класса и сниженной фракцией выброса левого желудочка",1,0.8315391540527344
434,"Клинические рекомендации ""Хроническая сердечная недостаточность""
Возрастная категория: Взрослые
# Лечение
## Консервативное лечение
### Терапия, не рекомендованная (не доказан положительный эффект) пациентам с симптомной сердечной недостаточностью и сниженной фракцией выброса левого желудочка",1,0.6510477662086487
458,"Клинические рекомендации ""Хроническая сердечная недостаточность""
Возрастная категория: Взрослые
# Лечение
## Консервативное лечение
### Рекомендации по начальному лечению пациентов с хронической сердечной недостаточностью и фибрилляцией предсердий с высокой частотой желудочковых сокращений в острой или хронической ситуации",0,0.5268603563308716
15,"Клинические рекомендации ""Хроническая сердечная недостаточность""
Возрастная категория: Взрослые
# Лечение
## Консервативное лечение
### Лечение пациентов с ХСН с умеренно сниженной и сохраненной ФВ ЛЖ",1,0.9087755084037781
740,"Клинические рекомендации ""Хроническая сердечная недостаточность""
Возрастная категория: Взрослые
# Лечение
## Консервативное лечение
### Рекомендации по контролю ритма у пациентов с фибрилляцией предсердий, симптомной ХСН, систолической дисфункцией левого желудочка при отсутствии острой декомпенсации",0,0.6842218041419983
663,"Клинические рекомендации ""Хроническая сердечная недостаточность""
Возрастная категория: Взрослые
# Лечение
## Консервативное лечение
### Терапия, не рекомендованная (не доказан положительный эффект) пациентам с симптомной сердечной недостаточностью и сниженной фракцией выброса левого желудочка",1,0.5106337666511536
776,"Клинические рекомендации ""Болезнь Крона""
Возрастная категория: Взрослые
# Лечение
## Хирургическое лечение БК
### Хирургическое лечение БК в форме терминального илеита или илеоколита",1,0.5230017304420471
724,"Клинические рекомендации ""Болезнь Крона""
Возрастная категория: Взрослые
# Лечение
## Хирургическое лечение БК
### Лечение БК с перианальными проявлениями (перианальная БК)",0,0.48468494415283203
52,"Клинические рекомендации ""Хроническая сердечная недостаточность""
Возрастная категория: Взрослые
# Лечение
## Консервативное лечение
### Профилактика фибрилляции предсердий у пациентов с хронической сердечной недостаточностью",1,0.8915320038795471
182,"Клинические рекомендации ""Хроническая сердечная недостаточность""
Возрастная категория: Взрослые
# Лечение
## Консервативное лечение
### Лечение пациентов с ХСН с умеренно сниженной и сохраненной ФВ ЛЖ",1,0.9114605188369751
540,"Клинические рекомендации ""Хроническая сердечная недостаточность""
Возрастная категория: Взрослые
# Лечение
## Консервативное лечение
### Терапия, не рекомендованная (не доказан положительный эффект) пациентам с симптомной сердечной недостаточностью и сниженной фракцией выброса левого желудочка",1,0.8696525692939758
418,"Клинические рекомендации ""Болезнь Крона""
Возрастная категория: Взрослые
# Лечение
## Хирургическое лечение БК
### Хирургическое лечение БК в форме терминального илеита или илеоколита",1,0.3836844563484192
109,"Клинические рекомендации ""Гастрит и дуоденит""
Возрастная категория: Взрослые
# Лечение
## Эндоскопическое лечение",0,0.5668632388114929
530,"Клинические рекомендации ""Амиодарон-индуцированная дисфункция щитовидной железы""
Возрастная категория: Взрослые
# Лечение
## Консервативное лечение амиодарон-индуцированного гипотиреоза",1,0.5847527384757996
810,"Клинические рекомендации ""Хроническая сердечная недостаточность""
Возрастная категория: Взрослые
# Лечение
## Консервативное лечение
### Лечение пациентов с ХСН с умеренно сниженной и сохраненной ФВ ЛЖ",1,0.21873271465301514
174,"Клинические рекомендации ""Хроническая сердечная недостаточность""
Возрастная категория: Взрослые
# Лечение
## Консервативное лечение
### Особенности лечения пациентов с хронической сердечной недостаточностью и фибрилляцией предсердий",1,0.7718058228492737
514,"Клинические рекомендации ""Эндометриоз""
Возрастная категория: Взрослые и дети
# Лечение
## Эндометриоз и рак",0,0.41107288002967834
489,"Клинические рекомендации ""Эндометриоз""
Возрастная категория: Взрослые и дети
# Лечение
## Эндометриоз и рак",0,0.07740143686532974
572,"Клинические рекомендации ""Болезнь Крона""
Возрастная категория: Взрослые
# Лечение
## Консервативное лечение
### Тяжелое течение активной БК любой локализации",1,0.646887481212616
66,"Клинические рекомендации ""Хроническая сердечная недостаточность""
Возрастная категория: Взрослые
# Лечение
## Консервативное лечение
### Терапия, не рекомендованная (не доказан положительный эффект) пациентам с симптомной сердечной недостаточностью и сниженной фракцией выброса левого желудочка",1,0.6487361788749695
796,"Клинические рекомендации ""Болезнь Крона""
Возрастная категория: Взрослые
# Лечение
## Консервативное лечение
### БК толстой кишки легкой и средней тяжести",1,0.7056431174278259
490,"Клинические рекомендации ""Эндометриоз""
Возрастная категория: Взрослые и дети
# Лечение
## Эндометриоз у подростков (до 18 лет)",0,0.10181044042110443
598,"Клинические рекомендации ""Болезнь Крона""
Возрастная категория: Взрослые
# Лечение
## Хирургическое лечение БК
### Хирургическое лечение БК в форме терминального илеита или илеоколита",0,0.3464895784854889
650,"Клинические рекомендации ""Эндометриоз""
Возрастная категория: Взрослые и дети
# Лечение
## Эндометриоз в постменопаузе",0,0.08952515572309494
173,"Клинические рекомендации ""Хроническая сердечная недостаточность""
Возрастная категория: Взрослые
# Лечение
## Консервативное лечение
### Особенности лечения пациентов с хронической сердечной недостаточностью и желудочковыми нарушениями ритма сердца",1,0.8836952447891235
164,"Клинические рекомендации ""Гастрит и дуоденит""
Возрастная категория: Взрослые
# Лечение
## Медикаментозное лечение
### Медикаментозная терапия при эрозивном гастрите и дуодените",1,0.5928810238838196
158,"Клинические рекомендации ""Гастрит и дуоденит""
Возрастная категория: Взрослые
# Лечение
## Медикаментозное лечение
### Медикаментозная терапия при эрозивном гастрите и дуодените",1,0.8587081432342529
389,"Клинические рекомендации ""Болезнь Крона""
Возрастная категория: Взрослые
# Лечение
## Консервативное лечение
### БК тонкой кишки (кроме терминального илеита)",0,0.827275276184082
264,"Клинические рекомендации ""Болезнь Крона""
Возрастная категория: Взрослые
# Лечение
## Консервативное лечение
### Тяжелое течение активной БК любой локализации",1,0.7190955281257629
493,"Клинические рекомендации ""Хроническая сердечная недостаточность""
Возрастная категория: Взрослые
# Лечение
## Консервативное лечение
### Лечение пациентов с ХСН в особых группах",1,0.754205048084259
644,"Клинические рекомендации ""Болезнь Крона""
Возрастная категория: Взрослые
# Лечение
## Консервативное лечение
### Тяжелое течение активной БК любой локализации",1,0.8143548965454102
444,"Клинические рекомендации ""Болезнь Крона""
Возрастная категория: Взрослые
# Лечение
## Хирургическое лечение БК
### Хирургическое лечение БК с поражением верхних отделов ЖКТ",0,0.4071907699108124
470,"Клинические рекомендации ""Мочекаменная болезнь""
Возрастная категория: Взрослые
# Лечение
## Лечение мочекаменной болезни в особых группах пациентов",1,0.7636203169822693
208,"Клинические рекомендации ""Хроническая сердечная недостаточность""
Возрастная категория: Взрослые
# Лечение
## Консервативное лечение
### Профилактика фибрилляции предсердий у пациентов с хронической сердечной недостаточностью",1,0.604139506816864
323,"Клинические рекомендации ""Головная боль напряжения (ГБН)""
Возрастная категория: Взрослые
# Лечение
## Особенности лечения ГБН, сочетающейся с лекарственно-индуцированной головной болью (ЛИГБ)",1,0.6093059182167053
261,"Клинические рекомендации ""Болезнь Крона""
Возрастная категория: Взрослые
# Лечение
## Консервативное лечение
### БК толстой кишки легкой и средней тяжести",1,0.4562673270702362
735,"Клинические рекомендации ""Хроническая сердечная недостаточность""
Возрастная категория: Взрослые
# Лечение
## Консервативное лечение
### Лечение пациентов с ХСН с умеренно сниженной и сохраненной ФВ ЛЖ",1,0.8416990637779236
145,"Клинические рекомендации ""Гастрит и дуоденит""
Возрастная категория: Взрослые
# Лечение
## Эндоскопическое лечение",0,0.21113498508930206
507,"Клинические рекомендации ""Болезнь Крона""
Возрастная категория: Взрослые
# Лечение
## Консервативное лечение
### Легкая БК илеоцекальной локализации",1,0.790618896484375
103,"Клинические рекомендации ""Артериальная гипертензия у взрослых""
Возрастная категория: Взрослые
# Лечение
## Лечение артериальной гипертензии в отдельных клинических ситуациях",1,0.5736081600189209
120,"Клинические рекомендации ""Гастрит и дуоденит""
Возрастная категория: Взрослые
# Лечение
## Медикаментозное лечение
### Эрадикационная терапия инфекции H. рylori",0,0.7062493562698364
642,"Клинические рекомендации ""Болезнь Крона""
Возрастная категория: Взрослые
# Лечение
## Консервативное лечение
### БК тонкой кишки (кроме терминального илеита)",0,0.5186252593994141
503,"Клинические рекомендации ""Хроническая сердечная недостаточность""
Возрастная категория: Взрослые
# Лечение
## Консервативное лечение
### Терапия, рекомендованная пациентам с симптомной сердечной недостаточностью со сниженной фракцией выброса левого желудочка",1,0.8652142882347107
146,"Клинические рекомендации ""Гастрит и дуоденит""
Возрастная категория: Взрослые
# Лечение
## Медикаментозное лечение
### Медикаментозная терапия при эрозивном гастрите и дуодените",1,0.5371761322021484
154,"Клинические рекомендации ""Гастрит и дуоденит""
Возрастная категория: Взрослые
# Лечение
## Эндоскопическое лечение",1,0.5978835225105286
768,"Клинические рекомендации ""Хроническая сердечная недостаточность""
Возрастная категория: Взрослые
# Лечение
## Консервативное лечение
### Терапия, применение которой может быть опасно, и не рекомендовано для пациентов с хронической сердечной недостаточностью II-IV функционального класса и сниженной фракцией выброса левого желудочка",1,0.2581823170185089
74,"Клинические рекомендации ""Хроническая сердечная недостаточность""
Возрастная категория: Взрослые
# Лечение
## Консервативное лечение
### Профилактика фибрилляции предсердий у пациентов с хронической сердечной недостаточностью",1,0.6582320332527161
637,"Клинические рекомендации ""Хроническая сердечная недостаточность""
Возрастная категория: Взрослые
# Лечение
## Консервативное лечение
### Терапия, не рекомендованная (не доказан положительный эффект) пациентам с симптомной сердечной недостаточностью и сниженной фракцией выброса левого желудочка",1,0.7754607796669006
431,"Клинические рекомендации ""Хроническая сердечная недостаточность""
Возрастная категория: Взрослые
# Лечение
## Консервативное лечение
### Профилактика фибрилляции предсердий у пациентов с хронической сердечной недостаточностью",0,0.5756353139877319
597,"Клинические рекомендации ""Болезнь Крона""
Возрастная категория: Взрослые
# Лечение
## Хирургическое лечение БК
### Лечение БК с перианальными проявлениями (перианальная БК)",0,0.5214079022407532
398,"Клинические рекомендации ""Эндометриоз""
Возрастная категория: Взрослые и дети
# Лечение
## Эндометриоз у подростков (до 18 лет)",0,0.09512787312269211
492,"Клинические рекомендации ""Головная боль напряжения (ГБН)""
Возрастная категория: Взрослые
# Лечение
## Особенности лечения ГБН, сочетающейся с лекарственно-индуцированной головной болью (ЛИГБ)",1,0.45127081871032715
655,"Клинические рекомендации ""Хроническая сердечная недостаточность""
Возрастная категория: Взрослые
# Лечение
## Консервативное лечение
### Лечение пациентов с ХСН в особых группах",1,0.7160013914108276
684,"Клинические рекомендации ""Хроническая сердечная недостаточность""
Возрастная категория: Взрослые
# Лечение
## Консервативное лечение
### Профилактика фибрилляции предсердий у пациентов с хронической сердечной недостаточностью",1,0.4962153732776642
456,"Клинические рекомендации ""Хроническая сердечная недостаточность""
Возрастная категория: Взрослые
# Лечение
## Консервативное лечение
### Профилактика фибрилляции предсердий у пациентов с хронической сердечной недостаточностью",0,0.5315842032432556
538,"Клинические рекомендации ""Хроническая сердечная недостаточность""
Возрастная категория: Взрослые
# Лечение
## Консервативное лечение
### Рекомендации по контролю ритма у пациентов с фибрилляцией предсердий, симптомной ХСН, систолической дисфункцией левого желудочка при отсутствии острой декомпенсации",0,0.852850615978241
280,"Клинические рекомендации ""Хроническая сердечная недостаточность""
Возрастная категория: Взрослые
# Лечение
## Консервативное лечение
### Рекомендации по контролю ритма у пациентов с фибрилляцией предсердий, симптомной ХСН, систолической дисфункцией левого желудочка при отсутствии острой декомпенсации",0,0.35896727442741394
275,"Клинические рекомендации ""Хроническая сердечная недостаточность""
Возрастная категория: Взрослые
# Лечение
## Консервативное лечение
### Лечение пациентов с ХСН с умеренно сниженной и сохраненной ФВ ЛЖ",1,0.49037790298461914
3,"Клинические рекомендации ""Артериальная гипертензия у взрослых""
Возрастная категория: Взрослые
# Лечение
## Лечение артериальной гипертензии в отдельных клинических ситуациях",1,0.6811354160308838
95,"Клинические рекомендации ""Артериальная гипертензия у взрослых""
Возрастная категория: Взрослые
# Лечение
## Лечение артериальной гипертензии в отдельных клинических ситуациях",1,0.7946581244468689
363,"Клинические рекомендации ""Болезнь Крона""
Возрастная категория: Взрослые
# Лечение
## Консервативное лечение
### БК толстой кишки легкой и средней тяжести",1,0.48440924286842346
563,"Клинические рекомендации ""Хроническая сердечная недостаточность""
Возрастная категория: Взрослые
# Лечение
## Консервативное лечение
### Рекомендации по контролю ритма у пациентов с фибрилляцией предсердий, симптомной ХСН, систолической дисфункцией левого желудочка при отсутствии острой декомпенсации",1,0.7626140117645264
353,"Клинические рекомендации ""Хроническая сердечная недостаточность""
Возрастная категория: Взрослые
# Лечение
## Консервативное лечение
### Лечение пациентов с хронической сердечной недостаточностью и сочетанной патологией",1,0.4691764712333679
394,"Клинические рекомендации ""Болезнь Крона""
Возрастная категория: Взрослые
# Лечение
## Хирургическое лечение БК
### Хирургическое лечение БК с поражением верхних отделов ЖКТ",0,0.8280946016311646
118,"Клинические рекомендации ""Гастрит и дуоденит""
Возрастная категория: Взрослые
# Лечение
## Эндоскопическое лечение",1,0.24389562010765076
616,"Клинические рекомендации ""Болезнь Крона""
Возрастная категория: Взрослые
# Лечение
## Консервативное лечение
### БК илеоцекальной локализации средней тяжести",1,0.8437135815620422
455,"Клинические рекомендации ""Хроническая сердечная недостаточность""
Возрастная категория: Взрослые
# Лечение
## Консервативное лечение
### Особенности лечения пациентов с хронической сердечной недостаточностью и фибрилляцией предсердий",0,0.590358555316925
73,"Клинические рекомендации ""Хроническая сердечная недостаточность""
Возрастная категория: Взрослые
# Лечение
## Консервативное лечение
### Особенности лечения пациентов с хронической сердечной недостаточностью и фибрилляцией предсердий",1,0.9090315699577332
113,"Клинические рекомендации ""Гастрит и дуоденит""
Возрастная категория: Взрослые
# Лечение
## Медикаментозное лечение
### Медикаментозная терапия при эрозивном гастрите и дуодените",0,0.5984753966331482
435,"Клинические рекомендации ""Хроническая сердечная недостаточность""
Возрастная категория: Взрослые
# Лечение
## Консервативное лечение
### Терапия, применение которой может быть опасно, и не рекомендовано для пациентов с хронической сердечной недостаточностью II-IV функционального класса и сниженной фракцией выброса левого желудочка",1,0.48082435131073
595,"Клинические рекомендации ""Болезнь Крона""
Возрастная категория: Взрослые
# Лечение
## Консервативное лечение
### Легкая БК илеоцекальной локализации",1,0.5246712565422058
59,"Клинические рекомендации ""Хроническая сердечная недостаточность""
Возрастная категория: Взрослые
# Лечение
## Консервативное лечение
### Лечение пациентов с ХСН с умеренно сниженной и сохраненной ФВ ЛЖ",1,0.9212496280670166
605,"Клинические рекомендации ""Хроническая сердечная недостаточность""
Возрастная категория: Взрослые
# Лечение
## Консервативное лечение
### Лечение пациентов с ХСН в особых группах",1,0.7551649808883667
54,"Клинические рекомендации ""Хроническая сердечная недостаточность""
Возрастная категория: Взрослые
# Лечение
## Консервативное лечение
### Рекомендации по начальному лечению пациентов с хронической сердечной недостаточностью и фибрилляцией предсердий с высокой частотой желудочковых сокращений в острой или хронической ситуации",1,0.9227244853973389
116,"Клинические рекомендации ""Гастрит и дуоденит""
Возрастная категория: Взрослые
# Лечение
## Медикаментозное лечение
### Медикаментозная терапия при эрозивном гастрите и дуодените",1,0.38890114426612854
791,"Клинические рекомендации ""Хроническая сердечная недостаточность""
Возрастная категория: Взрослые
# Лечение
## Консервативное лечение
### Рекомендации по начальному лечению пациентов с хронической сердечной недостаточностью и фибрилляцией предсердий с высокой частотой желудочковых сокращений в острой или хронической ситуации",0,0.25182247161865234
505,"Клинические рекомендации ""Болезнь Крона""
Возрастная категория: Взрослые
# Лечение
## Консервативное лечение
### БК толстой кишки легкой и средней тяжести",1,0.7764283418655396
543,"Клинические рекомендации ""Болезнь Крона""
Возрастная категория: Взрослые
# Лечение
## Консервативное лечение
### БК илеоцекальной локализации средней тяжести",1,0.7453793287277222
48,"Клинические рекомендации ""Хроническая сердечная недостаточность""
Возрастная категория: Взрослые
# Лечение
## Консервативное лечение
### Лечение пациентов с ХСН с умеренно сниженной и сохраненной ФВ ЛЖ",1,0.8938978910446167
686,"Клинические рекомендации ""Хроническая сердечная недостаточность""
Возрастная категория: Взрослые
# Лечение
## Консервативное лечение
### Рекомендации по начальному лечению пациентов с хронической сердечной недостаточностью и фибрилляцией предсердий с высокой частотой желудочковых сокращений в острой или хронической ситуации",0,0.6897518038749695
75,"Клинические рекомендации ""Хроническая сердечная недостаточность""
Возрастная категория: Взрослые
# Лечение
## Консервативное лечение
### Рекомендации по контролю ритма у пациентов с фибрилляцией предсердий, симптомной ХСН, систолической дисфункцией левого желудочка при отсутствии острой декомпенсации",1,0.9238183498382568
369,"Клинические рекомендации ""Болезнь Крона""
Возрастная категория: Взрослые
# Лечение
## Хирургическое лечение БК
### Хирургическое лечение БК с поражением верхних отделов ЖКТ",1,0.6124740242958069
336,"Клинические рекомендации ""Болезнь Крона""
Возрастная категория: Взрослые
# Лечение
## Консервативное лечение
### БК толстой кишки легкой и средней тяжести",1,0.7508940100669861
516,"Клинические рекомендации ""Головная боль напряжения (ГБН)""
Возрастная категория: Взрослые
# Лечение
## Особенности лечения ГБН, сочетающейся с лекарственно-индуцированной головной болью (ЛИГБ)",0,0.3855067491531372
360,"Клинические рекомендации ""Хроническая сердечная недостаточность""
Возрастная категория: Взрослые
# Лечение
## Консервативное лечение
### Терапия, применение которой может быть опасно, и не рекомендовано для пациентов с хронической сердечной недостаточностью II-IV функционального класса и сниженной фракцией выброса левого желудочка",1,0.19226758182048798
446,"Клинические рекомендации ""Эндометриоз""
Возрастная категория: Взрослые и дети
# Лечение
## Эндометриоз в постменопаузе",0,0.18120324611663818
731,"Клинические рекомендации ""Амиодарон-индуцированная дисфункция щитовидной железы""
Возрастная категория: Взрослые
# Лечение
## Консервативное лечение амиодарон-индуцированного гипотиреоза",1,0.6407635807991028
160,"Клинические рекомендации ""Гастрит и дуоденит""
Возрастная категория: Взрослые
# Лечение
## Эндоскопическое лечение",1,0.8375741839408875
720,"Клинические рекомендации ""Болезнь Крона""
Возрастная категория: Взрослые
# Лечение
## Консервативное лечение
### БК толстой кишки легкой и средней тяжести",1,0.6432523727416992
410,"Клинические рекомендации ""Хроническая сердечная недостаточность""
Возрастная категория: Взрослые
# Лечение
## Консервативное лечение
### Терапия, применение которой может быть опасно, и не рекомендовано для пациентов с хронической сердечной недостаточностью II-IV функционального класса и сниженной фракцией выброса левого желудочка",1,0.43107160925865173
163,"Клинические рекомендации ""Гастрит и дуоденит""
Возрастная категория: Взрослые
# Лечение
## Эндоскопическое лечение",1,0.8560768365859985
250,"Клинические рекомендации ""Хроническая сердечная недостаточность""
Возрастная категория: Взрослые
# Лечение
## Консервативное лечение
### Лечение пациентов с ХСН с умеренно сниженной и сохраненной ФВ ЛЖ",1,0.8417066931724548
634,"Клинические рекомендации ""Хроническая сердечная недостаточность""
Возрастная категория: Взрослые
# Лечение
## Консервативное лечение
### Профилактика фибрилляции предсердий у пациентов с хронической сердечной недостаточностью",1,0.8550699353218079
347,"Клинические рекомендации ""Эндометриоз""
Возрастная категория: Взрослые и дети
# Лечение
## Эндометриоз и рак",0,0.06892948597669601
36,"Клинические рекомендации ""Хроническая сердечная недостаточность""
Возрастная категория: Взрослые
# Лечение
## Консервативное лечение
### Лечение пациентов с ХСН в особых группах",1,0.6563555002212524
439,"Клинические рекомендации ""Болезнь Крона""
Возрастная категория: Взрослые
# Лечение
## Консервативное лечение
### БК тонкой кишки (кроме терминального илеита)",0,0.37520110607147217
518,"Клинические рекомендации ""Болезнь Крона""
Возрастная категория: Взрослые
# Лечение
## Консервативное лечение
### БК толстой кишки легкой и средней тяжести",1,0.7933811545372009
380,"Клинические рекомендации ""Хроническая сердечная недостаточность""
Возрастная категория: Взрослые
# Лечение
## Консервативное лечение
### Особенности лечения пациентов с хронической сердечной недостаточностью и фибрилляцией предсердий",0,0.1902352273464203
127,"Клинические рекомендации ""Бронхиальная астма""
Возрастная категория: Взрослые и дети
# Лечение
## Особенности лечения БА у беременных и в период грудного вскармливания",1,0.17840346693992615
200,"Клинические рекомендации ""Хроническая сердечная недостаточность""
Возрастная категория: Взрослые
# Лечение
## Консервативное лечение
### Терапия, не рекомендованная (не доказан положительный эффект) пациентам с симптомной сердечной недостаточностью и сниженной фракцией выброса левого желудочка",1,0.8992846608161926
589,"Клинические рекомендации ""Хроническая сердечная недостаточность""
Возрастная категория: Взрослые
# Лечение
## Консервативное лечение
### Терапия, не рекомендованная (не доказан положительный эффект) пациентам с симптомной сердечной недостаточностью и сниженной фракцией выброса левого желудочка",1,0.5729645490646362
704,"Клинические рекомендации ""Эндометриоз""
Возрастная категория: Взрослые и дети
# Лечение
## Эндометриоз у подростков (до 18 лет)",0,0.14554156363010406
465,"Клинические рекомендации ""Болезнь Крона""
Возрастная категория: Взрослые
# Лечение
## Консервативное лечение
### Легкая БК илеоцекальной локализации",0,0.7732170224189758
669,"Клинические рекомендации ""Болезнь Крона""
Возрастная категория: Взрослые
# Лечение
## Консервативное лечение
### Легкая БК илеоцекальной локализации",1,0.5230204463005066
453,"Клинические рекомендации ""Хроническая сердечная недостаточность""
Возрастная категория: Взрослые
# Лечение
## Консервативное лечение
### Лечение пациентов с хронической сердечной недостаточностью и сочетанной патологией",1,0.5327946543693542
620,"Клинические рекомендации ""Болезнь Крона""
Возрастная категория: Взрослые
# Лечение
## Консервативное лечение
### Тяжелое течение активной БК любой локализации",1,0.8645510077476501
94,"Клинические рекомендации ""Артериальная гипертензия у взрослых""
Возрастная категория: Взрослые
# Лечение
## Лечение артериальной гипертензии в отдельных клинических ситуациях",1,0.8773331046104431
205,"Клинические рекомендации ""Хроническая сердечная недостаточность""
Возрастная категория: Взрослые
# Лечение
## Консервативное лечение
### Лечение пациентов с хронической сердечной недостаточностью и сочетанной патологией",1,0.6040349006652832
330,"Клинические рекомендации ""Хроническая сердечная недостаточность""
Возрастная категория: Взрослые
# Лечение
## Консервативное лечение
### Рекомендации по контролю ритма у пациентов с фибрилляцией предсердий, симптомной ХСН, систолической дисфункцией левого желудочка при отсутствии острой декомпенсации",0,0.4683852195739746
535,"Клинические рекомендации ""Хроническая сердечная недостаточность""
Возрастная категория: Взрослые
# Лечение
## Консервативное лечение
### Особенности лечения пациентов с хронической сердечной недостаточностью и желудочковыми нарушениями ритма сердца",0,0.7554183006286621
4,"Клинические рекомендации ""Дегенеративные заболевания позвоночника""
Возрастная категория: Взрослые и дети
# Лечение
## Пункционные вмешательства
### Пункционные интервенционные процедуры в области дугоотростчатых (фасеточных) суставов поясничного отдела позвоночника",0,0.2881191372871399
211,"Клинические рекомендации ""Хроническая сердечная недостаточность""
Возрастная категория: Взрослые
# Лечение
## Консервативное лечение
### Терапия, не рекомендованная (не доказан положительный эффект) пациентам с симптомной сердечной недостаточностью и сниженной фракцией выброса левого желудочка",1,0.7986075282096863
86,"Клинические рекомендации ""Артериальная гипертензия у взрослых""
Возрастная категория: Взрослые
# Лечение
## Лечение артериальной гипертензии в отдельных клинических ситуациях",0,0.5486062169075012
601,"Клинические рекомендации ""Эндометриоз""
Возрастная категория: Взрослые и дети
# Лечение
## Эндометриоз и рак",1,0.07300540804862976
787,"Клинические рекомендации ""Хроническая сердечная недостаточность""
Возрастная категория: Взрослые
# Лечение
## Консервативное лечение
### Особенности лечения пациентов с хронической сердечной недостаточностью и желудочковыми нарушениями ритма сердца",0,0.24940523505210876
148,"Клинические рекомендации ""Гастрит и дуоденит""
Возрастная категория: Взрослые
# Лечение
## Эндоскопическое лечение",0,0.2983832061290741
339,"Клинические рекомендации ""Болезнь Крона""
Возрастная категория: Взрослые
# Лечение
## Консервативное лечение
### Тяжелое течение активной БК любой локализации",1,0.7615698575973511
856,"Клинические рекомендации ""Амиодарон-индуцированная дисфункция щитовидной железы""
Возрастная категория: Взрослые
# Лечение
## Консервативное лечение амиодарон-индуцированного гипотиреоза",1,0.7173418998718262
386,"Клинические рекомендации ""Хроническая сердечная недостаточность""
Возрастная категория: Взрослые
# Лечение
## Консервативное лечение
### Терапия, рекомендованная пациентам с симптомной сердечной недостаточностью со сниженной фракцией выброса левого желудочка",1,0.47302162647247314
819,"Клинические рекомендации ""Хроническая сердечная недостаточность""
Возрастная категория: Взрослые
# Лечение
## Консервативное лечение
### Терапия, рекомендованная пациентам с симптомной сердечной недостаточностью со сниженной фракцией выброса левого желудочка",1,0.5406336784362793
782,"Клинические рекомендации ""Амиодарон-индуцированная дисфункция щитовидной железы""
Возрастная категория: Взрослые
# Лечение
## Консервативное лечение амиодарон-индуцированного гипотиреоза",1,0.6020397543907166
825,"Клинические рекомендации ""Болезнь Крона""
Возрастная категория: Взрослые
# Лечение
## Хирургическое лечение БК
### Лечение БК с перианальными проявлениями (перианальная БК)",1,0.7389838695526123
194,"Клинические рекомендации ""Хроническая сердечная недостаточность""
Возрастная категория: Взрослые
# Лечение
## Консервативное лечение
### Лечение пациентов с хронической сердечной недостаточностью и сочетанной патологией",1,0.6036407947540283
69,"Клинические рекомендации ""Хроническая сердечная недостаточность""
Возрастная категория: Взрослые
# Лечение
## Консервативное лечение
### Лечение пациентов с ХСН в особых группах",1,0.6572776436805725
415,"Клинические рекомендации ""Болезнь Крона""
Возрастная категория: Взрослые
# Лечение
## Консервативное лечение
### Легкая БК илеоцекальной локализации",1,0.7974153161048889
478,"Клинические рекомендации ""Хроническая сердечная недостаточность""
Возрастная категория: Взрослые
# Лечение
## Консервативное лечение
### Лечение пациентов с хронической сердечной недостаточностью и сочетанной патологией",1,0.5733268857002258
134,"Клинические рекомендации ""Гастрит и дуоденит""
Возрастная категория: Взрослые
# Лечение
## Медикаментозное лечение
### Медикаментозная терапия при эрозивном гастрите и дуодените",1,0.39819008111953735
462,"Клинические рекомендации ""Болезнь Крона""
Возрастная категория: Взрослые
# Лечение
## Консервативное лечение
### БК илеоцекальной локализации средней тяжести",1,0.752612829208374
575,"Клинические рекомендации ""Болезнь Крона""
Возрастная категория: Взрослые
# Лечение
## Хирургическое лечение БК
### Хирургическое лечение БК с поражением верхних отделов ЖКТ",0,0.4640233516693115
438,"Клинические рекомендации ""Болезнь Крона""
Возрастная категория: Взрослые
# Лечение
## Консервативное лечение
### БК толстой кишки легкой и средней тяжести",1,0.49377185106277466
519,"Клинические рекомендации ""Болезнь Крона""
Возрастная категория: Взрослые
# Лечение
## Консервативное лечение
### БК тонкой кишки (кроме терминального илеита)",0,0.475383996963501
140,"Клинические рекомендации ""Гастрит и дуоденит""
Возрастная категория: Взрослые
# Лечение
## Медикаментозное лечение
### Медикаментозная терапия при эрозивном гастрите и дуодените",1,0.6227482557296753
72,"Клинические рекомендации ""Хроническая сердечная недостаточность""
Возрастная категория: Взрослые
# Лечение
## Консервативное лечение
### Особенности лечения пациентов с хронической сердечной недостаточностью и желудочковыми нарушениями ритма сердца",1,0.8853664398193359
651,"Клинические рекомендации ""Эндометриоз""
Возрастная категория: Взрослые и дети
# Лечение
## Эндометриоз и рак",1,0.2149425894021988
459,"Клинические рекомендации ""Хроническая сердечная недостаточность""
Возрастная категория: Взрослые
# Лечение
## Консервативное лечение
### Терапия, не рекомендованная (не доказан положительный эффект) пациентам с симптомной сердечной недостаточностью и сниженной фракцией выброса левого желудочка",1,0.5350332260131836
851,"Клинические рекомендации ""Болезнь Крона""
Возрастная категория: Взрослые
# Лечение
## Хирургическое лечение БК
### Хирургическое лечение БК в форме терминального илеита или илеоколита",1,0.6605538725852966
432,"Клинические рекомендации ""Хроническая сердечная недостаточность""
Возрастная категория: Взрослые
# Лечение
## Консервативное лечение
### Рекомендации по контролю ритма у пациентов с фибрилляцией предсердий, симптомной ХСН, систолической дисфункцией левого желудочка при отсутствии острой декомпенсации",0,0.42326387763023376
262,"Клинические рекомендации ""Болезнь Крона""
Возрастная категория: Взрослые
# Лечение
## Консервативное лечение
### БК тонкой кишки (кроме терминального илеита)",0,0.43455371260643005
814,"Клинические рекомендации ""Хроническая сердечная недостаточность""
Возрастная категория: Взрослые
# Лечение
## Консервативное лечение
### Профилактика фибрилляции предсердий у пациентов с хронической сердечной недостаточностью",0,0.3131030201911926
499,"Клинические рекомендации ""Хроническая сердечная недостаточность""
Возрастная категория: Взрослые
# Лечение
## Консервативное лечение
### Рекомендации по контролю ритма у пациентов с фибрилляцией предсердий, симптомной ХСН, систолической дисфункцией левого желудочка при отсутствии острой декомпенсации",1,0.5660122036933899
332,"Клинические рекомендации ""Хроническая сердечная недостаточность""
Возрастная категория: Взрослые
# Лечение
## Консервативное лечение
### Терапия, не рекомендованная (не доказан положительный эффект) пациентам с симптомной сердечной недостаточностью и сниженной фракцией выброса левого желудочка",0,0.6162318587303162
541,"Клинические рекомендации ""Хроническая сердечная недостаточность""
Возрастная категория: Взрослые
# Лечение
## Консервативное лечение
### Терапия, применение которой может быть опасно, и не рекомендовано для пациентов с хронической сердечной недостаточностью II-IV функционального класса и сниженной фракцией выброса левого желудочка",1,0.8562551736831665
521,"Клинические рекомендации ""Болезнь Крона""
Возрастная категория: Взрослые
# Лечение
## Консервативное лечение
### Тяжелое течение активной БК любой локализации",1,0.7672467827796936
417,"Клинические рекомендации ""Болезнь Крона""
Возрастная категория: Взрослые
# Лечение
## Хирургическое лечение БК
### Лечение БК с перианальными проявлениями (перианальная БК)",0,0.3406156897544861
497,"Клинические рекомендации ""Хроническая сердечная недостаточность""
Возрастная категория: Взрослые
# Лечение
## Консервативное лечение
### Особенности лечения пациентов с хронической сердечной недостаточностью и фибрилляцией предсердий",1,0.7420011758804321
202,"Клинические рекомендации ""Хроническая сердечная недостаточность""
Возрастная категория: Взрослые
# Лечение
## Консервативное лечение
### Терапия, рекомендованная пациентам с симптомной сердечной недостаточностью со сниженной фракцией выброса левого желудочка",1,0.8343989253044128
283,"Клинические рекомендации ""Хроническая сердечная недостаточность""
Возрастная категория: Взрослые
# Лечение
## Консервативное лечение
### Терапия, применение которой может быть опасно, и не рекомендовано для пациентов с хронической сердечной недостаточностью II-IV функционального класса и сниженной фракцией выброса левого желудочка",0,0.35338088870048523
813,"Клинические рекомендации ""Хроническая сердечная недостаточность""
Возрастная категория: Взрослые
# Лечение
## Консервативное лечение
### Особенности лечения пациентов с хронической сердечной недостаточностью и фибрилляцией предсердий",0,0.2491486370563507
545,"Клинические рекомендации ""Болезнь Крона""
Возрастная категория: Взрослые
# Лечение
## Консервативное лечение
### БК тонкой кишки (кроме терминального илеита)",1,0.8274876475334167
301,"Клинические рекомендации ""Хроническая сердечная недостаточность""
Возрастная категория: Взрослые
# Лечение
## Консервативное лечение
### Лечение пациентов с хронической сердечной недостаточностью и сочетанной патологией",0,0.4686504602432251
828,"Клинические рекомендации ""Мочекаменная болезнь""
Возрастная категория: Взрослые
# Лечение
## Лечение мочекаменной болезни в особых группах пациентов",0,0.7598685026168823
592,"Клинические рекомендации ""Болезнь Крона""
Возрастная категория: Взрослые
# Лечение
## Консервативное лечение
### БК илеоцекальной локализации средней тяжести",1,0.7963801026344299
85,"Клинические рекомендации ""Бронхиальная астма""
Возрастная категория: Взрослые и дети
# Лечение
## Особенности лечения БА у беременных и в период грудного вскармливания",0,0.18587322533130646
293,"Клинические рекомендации ""Мочекаменная болезнь""
Возрастная категория: Взрослые
# Лечение
## Лечение мочекаменной болезни в особых группах пациентов",1,0.5282065868377686
362,"Клинические рекомендации ""Болезнь Крона""
Возрастная категория: Взрослые
# Лечение
## Консервативное лечение
### БК илеоцекальной локализации средней тяжести",1,0.48397380113601685
166,"Клинические рекомендации ""Гастрит и дуоденит""
Возрастная категория: Взрослые
# Лечение
## Эндоскопическое лечение",1,0.8568416833877563
271,"Клинические рекомендации ""Мочекаменная болезнь""
Возрастная категория: Взрослые
# Лечение
## Лечение мочекаменной болезни в особых группах пациентов",1,0.6326717734336853
0,"Клинические рекомендации ""Гастрит и дуоденит""
Возрастная категория: Взрослые
# Лечение
## Медикаментозное лечение
### Медикаментозная терапия при эрозивном гастрите и дуодените",0,0.5662686824798584
391,"Клинические рекомендации ""Болезнь Крона""
Возрастная категория: Взрослые
# Лечение
## Консервативное лечение
### Тяжелое течение активной БК любой локализации",1,0.8511031270027161
10,"Клинические рекомендации ""Дегенеративные заболевания позвоночника""
Возрастная категория: Взрослые и дети
# Лечение
## Пункционные вмешательства
### Пункционные интервенционные процедуры в области дугоотростчатых (фасеточных) суставов шейного отдела позвоночника",0,0.19550484418869019
587,"Клинические рекомендации ""Хроническая сердечная недостаточность""
Возрастная категория: Взрослые
# Лечение
## Консервативное лечение
### Рекомендации по контролю ритма у пациентов с фибрилляцией предсердий, симптомной ХСН, систолической дисфункцией левого желудочка при отсутствии острой декомпенсации",1,0.8530800342559814
594,"Клинические рекомендации ""Болезнь Крона""
Возрастная категория: Взрослые
# Лечение
## Консервативное лечение
### БК тонкой кишки (кроме терминального илеита)",0,0.6332482695579529
621,"Клинические рекомендации ""Болезнь Крона""
Возрастная категория: Взрослые
# Лечение
## Хирургическое лечение БК
### Лечение БК с перианальными проявлениями (перианальная БК)",1,0.850055456161499
144,"Клинические рекомендации ""Гастрит и дуоденит""
Возрастная категория: Взрослые
# Лечение
## Медикаментозное лечение
### Эрадикационная терапия инфекции H. рylori",1,0.3168622851371765
189,"Клинические рекомендации ""Хроническая сердечная недостаточность""
Возрастная категория: Взрослые
# Лечение
## Консервативное лечение
### Терапия, не рекомендованная (не доказан положительный эффект) пациентам с симптомной сердечной недостаточностью и сниженной фракцией выброса левого желудочка",1,0.895945131778717
501,"Клинические рекомендации ""Хроническая сердечная недостаточность""
Возрастная категория: Взрослые
# Лечение
## Консервативное лечение
### Терапия, не рекомендованная (не доказан положительный эффект) пациентам с симптомной сердечной недостаточностью и сниженной фракцией выброса левого желудочка",1,0.8608498573303223
817,"Клинические рекомендации ""Хроническая сердечная недостаточность""
Возрастная категория: Взрослые
# Лечение
## Консервативное лечение
### Терапия, не рекомендованная (не доказан положительный эффект) пациентам с симптомной сердечной недостаточностью и сниженной фракцией выброса левого желудочка",0,0.27898383140563965
317,"Клинические рекомендации ""Болезнь Крона""
Возрастная категория: Взрослые
# Лечение
## Хирургическое лечение БК
### Хирургическое лечение БК с поражением верхних отделов ЖКТ",0,0.6600120663642883
312,"Клинические рекомендации ""Болезнь Крона""
Возрастная категория: Взрослые
# Лечение
## Консервативное лечение
### БК тонкой кишки (кроме терминального илеита)",0,0.3506357967853546
259,"Клинические рекомендации ""Хроническая сердечная недостаточность""
Возрастная категория: Взрослые
# Лечение
## Консервативное лечение
### Терапия, рекомендованная пациентам с симптомной сердечной недостаточностью со сниженной фракцией выброса левого желудочка",1,0.8230571746826172
436,"Клинические рекомендации ""Хроническая сердечная недостаточность""
Возрастная категория: Взрослые
# Лечение
## Консервативное лечение
### Терапия, рекомендованная пациентам с симптомной сердечной недостаточностью со сниженной фракцией выброса левого желудочка",1,0.8003270626068115
80,"Клинические рекомендации ""Бронхиальная астма""
Возрастная категория: Взрослые и дети
# Лечение
## Особенности лечения БА у беременных и в период грудного вскармливания",0,0.2433760017156601
758,"Клинические рекомендации ""Головная боль напряжения (ГБН)""
Возрастная категория: Взрослые
# Лечение
## Особенности лечения ГБН, сочетающейся с лекарственно-индуцированной головной болью (ЛИГБ)",0,0.4929206371307373
387,"Клинические рекомендации ""Болезнь Крона""
Возрастная категория: Взрослые
# Лечение
## Консервативное лечение
### БК илеоцекальной локализации средней тяжести",1,0.5984004735946655
697,"Клинические рекомендации ""Болезнь Крона""
Возрастная категория: Взрослые
# Лечение
## Хирургическое лечение БК
### Хирургическое лечение БК с поражением верхних отделов ЖКТ",0,0.2904928922653198
619,"Клинические рекомендации ""Болезнь Крона""
Возрастная категория: Взрослые
# Лечение
## Консервативное лечение
### Легкая БК илеоцекальной локализации",0,0.5403531789779663
25,"Клинические рекомендации ""Хроническая сердечная недостаточность""
Возрастная категория: Взрослые
# Лечение
## Консервативное лечение
### Лечение пациентов с ХСН в особых группах",1,0.9206504821777344
220,"Клинические рекомендации ""Хроническая сердечная недостаточность""
Возрастная категория: Взрослые
# Лечение
## Консервативное лечение
### Рекомендации по контролю ритма у пациентов с фибрилляцией предсердий, симптомной ХСН, систолической дисфункцией левого желудочка при отсутствии острой декомпенсации",1,0.6097673773765564
608,"Клинические рекомендации ""Хроническая сердечная недостаточность""
Возрастная категория: Взрослые
# Лечение
## Консервативное лечение
### Особенности лечения пациентов с хронической сердечной недостаточностью и желудочковыми нарушениями ритма сердца",0,0.8123427033424377
809,"Клинические рекомендации ""Хроническая сердечная недостаточность""
Возрастная категория: Взрослые
# Лечение
## Консервативное лечение
### Лечение пациентов с ХСН в особых группах",1,0.37029898166656494
390,"Клинические рекомендации ""Болезнь Крона""
Возрастная категория: Взрослые
# Лечение
## Консервативное лечение
### Легкая БК илеоцекальной локализации",1,0.5747556090354919
273,"Клинические рекомендации ""Головная боль напряжения (ГБН)""
Возрастная категория: Взрослые
# Лечение
## Особенности лечения ГБН, сочетающейся с лекарственно-индуцированной головной болью (ЛИГБ)",1,0.2998622953891754
441,"Клинические рекомендации ""Болезнь Крона""
Возрастная категория: Взрослые
# Лечение
## Консервативное лечение
### Тяжелое течение активной БК любой локализации",1,0.7755233645439148
512,"Клинические рекомендации ""Мочекаменная болезнь""
Возрастная категория: Взрослые
# Лечение
## Лечение мочекаменной болезни в особых группах пациентов",1,0.48377320170402527
536,"Клинические рекомендации ""Хроническая сердечная недостаточность""
Возрастная категория: Взрослые
# Лечение
## Консервативное лечение
### Особенности лечения пациентов с хронической сердечной недостаточностью и фибрилляцией предсердий",1,0.8543058037757874
667,"Клинические рекомендации ""Болезнь Крона""
Возрастная категория: Взрослые
# Лечение
## Консервативное лечение
### БК толстой кишки легкой и средней тяжести",1,0.5221961736679077
41,"Клинические рекомендации ""Хроническая сердечная недостаточность""
Возрастная категория: Взрослые
# Лечение
## Консервативное лечение
### Профилактика фибрилляции предсердий у пациентов с хронической сердечной недостаточностью",1,0.8915356397628784
79,"Клинические рекомендации ""Хроническая сердечная недостаточность""
Возрастная категория: Взрослые
# Лечение
## Консервативное лечение
### Терапия, рекомендованная пациентам с симптомной сердечной недостаточностью со сниженной фракцией выброса левого желудочка",1,0.912726879119873
742,"Клинические рекомендации ""Хроническая сердечная недостаточность""
Возрастная категория: Взрослые
# Лечение
## Консервативное лечение
### Терапия, не рекомендованная (не доказан положительный эффект) пациентам с симптомной сердечной недостаточностью и сниженной фракцией выброса левого желудочка",1,0.8365373015403748
37,"Клинические рекомендации ""Хроническая сердечная недостаточность""
Возрастная категория: Взрослые
# Лечение
## Консервативное лечение
### Лечение пациентов с ХСН с умеренно сниженной и сохраненной ФВ ЛЖ",1,0.9218640327453613
846,"Клинические рекомендации ""Болезнь Крона""
Возрастная категория: Взрослые
# Лечение
## Консервативное лечение
### БК толстой кишки легкой и средней тяжести",1,0.5201524496078491
618,"Клинические рекомендации ""Болезнь Крона""
Возрастная категория: Взрослые
# Лечение
## Консервативное лечение
### БК тонкой кишки (кроме терминального илеита)",1,0.5385736227035522
197,"Клинические рекомендации ""Хроническая сердечная недостаточность""
Возрастная категория: Взрослые
# Лечение
## Консервативное лечение
### Профилактика фибрилляции предсердий у пациентов с хронической сердечной недостаточностью",1,0.9062135815620422
71,"Клинические рекомендации ""Хроническая сердечная недостаточность""
Возрастная категория: Взрослые
# Лечение
## Консервативное лечение
### Лечение пациентов с хронической сердечной недостаточностью и сочетанной патологией",1,0.9198744297027588
424,"Клинические рекомендации ""Амиодарон-индуцированная дисфункция щитовидной железы""
Возрастная категория: Взрослые
# Лечение
## Консервативное лечение амиодарон-индуцированного гипотиреоза",1,0.5138450264930725
178,"Клинические рекомендации ""Хроническая сердечная недостаточность""
Возрастная категория: Взрослые
# Лечение
## Консервативное лечение
### Терапия, не рекомендованная (не доказан положительный эффект) пациентам с симптомной сердечной недостаточностью и сниженной фракцией выброса левого желудочка",1,0.892071545124054
649,"Клинические рекомендации ""Желчнокаменная болезнь""
Возрастная категория: Взрослые
# Лечение
## Хирургическое лечение
### Холедохолитиаз/холангиолитиаз",1,0.4766256511211395
6,"Клинические рекомендации ""Артериальная гипертензия у взрослых""
Возрастная категория: Взрослые
# Лечение
## Лечение артериальной гипертензии в отдельных клинических ситуациях",1,0.7197385430335999
537,"Клинические рекомендации ""Хроническая сердечная недостаточность""
Возрастная категория: Взрослые
# Лечение
## Консервативное лечение
### Профилактика фибрилляции предсердий у пациентов с хронической сердечной недостаточностью",1,0.8658808469772339
375,"Клинические рекомендации ""Головная боль напряжения (ГБН)""
Возрастная категория: Взрослые
# Лечение
## Особенности лечения ГБН, сочетающейся с лекарственно-индуцированной головной болью (ЛИГБ)",1,0.3562162220478058
549,"Клинические рекомендации ""Болезнь Крона""
Возрастная категория: Взрослые
# Лечение
## Хирургическое лечение БК
### Хирургическое лечение БК в форме терминального илеита или илеоколита",1,0.8384924530982971
167,"Клинические рекомендации ""Гастрит и дуоденит""
Возрастная категория: Взрослые
# Лечение
## Медикаментозное лечение
### Медикаментозная терапия при эрозивном гастрите и дуодените",1,0.5906614661216736
671,"Клинические рекомендации ""Болезнь Крона""
Возрастная категория: Взрослые
# Лечение
## Хирургическое лечение БК
### Лечение БК с перианальными проявлениями (перианальная БК)",0,0.6742417216300964
196,"Клинические рекомендации ""Хроническая сердечная недостаточность""
Возрастная категория: Взрослые
# Лечение
## Консервативное лечение
### Особенности лечения пациентов с хронической сердечной недостаточностью и фибрилляцией предсердий",1,0.7923836708068848
55,"Клинические рекомендации ""Хроническая сердечная недостаточность""
Возрастная категория: Взрослые
# Лечение
## Консервативное лечение
### Терапия, не рекомендованная (не доказан положительный эффект) пациентам с симптомной сердечной недостаточностью и сниженной фракцией выброса левого желудочка",1,0.8892005681991577
781,"Клинические рекомендации ""Эндометриоз""
Возрастная категория: Взрослые и дети
# Лечение
## Эндометриоз у подростков (до 18 лет)",0,0.15434817969799042
139,"Клинические рекомендации ""Гастрит и дуоденит""
Возрастная категория: Взрослые
# Лечение
## Эндоскопическое лечение",0,0.19816049933433533
474,"Клинические рекомендации ""Амиодарон-индуцированная дисфункция щитовидной железы""
Возрастная категория: Взрослые
# Лечение
## Консервативное лечение амиодарон-индуцированного гипотиреоза",0,0.4671177864074707
475,"Клинические рекомендации ""Головная боль напряжения (ГБН)""
Возрастная категория: Взрослые
# Лечение
## Особенности лечения ГБН, сочетающейся с лекарственно-индуцированной головной болью (ЛИГБ)",0,0.31465524435043335
155,"Клинические рекомендации ""Гастрит и дуоденит""
Возрастная категория: Взрослые
# Лечение
## Медикаментозное лечение
### Медикаментозная терапия при эрозивном гастрите и дуодените",0,0.8732221126556396
303,"Клинические рекомендации ""Хроническая сердечная недостаточность""
Возрастная категория: Взрослые
# Лечение
## Консервативное лечение
### Особенности лечения пациентов с хронической сердечной недостаточностью и фибрилляцией предсердий",0,0.19026264548301697
289,"Клинические рекомендации ""Болезнь Крона""
Возрастная категория: Взрослые
# Лечение
## Консервативное лечение
### Тяжелое течение активной БК любой локализации",1,0.776350736618042
502,"Клинические рекомендации ""Хроническая сердечная недостаточность""
Возрастная категория: Взрослые
# Лечение
## Консервативное лечение
### Терапия, применение которой может быть опасно, и не рекомендовано для пациентов с хронической сердечной недостаточностью II-IV функционального класса и сниженной фракцией выброса левого желудочка",1,0.7656158208847046
384,"Клинические рекомендации ""Хроническая сердечная недостаточность""
Возрастная категория: Взрослые
# Лечение
## Консервативное лечение
### Терапия, не рекомендованная (не доказан положительный эффект) пациентам с симптомной сердечной недостаточностью и сниженной фракцией выброса левого желудочка",0,0.1957380324602127
772,"Клинические рекомендации ""Болезнь Крона""
Возрастная категория: Взрослые
# Лечение
## Консервативное лечение
### БК тонкой кишки (кроме терминального илеита)",0,0.45252105593681335
585,"Клинические рекомендации ""Хроническая сердечная недостаточность""
Возрастная категория: Взрослые
# Лечение
## Консервативное лечение
### Особенности лечения пациентов с хронической сердечной недостаточностью и фибрилляцией предсердий",1,0.7413908243179321
712,"Клинические рекомендации ""Хроническая сердечная недостаточность""
Возрастная категория: Взрослые
# Лечение
## Консервативное лечение
### Особенности лечения пациентов с хронической сердечной недостаточностью и фибрилляцией предсердий",0,0.6632555723190308
843,"Клинические рекомендации ""Хроническая сердечная недостаточность""
Возрастная категория: Взрослые
# Лечение
## Консервативное лечение
### Терапия, применение которой может быть опасно, и не рекомендовано для пациентов с хронической сердечной недостаточностью II-IV функционального класса и сниженной фракцией выброса левого желудочка",1,0.5485501289367676
661,"Клинические рекомендации ""Хроническая сердечная недостаточность""
Возрастная категория: Взрослые
# Лечение
## Консервативное лечение
### Рекомендации по контролю ритма у пациентов с фибрилляцией предсердий, симптомной ХСН, систолической дисфункцией левого желудочка при отсутствии острой декомпенсации",0,0.474304735660553
374,"Клинические рекомендации ""Амиодарон-индуцированная дисфункция щитовидной железы""
Возрастная категория: Взрослые
# Лечение
## Консервативное лечение амиодарон-индуцированного гипотиреоза",1,0.5257127285003662
442,"Клинические рекомендации ""Болезнь Крона""
Возрастная категория: Взрослые
# Лечение
## Хирургическое лечение БК
### Лечение БК с перианальными проявлениями (перианальная БК)",0,0.6760329008102417
612,"Клинические рекомендации ""Хроническая сердечная недостаточность""
Возрастная категория: Взрослые
# Лечение
## Консервативное лечение
### Рекомендации по начальному лечению пациентов с хронической сердечной недостаточностью и фибрилляцией предсердий с высокой частотой желудочковых сокращений в острой или хронической ситуации",0,0.8476237654685974
147,"Клинические рекомендации ""Гастрит и дуоденит""
Возрастная категория: Взрослые
# Лечение
## Медикаментозное лечение
### Эрадикационная терапия инфекции H. рylori",1,0.4971875846385956
837,"Клинические рекомендации ""Хроническая сердечная недостаточность""
Возрастная категория: Взрослые
# Лечение
## Консервативное лечение
### Особенности лечения пациентов с хронической сердечной недостаточностью и желудочковыми нарушениями ритма сердца",0,0.564624011516571
764,"Клинические рекомендации ""Хроническая сердечная недостаточность""
Возрастная категория: Взрослые
# Лечение
## Консервативное лечение
### Профилактика фибрилляции предсердий у пациентов с хронической сердечной недостаточностью",0,0.5598815083503723
681,"Клинические рекомендации ""Хроническая сердечная недостаточность""
Возрастная категория: Взрослые
# Лечение
## Консервативное лечение
### Лечение пациентов с хронической сердечной недостаточностью и сочетанной патологией",1,0.8129978179931641
288,"Клинические рекомендации ""Болезнь Крона""
Возрастная категория: Взрослые
# Лечение
## Консервативное лечение
### Легкая БК илеоцекальной локализации",1,0.5166494250297546
404,"Клинические рекомендации ""Хроническая сердечная недостаточность""
Возрастная категория: Взрослые
# Лечение
## Консервативное лечение
### Особенности лечения пациентов с хронической сердечной недостаточностью и желудочковыми нарушениями ритма сердца",0,0.34819090366363525
788,"Клинические рекомендации ""Хроническая сердечная недостаточность""
Возрастная категория: Взрослые
# Лечение
## Консервативное лечение
### Особенности лечения пациентов с хронической сердечной недостаточностью и фибрилляцией предсердий",0,0.21315611898899078
13,"Клинические рекомендации ""Доброкачественная дисплазия молочной железы""
Возрастная категория: Взрослые и дети
# Лечение
## Применение средств МГТ при ДДМЖ",1,0.21442629396915436
27,"Клинические рекомендации ""Хроническая сердечная недостаточность""
Возрастная категория: Взрослые
# Лечение
## Консервативное лечение
### Лечение пациентов с хронической сердечной недостаточностью и сочетанной патологией",1,0.9242646098136902
520,"Клинические рекомендации ""Болезнь Крона""
Возрастная категория: Взрослые
# Лечение
## Консервативное лечение
### Легкая БК илеоцекальной локализации",1,0.6683411002159119
640,"Клинические рекомендации ""Болезнь Крона""
Возрастная категория: Взрослые
# Лечение
## Консервативное лечение
### БК илеоцекальной локализации средней тяжести",1,0.517360270023346
29,"Клинические рекомендации ""Хроническая сердечная недостаточность""
Возрастная категория: Взрослые
# Лечение
## Консервативное лечение
### Особенности лечения пациентов с хронической сердечной недостаточностью и фибрилляцией предсердий",1,0.8852784037590027
319,"Клинические рекомендации ""Эндометриоз""
Возрастная категория: Взрослые и дети
# Лечение
## Эндометриоз в постменопаузе",0,0.11412322521209717
151,"Клинические рекомендации ""Гастрит и дуоденит""
Возрастная категория: Взрослые
# Лечение
## Эндоскопическое лечение",0,0.5349184274673462
272,"Клинические рекомендации ""Амиодарон-индуцированная дисфункция щитовидной железы""
Возрастная категория: Взрослые
# Лечение
## Консервативное лечение амиодарон-индуцированного гипотиреоза",1,0.5507773160934448
64,"Клинические рекомендации ""Хроническая сердечная недостаточность""
Возрастная категория: Взрослые
# Лечение
## Консервативное лечение
### Рекомендации по контролю ритма у пациентов с фибрилляцией предсердий, симптомной ХСН, систолической дисфункцией левого желудочка при отсутствии острой декомпенсации",1,0.6461573839187622
770,"Клинические рекомендации ""Болезнь Крона""
Возрастная категория: Взрослые
# Лечение
## Консервативное лечение
### БК илеоцекальной локализации средней тяжести",1,0.8349823951721191
638,"Клинические рекомендации ""Хроническая сердечная недостаточность""
Возрастная категория: Взрослые
# Лечение
## Консервативное лечение
### Терапия, применение которой может быть опасно, и не рекомендовано для пациентов с хронической сердечной недостаточностью II-IV функционального класса и сниженной фракцией выброса левого желудочка",1,0.8563156723976135
725,"Клинические рекомендации ""Болезнь Крона""
Возрастная категория: Взрослые
# Лечение
## Хирургическое лечение БК
### Хирургическое лечение БК в форме терминального илеита или илеоколита",1,0.483022004365921
775,"Клинические рекомендации ""Болезнь Крона""
Возрастная категория: Взрослые
# Лечение
## Хирургическое лечение БК
### Лечение БК с перианальными проявлениями (перианальная БК)",0,0.7167268395423889
