id,title_text,label,oof_proba_t4
526,"Клинические рекомендации ""Мочекаменная болезнь""
Возрастная категория: Взрослые
# Лечение
## Лечение мочекаменной болезни в особых группах пациентов",1,0.8359876871109009
314,"Клинические рекомендации ""Болезнь Крона""
Возрастная категория: Взрослые
# Лечение
## Консервативное лечение
### Тяжелое течение активной БК любой локализации",1,0.8442786335945129
672,"Клинические рекомендации ""Болезнь Крона""
Возрастная категория: Взрослые
# Лечение
## Хирургическое лечение БК
### Хирургическое лечение БК в форме терминального илеита или илеоколита",1,0.6777295470237732
707,"Клинические рекомендации ""Артериальная гипертензия у взрослых""
Возрастная категория: Взрослые
# Лечение
## Лечение артериальной гипертензии в отдельных клинических ситуациях",1,0.8701041340827942
665,"Клинические рекомендации ""Хроническая сердечная недостаточность""
Возрастная категория: Взрослые
# Лечение
## Консервативное лечение
### Терапия, рекомендованная пациентам с симптомной сердечной недостаточностью со сниженной фракцией выброса левого желудочка",1,0.9024994373321533
346,"Клинические рекомендации ""Эндометриоз""
Возрастная категория: Взрослые и дети
# Лечение
## Эндометриоз в постменопаузе",0,0.05108719691634178
213,"Клинические рекомендации ""Хроническая сердечная недостаточность""
Возрастная категория: Взрослые
# Лечение
## Консервативное лечение
### Терапия, рекомендованная пациентам с симптомной сердечной недостаточностью со сниженной фракцией выброса левого желудочка",1,0.5584545135498047
509,"Клинические рекомендации ""Болезнь Крона""
Возрастная категория: Взрослые
# Лечение
## Хирургическое лечение БК
### Лечение БК с перианальными проявлениями (перианальная БК)",0,0.33634740114212036
559,"Клинические рекомендации ""Хроническая сердечная недостаточность""
Возрастная категория: Взрослые
# Лечение
## Консервативное лечение
### Лечение пациентов с хронической сердечной недостаточностью и сочетанной патологией",1,0.8930932879447937
321,"Клинические рекомендации ""Эндометриоз""
Возрастная категория: Взрослые и дети
# Лечение
## Эндометриоз у подростков (до 18 лет)",0,0.4604663550853729
49,"Клинические рекомендации ""Хроническая сердечная недостаточность""
Возрастная категория: Взрослые
# Лечение
## Консервативное лечение
### Лечение пациентов с хронической сердечной недостаточностью и сочетанной патологией",1,0.952363908290863
112,"Клинические рекомендации ""Гастрит и дуоденит""
Возрастная категория: Взрослые
# Лечение
## Эндоскопическое лечение",1,0.452731192111969
338,"Клинические рекомендации ""Болезнь Крона""
Возрастная категория: Взрослые
# Лечение
## Консервативное лечение
### Легкая БК илеоцекальной локализации",1,0.7474404573440552
447,"Клинические рекомендации ""Эндометриоз""
Возрастная категория: Взрослые и дети
# Лечение
## Эндометриоз и рак",0,0.35283413529396057
554,"Клинические рекомендации ""Эндометриоз""
Возрастная категория: Взрослые и дети
# Лечение
## Эндометриоз у подростков (до 18 лет)",0,0.050819944590330124
643,"Клинические рекомендации ""Болезнь Крона""
Возрастная категория: Взрослые
# Лечение
## Консервативное лечение
### Легкая БК илеоцекальной локализации",1,0.6889415383338928
703,"Клинические рекомендации ""Эндометриоз""
Возрастная категория: Взрослые и дети
# Лечение
## Эндометриоз и рак",0,0.43235641717910767
578,"Клинические рекомендации ""Эндометриоз""
Возрастная категория: Взрослые и дети
# Лечение
## Эндометриоз у подростков (до 18 лет)",0,0.08564219623804092
527,"Клинические рекомендации ""Эндометриоз""
Возрастная категория: Взрослые и дети
# Лечение
## Эндометриоз в постменопаузе",0,0.34797194600105286
790,"Клинические рекомендации ""Хроническая сердечная недостаточность""
Возрастная категория: Взрослые
# Лечение
## Консервативное лечение
### Рекомендации по контролю ритма у пациентов с фибрилляцией предсердий, симптомной ХСН, систолической дисфункцией левого желудочка при отсутствии острой декомпенсации",0,0.5170078873634338
192,"Клинические рекомендации ""Хроническая сердечная недостаточность""
Возрастная категория: Взрослые
# Лечение
## Консервативное лечение
### Лечение пациентов с ХСН в особых группах",1,0.5852522850036621
583,"Клинические рекомендации ""Хроническая сердечная недостаточность""
Возрастная категория: Взрослые
# Лечение
## Консервативное лечение
### Лечение пациентов с хронической сердечной недостаточностью и сочетанной патологией",1,0.9416308403015137
580,"Клинические рекомендации ""Головная боль напряжения (ГБН)""
Возрастная категория: Взрослые
# Лечение
## Особенности лечения ГБН, сочетающейся с лекарственно-индуцированной головной болью (ЛИГБ)",1,0.23918621242046356
448,"Клинические рекомендации ""Эндометриоз""
Возрастная категория: Взрослые и дети
# Лечение
## Эндометриоз у подростков (до 18 лет)",0,0.05012708157300949
784,"Клинические рекомендации ""Хроническая сердечная недостаточность""
Возрастная категория: Взрослые
# Лечение
## Консервативное лечение
### Лечение пациентов с ХСН в особых группах",1,0.4919806122779846
471,"Клинические рекомендации ""Эндометриоз""
Возрастная категория: Взрослые и дети
# Лечение
## Эндометриоз в постменопаузе",0,0.05320063233375549
295,"Клинические рекомендации ""Эндометриоз""
Возрастная категория: Взрослые и дети
# Лечение
## Эндометриоз и рак",0,0.43253105878829956
396,"Клинические рекомендации ""Эндометриоз""
Возрастная категория: Взрослые и дети
# Лечение
## Эндометриоз в постменопаузе",0,0.05500967428088188
298,"Клинические рекомендации ""Головная боль напряжения (ГБН)""
Возрастная категория: Взрослые
# Лечение
## Особенности лечения ГБН, сочетающейся с лекарственно-индуцированной головной болью (ЛИГБ)",1,0.15369148552417755
852,"Клинические рекомендации ""Болезнь Крона""
Возрастная категория: Взрослые
# Лечение
## Хирургическое лечение БК
### Хирургическое лечение БК с поражением верхних отделов ЖКТ",0,0.627246081829071
480,"Клинические рекомендации ""Хроническая сердечная недостаточность""
Возрастная категория: Взрослые
# Лечение
## Консервативное лечение
### Особенности лечения пациентов с хронической сердечной недостаточностью и фибрилляцией предсердий",0,0.5545772910118103
695,"Клинические рекомендации ""Болезнь Крона""
Возрастная категория: Взрослые
# Лечение
## Хирургическое лечение БК
### Лечение БК с перианальными проявлениями (перианальная БК)",0,0.2898840308189392
333,"Клинические рекомендации ""Хроническая сердечная недостаточность""
Возрастная категория: Взрослые
# Лечение
## Консервативное лечение
### Терапия, применение которой может быть опасно, и не рекомендовано для пациентов с хронической сердечной недостаточностью II-IV функционального класса и сниженной фракцией выброса левого желудочка",0,0.7649757266044617
39,"Клинические рекомендации ""Хроническая сердечная недостаточность""
Возрастная категория: Взрослые
# Лечение
## Консервативное лечение
### Особенности лечения пациентов с хронической сердечной недостаточностью и желудочковыми нарушениями ритма сердца",1,0.5499958395957947
749,"Клинические рекомендации ""Болезнь Крона""
Возрастная категория: Взрослые
# Лечение
## Консервативное лечение
### Тяжелое течение активной БК любой локализации",1,0.8408408164978027
733,"Клинические рекомендации ""Артериальная гипертензия у взрослых""
Возрастная категория: Взрослые
# Лечение
## Лечение артериальной гипертензии в отдельных клинических ситуациях",1,0.8645774722099304
222,"Клинические рекомендации ""Хроническая сердечная недостаточность""
Возрастная категория: Взрослые
# Лечение
## Консервативное лечение
### Терапия, не рекомендованная (не доказан положительный эффект) пациентам с симптомной сердечной недостаточностью и сниженной фракцией выброса левого желудочка",1,0.9162720441818237
126,"Клинические рекомендации ""Бронхиальная астма""
Возрастная категория: Взрослые и дети
# Лечение
## Особенности лечения БА у беременных и в период грудного вскармливания",1,0.10653571784496307
107,"Клинические рекомендации ""Гастрит и дуоденит""
Возрастная категория: Взрослые
# Лечение
## Медикаментозное лечение
### Медикаментозная терапия при эрозивном гастрите и дуодените",1,0.47018688917160034
181,"Клинические рекомендации ""Хроническая сердечная недостаточность""
Возрастная категория: Взрослые
# Лечение
## Консервативное лечение
### Лечение пациентов с ХСН в особых группах",1,0.5498130917549133
215,"Клинические рекомендации ""Хроническая сердечная недостаточность""
Возрастная категория: Взрослые
# Лечение
## Консервативное лечение
### Лечение пациентов с ХСН с умеренно сниженной и сохраненной ФВ ЛЖ",1,0.9557160139083862
366,"Клинические рекомендации ""Болезнь Крона""
Возрастная категория: Взрослые
# Лечение
## Консервативное лечение
### Тяжелое течение активной БК любой локализации",1,0.49992331862449646
836,"Клинические рекомендации ""Хроническая сердечная недостаточность""
Возрастная категория: Взрослые
# Лечение
## Консервативное лечение
### Лечение пациентов с хронической сердечной недостаточностью и сочетанной патологией",1,0.7901605367660522
500,"Клинические рекомендации ""Хроническая сердечная недостаточность""
Возрастная категория: Взрослые
# Лечение
## Консервативное лечение
### Рекомендации по начальному лечению пациентов с хронической сердечной недостаточностью и фибрилляцией предсердий с высокой частотой желудочковых сокращений в острой или хронической ситуации",1,0.3024626076221466
562,"Клинические рекомендации ""Хроническая сердечная недостаточность""
Возрастная категория: Взрослые
# Лечение
## Консервативное лечение
### Профилактика фибрилляции предсердий у пациентов с хронической сердечной недостаточностью",1,0.5515285730361938
766,"Клинические рекомендации ""Хроническая сердечная недостаточность""
Возрастная категория: Взрослые
# Лечение
## Консервативное лечение
### Рекомендации по начальному лечению пациентов с хронической сердечной недостаточностью и фибрилляцией предсердий с высокой частотой желудочковых сокращений в острой или хронической ситуации",0,0.4924650192260742
100,"Клинические рекомендации ""Артериальная гипертензия у взрослых""
Возрастная категория: Взрослые
# Лечение
## Лечение артериальной гипертензии в отдельных клинических ситуациях",1,0.8856551051139832
531,"Клинические рекомендации ""Головная боль напряжения (ГБН)""
Возрастная категория: Взрослые
# Лечение
## Особенности лечения ГБН, сочетающейся с лекарственно-индуцированной головной болью (ЛИГБ)",0,0.5123354196548462
821,"Клинические рекомендации ""Болезнь Крона""
Возрастная категория: Взрослые
# Лечение
## Консервативное лечение
### БК толстой кишки легкой и средней тяжести",1,0.5497674345970154
114,"Клинические рекомендации ""Гастрит и дуоденит""
Возрастная категория: Взрослые
# Лечение
## Медикаментозное лечение
### Эрадикационная терапия инфекции H. рylori",0,0.5119791030883789
706,"Клинические рекомендации ""Головная боль напряжения (ГБН)""
Возрастная категория: Взрослые
# Лечение
## Особенности лечения ГБН, сочетающейся с лекарственно-индуцированной головной болью (ЛИГБ)",0,0.4918808937072754
274,"Клинические рекомендации ""Хроническая сердечная недостаточность""
Возрастная категория: Взрослые
# Лечение
## Консервативное лечение
### Лечение пациентов с ХСН в особых группах",1,0.5155249238014221
428,"Клинические рекомендации ""Хроническая сердечная недостаточность""
Возрастная категория: Взрослые
# Лечение
## Консервативное лечение
### Лечение пациентов с хронической сердечной недостаточностью и сочетанной патологией",1,0.5094202160835266
700,"Клинические рекомендации ""Гонартроз""
Возрастная категория: Взрослые и дети
# Лечение
## Хирургическое лечение
### Особенности органосохраняющего оперативного лечения у детей с гонартрозом",0,0.3571479618549347
701,"Клинические рекомендации ""Мочекаменная болезнь""
Возрастная категория: Взрослые
# Лечение
## Лечение мочекаменной болезни в особых группах пациентов",1,0.4766613841056824
746,"Клинические рекомендации ""Болезнь Крона""
Возрастная категория: Взрослые
# Лечение
## Консервативное лечение
### БК толстой кишки легкой и средней тяжести",1,0.9292554259300232
322,"Клинические рекомендации ""Амиодарон-индуцированная дисфункция щитовидной железы""
Возрастная категория: Взрослые
# Лечение
## Консервативное лечение амиодарон-индуцированного гипотиреоза",1,0.48265689611434937
216,"Клинические рекомендации ""Хроническая сердечная недостаточность""
Возрастная категория: Взрослые
# Лечение
## Консервативное лечение
### Лечение пациентов с хронической сердечной недостаточностью и сочетанной патологией",1,0.9220961332321167
443,"Клинические рекомендации ""Болезнь Крона""
Возрастная категория: Взрослые
# Лечение
## Хирургическое лечение БК
### Хирургическое лечение БК в форме терминального илеита или илеоколита",0,0.7825366258621216
17,"Клинические рекомендации ""Хроническая сердечная недостаточность""
Возрастная категория: Взрослые
# Лечение
## Консервативное лечение
### Особенности лечения пациентов с хронической сердечной недостаточностью и желудочковыми нарушениями ритма сердца",1,0.5691198706626892
812,"Клинические рекомендации ""Хроническая сердечная недостаточность""
Возрастная категория: Взрослые
# Лечение
## Консервативное лечение
### Особенности лечения пациентов с хронической сердечной недостаточностью и желудочковыми нарушениями ритма сердца",0,0.12073622643947601
773,"Клинические рекомендации ""Болезнь Крона""
Возрастная категория: Взрослые
# Лечение
## Консервативное лечение
### Легкая БК илеоцекальной локализации",1,0.8709732294082642
78,"Клинические рекомендации ""Хроническая сердечная недостаточность""
Возрастная категория: Взрослые
# Лечение
## Консервативное лечение
### Терапия, применение которой может быть опасно, и не рекомендовано для пациентов с хронической сердечной недостаточностью II-IV функционального класса и сниженной фракцией выброса левого желудочка",1,0.9403219223022461
683,"Клинические рекомендации ""Хроническая сердечная недостаточность""
Возрастная категория: Взрослые
# Лечение
## Консервативное лечение
### Особенности лечения пациентов с хронической сердечной недостаточностью и фибрилляцией предсердий",0,0.5248342156410217
606,"Клинические рекомендации ""Хроническая сердечная недостаточность""
Возрастная категория: Взрослые
# Лечение
## Консервативное лечение
### Лечение пациентов с ХСН с умеренно сниженной и сохраненной ФВ ЛЖ",1,0.9033668637275696
755,"Клинические рекомендации ""Эндометриоз""
Возрастная категория: Взрослые и дети
# Лечение
## Эндометриоз и рак",0,0.05591867119073868
68,"Клинические рекомендации ""Хроническая сердечная недостаточность""
Возрастная категория: Взрослые
# Лечение
## Консервативное лечение
### Терапия, рекомендованная пациентам с симптомной сердечной недостаточностью со сниженной фракцией выброса левого желудочка",1,0.9276259541511536
399,"Клинические рекомендации ""Амиодарон-индуцированная дисфункция щитовидной железы""
Возрастная категория: Взрослые
# Лечение
## Консервативное лечение амиодарон-индуцированного гипотиреоза",0,0.5117642879486084
632,"Клинические рекомендации ""Хроническая сердечная недостаточность""
Возрастная категория: Взрослые
# Лечение
## Консервативное лечение
### Особенности лечения пациентов с хронической сердечной недостаточностью и желудочковыми нарушениями ритма сердца",1,0.7079820036888123
529,"Клинические рекомендации ""Эндометриоз""
Возрастная категория: Взрослые и дети
# Лечение
## Эндометриоз у подростков (до 18 лет)",0,0.0630723163485527
427,"Клинические рекомендации ""Хроническая сердечная недостаточность""
Возрастная категория: Взрослые
# Лечение
## Консервативное лечение
### Лечение пациентов с ХСН с умеренно сниженной и сохраненной ФВ ЛЖ",1,0.4955735206604004
709,"Клинические рекомендации ""Хроническая сердечная недостаточность""
Возрастная категория: Взрослые
# Лечение
## Консервативное лечение
### Лечение пациентов с ХСН с умеренно сниженной и сохраненной ФВ ЛЖ",1,0.9066755771636963
743,"Клинические рекомендации ""Хроническая сердечная недостаточность""
Возрастная категория: Взрослые
# Лечение
## Консервативное лечение
### Терапия, применение которой может быть опасно, и не рекомендовано для пациентов с хронической сердечной недостаточностью II-IV функционального класса и сниженной фракцией выброса левого желудочка",1,0.5477157235145569
461,"Клинические рекомендации ""Хроническая сердечная недостаточность""
Возрастная категория: Взрослые
# Лечение
## Консервативное лечение
### Терапия, рекомендованная пациентам с симптомной сердечной недостаточностью со сниженной фракцией выброса левого желудочка",1,0.835491418838501
326,"Клинические рекомендации ""Хроническая сердечная недостаточность""
Возрастная категория: Взрослые
# Лечение
## Консервативное лечение
### Лечение пациентов с хронической сердечной недостаточностью и сочетанной патологией",1,0.8307939767837524
841,"Клинические рекомендации ""Хроническая сердечная недостаточность""
Возрастная категория: Взрослые
# Лечение
## Консервативное лечение
### Рекомендации по начальному лечению пациентов с хронической сердечной недостаточностью и фибрилляцией предсердий с высокой частотой желудочковых сокращений в острой или хронической ситуации",0,0.24802380800247192
316,"Клинические рекомендации ""Болезнь Крона""
Возрастная категория: Взрослые
# Лечение
## Хирургическое лечение БК
### Хирургическое лечение БК в форме терминального илеита или илеоколита",0,0.5398975610733032
287,"Клинические рекомендации ""Болезнь Крона""
Возрастная категория: Взрослые
# Лечение
## Консервативное лечение
### БК тонкой кишки (кроме терминального илеита)",0,0.5388734340667725
204,"Клинические рекомендации ""Хроническая сердечная недостаточность""
Возрастная категория: Взрослые
# Лечение
## Консервативное лечение
### Лечение пациентов с ХСН с умеренно сниженной и сохраненной ФВ ЛЖ",1,0.9557160139083862
310,"Клинические рекомендации ""Болезнь Крона""
Возрастная категория: Взрослые
# Лечение
## Консервативное лечение
### БК илеоцекальной локализации средней тяжести",1,0.47946372628211975
305,"Клинические рекомендации ""Хроническая сердечная недостаточность""
Возрастная категория: Взрослые
# Лечение
## Консервативное лечение
### Рекомендации по контролю ритма у пациентов с фибрилляцией предсердий, симптомной ХСН, систолической дисфункцией левого желудочка при отсутствии острой декомпенсации",0,0.10996631532907486
157,"Клинические рекомендации ""Гастрит и дуоденит""
Возрастная категория: Взрослые
# Лечение
## Эндоскопическое лечение",1,0.848301887512207
269,"Клинические рекомендации ""Желчнокаменная болезнь""
Возрастная категория: Взрослые
# Лечение
## Хирургическое лечение
### Холедохолитиаз/холангиолитиаз",1,0.48264604806900024
577,"Клинические рекомендации ""Эндометриоз""
Возрастная категория: Взрослые и дети
# Лечение
## Эндометриоз и рак",0,0.43705716729164124
217,"Клинические рекомендации ""Хроническая сердечная недостаточность""
Возрастная категория: Взрослые
# Лечение
## Консервативное лечение
### Особенности лечения пациентов с хронической сердечной недостаточностью и желудочковыми нарушениями ритма сердца",1,0.8263113498687744
832,"Клинические рекомендации ""Амиодарон-индуцированная дисфункция щитовидной железы""
Возрастная категория: Взрослые
# Лечение
## Консервативное лечение амиодарон-индуцированного гипотиреоза",0,0.5058016777038574
564,"Клинические рекомендации ""Хроническая сердечная недостаточность""
Возрастная категория: Взрослые
# Лечение
## Консервативное лечение
### Рекомендации по начальному лечению пациентов с хронической сердечной недостаточностью и фибрилляцией предсердий с высокой частотой желудочковых сокращений в острой или хронической ситуации",1,0.5253579616546631
219,"Клинические рекомендации ""Хроническая сердечная недостаточность""
Возрастная категория: Взрослые
# Лечение
## Консервативное лечение
### Профилактика фибрилляции предсердий у пациентов с хронической сердечной недостаточностью",1,0.5849316120147705
104,"Клинические рекомендации ""Гастрит и дуоденит""
Возрастная категория: Взрослые
# Лечение
## Медикаментозное лечение
### Медикаментозная терапия при эрозивном гастрите и дуодените",1,0.6869966983795166
551,"Клинические рекомендации ""Мочекаменная болезнь""
Возрастная категория: Взрослые
# Лечение
## Лечение мочекаменной болезни в особых группах пациентов",1,0.907646119594574
361,"Клинические рекомендации ""Хроническая сердечная недостаточность""
Возрастная категория: Взрослые
# Лечение
## Консервативное лечение
### Терапия, рекомендованная пациентам с симптомной сердечной недостаточностью со сниженной фракцией выброса левого желудочка",1,0.8824560046195984
553,"Клинические рекомендации ""Эндометриоз""
Возрастная категория: Взрослые и дети
# Лечение
## Эндометриоз и рак",0,0.44590625166893005
228,"Клинические рекомендации ""Хроническая сердечная недостаточность""
Возрастная категория: Взрослые
# Лечение
## Консервативное лечение
### Особенности лечения пациентов с хронической сердечной недостаточностью и желудочковыми нарушениями ритма сердца",1,0.5896435976028442
660,"Клинические рекомендации ""Хроническая сердечная недостаточность""
Возрастная категория: Взрослые
# Лечение
## Консервативное лечение
### Профилактика фибрилляции предсердий у пациентов с хронической сердечной недостаточностью",1,0.5344561338424683
170,"Клинические рекомендации ""Хроническая сердечная недостаточность""
Возрастная категория: Взрослые
# Лечение
## Консервативное лечение
### Лечение пациентов с ХСН в особых группах",1,0.5852522850036621
748,"Клинические рекомендации ""Болезнь Крона""
Возрастная категория: Взрослые
# Лечение
## Консервативное лечение
### Легкая БК илеоцекальной локализации",1,0.9146162867546082
77,"Клинические рекомендации ""Хроническая сердечная недостаточность""
Возрастная категория: Взрослые
# Лечение
## Консервативное лечение
### Терапия, не рекомендованная (не доказан положительный эффект) пациентам с симптомной сердечной недостаточностью и сниженной фракцией выброса левого желудочка",1,0.918285608291626
265,"Клинические рекомендации ""Болезнь Крона""
Возрастная категория: Взрослые
# Лечение
## Хирургическое лечение БК
### Лечение БК с перианальными проявлениями (перианальная БК)",1,0.1323346048593521
30,"Клинические рекомендации ""Хроническая сердечная недостаточность""
Возрастная категория: Взрослые
# Лечение
## Консервативное лечение
### Профилактика фибрилляции предсердий у пациентов с хронической сердечной недостаточностью",1,0.9286482930183411
7,"Клинические рекомендации ""Желчнокаменная болезнь""
Возрастная категория: Взрослые
# Лечение
## Хирургическое лечение
### Острый калькулезный холецистит",1,0.5543006658554077
833,"Клинические рекомендации ""Головная боль напряжения (ГБН)""
Возрастная категория: Взрослые
# Лечение
## Особенности лечения ГБН, сочетающейся с лекарственно-индуцированной головной болью (ЛИГБ)",1,0.12809914350509644
785,"Клинические рекомендации ""Хроническая сердечная недостаточность""
Возрастная категория: Взрослые
# Лечение
## Консервативное лечение
### Лечение пациентов с ХСН с умеренно сниженной и сохраненной ФВ ЛЖ",1,0.488663911819458
297,"Клинические рекомендации ""Амиодарон-индуцированная дисфункция щитовидной железы""
Возрастная категория: Взрослые
# Лечение
## Консервативное лечение амиодарон-индуцированного гипотиреоза",1,0.5083138942718506
802,"Клинические рекомендации ""Болезнь Крона""
Возрастная категория: Взрослые
# Лечение
## Хирургическое лечение БК
### Хирургическое лечение БК с поражением верхних отделов ЖКТ",0,0.5216037034988403
388,"Клинические рекомендации ""Болезнь Крона""
Возрастная категория: Взрослые
# Лечение
## Консервативное лечение
### БК толстой кишки легкой и средней тяжести",1,0.884633481502533
175,"Клинические рекомендации ""Хроническая сердечная недостаточность""
Возрастная категория: Взрослые
# Лечение
## Консервативное лечение
### Профилактика фибрилляции предсердий у пациентов с хронической сердечной недостаточностью",1,0.5504410266876221
318,"Клинические рекомендации ""Мочекаменная болезнь""
Возрастная категория: Взрослые
# Лечение
## Лечение мочекаменной болезни в особых группах пациентов",0,0.8201473355293274
590,"Клинические рекомендации ""Хроническая сердечная недостаточность""
Возрастная категория: Взрослые
# Лечение
## Консервативное лечение
### Терапия, применение которой может быть опасно, и не рекомендовано для пациентов с хронической сердечной недостаточностью II-IV функционального класса и сниженной фракцией выброса левого желудочка",1,0.5443108677864075
150,"Клинические рекомендации ""Гастрит и дуоденит""
Возрастная категория: Взрослые
# Лечение
## Медикаментозное лечение
### Эрадикационная терапия инфекции H. рylori",1,0.4864271879196167
426,"Клинические рекомендации ""Хроническая сердечная недостаточность""
Возрастная категория: Взрослые
# Лечение
## Консервативное лечение
### Лечение пациентов с ХСН в особых группах",1,0.863273561000824
604,"Клинические рекомендации ""Головная боль напряжения (ГБН)""
Возрастная категория: Взрослые
# Лечение
## Особенности лечения ГБН, сочетающейся с лекарственно-индуцированной головной болью (ЛИГБ)",1,0.49257224798202515
306,"Клинические рекомендации ""Хроническая сердечная недостаточность""
Возрастная категория: Взрослые
# Лечение
## Консервативное лечение
### Рекомендации по начальному лечению пациентов с хронической сердечной недостаточностью и фибрилляцией предсердий с высокой частотой желудочковых сокращений в острой или хронической ситуации",0,0.48815542459487915
565,"Клинические рекомендации ""Хроническая сердечная недостаточность""
Возрастная категория: Взрослые
# Лечение
## Консервативное лечение
### Терапия, не рекомендованная (не доказан положительный эффект) пациентам с симптомной сердечной недостаточностью и сниженной фракцией выброса левого желудочка",0,0.9098735451698303
152,"Клинические рекомендации ""Гастрит и дуоденит""
Возрастная категория: Взрослые
# Лечение
## Медикаментозное лечение
### Медикаментозная терапия при эрозивном гастрите и дуодените",1,0.5056636333465576
647,"Клинические рекомендации ""Болезнь Крона""
Возрастная категория: Взрослые
# Лечение
## Хирургическое лечение БК
### Хирургическое лечение БК с поражением верхних отделов ЖКТ",1,0.5332885384559631
454,"Клинические рекомендации ""Хроническая сердечная недостаточность""
Возрастная категория: Взрослые
# Лечение
## Консервативное лечение
### Особенности лечения пациентов с хронической сердечной недостаточностью и желудочковыми нарушениями ритма сердца",0,0.3323856592178345
670,"Клинические рекомендации ""Болезнь Крона""
Возрастная категория: Взрослые
# Лечение
## Консервативное лечение
### Тяжелое течение активной БК любой локализации",1,0.8818535208702087
385,"Клинические рекомендации ""Хроническая сердечная недостаточность""
Возрастная категория: Взрослые
# Лечение
## Консервативное лечение
### Терапия, применение которой может быть опасно, и не рекомендовано для пациентов с хронической сердечной недостаточностью II-IV функционального класса и сниженной фракцией выброса левого желудочка",0,0.5118751525878906
251,"Клинические рекомендации ""Хроническая сердечная недостаточность""
Возрастная категория: Взрослые
# Лечение
## Консервативное лечение
### Лечение пациентов с хронической сердечной недостаточностью и сочетанной патологией",1,0.8728997707366943
739,"Клинические рекомендации ""Хроническая сердечная недостаточность""
Возрастная категория: Взрослые
# Лечение
## Консервативное лечение
### Профилактика фибрилляции предсердий у пациентов с хронической сердечной недостаточностью",1,0.5732792019844055
630,"Клинические рекомендации ""Хроническая сердечная недостаточность""
Возрастная категория: Взрослые
# Лечение
## Консервативное лечение
### Лечение пациентов с ХСН с умеренно сниженной и сохраненной ФВ ЛЖ",1,0.9477711915969849
759,"Клинические рекомендации ""Хроническая сердечная недостаточность""
Возрастная категория: Взрослые
# Лечение
## Консервативное лечение
### Лечение пациентов с ХСН в особых группах",1,0.5129656195640564
525,"Клинические рекомендации ""Гонартроз""
Возрастная категория: Взрослые и дети
# Лечение
## Хирургическое лечение
### Особенности органосохраняющего оперативного лечения у детей с гонартрозом",1,0.10151644051074982
679,"Клинические рекомендации ""Хроническая сердечная недостаточность""
Возрастная категория: Взрослые
# Лечение
## Консервативное лечение
### Лечение пациентов с ХСН в особых группах",1,0.8806867003440857
131,"Клинические рекомендации ""Бронхиальная астма""
Возрастная категория: Взрослые и дети
# Лечение
## Особенности лечения БА у беременных и в период грудного вскармливания",1,0.16236169636249542
857,"Клинические рекомендации ""Амиодарон-индуцированная дисфункция щитовидной железы""
Возрастная категория: Взрослые
# Лечение
## Консервативное лечение амиодарон-индуцированного гипотиреоза",1,0.7617979049682617
486,"Клинические рекомендации ""Хроническая сердечная недостаточность""
Возрастная категория: Взрослые
# Лечение
## Консервативное лечение
### Терапия, рекомендованная пациентам с симптомной сердечной недостаточностью со сниженной фракцией выброса левого желудочка",1,0.5559932589530945
414,"Клинические рекомендации ""Болезнь Крона""
Возрастная категория: Взрослые
# Лечение
## Консервативное лечение
### БК тонкой кишки (кроме терминального илеита)",0,0.39909827709198
610,"Клинические рекомендации ""Хроническая сердечная недостаточность""
Возрастная категория: Взрослые
# Лечение
## Консервативное лечение
### Профилактика фибрилляции предсердий у пациентов с хронической сердечной недостаточностью",1,0.5515285730361938
588,"Клинические рекомендации ""Хроническая сердечная недостаточность""
Возрастная категория: Взрослые
# Лечение
## Консервативное лечение
### Рекомендации по начальному лечению пациентов с хронической сердечной недостаточностью и фибрилляцией предсердий с высокой частотой желудочковых сокращений в острой или хронической ситуации",1,0.15945343673229218
714,"Клинические рекомендации ""Хроническая сердечная недостаточность""
Возрастная категория: Взрослые
# Лечение
## Консервативное лечение
### Рекомендации по контролю ритма у пациентов с фибрилляцией предсердий, симптомной ХСН, систолической дисфункцией левого желудочка при отсутствии острой декомпенсации",1,0.5399404168128967
783,"Клинические рекомендации ""Головная боль напряжения (ГБН)""
Возрастная категория: Взрослые
# Лечение
## Особенности лечения ГБН, сочетающейся с лекарственно-индуцированной головной болью (ЛИГБ)",0,0.11223666369915009
689,"Клинические рекомендации ""Хроническая сердечная недостаточность""
Возрастная категория: Взрослые
# Лечение
## Консервативное лечение
### Терапия, рекомендованная пациентам с симптомной сердечной недостаточностью со сниженной фракцией выброса левого желудочка",1,0.9013175964355469
552,"Клинические рекомендации ""Эндометриоз""
Возрастная категория: Взрослые и дети
# Лечение
## Эндометриоз в постменопаузе",0,0.36623430252075195
477,"Клинические рекомендации ""Хроническая сердечная недостаточность""
Возрастная категория: Взрослые
# Лечение
## Консервативное лечение
### Лечение пациентов с ХСН с умеренно сниженной и сохраненной ФВ ЛЖ",1,0.9477711915969849
848,"Клинические рекомендации ""Болезнь Крона""
Возрастная категория: Взрослые
# Лечение
## Консервативное лечение
### Легкая БК илеоцекальной локализации",1,0.7846851348876953
256,"Клинические рекомендации ""Хроническая сердечная недостаточность""
Возрастная категория: Взрослые
# Лечение
## Консервативное лечение
### Рекомендации по начальному лечению пациентов с хронической сердечной недостаточностью и фибрилляцией предсердий с высокой частотой желудочковых сокращений в острой или хронической ситуации",0,0.18185505270957947
9,"Клинические рекомендации ""Дегенеративные заболевания позвоночника""
Возрастная категория: Взрослые и дети
# Лечение
## Пункционные вмешательства
### Пункционные интервенционные процедуры в области дугоотростчатых (фасеточных) суставов поясничного отдела позвоночника",0,0.4483398199081421
129,"Клинические рекомендации ""Бронхиальная астма""
Возрастная категория: Взрослые и дети
# Лечение
## Особенности лечения БА у беременных и в период грудного вскармливания",0,0.3804855942726135
364,"Клинические рекомендации ""Болезнь Крона""
Возрастная категория: Взрослые
# Лечение
## Консервативное лечение
### БК тонкой кишки (кроме терминального илеита)",1,0.19932743906974792
528,"Клинические рекомендации ""Эндометриоз""
Возрастная категория: Взрослые и дети
# Лечение
## Эндометриоз и рак",0,0.43722647428512573
421,"Клинические рекомендации ""Эндометриоз""
Возрастная категория: Взрослые и дети
# Лечение
## Эндометриоз в постменопаузе",0,0.055516134947538376
38,"Клинические рекомендации ""Хроническая сердечная недостаточность""
Возрастная категория: Взрослые
# Лечение
## Консервативное лечение
### Лечение пациентов с хронической сердечной недостаточностью и сочетанной патологией",1,0.9248497486114502
349,"Клинические рекомендации ""Амиодарон-индуцированная дисфункция щитовидной железы""
Возрастная категория: Взрослые
# Лечение
## Консервативное лечение амиодарон-индуцированного гипотиреоза",1,0.7873662710189819
302,"Клинические рекомендации ""Хроническая сердечная недостаточность""
Возрастная категория: Взрослые
# Лечение
## Консервативное лечение
### Особенности лечения пациентов с хронической сердечной недостаточностью и желудочковыми нарушениями ритма сердца",0,0.4938386082649231
484,"Клинические рекомендации ""Хроническая сердечная недостаточность""
Возрастная категория: Взрослые
# Лечение
## Консервативное лечение
### Терапия, не рекомендованная (не доказан положительный эффект) пациентам с симптомной сердечной недостаточностью и сниженной фракцией выброса левого желудочка",0,0.9362671375274658
494,"Клинические рекомендации ""Хроническая сердечная недостаточность""
Возрастная категория: Взрослые
# Лечение
## Консервативное лечение
### Лечение пациентов с ХСН с умеренно сниженной и сохраненной ФВ ЛЖ",1,0.5544559955596924
793,"Клинические рекомендации ""Хроническая сердечная недостаточность""
Возрастная категория: Взрослые
# Лечение
## Консервативное лечение
### Терапия, применение которой может быть опасно, и не рекомендовано для пациентов с хронической сердечной недостаточностью II-IV функционального класса и сниженной фракцией выброса левого желудочка",1,0.6502696871757507
110,"Клинические рекомендации ""Гастрит и дуоденит""
Возрастная категория: Взрослые
# Лечение
## Медикаментозное лечение
### Медикаментозная терапия при эрозивном гастрите и дуодените",1,0.702390730381012
81,"Клинические рекомендации ""Бронхиальная астма""
Возрастная категория: Взрослые и дети
# Лечение
## Особенности лечения БА у беременных и в период грудного вскармливания",0,0.4559073746204376
239,"Клинические рекомендации ""Гастрит и дуоденит""
Возрастная категория: Взрослые
# Лечение
## Медикаментозное лечение
### Медикаментозная терапия при эрозивном гастрите и дуодените",1,0.5410587787628174
511,"Клинические рекомендации ""Болезнь Крона""
Возрастная категория: Взрослые
# Лечение
## Хирургическое лечение БК
### Хирургическое лечение БК с поражением верхних отделов ЖКТ",0,0.24289195239543915
476,"Клинические рекомендации ""Хроническая сердечная недостаточность""
Возрастная категория: Взрослые
# Лечение
## Консервативное лечение
### Лечение пациентов с ХСН в особых группах",1,0.9442223310470581
460,"Клинические рекомендации ""Хроническая сердечная недостаточность""
Возрастная категория: Взрослые
# Лечение
## Консервативное лечение
### Терапия, применение которой может быть опасно, и не рекомендовано для пациентов с хронической сердечной недостаточностью II-IV функционального класса и сниженной фракцией выброса левого желудочка",1,0.5296191573143005
286,"Клинические рекомендации ""Болезнь Крона""
Возрастная категория: Взрослые
# Лечение
## Консервативное лечение
### БК толстой кишки легкой и средней тяжести",1,0.9384479522705078
614,"Клинические рекомендации ""Хроническая сердечная недостаточность""
Возрастная категория: Взрослые
# Лечение
## Консервативное лечение
### Терапия, применение которой может быть опасно, и не рекомендовано для пациентов с хронической сердечной недостаточностью II-IV функционального класса и сниженной фракцией выброса левого желудочка",1,0.9210547208786011
184,"Клинические рекомендации ""Хроническая сердечная недостаточность""
Возрастная категория: Взрослые
# Лечение
## Консервативное лечение
### Особенности лечения пациентов с хронической сердечной недостаточностью и желудочковыми нарушениями ритма сердца",0,0.8263113498687744
51,"Клинические рекомендации ""Хроническая сердечная недостаточность""
Возрастная категория: Взрослые
# Лечение
## Консервативное лечение
### Особенности лечения пациентов с хронической сердечной недостаточностью и фибрилляцией предсердий",1,0.5548182725906372
757,"Клинические рекомендации ""Амиодарон-индуцированная дисфункция щитовидной железы""
Возрастная категория: Взрослые
# Лечение
## Консервативное лечение амиодарон-индуцированного гипотиреоза",1,0.4944317042827606
101,"Клинические рекомендации ""Артериальная гипертензия у взрослых""
Возрастная категория: Взрослые
# Лечение
## Лечение артериальной гипертензии в отдельных клинических ситуациях",1,0.9266723394393921
266,"Клинические рекомендации ""Болезнь Крона""
Возрастная категория: Взрослые
# Лечение
## Хирургическое лечение БК
### Хирургическое лечение БК в форме терминального илеита или илеоколита",1,0.5067707896232605
692,"Клинические рекомендации ""Болезнь Крона""
Возрастная категория: Взрослые
# Лечение
## Консервативное лечение
### БК тонкой кишки (кроме терминального илеита)",0,0.18034590780735016
278,"Клинические рекомендации ""Хроническая сердечная недостаточность""
Возрастная категория: Взрослые
# Лечение
## Консервативное лечение
### Особенности лечения пациентов с хронической сердечной недостаточностью и фибрилляцией предсердий",0,0.26534390449523926
622,"Клинические рекомендации ""Болезнь Крона""
Возрастная категория: Взрослые
# Лечение
## Хирургическое лечение БК
### Хирургическое лечение БК в форме терминального илеита или илеоколита",1,0.691083550453186
719,"Клинические рекомендации ""Болезнь Крона""
Возрастная категория: Взрослые
# Лечение
## Консервативное лечение
### БК илеоцекальной локализации средней тяжести",1,0.9435438513755798
762,"Клинические рекомендации ""Хроническая сердечная недостаточность""
Возрастная категория: Взрослые
# Лечение
## Консервативное лечение
### Особенности лечения пациентов с хронической сердечной недостаточностью и желудочковыми нарушениями ритма сердца",0,0.1373315304517746
711,"Клинические рекомендации ""Хроническая сердечная недостаточность""
Возрастная категория: Взрослые
# Лечение
## Консервативное лечение
### Особенности лечения пациентов с хронической сердечной недостаточностью и желудочковыми нарушениями ритма сердца",1,0.31055405735969543
249,"Клинические рекомендации ""Хроническая сердечная недостаточность""
Возрастная категория: Взрослые
# Лечение
## Консервативное лечение
### Лечение пациентов с ХСН в особых группах",1,0.8967945575714111
254,"Клинические рекомендации ""Хроническая сердечная недостаточность""
Возрастная категория: Взрослые
# Лечение
## Консервативное лечение
### Профилактика фибрилляции предсердий у пациентов с хронической сердечной недостаточностью",1,0.8806962370872498
258,"Клинические рекомендации ""Хроническая сердечная недостаточность""
Возрастная категория: Взрослые
# Лечение
## Консервативное лечение
### Терапия, применение которой может быть опасно, и не рекомендовано для пациентов с хронической сердечной недостаточностью II-IV функционального класса и сниженной фракцией выброса левого желудочка",1,0.5477157235145569
581,"Клинические рекомендации ""Хроническая сердечная недостаточность""
Возрастная категория: Взрослые
# Лечение
## Консервативное лечение
### Лечение пациентов с ХСН в особых группах",1,0.9442223310470581
767,"Клинические рекомендации ""Хроническая сердечная недостаточность""
Возрастная категория: Взрослые
# Лечение
## Консервативное лечение
### Терапия, не рекомендованная (не доказан положительный эффект) пациентам с симптомной сердечной недостаточностью и сниженной фракцией выброса левого желудочка",1,0.4993128478527069
136,"Клинические рекомендации ""Гастрит и дуоденит""
Возрастная категория: Взрослые
# Лечение
## Эндоскопическое лечение",0,0.4235597252845764
355,"Клинические рекомендации ""Хроническая сердечная недостаточность""
Возрастная категория: Взрослые
# Лечение
## Консервативное лечение
### Особенности лечения пациентов с хронической сердечной недостаточностью и фибрилляцией предсердий",0,0.12276370823383331
88,"Клинические рекомендации ""Артериальная гипертензия у взрослых""
Возрастная категория: Взрослые
# Лечение
## Лечение артериальной гипертензии в отдельных клинических ситуациях",0,0.808635413646698
82,"Клинические рекомендации ""Бронхиальная астма""
Возрастная категория: Взрослые и дети
# Лечение
## Особенности лечения БА у беременных и в период грудного вскармливания",0,0.4422948956489563
236,"Клинические рекомендации ""Гастрит и дуоденит""
Возрастная категория: Взрослые
# Лечение
## Медикаментозное лечение
### Медикаментозная терапия при эрозивном гастрите и дуодените",1,0.6967615485191345
633,"Клинические рекомендации ""Хроническая сердечная недостаточность""
Возрастная категория: Взрослые
# Лечение
## Консервативное лечение
### Особенности лечения пациентов с хронической сердечной недостаточностью и фибрилляцией предсердий",1,0.6745626926422119
244,"Клинические рекомендации ""Амиодарон-индуцированная дисфункция щитовидной железы""
Возрастная категория: Взрослые
# Лечение
## Консервативное лечение амиодарон-индуцированного гипотиреоза",0,0.5019030570983887
379,"Клинические рекомендации ""Хроническая сердечная недостаточность""
Возрастная категория: Взрослые
# Лечение
## Консервативное лечение
### Особенности лечения пациентов с хронической сердечной недостаточностью и желудочковыми нарушениями ритма сердца",0,0.14492565393447876
76,"Клинические рекомендации ""Хроническая сердечная недостаточность""
Возрастная категория: Взрослые
# Лечение
## Консервативное лечение
### Рекомендации по начальному лечению пациентов с хронической сердечной недостаточностью и фибрилляцией предсердий с высокой частотой желудочковых сокращений в острой или хронической ситуации",0,0.8548493981361389
412,"Клинические рекомендации ""Болезнь Крона""
Возрастная категория: Взрослые
# Лечение
## Консервативное лечение
### БК илеоцекальной локализации средней тяжести",1,0.5065295100212097
382,"Клинические рекомендации ""Хроническая сердечная недостаточность""
Возрастная категория: Взрослые
# Лечение
## Консервативное лечение
### Рекомендации по контролю ритма у пациентов с фибрилляцией предсердий, симптомной ХСН, систолической дисфункцией левого желудочка при отсутствии острой декомпенсации",0,0.19706124067306519
842,"Клинические рекомендации ""Хроническая сердечная недостаточность""
Возрастная категория: Взрослые
# Лечение
## Консервативное лечение
### Терапия, не рекомендованная (не доказан положительный эффект) пациентам с симптомной сердечной недостаточностью и сниженной фракцией выброса левого желудочка",1,0.7601876258850098
304,"Клинические рекомендации ""Хроническая сердечная недостаточность""
Возрастная категория: Взрослые
# Лечение
## Консервативное лечение
### Профилактика фибрилляции предсердий у пациентов с хронической сердечной недостаточностью",1,0.4839751422405243
859,"Клинические рекомендации ""Амиодарон-индуцированная дисфункция щитовидной железы""
Возрастная категория: Взрослые
# Лечение
## Консервативное лечение амиодарон-индуцированного гипотиреоза",1,0.7517848610877991
350,"Клинические рекомендации ""Головная боль напряжения (ГБН)""
Возрастная категория: Взрослые
# Лечение
## Особенности лечения ГБН, сочетающейся с лекарственно-индуцированной головной болью (ЛИГБ)",1,0.1187601089477539
433,"Клинические рекомендации ""Хроническая сердечная недостаточность""
Возрастная категория: Взрослые
# Лечение
## Консервативное лечение
### Рекомендации по начальному лечению пациентов с хронической сердечной недостаточностью и фибрилляцией предсердий с высокой частотой желудочковых сокращений в острой или хронической ситуации",0,0.08548620343208313
751,"Клинические рекомендации ""Болезнь Крона""
Возрастная категория: Взрослые
# Лечение
## Хирургическое лечение БК
### Хирургическое лечение БК в форме терминального илеита или илеоколита",1,0.7021713256835938
18,"Клинические рекомендации ""Хроническая сердечная недостаточность""
Возрастная категория: Взрослые
# Лечение
## Консервативное лечение
### Особенности лечения пациентов с хронической сердечной недостаточностью и фибрилляцией предсердий",1,0.8984619975090027
763,"Клинические рекомендации ""Хроническая сердечная недостаточность""
Возрастная категория: Взрослые
# Лечение
## Консервативное лечение
### Особенности лечения пациентов с хронической сердечной недостаточностью и фибрилляцией предсердий",0,0.5025705695152283
591,"Клинические рекомендации ""Хроническая сердечная недостаточность""
Возрастная категория: Взрослые
# Лечение
## Консервативное лечение
### Терапия, рекомендованная пациентам с симптомной сердечной недостаточностью со сниженной фракцией выброса левого желудочка",1,0.8896206617355347
599,"Клинические рекомендации ""Болезнь Крона""
Возрастная категория: Взрослые
# Лечение
## Хирургическое лечение БК
### Хирургическое лечение БК с поражением верхних отделов ЖКТ",0,0.20843830704689026
285,"Клинические рекомендации ""Болезнь Крона""
Возрастная категория: Взрослые
# Лечение
## Консервативное лечение
### БК илеоцекальной локализации средней тяжести",1,0.5514110922813416
847,"Клинические рекомендации ""Болезнь Крона""
Возрастная категория: Взрослые
# Лечение
## Консервативное лечение
### БК тонкой кишки (кроме терминального илеита)",1,0.5041722059249878
761,"Клинические рекомендации ""Хроническая сердечная недостаточность""
Возрастная категория: Взрослые
# Лечение
## Консервативное лечение
### Лечение пациентов с хронической сердечной недостаточностью и сочетанной патологией",1,0.7561635971069336
119,"Клинические рекомендации ""Гастрит и дуоденит""
Возрастная категория: Взрослые
# Лечение
## Медикаментозное лечение
### Медикаментозная терапия при эрозивном гастрите и дуодените",1,0.47018688917160034
504,"Клинические рекомендации ""Болезнь Крона""
Возрастная категория: Взрослые
# Лечение
## Консервативное лечение
### БК илеоцекальной локализации средней тяжести",1,0.8748581409454346
277,"Клинические рекомендации ""Хроническая сердечная недостаточность""
Возрастная категория: Взрослые
# Лечение
## Консервативное лечение
### Особенности лечения пациентов с хронической сердечной недостаточностью и желудочковыми нарушениями ритма сердца",0,0.35971036553382874
800,"Клинические рекомендации ""Болезнь Крона""
Возрастная категория: Взрослые
# Лечение
## Хирургическое лечение БК
### Лечение БК с перианальными проявлениями (перианальная БК)",0,0.5153126120567322
666,"Клинические рекомендации ""Болезнь Крона""
Возрастная категория: Взрослые
# Лечение
## Консервативное лечение
### БК илеоцекальной локализации средней тяжести",1,0.527789831161499
337,"Клинические рекомендации ""Болезнь Крона""
Возрастная категория: Взрослые
# Лечение
## Консервативное лечение
### БК тонкой кишки (кроме терминального илеита)",0,0.15630203485488892
176,"Клинические рекомендации ""Хроническая сердечная недостаточность""
Возрастная категория: Взрослые
# Лечение
## Консервативное лечение
### Рекомендации по контролю ритма у пациентов с фибрилляцией предсердий, симптомной ХСН, систолической дисфункцией левого желудочка при отсутствии острой декомпенсации",0,0.8204678893089294
91,"Клинические рекомендации ""Артериальная гипертензия у взрослых""
Возрастная категория: Взрослые
# Лечение
## Лечение артериальной гипертензии в отдельных клинических ситуациях",0,0.808635413646698
245,"Клинические рекомендации ""Амиодарон-индуцированная дисфункция щитовидной железы""
Возрастная категория: Взрослые
# Лечение
## Консервативное лечение амиодарон-индуцированного гипотиреоза",1,0.7869654893875122
467,"Клинические рекомендации ""Болезнь Крона""
Возрастная категория: Взрослые
# Лечение
## Хирургическое лечение БК
### Лечение БК с перианальными проявлениями (перианальная БК)",1,0.5445222854614258
823,"Клинические рекомендации ""Болезнь Крона""
Возрастная категория: Взрослые
# Лечение
## Консервативное лечение
### Легкая БК илеоцекальной локализации",1,0.526839554309845
195,"Клинические рекомендации ""Хроническая сердечная недостаточность""
Возрастная категория: Взрослые
# Лечение
## Консервативное лечение
### Особенности лечения пациентов с хронической сердечной недостаточностью и желудочковыми нарушениями ритма сердца",1,0.8263113498687744
495,"Клинические рекомендации ""Хроническая сердечная недостаточность""
Возрастная категория: Взрослые
# Лечение
## Консервативное лечение
### Лечение пациентов с хронической сердечной недостаточностью и сочетанной патологией",1,0.9033734202384949
571,"Клинические рекомендации ""Болезнь Крона""
Возрастная категория: Взрослые
# Лечение
## Консервативное лечение
### Легкая БК илеоцекальной локализации",1,0.5091825723648071
485,"Клинические рекомендации ""Хроническая сердечная недостаточность""
Возрастная категория: Взрослые
# Лечение
## Консервативное лечение
### Терапия, применение которой может быть опасно, и не рекомендовано для пациентов с хронической сердечной недостаточностью II-IV функционального класса и сниженной фракцией выброса левого желудочка",1,0.9210547208786011
132,"Клинические рекомендации ""Бронхиальная астма""
Возрастная категория: Взрослые и дети
# Лечение
## Особенности лечения БА у беременных и в период грудного вскармливания",1,0.4779132306575775
685,"Клинические рекомендации ""Хроническая сердечная недостаточность""
Возрастная категория: Взрослые
# Лечение
## Консервативное лечение
### Рекомендации по контролю ритма у пациентов с фибрилляцией предсердий, симптомной ХСН, систолической дисфункцией левого желудочка при отсутствии острой декомпенсации",0,0.5257795453071594
111,"Клинические рекомендации ""Гастрит и дуоденит""
Возрастная категория: Взрослые
# Лечение
## Медикаментозное лечение
### Эрадикационная терапия инфекции H. рylori",0,0.36718037724494934
225,"Клинические рекомендации ""Хроническая сердечная недостаточность""
Возрастная категория: Взрослые
# Лечение
## Консервативное лечение
### Лечение пациентов с ХСН в особых группах",1,0.5852522850036621
63,"Клинические рекомендации ""Хроническая сердечная недостаточность""
Возрастная категория: Взрослые
# Лечение
## Консервативное лечение
### Профилактика фибрилляции предсердий у пациентов с хронической сердечной недостаточностью",1,0.9499735236167908
635,"Клинические рекомендации ""Хроническая сердечная недостаточность""
Возрастная категория: Взрослые
# Лечение
## Консервативное лечение
### Рекомендации по контролю ритма у пациентов с фибрилляцией предсердий, симптомной ХСН, систолической дисфункцией левого желудочка при отсутствии острой декомпенсации",1,0.5586116313934326
218,"Клинические рекомендации ""Хроническая сердечная недостаточность""
Возрастная категория: Взрослые
# Лечение
## Консервативное лечение
### Особенности лечения пациентов с хронической сердечной недостаточностью и фибрилляцией предсердий",1,0.7092978954315186
792,"Клинические рекомендации ""Хроническая сердечная недостаточность""
Возрастная категория: Взрослые
# Лечение
## Консервативное лечение
### Терапия, не рекомендованная (не доказан положительный эффект) пациентам с симптомной сердечной недостаточностью и сниженной фракцией выброса левого желудочка",1,0.604840874671936
402,"Клинические рекомендации ""Хроническая сердечная недостаточность""
Возрастная категория: Взрослые
# Лечение
## Консервативное лечение
### Лечение пациентов с ХСН с умеренно сниженной и сохраненной ФВ ЛЖ",1,0.7918632626533508
309,"Клинические рекомендации ""Хроническая сердечная недостаточность""
Возрастная категория: Взрослые
# Лечение
## Консервативное лечение
### Терапия, рекомендованная пациентам с симптомной сердечной недостаточностью со сниженной фракцией выброса левого желудочка",1,0.49953529238700867
745,"Клинические рекомендации ""Болезнь Крона""
Возрастная категория: Взрослые
# Лечение
## Консервативное лечение
### БК илеоцекальной локализации средней тяжести",1,0.8604642152786255
855,"Клинические рекомендации ""Эндометриоз""
Возрастная категория: Взрослые и дети
# Лечение
## Эндометриоз у подростков (до 18 лет)",0,0.04936091974377632
243,"Клинические рекомендации ""Артериальная гипертензия у взрослых""
Возрастная категория: Взрослые
# Лечение
## Лечение артериальной гипертензии в отдельных клинических ситуациях",1,0.8697699904441833
654,"Клинические рекомендации ""Головная боль напряжения (ГБН)""
Возрастная категория: Взрослые
# Лечение
## Особенности лечения ГБН, сочетающейся с лекарственно-индуцированной головной болью (ЛИГБ)",0,0.5039570331573486
799,"Клинические рекомендации ""Болезнь Крона""
Возрастная категория: Взрослые
# Лечение
## Консервативное лечение
### Тяжелое течение активной БК любой локализации",1,0.8694843053817749
46,"Клинические рекомендации ""Хроническая сердечная недостаточность""
Возрастная категория: Взрослые
# Лечение
## Консервативное лечение
### Терапия, рекомендованная пациентам с симптомной сердечной недостаточностью со сниженной фракцией выброса левого желудочка",1,0.567456841468811
263,"Клинические рекомендации ""Болезнь Крона""
Возрастная категория: Взрослые
# Лечение
## Консервативное лечение
### Легкая БК илеоцекальной локализации",1,0.9168261289596558
99,"Клинические рекомендации ""Артериальная гипертензия у взрослых""
Возрастная категория: Взрослые
# Лечение
## Лечение артериальной гипертензии в отдельных клинических ситуациях",1,0.9167531728744507
641,"Клинические рекомендации ""Болезнь Крона""
Возрастная категория: Взрослые
# Лечение
## Консервативное лечение
### БК толстой кишки легкой и средней тяжести",1,0.5407373905181885
22,"Клинические рекомендации ""Хроническая сердечная недостаточность""
Возрастная категория: Взрослые
# Лечение
## Консервативное лечение
### Терапия, не рекомендованная (не доказан положительный эффект) пациентам с симптомной сердечной недостаточностью и сниженной фракцией выброса левого желудочка",1,0.5561575889587402
403,"Клинические рекомендации ""Хроническая сердечная недостаточность""
Возрастная категория: Взрослые
# Лечение
## Консервативное лечение
### Лечение пациентов с хронической сердечной недостаточностью и сочетанной патологией",1,0.5094202160835266
235,"Клинические рекомендации ""Хроническая сердечная недостаточность""
Возрастная категория: Взрослые
# Лечение
## Консервативное лечение
### Терапия, рекомендованная пациентам с симптомной сердечной недостаточностью со сниженной фракцией выброса левого желудочка",1,0.9550149440765381
267,"Клинические рекомендации ""Болезнь Крона""
Возрастная категория: Взрослые
# Лечение
## Хирургическое лечение БК
### Хирургическое лечение БК с поражением верхних отделов ЖКТ",0,0.2952864468097687
57,"Клинические рекомендации ""Хроническая сердечная недостаточность""
Возрастная категория: Взрослые
# Лечение
## Консервативное лечение
### Терапия, рекомендованная пациентам с симптомной сердечной недостаточностью со сниженной фракцией выброса левого желудочка",1,0.567456841468811
124,"Клинические рекомендации ""Бронхиальная астма""
Возрастная категория: Взрослые и дети
# Лечение
## Особенности лечения БА у беременных и в период грудного вскармливания",0,0.18168765306472778
240,"Клинические рекомендации ""Гастрит и дуоденит""
Возрастная категория: Взрослые
# Лечение
## Медикаментозное лечение
### Эрадикационная терапия инфекции H. рylori",0,0.647060215473175
334,"Клинические рекомендации ""Хроническая сердечная недостаточность""
Возрастная категория: Взрослые
# Лечение
## Консервативное лечение
### Терапия, рекомендованная пациентам с симптомной сердечной недостаточностью со сниженной фракцией выброса левого желудочка",1,0.8939679265022278
291,"Клинические рекомендации ""Болезнь Крона""
Возрастная категория: Взрослые
# Лечение
## Хирургическое лечение БК
### Хирургическое лечение БК в форме терминального илеита или илеоколита",1,0.5452259182929993
676,"Клинические рекомендации ""Эндометриоз""
Возрастная категория: Взрослые и дети
# Лечение
## Эндометриоз у подростков (до 18 лет)",0,0.06391290575265884
696,"Клинические рекомендации ""Болезнь Крона""
Возрастная категория: Взрослые
# Лечение
## Хирургическое лечение БК
### Хирургическое лечение БК в форме терминального илеита или илеоколита",0,0.5006788969039917
123,"Клинические рекомендации ""Бронхиальная астма""
Возрастная категория: Взрослые и дети
# Лечение
## Особенности лечения БА у беременных и в период грудного вскармливания",0,0.470974326133728
652,"Клинические рекомендации ""Эндометриоз""
Возрастная категория: Взрослые и дети
# Лечение
## Эндометриоз у подростков (до 18 лет)",0,0.05035970360040665
143,"Клинические рекомендации ""Гастрит и дуоденит""
Возрастная категория: Взрослые
# Лечение
## Медикаментозное лечение
### Медикаментозная терапия при эрозивном гастрите и дуодените",0,0.8645868301391602
469,"Клинические рекомендации ""Болезнь Крона""
Возрастная категория: Взрослые
# Лечение
## Хирургическое лечение БК
### Хирургическое лечение БК с поражением верхних отделов ЖКТ",0,0.30436062812805176
226,"Клинические рекомендации ""Хроническая сердечная недостаточность""
Возрастная категория: Взрослые
# Лечение
## Консервативное лечение
### Лечение пациентов с ХСН с умеренно сниженной и сохраненной ФВ ЛЖ",1,0.9557160139083862
411,"Клинические рекомендации ""Хроническая сердечная недостаточность""
Возрастная категория: Взрослые
# Лечение
## Консервативное лечение
### Терапия, рекомендованная пациентам с симптомной сердечной недостаточностью со сниженной фракцией выброса левого желудочка",1,0.5132025480270386
615,"Клинические рекомендации ""Хроническая сердечная недостаточность""
Возрастная категория: Взрослые
# Лечение
## Консервативное лечение
### Терапия, рекомендованная пациентам с симптомной сердечной недостаточностью со сниженной фракцией выброса левого желудочка",1,0.8896206617355347
777,"Клинические рекомендации ""Болезнь Крона""
Возрастная категория: Взрослые
# Лечение
## Хирургическое лечение БК
### Хирургическое лечение БК с поражением верхних отделов ЖКТ",0,0.4933706820011139
270,"Клинические рекомендации ""Гонартроз""
Возрастная категория: Взрослые и дети
# Лечение
## Хирургическое лечение
### Особенности органосохраняющего оперативного лечения у детей с гонартрозом",0,0.4591503441333771
850,"Клинические рекомендации ""Болезнь Крона""
Возрастная категория: Взрослые
# Лечение
## Хирургическое лечение БК
### Лечение БК с перианальными проявлениями (перианальная БК)",1,0.23337149620056152
325,"Клинические рекомендации ""Хроническая сердечная недостаточность""
Возрастная категория: Взрослые
# Лечение
## Консервативное лечение
### Лечение пациентов с ХСН с умеренно сниженной и сохраненной ФВ ЛЖ",1,0.510393500328064
193,"Клинические рекомендации ""Хроническая сердечная недостаточность""
Возрастная категория: Взрослые
# Лечение
## Консервативное лечение
### Лечение пациентов с ХСН с умеренно сниженной и сохраненной ФВ ЛЖ",1,0.9262250065803528
658,"Клинические рекомендации ""Хроническая сердечная недостаточность""
Возрастная категория: Взрослые
# Лечение
## Консервативное лечение
### Особенности лечения пациентов с хронической сердечной недостаточностью и желудочковыми нарушениями ритма сердца",0,0.142784982919693
307,"Клинические рекомендации ""Хроническая сердечная недостаточность""
Возрастная категория: Взрослые
# Лечение
## Консервативное лечение
### Терапия, не рекомендованная (не доказан положительный эффект) пациентам с симптомной сердечной недостаточностью и сниженной фракцией выброса левого желудочка",1,0.5045895576477051
803,"Клинические рекомендации ""Мочекаменная болезнь""
Возрастная категория: Взрослые
# Лечение
## Лечение мочекаменной болезни в особых группах пациентов",1,0.8117516040802002
659,"Клинические рекомендации ""Хроническая сердечная недостаточность""
Возрастная категория: Взрослые
# Лечение
## Консервативное лечение
### Особенности лечения пациентов с хронической сердечной недостаточностью и фибрилляцией предсердий",0,0.17096686363220215
35,"Клинические рекомендации ""Хроническая сердечная недостаточность""
Возрастная категория: Взрослые
# Лечение
## Консервативное лечение
### Терапия, рекомендованная пациентам с симптомной сердечной недостаточностью со сниженной фракцией выброса левого желудочка",1,0.5716275572776794
726,"Клинические рекомендации ""Болезнь Крона""
Возрастная категория: Взрослые
# Лечение
## Хирургическое лечение БК
### Хирургическое лечение БК с поражением верхних отделов ЖКТ",0,0.5629940629005432
137,"Клинические рекомендации ""Гастрит и дуоденит""
Возрастная категория: Взрослые
# Лечение
## Медикаментозное лечение
### Медикаментозная терапия при эрозивном гастрите и дуодените",1,0.5831263661384583
716,"Клинические рекомендации ""Хроническая сердечная недостаточность""
Возрастная категория: Взрослые
# Лечение
## Консервативное лечение
### Терапия, не рекомендованная (не доказан положительный эффект) пациентам с симптомной сердечной недостаточностью и сниженной фракцией выброса левого желудочка",1,0.544364333152771
397,"Клинические рекомендации ""Эндометриоз""
Возрастная категория: Взрослые и дети
# Лечение
## Эндометриоз и рак",0,0.08022309839725494
624,"Клинические рекомендации ""Эндометриоз""
Возрастная категория: Взрослые и дети
# Лечение
## Эндометриоз в постменопаузе",0,0.34758540987968445
673,"Клинические рекомендации ""Болезнь Крона""
Возрастная категория: Взрослые
# Лечение
## Хирургическое лечение БК
### Хирургическое лечение БК с поражением верхних отделов ЖКТ",1,0.3122950494289398
639,"Клинические рекомендации ""Хроническая сердечная недостаточность""
Возрастная категория: Взрослые
# Лечение
## Консервативное лечение
### Терапия, рекомендованная пациентам с симптомной сердечной недостаточностью со сниженной фракцией выброса левого желудочка",1,0.5446848273277283
574,"Клинические рекомендации ""Болезнь Крона""
Возрастная категория: Взрослые
# Лечение
## Хирургическое лечение БК
### Хирургическое лечение БК в форме терминального илеита или илеоколита",1,0.49855518341064453
625,"Клинические рекомендации ""Эндометриоз""
Возрастная категория: Взрослые и дети
# Лечение
## Эндометриоз и рак",0,0.43410733342170715
199,"Клинические рекомендации ""Хроническая сердечная недостаточность""
Возрастная категория: Взрослые
# Лечение
## Консервативное лечение
### Рекомендации по начальному лечению пациентов с хронической сердечной недостаточностью и фибрилляцией предсердий с высокой частотой желудочковых сокращений в острой или хронической ситуации",1,0.5362058281898499
705,"Клинические рекомендации ""Амиодарон-индуцированная дисфункция щитовидной железы""
Возрастная категория: Взрослые
# Лечение
## Консервативное лечение амиодарон-индуцированного гипотиреоза",1,0.7627398371696472
161,"Клинические рекомендации ""Гастрит и дуоденит""
Возрастная категория: Взрослые
# Лечение
## Медикаментозное лечение
### Медикаментозная терапия при эрозивном гастрите и дуодените",1,0.5119534730911255
690,"Клинические рекомендации ""Болезнь Крона""
Возрастная категория: Взрослые
# Лечение
## Консервативное лечение
### БК илеоцекальной локализации средней тяжести",1,0.5178377032279968
93,"Клинические рекомендации ""Артериальная гипертензия у взрослых""
Возрастная категория: Взрослые
# Лечение
## Лечение артериальной гипертензии в отдельных клинических ситуациях",1,0.5492627024650574
342,"Клинические рекомендации ""Болезнь Крона""
Возрастная категория: Взрослые
# Лечение
## Хирургическое лечение БК
### Хирургическое лечение БК с поражением верхних отделов ЖКТ",0,0.535248875617981
169,"Клинические рекомендации ""Гастрит и дуоденит""
Возрастная категория: Взрослые
# Лечение
## Эндоскопическое лечение",1,0.4637705087661743
510,"Клинические рекомендации ""Болезнь Крона""
Возрастная категория: Взрослые
# Лечение
## Хирургическое лечение БК
### Хирургическое лечение БК в форме терминального илеита или илеоколита",1,0.5180047750473022
548,"Клинические рекомендации ""Болезнь Крона""
Возрастная категория: Взрослые
# Лечение
## Хирургическое лечение БК
### Лечение БК с перианальными проявлениями (перианальная БК)",1,0.5311592817306519
730,"Клинические рекомендации ""Мочекаменная болезнь""
Возрастная категория: Взрослые
# Лечение
## Лечение мочекаменной болезни в особых группах пациентов",1,0.7299693822860718
449,"Клинические рекомендации ""Амиодарон-индуцированная дисфункция щитовидной железы""
Возрастная категория: Взрослые
# Лечение
## Консервативное лечение амиодарон-индуцированного гипотиреоза",0,0.5025880336761475
187,"Клинические рекомендации ""Хроническая сердечная недостаточность""
Возрастная категория: Взрослые
# Лечение
## Консервативное лечение
### Рекомендации по контролю ритма у пациентов с фибрилляцией предсердий, симптомной ХСН, систолической дисфункцией левого желудочка при отсутствии острой декомпенсации",1,0.5622928738594055
186,"Клинические рекомендации ""Хроническая сердечная недостаточность""
Возрастная категория: Взрослые
# Лечение
## Консервативное лечение
### Профилактика фибрилляции предсердий у пациентов с хронической сердечной недостаточностью",1,0.9209185242652893
419,"Клинические рекомендации ""Болезнь Крона""
Возрастная категория: Взрослые
# Лечение
## Хирургическое лечение БК
### Хирургическое лечение БК с поражением верхних отделов ЖКТ",0,0.5188421010971069
356,"Клинические рекомендации ""Хроническая сердечная недостаточность""
Возрастная категория: Взрослые
# Лечение
## Консервативное лечение
### Профилактика фибрилляции предсердий у пациентов с хронической сердечной недостаточностью",1,0.495690256357193
678,"Клинические рекомендации ""Головная боль напряжения (ГБН)""
Возрастная категория: Взрослые
# Лечение
## Особенности лечения ГБН, сочетающейся с лекарственно-индуцированной головной болью (ЛИГБ)",0,0.3117242753505707
324,"Клинические рекомендации ""Хроническая сердечная недостаточность""
Возрастная категория: Взрослые
# Лечение
## Консервативное лечение
### Лечение пациентов с ХСН в особых группах",1,0.4978848695755005
830,"Клинические рекомендации ""Эндометриоз""
Возрастная категория: Взрослые и дети
# Лечение
## Эндометриоз и рак",0,0.06675960123538971
675,"Клинические рекомендации ""Эндометриоз""
Возрастная категория: Взрослые и дети
# Лечение
## Эндометриоз и рак",0,0.0682525783777237
31,"Клинические рекомендации ""Хроническая сердечная недостаточность""
Возрастная категория: Взрослые
# Лечение
## Консервативное лечение
### Рекомендации по контролю ритма у пациентов с фибрилляцией предсердий, симптомной ХСН, систолической дисфункцией левого желудочка при отсутствии острой декомпенсации",1,0.6153525114059448
629,"Клинические рекомендации ""Хроническая сердечная недостаточность""
Возрастная категория: Взрослые
# Лечение
## Консервативное лечение
### Лечение пациентов с ХСН в особых группах",1,0.9442223310470581
473,"Клинические рекомендации ""Эндометриоз""
Возрастная категория: Взрослые и дети
# Лечение
## Эндометриоз у подростков (до 18 лет)",0,0.047496575862169266
542,"Клинические рекомендации ""Хроническая сердечная недостаточность""
Возрастная категория: Взрослые
# Лечение
## Консервативное лечение
### Терапия, рекомендованная пациентам с симптомной сердечной недостаточностью со сниженной фракцией выброса левого желудочка",1,0.5446848273277283
1,"Клинические рекомендации ""Гастрит и дуоденит""
Возрастная категория: Взрослые
# Лечение
## Медикаментозное лечение
### Эрадикационная терапия инфекции H. рylori",1,0.4942513108253479
534,"Клинические рекомендации ""Хроническая сердечная недостаточность""
Возрастная категория: Взрослые
# Лечение
## Консервативное лечение
### Лечение пациентов с хронической сердечной недостаточностью и сочетанной патологией",1,0.9033734202384949
407,"Клинические рекомендации ""Хроническая сердечная недостаточность""
Возрастная категория: Взрослые
# Лечение
## Консервативное лечение
### Рекомендации по контролю ритма у пациентов с фибрилляцией предсердий, симптомной ХСН, систолической дисфункцией левого желудочка при отсутствии острой декомпенсации",0,0.19706124067306519
839,"Клинические рекомендации ""Хроническая сердечная недостаточность""
Возрастная категория: Взрослые
# Лечение
## Консервативное лечение
### Профилактика фибрилляции предсердий у пациентов с хронической сердечной недостаточностью",1,0.6709120869636536
713,"Клинические рекомендации ""Хроническая сердечная недостаточность""
Возрастная категория: Взрослые
# Лечение
## Консервативное лечение
### Профилактика фибрилляции предсердий у пациентов с хронической сердечной недостаточностью",1,0.8235597014427185
547,"Клинические рекомендации ""Болезнь Крона""
Возрастная категория: Взрослые
# Лечение
## Консервативное лечение
### Тяжелое течение активной БК любой локализации",1,0.9031243324279785
282,"Клинические рекомендации ""Хроническая сердечная недостаточность""
Возрастная категория: Взрослые
# Лечение
## Консервативное лечение
### Терапия, не рекомендованная (не доказан положительный эффект) пациентам с симптомной сердечной недостаточностью и сниженной фракцией выброса левого желудочка",0,0.8092743158340454
153,"Клинические рекомендации ""Гастрит и дуоденит""
Возрастная категория: Взрослые
# Лечение
## Медикаментозное лечение
### Эрадикационная терапия инфекции H. рylori",1,0.8946086764335632
122,"Клинические рекомендации ""Бронхиальная астма""
Возрастная категория: Взрослые и дети
# Лечение
## Особенности лечения БА у беременных и в период грудного вскармливания",0,0.18168765306472778
185,"Клинические рекомендации ""Хроническая сердечная недостаточность""
Возрастная категория: Взрослые
# Лечение
## Консервативное лечение
### Особенности лечения пациентов с хронической сердечной недостаточностью и фибрилляцией предсердий",0,0.8250317573547363
420,"Клинические рекомендации ""Мочекаменная болезнь""
Возрастная категория: Взрослые
# Лечение
## Лечение мочекаменной болезни в особых группах пациентов",1,0.8610081672668457
21,"Клинические рекомендации ""Хроническая сердечная недостаточность""
Возрастная категория: Взрослые
# Лечение
## Консервативное лечение
### Рекомендации по начальному лечению пациентов с хронической сердечной недостаточностью и фибрилляцией предсердий с высокой частотой желудочковых сокращений в острой или хронической ситуации",1,0.5528203248977661
395,"Клинические рекомендации ""Мочекаменная болезнь""
Возрастная категория: Взрослые
# Лечение
## Лечение мочекаменной болезни в особых группах пациентов",1,0.8286705613136292
631,"Клинические рекомендации ""Хроническая сердечная недостаточность""
Возрастная категория: Взрослые
# Лечение
## Консервативное лечение
### Лечение пациентов с хронической сердечной недостаточностью и сочетанной патологией",1,0.5364894270896912
425,"Клинические рекомендации ""Головная боль напряжения (ГБН)""
Возрастная категория: Взрослые
# Лечение
## Особенности лечения ГБН, сочетающейся с лекарственно-индуцированной головной болью (ЛИГБ)",0,0.48081302642822266
367,"Клинические рекомендации ""Болезнь Крона""
Возрастная категория: Взрослые
# Лечение
## Хирургическое лечение БК
### Лечение БК с перианальными проявлениями (перианальная БК)",0,0.29561200737953186
487,"Клинические рекомендации ""Мочекаменная болезнь""
Возрастная категория: Взрослые
# Лечение
## Лечение мочекаменной болезни в особых группах пациентов",0,0.8468702435493469
674,"Клинические рекомендации ""Эндометриоз""
Возрастная категория: Взрослые и дети
# Лечение
## Эндометриоз в постменопаузе",0,0.35455480217933655
708,"Клинические рекомендации ""Хроническая сердечная недостаточность""
Возрастная категория: Взрослые
# Лечение
## Консервативное лечение
### Лечение пациентов с ХСН в особых группах",1,0.9474227428436279
756,"Клинические рекомендации ""Эндометриоз""
Возрастная категория: Взрослые и дети
# Лечение
## Эндометриоз у подростков (до 18 лет)",0,0.4521128535270691
648,"Клинические рекомендации ""Желчнокаменная болезнь""
Возрастная категория: Взрослые
# Лечение
## Хирургическое лечение
### Острый калькулезный холецистит",1,0.6325579881668091
472,"Клинические рекомендации ""Эндометриоз""
Возрастная категория: Взрослые и дети
# Лечение
## Эндометриоз и рак",0,0.3444881737232208
408,"Клинические рекомендации ""Хроническая сердечная недостаточность""
Возрастная категория: Взрослые
# Лечение
## Консервативное лечение
### Рекомендации по начальному лечению пациентов с хронической сердечной недостаточностью и фибрилляцией предсердий с высокой частотой желудочковых сокращений в острой или хронической ситуации",0,0.08548620343208313
789,"Клинические рекомендации ""Хроническая сердечная недостаточность""
Возрастная категория: Взрослые
# Лечение
## Консервативное лечение
### Профилактика фибрилляции предсердий у пациентов с хронической сердечной недостаточностью",0,0.5589576363563538
257,"Клинические рекомендации ""Хроническая сердечная недостаточность""
Возрастная категория: Взрослые
# Лечение
## Консервативное лечение
### Терапия, не рекомендованная (не доказан положительный эффект) пациентам с симптомной сердечной недостаточностью и сниженной фракцией выброса левого желудочка",1,0.8946976065635681
296,"Клинические рекомендации ""Эндометриоз""
Возрастная категория: Взрослые и дети
# Лечение
## Эндометриоз у подростков (до 18 лет)",0,0.34658756852149963
556,"Клинические рекомендации ""Головная боль напряжения (ГБН)""
Возрастная категория: Взрослые
# Лечение
## Особенности лечения ГБН, сочетающейся с лекарственно-индуцированной головной болью (ЛИГБ)",0,0.4433010220527649
780,"Клинические рекомендации ""Эндометриоз""
Возрастная категория: Взрослые и дети
# Лечение
## Эндометриоз и рак",0,0.42766258120536804
858,"Клинические рекомендации ""Амиодарон-индуцированная дисфункция щитовидной железы""
Возрастная категория: Взрослые
# Лечение
## Консервативное лечение амиодарон-индуцированного гипотиреоза",0,0.4583776295185089
854,"Клинические рекомендации ""Эндометриоз""
Возрастная категория: Взрослые и дети
# Лечение
## Эндометриоз и рак",0,0.4360063970088959
682,"Клинические рекомендации ""Хроническая сердечная недостаточность""
Возрастная категория: Взрослые
# Лечение
## Консервативное лечение
### Особенности лечения пациентов с хронической сердечной недостаточностью и желудочковыми нарушениями ритма сердца",1,0.31055405735969543
183,"Клинические рекомендации ""Хроническая сердечная недостаточность""
Возрастная категория: Взрослые
# Лечение
## Консервативное лечение
### Лечение пациентов с хронической сердечной недостаточностью и сочетанной патологией",1,0.9509698748588562
376,"Клинические рекомендации ""Хроническая сердечная недостаточность""
Возрастная категория: Взрослые
# Лечение
## Консервативное лечение
### Лечение пациентов с ХСН в особых группах",1,0.4978848695755005
646,"Клинические рекомендации ""Болезнь Крона""
Возрастная категория: Взрослые
# Лечение
## Хирургическое лечение БК
### Хирургическое лечение БК в форме терминального илеита или илеоколита",1,0.5336109399795532
16,"Клинические рекомендации ""Хроническая сердечная недостаточность""
Возрастная категория: Взрослые
# Лечение
## Консервативное лечение
### Лечение пациентов с хронической сердечной недостаточностью и сочетанной патологией",1,0.5618504285812378
14,"Клинические рекомендации ""Хроническая сердечная недостаточность""
Возрастная категория: Взрослые
# Лечение
## Консервативное лечение
### Лечение пациентов с ХСН в особых группах",1,0.9345923066139221
300,"Клинические рекомендации ""Хроническая сердечная недостаточность""
Возрастная категория: Взрослые
# Лечение
## Консервативное лечение
### Лечение пациентов с ХСН с умеренно сниженной и сохраненной ФВ ЛЖ",1,0.4955735206604004
156,"Клинические рекомендации ""Гастрит и дуоденит""
Возрастная категория: Взрослые
# Лечение
## Медикаментозное лечение
### Эрадикационная терапия инфекции H. рylori",1,0.5048645734786987
702,"Клинические рекомендации ""Эндометриоз""
Возрастная категория: Взрослые и дети
# Лечение
## Эндометриоз в постменопаузе",0,0.08608894050121307
96,"Клинические рекомендации ""Артериальная гипертензия у взрослых""
Возрастная категория: Взрослые
# Лечение
## Лечение артериальной гипертензии в отдельных клинических ситуациях",1,0.5216816067695618
62,"Клинические рекомендации ""Хроническая сердечная недостаточность""
Возрастная категория: Взрослые
# Лечение
## Консервативное лечение
### Особенности лечения пациентов с хронической сердечной недостаточностью и фибрилляцией предсердий",1,0.8984619975090027
281,"Клинические рекомендации ""Хроническая сердечная недостаточность""
Возрастная категория: Взрослые
# Лечение
## Консервативное лечение
### Рекомендации по начальному лечению пациентов с хронической сердечной недостаточностью и фибрилляцией предсердий с высокой частотой желудочковых сокращений в острой или хронической ситуации",0,0.5225412845611572
89,"Клинические рекомендации ""Артериальная гипертензия у взрослых""
Возрастная категория: Взрослые
# Лечение
## Лечение артериальной гипертензии в отдельных клинических ситуациях",0,0.808635413646698
20,"Клинические рекомендации ""Хроническая сердечная недостаточность""
Возрастная категория: Взрослые
# Лечение
## Консервативное лечение
### Рекомендации по контролю ритма у пациентов с фибрилляцией предсердий, симптомной ХСН, систолической дисфункцией левого желудочка при отсутствии острой декомпенсации",1,0.5587218403816223
102,"Клинические рекомендации ""Артериальная гипертензия у взрослых""
Возрастная категория: Взрослые
# Лечение
## Лечение артериальной гипертензии в отдельных клинических ситуациях",1,0.9266723394393921
820,"Клинические рекомендации ""Болезнь Крона""
Возрастная категория: Взрослые
# Лечение
## Консервативное лечение
### БК илеоцекальной локализации средней тяжести",1,0.5266203284263611
229,"Клинические рекомендации ""Хроническая сердечная недостаточность""
Возрастная категория: Взрослые
# Лечение
## Консервативное лечение
### Особенности лечения пациентов с хронической сердечной недостаточностью и фибрилляцией предсердий",1,0.7092978954315186
636,"Клинические рекомендации ""Хроническая сердечная недостаточность""
Возрастная категория: Взрослые
# Лечение
## Консервативное лечение
### Рекомендации по начальному лечению пациентов с хронической сердечной недостаточностью и фибрилляцией предсердий с высокой частотой желудочковых сокращений в острой или хронической ситуации",1,0.3024626076221466
416,"Клинические рекомендации ""Болезнь Крона""
Возрастная категория: Взрослые
# Лечение
## Консервативное лечение
### Тяжелое течение активной БК любой локализации",1,0.8940489888191223
345,"Клинические рекомендации ""Мочекаменная болезнь""
Возрастная категория: Взрослые
# Лечение
## Лечение мочекаменной болезни в особых группах пациентов",1,0.4589247703552246
718,"Клинические рекомендации ""Хроническая сердечная недостаточность""
Возрастная категория: Взрослые
# Лечение
## Консервативное лечение
### Терапия, рекомендованная пациентам с симптомной сердечной недостаточностью со сниженной фракцией выброса левого желудочка",1,0.9013175964355469
656,"Клинические рекомендации ""Хроническая сердечная недостаточность""
Возрастная категория: Взрослые
# Лечение
## Консервативное лечение
### Лечение пациентов с ХСН с умеренно сниженной и сохраненной ФВ ЛЖ",1,0.4934651255607605
108,"Клинические рекомендации ""Гастрит и дуоденит""
Возрастная категория: Взрослые
# Лечение
## Медикаментозное лечение
### Эрадикационная терапия инфекции H. рylori",0,0.4961306154727936
727,"Клинические рекомендации ""Желчнокаменная болезнь""
Возрастная категория: Взрослые
# Лечение
## Хирургическое лечение
### Острый калькулезный холецистит",1,0.9001162052154541
736,"Клинические рекомендации ""Хроническая сердечная недостаточность""
Возрастная категория: Взрослые
# Лечение
## Консервативное лечение
### Лечение пациентов с хронической сердечной недостаточностью и сочетанной патологией",1,0.8728997707366943
498,"Клинические рекомендации ""Хроническая сердечная недостаточность""
Возрастная категория: Взрослые
# Лечение
## Консервативное лечение
### Профилактика фибрилляции предсердий у пациентов с хронической сердечной недостаточностью",1,0.9248328804969788
550,"Клинические рекомендации ""Болезнь Крона""
Возрастная категория: Взрослые
# Лечение
## Хирургическое лечение БК
### Хирургическое лечение БК с поражением верхних отделов ЖКТ",1,0.2580709159374237
824,"Клинические рекомендации ""Болезнь Крона""
Возрастная категория: Взрослые
# Лечение
## Консервативное лечение
### Тяжелое течение активной БК любой локализации",1,0.8350961804389954
794,"Клинические рекомендации ""Хроническая сердечная недостаточность""
Возрастная категория: Взрослые
# Лечение
## Консервативное лечение
### Терапия, рекомендованная пациентам с симптомной сердечной недостаточностью со сниженной фракцией выброса левого желудочка",1,0.6910722255706787
816,"Клинические рекомендации ""Хроническая сердечная недостаточность""
Возрастная категория: Взрослые
# Лечение
## Консервативное лечение
### Рекомендации по начальному лечению пациентов с хронической сердечной недостаточностью и фибрилляцией предсердий с высокой частотой желудочковых сокращений в острой или хронической ситуации",0,0.5072136521339417
844,"Клинические рекомендации ""Хроническая сердечная недостаточность""
Возрастная категория: Взрослые
# Лечение
## Консервативное лечение
### Терапия, рекомендованная пациентам с симптомной сердечной недостаточностью со сниженной фракцией выброса левого желудочка",1,0.5262563228607178
818,"Клинические рекомендации ""Хроническая сердечная недостаточность""
Возрастная категория: Взрослые
# Лечение
## Консервативное лечение
### Терапия, применение которой может быть опасно, и не рекомендовано для пациентов с хронической сердечной недостаточностью II-IV функционального класса и сниженной фракцией выброса левого желудочка",0,0.49350258708000183
92,"Клинические рекомендации ""Артериальная гипертензия у взрослых""
Возрастная категория: Взрослые
# Лечение
## Лечение артериальной гипертензии в отдельных клинических ситуациях",1,0.9260421991348267
276,"Клинические рекомендации ""Хроническая сердечная недостаточность""
Возрастная категория: Взрослые
# Лечение
## Консервативное лечение
### Лечение пациентов с хронической сердечной недостаточностью и сочетанной патологией",1,0.6762136220932007
797,"Клинические рекомендации ""Болезнь Крона""
Возрастная категория: Взрослые
# Лечение
## Консервативное лечение
### БК тонкой кишки (кроме терминального илеита)",0,0.5193178057670593
341,"Клинические рекомендации ""Болезнь Крона""
Возрастная категория: Взрослые
# Лечение
## Хирургическое лечение БК
### Хирургическое лечение БК в форме терминального илеита или илеоколита",0,0.512915849685669
582,"Клинические рекомендации ""Хроническая сердечная недостаточность""
Возрастная категория: Взрослые
# Лечение
## Консервативное лечение
### Лечение пациентов с ХСН с умеренно сниженной и сохраненной ФВ ЛЖ",1,0.9033668637275696
344,"Клинические рекомендации ""Желчнокаменная болезнь""
Возрастная категория: Взрослые
# Лечение
## Хирургическое лечение
### Холедохолитиаз/холангиолитиаз",1,0.6561166048049927
807,"Клинические рекомендации ""Амиодарон-индуцированная дисфункция щитовидной железы""
Возрастная категория: Взрослые
# Лечение
## Консервативное лечение амиодарон-индуцированного гипотиреоза",0,0.5085542798042297
97,"Клинические рекомендации ""Артериальная гипертензия у взрослых""
Возрастная категория: Взрослые
# Лечение
## Лечение артериальной гипертензии в отдельных клинических ситуациях",1,0.8913100957870483
752,"Клинические рекомендации ""Болезнь Крона""
Возрастная категория: Взрослые
# Лечение
## Хирургическое лечение БК
### Хирургическое лечение БК с поражением верхних отделов ЖКТ",1,0.280867338180542
445,"Клинические рекомендации ""Мочекаменная болезнь""
Возрастная категория: Взрослые
# Лечение
## Лечение мочекаменной болезни в особых группах пациентов",1,0.8822954893112183
230,"Клинические рекомендации ""Хроническая сердечная недостаточность""
Возрастная категория: Взрослые
# Лечение
## Консервативное лечение
### Профилактика фибрилляции предсердий у пациентов с хронической сердечной недостаточностью",1,0.5504410266876221
568,"Клинические рекомендации ""Болезнь Крона""
Возрастная категория: Взрослые
# Лечение
## Консервативное лечение
### БК илеоцекальной локализации средней тяжести",1,0.5150302052497864
329,"Клинические рекомендации ""Хроническая сердечная недостаточность""
Возрастная категория: Взрослые
# Лечение
## Консервативное лечение
### Профилактика фибрилляции предсердий у пациентов с хронической сердечной недостаточностью",0,0.5198424458503723
840,"Клинические рекомендации ""Хроническая сердечная недостаточность""
Возрастная категория: Взрослые
# Лечение
## Консервативное лечение
### Рекомендации по контролю ритма у пациентов с фибрилляцией предсердий, симптомной ХСН, систолической дисфункцией левого желудочка при отсутствии острой декомпенсации",0,0.5120745897293091
253,"Клинические рекомендации ""Хроническая сердечная недостаточность""
Возрастная категория: Взрослые
# Лечение
## Консервативное лечение
### Особенности лечения пациентов с хронической сердечной недостаточностью и фибрилляцией предсердий",0,0.5248342156410217
214,"Клинические рекомендации ""Хроническая сердечная недостаточность""
Возрастная категория: Взрослые
# Лечение
## Консервативное лечение
### Лечение пациентов с ХСН в особых группах",1,0.5498130917549133
569,"Клинические рекомендации ""Болезнь Крона""
Возрастная категория: Взрослые
# Лечение
## Консервативное лечение
### БК толстой кишки легкой и средней тяжести",1,0.8967090249061584
354,"Клинические рекомендации ""Хроническая сердечная недостаточность""
Возрастная категория: Взрослые
# Лечение
## Консервативное лечение
### Особенности лечения пациентов с хронической сердечной недостаточностью и желудочковыми нарушениями ритма сердца",0,0.14492565393447876
377,"Клинические рекомендации ""Хроническая сердечная недостаточность""
Возрастная категория: Взрослые
# Лечение
## Консервативное лечение
### Лечение пациентов с ХСН с умеренно сниженной и сохраненной ФВ ЛЖ",1,0.4955735206604004
744,"Клинические рекомендации ""Хроническая сердечная недостаточность""
Возрастная категория: Взрослые
# Лечение
## Консервативное лечение
### Терапия, рекомендованная пациентам с симптомной сердечной недостаточностью со сниженной фракцией выброса левого желудочка",1,0.8768811225891113
162,"Клинические рекомендации ""Гастрит и дуоденит""
Возрастная категория: Взрослые
# Лечение
## Медикаментозное лечение
### Эрадикационная терапия инфекции H. рylori",1,0.5165757536888123
722,"Клинические рекомендации ""Болезнь Крона""
Возрастная категория: Взрослые
# Лечение
## Консервативное лечение
### Легкая БК илеоцекальной локализации",0,0.9340382814407349
699,"Клинические рекомендации ""Желчнокаменная болезнь""
Возрастная категория: Взрослые
# Лечение
## Хирургическое лечение
### Холедохолитиаз/холангиолитиаз",0,0.47103649377822876
373,"Клинические рекомендации ""Эндометриоз""
Возрастная категория: Взрослые и дети
# Лечение
## Эндометриоз у подростков (до 18 лет)",0,0.0758223906159401
544,"Клинические рекомендации ""Болезнь Крона""
Возрастная категория: Взрослые
# Лечение
## Консервативное лечение
### БК толстой кишки легкой и средней тяжести",1,0.8550648093223572
370,"Клинические рекомендации ""Мочекаменная болезнь""
Возрастная категория: Взрослые
# Лечение
## Лечение мочекаменной болезни в особых группах пациентов",1,0.47245895862579346
623,"Клинические рекомендации ""Болезнь Крона""
Возрастная категория: Взрослые
# Лечение
## Хирургическое лечение БК
### Хирургическое лечение БК с поражением верхних отделов ЖКТ",1,0.43058741092681885
539,"Клинические рекомендации ""Хроническая сердечная недостаточность""
Возрастная категория: Взрослые
# Лечение
## Консервативное лечение
### Рекомендации по начальному лечению пациентов с хронической сердечной недостаточностью и фибрилляцией предсердий с высокой частотой желудочковых сокращений в острой или хронической ситуации",0,0.5463399887084961
125,"Клинические рекомендации ""Бронхиальная астма""
Возрастная категория: Взрослые и дети
# Лечение
## Особенности лечения БА у беременных и в период грудного вскармливания",0,0.470974326133728
687,"Клинические рекомендации ""Хроническая сердечная недостаточность""
Возрастная категория: Взрослые
# Лечение
## Консервативное лечение
### Терапия, не рекомендованная (не доказан положительный эффект) пациентам с симптомной сердечной недостаточностью и сниженной фракцией выброса левого желудочка",1,0.544364333152771
405,"Клинические рекомендации ""Хроническая сердечная недостаточность""
Возрастная категория: Взрослые
# Лечение
## Консервативное лечение
### Особенности лечения пациентов с хронической сердечной недостаточностью и фибрилляцией предсердий",0,0.4956141412258148
798,"Клинические рекомендации ""Болезнь Крона""
Возрастная категория: Взрослые
# Лечение
## Консервативное лечение
### Легкая БК илеоцекальной локализации",1,0.8709163665771484
829,"Клинические рекомендации ""Эндометриоз""
Возрастная категория: Взрослые и дети
# Лечение
## Эндометриоз в постменопаузе",0,0.05202367529273033
351,"Клинические рекомендации ""Хроническая сердечная недостаточность""
Возрастная категория: Взрослые
# Лечение
## Консервативное лечение
### Лечение пациентов с ХСН в особых группах",1,0.903919517993927
602,"Клинические рекомендации ""Эндометриоз""
Возрастная категория: Взрослые и дети
# Лечение
## Эндометриоз у подростков (до 18 лет)",0,0.06423518806695938
795,"Клинические рекомендации ""Болезнь Крона""
Возрастная категория: Взрослые
# Лечение
## Консервативное лечение
### БК илеоцекальной локализации средней тяжести",1,0.855029821395874
98,"Клинические рекомендации ""Артериальная гипертензия у взрослых""
Возрастная категория: Взрослые
# Лечение
## Лечение артериальной гипертензии в отдельных клинических ситуациях",1,0.5184008479118347
617,"Клинические рекомендации ""Болезнь Крона""
Возрастная категория: Взрослые
# Лечение
## Консервативное лечение
### БК толстой кишки легкой и средней тяжести",1,0.5072391033172607
311,"Клинические рекомендации ""Болезнь Крона""
Возрастная категория: Взрослые
# Лечение
## Консервативное лечение
### БК толстой кишки легкой и средней тяжести",1,0.5119307041168213
115,"Клинические рекомендации ""Гастрит и дуоденит""
Возрастная категория: Взрослые
# Лечение
## Эндоскопическое лечение",0,0.3270297944545746
47,"Клинические рекомендации ""Хроническая сердечная недостаточность""
Возрастная категория: Взрослые
# Лечение
## Консервативное лечение
### Лечение пациентов с ХСН в особых группах",1,0.9281694293022156
452,"Клинические рекомендации ""Хроническая сердечная недостаточность""
Возрастная категория: Взрослые
# Лечение
## Консервативное лечение
### Лечение пациентов с ХСН с умеренно сниженной и сохраненной ФВ ЛЖ",1,0.5247616171836853
172,"Клинические рекомендации ""Хроническая сердечная недостаточность""
Возрастная категория: Взрослые
# Лечение
## Консервативное лечение
### Лечение пациентов с хронической сердечной недостаточностью и сочетанной патологией",1,0.5498360395431519
808,"Клинические рекомендации ""Головная боль напряжения (ГБН)""
Возрастная категория: Взрослые
# Лечение
## Особенности лечения ГБН, сочетающейся с лекарственно-индуцированной головной болью (ЛИГБ)",1,0.35034748911857605
34,"Клинические рекомендации ""Хроническая сердечная недостаточность""
Возрастная категория: Взрослые
# Лечение
## Консервативное лечение
### Терапия, применение которой может быть опасно, и не рекомендовано для пациентов с хронической сердечной недостаточностью II-IV функционального класса и сниженной фракцией выброса левого желудочка",1,0.5528597831726074
835,"Клинические рекомендации ""Хроническая сердечная недостаточность""
Возрастная категория: Взрослые
# Лечение
## Консервативное лечение
### Лечение пациентов с ХСН с умеренно сниженной и сохраненной ФВ ЛЖ",1,0.5247449278831482
87,"Клинические рекомендации ""Артериальная гипертензия у взрослых""
Возрастная категория: Взрослые
# Лечение
## Лечение артериальной гипертензии в отдельных клинических ситуациях",0,0.5312605500221252
437,"Клинические рекомендации ""Болезнь Крона""
Возрастная категория: Взрослые
# Лечение
## Консервативное лечение
### БК илеоцекальной локализации средней тяжести",1,0.8418421149253845
12,"Клинические рекомендации ""Доброкачественная дисплазия молочной железы""
Возрастная категория: Взрослые и дети
# Лечение
## Применение гормональных контрацептивов при ДДМЖ",0,0.4865134656429291
750,"Клинические рекомендации ""Болезнь Крона""
Возрастная категория: Взрослые
# Лечение
## Хирургическое лечение БК
### Лечение БК с перианальными проявлениями (перианальная БК)",1,0.3038754463195801
117,"Клинические рекомендации ""Гастрит и дуоденит""
Возрастная категория: Взрослые
# Лечение
## Медикаментозное лечение
### Эрадикационная терапия инфекции H. рylori",0,0.5119791030883789
268,"Клинические рекомендации ""Желчнокаменная болезнь""
Возрастная категория: Взрослые
# Лечение
## Хирургическое лечение
### Острый калькулезный холецистит",1,0.502211332321167
279,"Клинические рекомендации ""Хроническая сердечная недостаточность""
Возрастная категория: Взрослые
# Лечение
## Консервативное лечение
### Профилактика фибрилляции предсердий у пациентов с хронической сердечной недостаточностью",0,0.5184372067451477
603,"Клинические рекомендации ""Амиодарон-индуцированная дисфункция щитовидной железы""
Возрастная категория: Взрослые
# Лечение
## Консервативное лечение амиодарон-индуцированного гипотиреоза",1,0.6743903756141663
691,"Клинические рекомендации ""Болезнь Крона""
Возрастная категория: Взрослые
# Лечение
## Консервативное лечение
### БК толстой кишки легкой и средней тяжести",1,0.5230000615119934
747,"Клинические рекомендации ""Болезнь Крона""
Возрастная категория: Взрослые
# Лечение
## Консервативное лечение
### БК тонкой кишки (кроме терминального илеита)",0,0.6604407429695129
210,"Клинические рекомендации ""Хроническая сердечная недостаточность""
Возрастная категория: Взрослые
# Лечение
## Консервативное лечение
### Рекомендации по начальному лечению пациентов с хронической сердечной недостаточностью и фибрилляцией предсердий с высокой частотой желудочковых сокращений в острой или хронической ситуации",0,0.5362058281898499
90,"Клинические рекомендации ""Артериальная гипертензия у взрослых""
Возрастная категория: Взрослые
# Лечение
## Лечение артериальной гипертензии в отдельных клинических ситуациях",1,0.808635413646698
242,"Клинические рекомендации ""Артериальная гипертензия у взрослых""
Возрастная категория: Взрослые
# Лечение
## Лечение артериальной гипертензии в отдельных клинических ситуациях",1,0.8402044773101807
130,"Клинические рекомендации ""Бронхиальная астма""
Возрастная категория: Взрослые и дети
# Лечение
## Особенности лечения БА у беременных и в период грудного вскармливания",0,0.3804855942726135
845,"Клинические рекомендации ""Болезнь Крона""
Возрастная категория: Взрослые
# Лечение
## Консервативное лечение
### БК илеоцекальной локализации средней тяжести",1,0.9405128359794617
320,"Клинические рекомендации ""Эндометриоз""
Возрастная категория: Взрослые и дети
# Лечение
## Эндометриоз и рак",0,0.08368590474128723
179,"Клинические рекомендации ""Хроническая сердечная недостаточность""
Возрастная категория: Взрослые
# Лечение
## Консервативное лечение
### Терапия, применение которой может быть опасно, и не рекомендовано для пациентов с хронической сердечной недостаточностью II-IV функционального класса и сниженной фракцией выброса левого желудочка",1,0.912826418876648
693,"Клинические рекомендации ""Болезнь Крона""
Возрастная категория: Взрослые
# Лечение
## Консервативное лечение
### Легкая БК илеоцекальной локализации",1,0.5161951780319214
496,"Клинические рекомендации ""Хроническая сердечная недостаточность""
Возрастная категория: Взрослые
# Лечение
## Консервативное лечение
### Особенности лечения пациентов с хронической сердечной недостаточностью и желудочковыми нарушениями ритма сердца",1,0.483472615480423
237,"Клинические рекомендации ""Гастрит и дуоденит""
Возрастная категория: Взрослые
# Лечение
## Медикаментозное лечение
### Эрадикационная терапия инфекции H. рylori",1,0.49547111988067627
729,"Клинические рекомендации ""Гонартроз""
Возрастная категория: Взрослые и дети
# Лечение
## Хирургическое лечение
### Особенности органосохраняющего оперативного лечения у детей с гонартрозом",0,0.5281115174293518
177,"Клинические рекомендации ""Хроническая сердечная недостаточность""
Возрастная категория: Взрослые
# Лечение
## Консервативное лечение
### Рекомендации по начальному лечению пациентов с хронической сердечной недостаточностью и фибрилляцией предсердий с высокой частотой желудочковых сокращений в острой или хронической ситуации",0,0.39666759967803955
40,"Клинические рекомендации ""Хроническая сердечная недостаточность""
Возрастная категория: Взрослые
# Лечение
## Консервативное лечение
### Особенности лечения пациентов с хронической сердечной недостаточностью и фибрилляцией предсердий",1,0.8322238922119141
723,"Клинические рекомендации ""Болезнь Крона""
Возрастная категория: Взрослые
# Лечение
## Консервативное лечение
### Тяжелое течение активной БК любой локализации",1,0.5348297953605652
613,"Клинические рекомендации ""Хроническая сердечная недостаточность""
Возрастная категория: Взрослые
# Лечение
## Консервативное лечение
### Терапия, не рекомендованная (не доказан положительный эффект) пациентам с симптомной сердечной недостаточностью и сниженной фракцией выброса левого желудочка",1,0.8644344210624695
292,"Клинические рекомендации ""Болезнь Крона""
Возрастная категория: Взрослые
# Лечение
## Хирургическое лечение БК
### Хирургическое лечение БК с поражением верхних отделов ЖКТ",1,0.383257120847702
753,"Клинические рекомендации ""Мочекаменная болезнь""
Возрастная категория: Взрослые
# Лечение
## Лечение мочекаменной болезни в особых группах пациентов",1,0.8231306076049805
260,"Клинические рекомендации ""Болезнь Крона""
Возрастная категория: Взрослые
# Лечение
## Консервативное лечение
### БК илеоцекальной локализации средней тяжести",1,0.5089260935783386
627,"Клинические рекомендации ""Амиодарон-индуцированная дисфункция щитовидной железы""
Возрастная категория: Взрослые
# Лечение
## Консервативное лечение амиодарон-индуцированного гипотиреоза",1,0.5160384774208069
834,"Клинические рекомендации ""Хроническая сердечная недостаточность""
Возрастная категория: Взрослые
# Лечение
## Консервативное лечение
### Лечение пациентов с ХСН в особых группах",1,0.5266162753105164
165,"Клинические рекомендации ""Гастрит и дуоденит""
Возрастная категория: Взрослые
# Лечение
## Медикаментозное лечение
### Эрадикационная терапия инфекции H. рylori",1,0.8946086764335632
180,"Клинические рекомендации ""Хроническая сердечная недостаточность""
Возрастная категория: Взрослые
# Лечение
## Консервативное лечение
### Терапия, рекомендованная пациентам с симптомной сердечной недостаточностью со сниженной фракцией выброса левого желудочка",1,0.9550149440765381
664,"Клинические рекомендации ""Хроническая сердечная недостаточность""
Возрастная категория: Взрослые
# Лечение
## Консервативное лечение
### Терапия, применение которой может быть опасно, и не рекомендовано для пациентов с хронической сердечной недостаточностью II-IV функционального класса и сниженной фракцией выброса левого желудочка",0,0.5241845846176147
611,"Клинические рекомендации ""Хроническая сердечная недостаточность""
Возрастная категория: Взрослые
# Лечение
## Консервативное лечение
### Рекомендации по контролю ритма у пациентов с фибрилляцией предсердий, симптомной ХСН, систолической дисфункцией левого желудочка при отсутствии острой декомпенсации",1,0.5306001901626587
393,"Клинические рекомендации ""Болезнь Крона""
Возрастная категория: Взрослые
# Лечение
## Хирургическое лечение БК
### Хирургическое лечение БК в форме терминального илеита или илеоколита",1,0.49855518341064453
83,"Клинические рекомендации ""Бронхиальная астма""
Возрастная категория: Взрослые и дети
# Лечение
## Особенности лечения БА у беременных и в период грудного вскармливания",0,0.09968946129083633
383,"Клинические рекомендации ""Хроническая сердечная недостаточность""
Возрастная категория: Взрослые
# Лечение
## Консервативное лечение
### Рекомендации по начальному лечению пациентов с хронической сердечной недостаточностью и фибрилляцией предсердий с высокой частотой желудочковых сокращений в острой или хронической ситуации",0,0.48815542459487915
313,"Клинические рекомендации ""Болезнь Крона""
Возрастная категория: Взрослые
# Лечение
## Консервативное лечение
### Легкая БК илеоцекальной локализации",1,0.8473060131072998
596,"Клинические рекомендации ""Болезнь Крона""
Возрастная категория: Взрослые
# Лечение
## Консервативное лечение
### Тяжелое течение активной БК любой локализации",1,0.9050720930099487
838,"Клинические рекомендации ""Хроническая сердечная недостаточность""
Возрастная категория: Взрослые
# Лечение
## Консервативное лечение
### Особенности лечения пациентов с хронической сердечной недостаточностью и фибрилляцией предсердий",0,0.1860516518354416
677,"Клинические рекомендации ""Амиодарон-индуцированная дисфункция щитовидной железы""
Возрастная категория: Взрослые
# Лечение
## Консервативное лечение амиодарон-индуцированного гипотиреоза",1,0.5015401840209961
133,"Клинические рекомендации ""Бронхиальная астма""
Возрастная категория: Взрослые и дети
# Лечение
## Особенности лечения БА у беременных и в период грудного вскармливания",1,0.2319343388080597
774,"Клинические рекомендации ""Болезнь Крона""
Возрастная категория: Взрослые
# Лечение
## Консервативное лечение
### Тяжелое течение активной БК любой локализации",1,0.8709574341773987
628,"Клинические рекомендации ""Головная боль напряжения (ГБН)""
Возрастная категория: Взрослые
# Лечение
## Особенности лечения ГБН, сочетающейся с лекарственно-индуцированной головной болью (ЛИГБ)",0,0.5177549123764038
517,"Клинические рекомендации ""Болезнь Крона""
Возрастная категория: Взрослые
# Лечение
## Консервативное лечение
### БК илеоцекальной локализации средней тяжести",1,0.524193525314331
567,"Клинические рекомендации ""Хроническая сердечная недостаточность""
Возрастная категория: Взрослые
# Лечение
## Консервативное лечение
### Терапия, рекомендованная пациентам с симптомной сердечной недостаточностью со сниженной фракцией выброса левого желудочка",1,0.9499488472938538
11,"Клинические рекомендации ""Артериальная гипертензия у взрослых""
Возрастная категория: Взрослые
# Лечение
## Лечение артериальной гипертензии в отдельных клинических ситуациях",1,0.8350123763084412
754,"Клинические рекомендации ""Эндометриоз""
Возрастная категория: Взрослые и дети
# Лечение
## Эндометриоз в постменопаузе",0,0.05864269286394119
561,"Клинические рекомендации ""Хроническая сердечная недостаточность""
Возрастная категория: Взрослые
# Лечение
## Консервативное лечение
### Особенности лечения пациентов с хронической сердечной недостаточностью и фибрилляцией предсердий",1,0.6745626926422119
335,"Клинические рекомендации ""Болезнь Крона""
Возрастная категория: Взрослые
# Лечение
## Консервативное лечение
### БК илеоцекальной локализации средней тяжести",1,0.5326858162879944
688,"Клинические рекомендации ""Хроническая сердечная недостаточность""
Возрастная категория: Взрослые
# Лечение
## Консервативное лечение
### Терапия, применение которой может быть опасно, и не рекомендовано для пациентов с хронической сердечной недостаточностью II-IV функционального класса и сниженной фракцией выброса левого желудочка",1,0.8848787546157837
434,"Клинические рекомендации ""Хроническая сердечная недостаточность""
Возрастная категория: Взрослые
# Лечение
## Консервативное лечение
### Терапия, не рекомендованная (не доказан положительный эффект) пациентам с симптомной сердечной недостаточностью и сниженной фракцией выброса левого желудочка",1,0.6185114979743958
458,"Клинические рекомендации ""Хроническая сердечная недостаточность""
Возрастная категория: Взрослые
# Лечение
## Консервативное лечение
### Рекомендации по начальному лечению пациентов с хронической сердечной недостаточностью и фибрилляцией предсердий с высокой частотой желудочковых сокращений в острой или хронической ситуации",0,0.5103504061698914
15,"Клинические рекомендации ""Хроническая сердечная недостаточность""
Возрастная категория: Взрослые
# Лечение
## Консервативное лечение
### Лечение пациентов с ХСН с умеренно сниженной и сохраненной ФВ ЛЖ",1,0.9268420934677124
740,"Клинические рекомендации ""Хроническая сердечная недостаточность""
Возрастная категория: Взрослые
# Лечение
## Консервативное лечение
### Рекомендации по контролю ритма у пациентов с фибрилляцией предсердий, симптомной ХСН, систолической дисфункцией левого желудочка при отсутствии острой декомпенсации",0,0.5399404168128967
663,"Клинические рекомендации ""Хроническая сердечная недостаточность""
Возрастная категория: Взрослые
# Лечение
## Консервативное лечение
### Терапия, не рекомендованная (не доказан положительный эффект) пациентам с симптомной сердечной недостаточностью и сниженной фракцией выброса левого желудочка",1,0.5239728093147278
776,"Клинические рекомендации ""Болезнь Крона""
Возрастная категория: Взрослые
# Лечение
## Хирургическое лечение БК
### Хирургическое лечение БК в форме терминального илеита или илеоколита",1,0.5095639228820801
724,"Клинические рекомендации ""Болезнь Крона""
Возрастная категория: Взрослые
# Лечение
## Хирургическое лечение БК
### Лечение БК с перианальными проявлениями (перианальная БК)",0,0.5262747406959534
52,"Клинические рекомендации ""Хроническая сердечная недостаточность""
Возрастная категория: Взрослые
# Лечение
## Консервативное лечение
### Профилактика фибрилляции предсердий у пациентов с хронической сердечной недостаточностью",1,0.9499735236167908
182,"Клинические рекомендации ""Хроническая сердечная недостаточность""
Возрастная категория: Взрослые
# Лечение
## Консервативное лечение
### Лечение пациентов с ХСН с умеренно сниженной и сохраненной ФВ ЛЖ",1,0.9277878999710083
540,"Клинические рекомендации ""Хроническая сердечная недостаточность""
Возрастная категория: Взрослые
# Лечение
## Консервативное лечение
### Терапия, не рекомендованная (не доказан положительный эффект) пациентам с симптомной сердечной недостаточностью и сниженной фракцией выброса левого желудочка",1,0.9098735451698303
418,"Клинические рекомендации ""Болезнь Крона""
Возрастная категория: Взрослые
# Лечение
## Хирургическое лечение БК
### Хирургическое лечение БК в форме терминального илеита или илеоколита",1,0.46575307846069336
109,"Клинические рекомендации ""Гастрит и дуоденит""
Возрастная категория: Взрослые
# Лечение
## Эндоскопическое лечение",0,0.49267256259918213
530,"Клинические рекомендации ""Амиодарон-индуцированная дисфункция щитовидной железы""
Возрастная категория: Взрослые
# Лечение
## Консервативное лечение амиодарон-индуцированного гипотиреоза",1,0.6148963570594788
810,"Клинические рекомендации ""Хроническая сердечная недостаточность""
Возрастная категория: Взрослые
# Лечение
## Консервативное лечение
### Лечение пациентов с ХСН с умеренно сниженной и сохраненной ФВ ЛЖ",1,0.749305009841919
174,"Клинические рекомендации ""Хроническая сердечная недостаточность""
Возрастная категория: Взрослые
# Лечение
## Консервативное лечение
### Особенности лечения пациентов с хронической сердечной недостаточностью и фибрилляцией предсердий",1,0.7784717679023743
514,"Клинические рекомендации ""Эндометриоз""
Возрастная категория: Взрослые и дети
# Лечение
## Эндометриоз и рак",0,0.4569520354270935
489,"Клинические рекомендации ""Эндометриоз""
Возрастная категория: Взрослые и дети
# Лечение
## Эндометриоз и рак",0,0.06657875329256058
572,"Клинические рекомендации ""Болезнь Крона""
Возрастная категория: Взрослые
# Лечение
## Консервативное лечение
### Тяжелое течение активной БК любой локализации",1,0.513960063457489
66,"Клинические рекомендации ""Хроническая сердечная недостаточность""
Возрастная категория: Взрослые
# Лечение
## Консервативное лечение
### Терапия, не рекомендованная (не доказан положительный эффект) пациентам с симптомной сердечной недостаточностью и сниженной фракцией выброса левого желудочка",1,0.5599254965782166
796,"Клинические рекомендации ""Болезнь Крона""
Возрастная категория: Взрослые
# Лечение
## Консервативное лечение
### БК толстой кишки легкой и средней тяжести",1,0.875146210193634
490,"Клинические рекомендации ""Эндометриоз""
Возрастная категория: Взрослые и дети
# Лечение
## Эндометриоз у подростков (до 18 лет)",0,0.06314010173082352
598,"Клинические рекомендации ""Болезнь Крона""
Возрастная категория: Взрослые
# Лечение
## Хирургическое лечение БК
### Хирургическое лечение БК в форме терминального илеита или илеоколита",0,0.5118750333786011
650,"Клинические рекомендации ""Эндометриоз""
Возрастная категория: Взрослые и дети
# Лечение
## Эндометриоз в постменопаузе",0,0.05734238401055336
173,"Клинические рекомендации ""Хроническая сердечная недостаточность""
Возрастная категория: Взрослые
# Лечение
## Консервативное лечение
### Особенности лечения пациентов с хронической сердечной недостаточностью и желудочковыми нарушениями ритма сердца",1,0.8263113498687744
164,"Клинические рекомендации ""Гастрит и дуоденит""
Возрастная категория: Взрослые
# Лечение
## Медикаментозное лечение
### Медикаментозная терапия при эрозивном гастрите и дуодените",1,0.5119534730911255
158,"Клинические рекомендации ""Гастрит и дуоденит""
Возрастная категория: Взрослые
# Лечение
## Медикаментозное лечение
### Медикаментозная терапия при эрозивном гастрите и дуодените",1,0.8735936880111694
389,"Клинические рекомендации ""Болезнь Крона""
Возрастная категория: Взрослые
# Лечение
## Консервативное лечение
### БК тонкой кишки (кроме терминального илеита)",0,0.48858997225761414
264,"Клинические рекомендации ""Болезнь Крона""
Возрастная категория: Взрослые
# Лечение
## Консервативное лечение
### Тяжелое течение активной БК любой локализации",1,0.5422038435935974
493,"Клинические рекомендации ""Хроническая сердечная недостаточность""
Возрастная категория: Взрослые
# Лечение
## Консервативное лечение
### Лечение пациентов с ХСН в особых группах",1,0.9442223310470581
644,"Клинические рекомендации ""Болезнь Крона""
Возрастная категория: Взрослые
# Лечение
## Консервативное лечение
### Тяжелое течение активной БК любой локализации",1,0.8518221378326416
444,"Клинические рекомендации ""Болезнь Крона""
Возрастная категория: Взрослые
# Лечение
## Хирургическое лечение БК
### Хирургическое лечение БК с поражением верхних отделов ЖКТ",0,0.2815423905849457
470,"Клинические рекомендации ""Мочекаменная болезнь""
Возрастная категория: Взрослые
# Лечение
## Лечение мочекаменной болезни в особых группах пациентов",1,0.8568335771560669
208,"Клинические рекомендации ""Хроническая сердечная недостаточность""
Возрастная категория: Взрослые
# Лечение
## Консервативное лечение
### Профилактика фибрилляции предсердий у пациентов с хронической сердечной недостаточностью",1,0.5504410266876221
323,"Клинические рекомендации ""Головная боль напряжения (ГБН)""
Возрастная категория: Взрослые
# Лечение
## Особенности лечения ГБН, сочетающейся с лекарственно-индуцированной головной болью (ЛИГБ)",1,0.24448898434638977
261,"Клинические рекомендации ""Болезнь Крона""
Возрастная категория: Взрослые
# Лечение
## Консервативное лечение
### БК толстой кишки легкой и средней тяжести",1,0.5076746344566345
735,"Клинические рекомендации ""Хроническая сердечная недостаточность""
Возрастная категория: Взрослые
# Лечение
## Консервативное лечение
### Лечение пациентов с ХСН с умеренно сниженной и сохраненной ФВ ЛЖ",1,0.571273684501648
145,"Клинические рекомендации ""Гастрит и дуоденит""
Возрастная категория: Взрослые
# Лечение
## Эндоскопическое лечение",0,0.16464437544345856
507,"Клинические рекомендации ""Болезнь Крона""
Возрастная категория: Взрослые
# Лечение
## Консервативное лечение
### Легкая БК илеоцекальной локализации",1,0.7915576100349426
103,"Клинические рекомендации ""Артериальная гипертензия у взрослых""
Возрастная категория: Взрослые
# Лечение
## Лечение артериальной гипертензии в отдельных клинических ситуациях",1,0.5184008479118347
120,"Клинические рекомендации ""Гастрит и дуоденит""
Возрастная категория: Взрослые
# Лечение
## Медикаментозное лечение
### Эрадикационная терапия инфекции H. рylori",0,0.36718037724494934
642,"Клинические рекомендации ""Болезнь Крона""
Возрастная категория: Взрослые
# Лечение
## Консервативное лечение
### БК тонкой кишки (кроме терминального илеита)",0,0.5322163105010986
503,"Клинические рекомендации ""Хроническая сердечная недостаточность""
Возрастная категория: Взрослые
# Лечение
## Консервативное лечение
### Терапия, рекомендованная пациентам с симптомной сердечной недостаточностью со сниженной фракцией выброса левого желудочка",1,0.5559932589530945
146,"Клинические рекомендации ""Гастрит и дуоденит""
Возрастная категория: Взрослые
# Лечение
## Медикаментозное лечение
### Медикаментозная терапия при эрозивном гастрите и дуодените",1,0.5831263661384583
154,"Клинические рекомендации ""Гастрит и дуоденит""
Возрастная категория: Взрослые
# Лечение
## Эндоскопическое лечение",1,0.5110849738121033
768,"Клинические рекомендации ""Хроническая сердечная недостаточность""
Возрастная категория: Взрослые
# Лечение
## Консервативное лечение
### Терапия, применение которой может быть опасно, и не рекомендовано для пациентов с хронической сердечной недостаточностью II-IV функционального класса и сниженной фракцией выброса левого желудочка",1,0.49350258708000183
74,"Клинические рекомендации ""Хроническая сердечная недостаточность""
Возрастная категория: Взрослые
# Лечение
## Консервативное лечение
### Профилактика фибрилляции предсердий у пациентов с хронической сердечной недостаточностью",1,0.5577459931373596
637,"Клинические рекомендации ""Хроническая сердечная недостаточность""
Возрастная категория: Взрослые
# Лечение
## Консервативное лечение
### Терапия, не рекомендованная (не доказан положительный эффект) пациентам с симптомной сердечной недостаточностью и сниженной фракцией выброса левого желудочка",1,0.9362671375274658
431,"Клинические рекомендации ""Хроническая сердечная недостаточность""
Возрастная категория: Взрослые
# Лечение
## Консервативное лечение
### Профилактика фибрилляции предсердий у пациентов с хронической сердечной недостаточностью",0,0.580268919467926
597,"Клинические рекомендации ""Болезнь Крона""
Возрастная категория: Взрослые
# Лечение
## Хирургическое лечение БК
### Лечение БК с перианальными проявлениями (перианальная БК)",0,0.5122900605201721
398,"Клинические рекомендации ""Эндометриоз""
Возрастная категория: Взрослые и дети
# Лечение
## Эндометриоз у подростков (до 18 лет)",0,0.063803531229496
492,"Клинические рекомендации ""Головная боль напряжения (ГБН)""
Возрастная категория: Взрослые
# Лечение
## Особенности лечения ГБН, сочетающейся с лекарственно-индуцированной головной болью (ЛИГБ)",1,0.46096596121788025
655,"Клинические рекомендации ""Хроническая сердечная недостаточность""
Возрастная категория: Взрослые
# Лечение
## Консервативное лечение
### Лечение пациентов с ХСН в особых группах",1,0.849521279335022
684,"Клинические рекомендации ""Хроническая сердечная недостаточность""
Возрастная категория: Взрослые
# Лечение
## Консервативное лечение
### Профилактика фибрилляции предсердий у пациентов с хронической сердечной недостаточностью",1,0.545381486415863
456,"Клинические рекомендации ""Хроническая сердечная недостаточность""
Возрастная категория: Взрослые
# Лечение
## Консервативное лечение
### Профилактика фибрилляции предсердий у пациентов с хронической сердечной недостаточностью",0,0.5037645101547241
538,"Клинические рекомендации ""Хроническая сердечная недостаточность""
Возрастная категория: Взрослые
# Лечение
## Консервативное лечение
### Рекомендации по контролю ритма у пациентов с фибрилляцией предсердий, симптомной ХСН, систолической дисфункцией левого желудочка при отсутствии острой декомпенсации",0,0.5355321764945984
280,"Клинические рекомендации ""Хроническая сердечная недостаточность""
Возрастная категория: Взрослые
# Лечение
## Консервативное лечение
### Рекомендации по контролю ритма у пациентов с фибрилляцией предсердий, симптомной ХСН, систолической дисфункцией левого желудочка при отсутствии острой декомпенсации",0,0.12137311697006226
275,"Клинические рекомендации ""Хроническая сердечная недостаточность""
Возрастная категория: Взрослые
# Лечение
## Консервативное лечение
### Лечение пациентов с ХСН с умеренно сниженной и сохраненной ФВ ЛЖ",1,0.8416177034378052
3,"Клинические рекомендации ""Артериальная гипертензия у взрослых""
Возрастная категория: Взрослые
# Лечение
## Лечение артериальной гипертензии в отдельных клинических ситуациях",1,0.8241142630577087
95,"Клинические рекомендации ""Артериальная гипертензия у взрослых""
Возрастная категория: Взрослые
# Лечение
## Лечение артериальной гипертензии в отдельных клинических ситуациях",1,0.8913100957870483
363,"Клинические рекомендации ""Болезнь Крона""
Возрастная категория: Взрослые
# Лечение
## Консервативное лечение
### БК толстой кишки легкой и средней тяжести",1,0.5078951716423035
563,"Клинические рекомендации ""Хроническая сердечная недостаточность""
Возрастная категория: Взрослые
# Лечение
## Консервативное лечение
### Рекомендации по контролю ритма у пациентов с фибрилляцией предсердий, симптомной ХСН, систолической дисфункцией левого желудочка при отсутствии острой декомпенсации",1,0.6936960816383362
353,"Клинические рекомендации ""Хроническая сердечная недостаточность""
Возрастная категория: Взрослые
# Лечение
## Консервативное лечение
### Лечение пациентов с хронической сердечной недостаточностью и сочетанной патологией",1,0.5094202160835266
394,"Клинические рекомендации ""Болезнь Крона""
Возрастная категория: Взрослые
# Лечение
## Хирургическое лечение БК
### Хирургическое лечение БК с поражением верхних отделов ЖКТ",0,0.563128650188446
118,"Клинические рекомендации ""Гастрит и дуоденит""
Возрастная категория: Взрослые
# Лечение
## Эндоскопическое лечение",1,0.452731192111969
616,"Клинические рекомендации ""Болезнь Крона""
Возрастная категория: Взрослые
# Лечение
## Консервативное лечение
### БК илеоцекальной локализации средней тяжести",1,0.8862044811248779
455,"Клинические рекомендации ""Хроническая сердечная недостаточность""
Возрастная категория: Взрослые
# Лечение
## Консервативное лечение
### Особенности лечения пациентов с хронической сердечной недостаточностью и фибрилляцией предсердий",0,0.18670028448104858
73,"Клинические рекомендации ""Хроническая сердечная недостаточность""
Возрастная категория: Взрослые
# Лечение
## Консервативное лечение
### Особенности лечения пациентов с хронической сердечной недостаточностью и фибрилляцией предсердий",1,0.8322238922119141
113,"Клинические рекомендации ""Гастрит и дуоденит""
Возрастная категория: Взрослые
# Лечение
## Медикаментозное лечение
### Медикаментозная терапия при эрозивном гастрите и дуодените",0,0.6869966983795166
435,"Клинические рекомендации ""Хроническая сердечная недостаточность""
Возрастная категория: Взрослые
# Лечение
## Консервативное лечение
### Терапия, применение которой может быть опасно, и не рекомендовано для пациентов с хронической сердечной недостаточностью II-IV функционального класса и сниженной фракцией выброса левого желудочка",1,0.5118751525878906
595,"Клинические рекомендации ""Болезнь Крона""
Возрастная категория: Взрослые
# Лечение
## Консервативное лечение
### Легкая БК илеоцекальной локализации",1,0.5190811157226562
59,"Клинические рекомендации ""Хроническая сердечная недостаточность""
Возрастная категория: Взрослые
# Лечение
## Консервативное лечение
### Лечение пациентов с ХСН с умеренно сниженной и сохраненной ФВ ЛЖ",1,0.9342046976089478
605,"Клинические рекомендации ""Хроническая сердечная недостаточность""
Возрастная категория: Взрослые
# Лечение
## Консервативное лечение
### Лечение пациентов с ХСН в особых группах",1,0.9442223310470581
54,"Клинические рекомендации ""Хроническая сердечная недостаточность""
Возрастная категория: Взрослые
# Лечение
## Консервативное лечение
### Рекомендации по начальному лечению пациентов с хронической сердечной недостаточностью и фибрилляцией предсердий с высокой частотой желудочковых сокращений в острой или хронической ситуации",1,0.5545270442962646
116,"Клинические рекомендации ""Гастрит и дуоденит""
Возрастная категория: Взрослые
# Лечение
## Медикаментозное лечение
### Медикаментозная терапия при эрозивном гастрите и дуодените",1,0.47018688917160034
791,"Клинические рекомендации ""Хроническая сердечная недостаточность""
Возрастная категория: Взрослые
# Лечение
## Консервативное лечение
### Рекомендации по начальному лечению пациентов с хронической сердечной недостаточностью и фибрилляцией предсердий с высокой частотой желудочковых сокращений в острой или хронической ситуации",0,0.24324509501457214
505,"Клинические рекомендации ""Болезнь Крона""
Возрастная категория: Взрослые
# Лечение
## Консервативное лечение
### БК толстой кишки легкой и средней тяжести",1,0.8966838121414185
543,"Клинические рекомендации ""Болезнь Крона""
Возрастная категория: Взрослые
# Лечение
## Консервативное лечение
### БК илеоцекальной локализации средней тяжести",1,0.9103763103485107
48,"Клинические рекомендации ""Хроническая сердечная недостаточность""
Возрастная категория: Взрослые
# Лечение
## Консервативное лечение
### Лечение пациентов с ХСН с умеренно сниженной и сохраненной ФВ ЛЖ",1,0.9579272270202637
686,"Клинические рекомендации ""Хроническая сердечная недостаточность""
Возрастная категория: Взрослые
# Лечение
## Консервативное лечение
### Рекомендации по начальному лечению пациентов с хронической сердечной недостаточностью и фибрилляцией предсердий с высокой частотой желудочковых сокращений в острой или хронической ситуации",0,0.17602083086967468
75,"Клинические рекомендации ""Хроническая сердечная недостаточность""
Возрастная категория: Взрослые
# Лечение
## Консервативное лечение
### Рекомендации по контролю ритма у пациентов с фибрилляцией предсердий, симптомной ХСН, систолической дисфункцией левого желудочка при отсутствии острой декомпенсации",1,0.5497086644172668
369,"Клинические рекомендации ""Болезнь Крона""
Возрастная категория: Взрослые
# Лечение
## Хирургическое лечение БК
### Хирургическое лечение БК с поражением верхних отделов ЖКТ",1,0.17372573912143707
336,"Клинические рекомендации ""Болезнь Крона""
Возрастная категория: Взрослые
# Лечение
## Консервативное лечение
### БК толстой кишки легкой и средней тяжести",1,0.8521578907966614
516,"Клинические рекомендации ""Головная боль напряжения (ГБН)""
Возрастная категория: Взрослые
# Лечение
## Особенности лечения ГБН, сочетающейся с лекарственно-индуцированной головной болью (ЛИГБ)",0,0.18489569425582886
360,"Клинические рекомендации ""Хроническая сердечная недостаточность""
Возрастная категория: Взрослые
# Лечение
## Консервативное лечение
### Терапия, применение которой может быть опасно, и не рекомендовано для пациентов с хронической сердечной недостаточностью II-IV функционального класса и сниженной фракцией выброса левого желудочка",1,0.4892282485961914
446,"Клинические рекомендации ""Эндометриоз""
Возрастная категория: Взрослые и дети
# Лечение
## Эндометриоз в постменопаузе",0,0.08874650299549103
731,"Клинические рекомендации ""Амиодарон-индуцированная дисфункция щитовидной железы""
Возрастная категория: Взрослые
# Лечение
## Консервативное лечение амиодарон-индуцированного гипотиреоза",1,0.7773404717445374
160,"Клинические рекомендации ""Гастрит и дуоденит""
Возрастная категория: Взрослые
# Лечение
## Эндоскопическое лечение",1,0.848301887512207
720,"Клинические рекомендации ""Болезнь Крона""
Возрастная категория: Взрослые
# Лечение
## Консервативное лечение
### БК толстой кишки легкой и средней тяжести",1,0.8971493244171143
410,"Клинические рекомендации ""Хроническая сердечная недостаточность""
Возрастная категория: Взрослые
# Лечение
## Консервативное лечение
### Терапия, применение которой может быть опасно, и не рекомендовано для пациентов с хронической сердечной недостаточностью II-IV функционального класса и сниженной фракцией выброса левого желудочка",1,0.7649757266044617
163,"Клинические рекомендации ""Гастрит и дуоденит""
Возрастная категория: Взрослые
# Лечение
## Эндоскопическое лечение",1,0.7228648066520691
250,"Клинические рекомендации ""Хроническая сердечная недостаточность""
Возрастная категория: Взрослые
# Лечение
## Консервативное лечение
### Лечение пациентов с ХСН с умеренно сниженной и сохраненной ФВ ЛЖ",1,0.571273684501648
634,"Клинические рекомендации ""Хроническая сердечная недостаточность""
Возрастная категория: Взрослые
# Лечение
## Консервативное лечение
### Профилактика фибрилляции предсердий у пациентов с хронической сердечной недостаточностью",1,0.5515285730361938
347,"Клинические рекомендации ""Эндометриоз""
Возрастная категория: Взрослые и дети
# Лечение
## Эндометриоз и рак",0,0.3460943102836609
36,"Клинические рекомендации ""Хроническая сердечная недостаточность""
Возрастная категория: Взрослые
# Лечение
## Консервативное лечение
### Лечение пациентов с ХСН в особых группах",1,0.5610194206237793
439,"Клинические рекомендации ""Болезнь Крона""
Возрастная категория: Взрослые
# Лечение
## Консервативное лечение
### БК тонкой кишки (кроме терминального илеита)",0,0.3238098919391632
518,"Клинические рекомендации ""Болезнь Крона""
Возрастная категория: Взрослые
# Лечение
## Консервативное лечение
### БК толстой кишки легкой и средней тяжести",1,0.8739916682243347
380,"Клинические рекомендации ""Хроническая сердечная недостаточность""
Возрастная категория: Взрослые
# Лечение
## Консервативное лечение
### Особенности лечения пациентов с хронической сердечной недостаточностью и фибрилляцией предсердий",0,0.4956141412258148
127,"Клинические рекомендации ""Бронхиальная астма""
Возрастная категория: Взрослые и дети
# Лечение
## Особенности лечения БА у беременных и в период грудного вскармливания",1,0.43726176023483276
200,"Клинические рекомендации ""Хроническая сердечная недостаточность""
Возрастная категория: Взрослые
# Лечение
## Консервативное лечение
### Терапия, не рекомендованная (не доказан положительный эффект) пациентам с симптомной сердечной недостаточностью и сниженной фракцией выброса левого желудочка",1,0.9077540636062622
589,"Клинические рекомендации ""Хроническая сердечная недостаточность""
Возрастная категория: Взрослые
# Лечение
## Консервативное лечение
### Терапия, не рекомендованная (не доказан положительный эффект) пациентам с симптомной сердечной недостаточностью и сниженной фракцией выброса левого желудочка",1,0.5407478213310242
704,"Клинические рекомендации ""Эндометриоз""
Возрастная категория: Взрослые и дети
# Лечение
## Эндометриоз у подростков (до 18 лет)",0,0.06339885294437408
465,"Клинические рекомендации ""Болезнь Крона""
Возрастная категория: Взрослые
# Лечение
## Консервативное лечение
### Легкая БК илеоцекальной локализации",0,0.5384440422058105
669,"Клинические рекомендации ""Болезнь Крона""
Возрастная категория: Взрослые
# Лечение
## Консервативное лечение
### Легкая БК илеоцекальной локализации",1,0.5284824967384338
453,"Клинические рекомендации ""Хроническая сердечная недостаточность""
Возрастная категория: Взрослые
# Лечение
## Консервативное лечение
### Лечение пациентов с хронической сердечной недостаточностью и сочетанной патологией",1,0.5048002004623413
620,"Клинические рекомендации ""Болезнь Крона""
Возрастная категория: Взрослые
# Лечение
## Консервативное лечение
### Тяжелое течение активной БК любой локализации",1,0.8618800640106201
94,"Клинические рекомендации ""Артериальная гипертензия у взрослых""
Возрастная категория: Взрослые
# Лечение
## Лечение артериальной гипертензии в отдельных клинических ситуациях",1,0.5492627024650574
205,"Клинические рекомендации ""Хроническая сердечная недостаточность""
Возрастная категория: Взрослые
# Лечение
## Консервативное лечение
### Лечение пациентов с хронической сердечной недостаточностью и сочетанной патологией",1,0.5498360395431519
330,"Клинические рекомендации ""Хроническая сердечная недостаточность""
Возрастная категория: Взрослые
# Лечение
## Консервативное лечение
### Рекомендации по контролю ритма у пациентов с фибрилляцией предсердий, симптомной ХСН, систолической дисфункцией левого желудочка при отсутствии острой декомпенсации",0,0.4979502260684967
535,"Клинические рекомендации ""Хроническая сердечная недостаточность""
Возрастная категория: Взрослые
# Лечение
## Консервативное лечение
### Особенности лечения пациентов с хронической сердечной недостаточностью и желудочковыми нарушениями ритма сердца",0,0.483472615480423
4,"Клинические рекомендации ""Дегенеративные заболевания позвоночника""
Возрастная категория: Взрослые и дети
# Лечение
## Пункционные вмешательства
### Пункционные интервенционные процедуры в области дугоотростчатых (фасеточных) суставов поясничного отдела позвоночника",0,0.19773779809474945
211,"Клинические рекомендации ""Хроническая сердечная недостаточность""
Возрастная категория: Взрослые
# Лечение
## Консервативное лечение
### Терапия, не рекомендованная (не доказан положительный эффект) пациентам с симптомной сердечной недостаточностью и сниженной фракцией выброса левого желудочка",1,0.5775550007820129
86,"Клинические рекомендации ""Артериальная гипертензия у взрослых""
Возрастная категория: Взрослые
# Лечение
## Лечение артериальной гипертензии в отдельных клинических ситуациях",0,0.49361974000930786
601,"Клинические рекомендации ""Эндометриоз""
Возрастная категория: Взрослые и дети
# Лечение
## Эндометриоз и рак",1,0.3548383116722107
787,"Клинические рекомендации ""Хроническая сердечная недостаточность""
Возрастная категория: Взрослые
# Лечение
## Консервативное лечение
### Особенности лечения пациентов с хронической сердечной недостаточностью и желудочковыми нарушениями ритма сердца",0,0.1821371167898178
148,"Клинические рекомендации ""Гастрит и дуоденит""
Возрастная категория: Взрослые
# Лечение
## Эндоскопическое лечение",0,0.16464437544345856
339,"Клинические рекомендации ""Болезнь Крона""
Возрастная категория: Взрослые
# Лечение
## Консервативное лечение
### Тяжелое течение активной БК любой локализации",1,0.8054767847061157
856,"Клинические рекомендации ""Амиодарон-индуцированная дисфункция щитовидной железы""
Возрастная категория: Взрослые
# Лечение
## Консервативное лечение амиодарон-индуцированного гипотиреоза",1,0.7478475570678711
386,"Клинические рекомендации ""Хроническая сердечная недостаточность""
Возрастная категория: Взрослые
# Лечение
## Консервативное лечение
### Терапия, рекомендованная пациентам с симптомной сердечной недостаточностью со сниженной фракцией выброса левого желудочка",1,0.5132025480270386
819,"Клинические рекомендации ""Хроническая сердечная недостаточность""
Возрастная категория: Взрослые
# Лечение
## Консервативное лечение
### Терапия, рекомендованная пациентам с симптомной сердечной недостаточностью со сниженной фракцией выброса левого желудочка",1,0.5184626579284668
782,"Клинические рекомендации ""Амиодарон-индуцированная дисфункция щитовидной железы""
Возрастная категория: Взрослые
# Лечение
## Консервативное лечение амиодарон-индуцированного гипотиреоза",1,0.8705899119377136
825,"Клинические рекомендации ""Болезнь Крона""
Возрастная категория: Взрослые
# Лечение
## Хирургическое лечение БК
### Лечение БК с перианальными проявлениями (перианальная БК)",1,0.11609723418951035
194,"Клинические рекомендации ""Хроническая сердечная недостаточность""
Возрастная категория: Взрослые
# Лечение
## Консервативное лечение
### Лечение пациентов с хронической сердечной недостаточностью и сочетанной патологией",1,0.5498360395431519
69,"Клинические рекомендации ""Хроническая сердечная недостаточность""
Возрастная категория: Взрослые
# Лечение
## Консервативное лечение
### Лечение пациентов с ХСН в особых группах",1,0.5610194206237793
415,"Клинические рекомендации ""Болезнь Крона""
Возрастная категория: Взрослые
# Лечение
## Консервативное лечение
### Легкая БК илеоцекальной локализации",1,0.8343559503555298
478,"Клинические рекомендации ""Хроническая сердечная недостаточность""
Возрастная категория: Взрослые
# Лечение
## Консервативное лечение
### Лечение пациентов с хронической сердечной недостаточностью и сочетанной патологией",1,0.5364894270896912
134,"Клинические рекомендации ""Гастрит и дуоденит""
Возрастная категория: Взрослые
# Лечение
## Медикаментозное лечение
### Медикаментозная терапия при эрозивном гастрите и дуодените",1,0.5831263661384583
462,"Клинические рекомендации ""Болезнь Крона""
Возрастная категория: Взрослые
# Лечение
## Консервативное лечение
### БК илеоцекальной локализации средней тяжести",1,0.8765501976013184
575,"Клинические рекомендации ""Болезнь Крона""
Возрастная категория: Взрослые
# Лечение
## Хирургическое лечение БК
### Хирургическое лечение БК с поражением верхних отделов ЖКТ",0,0.4332245886325836
438,"Клинические рекомендации ""Болезнь Крона""
Возрастная категория: Взрослые
# Лечение
## Консервативное лечение
### БК толстой кишки легкой и средней тяжести",1,0.8871073722839355
519,"Клинические рекомендации ""Болезнь Крона""
Возрастная категория: Взрослые
# Лечение
## Консервативное лечение
### БК тонкой кишки (кроме терминального илеита)",0,0.5257208943367004
140,"Клинические рекомендации ""Гастрит и дуоденит""
Возрастная категория: Взрослые
# Лечение
## Медикаментозное лечение
### Медикаментозная терапия при эрозивном гастрите и дуодените",1,0.4954219460487366
72,"Клинические рекомендации ""Хроническая сердечная недостаточность""
Возрастная категория: Взрослые
# Лечение
## Консервативное лечение
### Особенности лечения пациентов с хронической сердечной недостаточностью и желудочковыми нарушениями ритма сердца",1,0.9028065800666809
651,"Клинические рекомендации ""Эндометриоз""
Возрастная категория: Взрослые и дети
# Лечение
## Эндометриоз и рак",1,0.09639379382133484
459,"Клинические рекомендации ""Хроническая сердечная недостаточность""
Возрастная категория: Взрослые
# Лечение
## Консервативное лечение
### Терапия, не рекомендованная (не доказан положительный эффект) пациентам с симптомной сердечной недостаточностью и сниженной фракцией выброса левого желудочка",1,0.5247085094451904
851,"Клинические рекомендации ""Болезнь Крона""
Возрастная категория: Взрослые
# Лечение
## Хирургическое лечение БК
### Хирургическое лечение БК в форме терминального илеита или илеоколита",1,0.5319586396217346
432,"Клинические рекомендации ""Хроническая сердечная недостаточность""
Возрастная категория: Взрослые
# Лечение
## Консервативное лечение
### Рекомендации по контролю ритма у пациентов с фибрилляцией предсердий, симптомной ХСН, систолической дисфункцией левого желудочка при отсутствии острой декомпенсации",0,0.10996631532907486
262,"Клинические рекомендации ""Болезнь Крона""
Возрастная категория: Взрослые
# Лечение
## Консервативное лечение
### БК тонкой кишки (кроме терминального илеита)",0,0.18078219890594482
814,"Клинические рекомендации ""Хроническая сердечная недостаточность""
Возрастная категория: Взрослые
# Лечение
## Консервативное лечение
### Профилактика фибрилляции предсердий у пациентов с хронической сердечной недостаточностью",0,0.4314609169960022
499,"Клинические рекомендации ""Хроническая сердечная недостаточность""
Возрастная категория: Взрослые
# Лечение
## Консервативное лечение
### Рекомендации по контролю ритма у пациентов с фибрилляцией предсердий, симптомной ХСН, систолической дисфункцией левого желудочка при отсутствии острой декомпенсации",1,0.5306001901626587
332,"Клинические рекомендации ""Хроническая сердечная недостаточность""
Возрастная категория: Взрослые
# Лечение
## Консервативное лечение
### Терапия, не рекомендованная (не доказан положительный эффект) пациентам с симптомной сердечной недостаточностью и сниженной фракцией выброса левого желудочка",0,0.8434423804283142
541,"Клинические рекомендации ""Хроническая сердечная недостаточность""
Возрастная категория: Взрослые
# Лечение
## Консервативное лечение
### Терапия, применение которой может быть опасно, и не рекомендовано для пациентов с хронической сердечной недостаточностью II-IV функционального класса и сниженной фракцией выброса левого желудочка",1,0.5443270802497864
521,"Клинические рекомендации ""Болезнь Крона""
Возрастная категория: Взрослые
# Лечение
## Консервативное лечение
### Тяжелое течение активной БК любой локализации",1,0.9043229222297668
417,"Клинические рекомендации ""Болезнь Крона""
Возрастная категория: Взрослые
# Лечение
## Хирургическое лечение БК
### Лечение БК с перианальными проявлениями (перианальная БК)",0,0.2400588095188141
497,"Клинические рекомендации ""Хроническая сердечная недостаточность""
Возрастная категория: Взрослые
# Лечение
## Консервативное лечение
### Особенности лечения пациентов с хронической сердечной недостаточностью и фибрилляцией предсердий",1,0.4462137818336487
202,"Клинические рекомендации ""Хроническая сердечная недостаточность""
Возрастная категория: Взрослые
# Лечение
## Консервативное лечение
### Терапия, рекомендованная пациентам с симптомной сердечной недостаточностью со сниженной фракцией выброса левого желудочка",1,0.5843657851219177
283,"Клинические рекомендации ""Хроническая сердечная недостаточность""
Возрастная категория: Взрослые
# Лечение
## Консервативное лечение
### Терапия, применение которой может быть опасно, и не рекомендовано для пациентов с хронической сердечной недостаточностью II-IV функционального класса и сниженной фракцией выброса левого желудочка",0,0.5225404500961304
813,"Клинические рекомендации ""Хроническая сердечная недостаточность""
Возрастная категория: Взрослые
# Лечение
## Консервативное лечение
### Особенности лечения пациентов с хронической сердечной недостаточностью и фибрилляцией предсердий",0,0.14187954366207123
545,"Клинические рекомендации ""Болезнь Крона""
Возрастная категория: Взрослые
# Лечение
## Консервативное лечение
### БК тонкой кишки (кроме терминального илеита)",1,0.5557307004928589
301,"Клинические рекомендации ""Хроническая сердечная недостаточность""
Возрастная категория: Взрослые
# Лечение
## Консервативное лечение
### Лечение пациентов с хронической сердечной недостаточностью и сочетанной патологией",0,0.5094202160835266
828,"Клинические рекомендации ""Мочекаменная болезнь""
Возрастная категория: Взрослые
# Лечение
## Лечение мочекаменной болезни в особых группах пациентов",0,0.8228729367256165
592,"Клинические рекомендации ""Болезнь Крона""
Возрастная категория: Взрослые
# Лечение
## Консервативное лечение
### БК илеоцекальной локализации средней тяжести",1,0.8400048613548279
85,"Клинические рекомендации ""Бронхиальная астма""
Возрастная категория: Взрослые и дети
# Лечение
## Особенности лечения БА у беременных и в период грудного вскармливания",0,0.26527273654937744
293,"Клинические рекомендации ""Мочекаменная болезнь""
Возрастная категория: Взрослые
# Лечение
## Лечение мочекаменной болезни в особых группах пациентов",1,0.5134595632553101
362,"Клинические рекомендации ""Болезнь Крона""
Возрастная категория: Взрослые
# Лечение
## Консервативное лечение
### БК илеоцекальной локализации средней тяжести",1,0.5108550190925598
166,"Клинические рекомендации ""Гастрит и дуоденит""
Возрастная категория: Взрослые
# Лечение
## Эндоскопическое лечение",1,0.7228648066520691
271,"Клинические рекомендации ""Мочекаменная болезнь""
Возрастная категория: Взрослые
# Лечение
## Лечение мочекаменной болезни в особых группах пациентов",1,0.8359876871109009
0,"Клинические рекомендации ""Гастрит и дуоденит""
Возрастная категория: Взрослые
# Лечение
## Медикаментозное лечение
### Медикаментозная терапия при эрозивном гастрите и дуодените",0,0.49488145112991333
391,"Клинические рекомендации ""Болезнь Крона""
Возрастная категория: Взрослые
# Лечение
## Консервативное лечение
### Тяжелое течение активной БК любой локализации",1,0.8863867521286011
10,"Клинические рекомендации ""Дегенеративные заболевания позвоночника""
Возрастная категория: Взрослые и дети
# Лечение
## Пункционные вмешательства
### Пункционные интервенционные процедуры в области дугоотростчатых (фасеточных) суставов шейного отдела позвоночника",0,0.17126354575157166
587,"Клинические рекомендации ""Хроническая сердечная недостаточность""
Возрастная категория: Взрослые
# Лечение
## Консервативное лечение
### Рекомендации по контролю ритма у пациентов с фибрилляцией предсердий, симптомной ХСН, систолической дисфункцией левого желудочка при отсутствии острой декомпенсации",1,0.5355321764945984
594,"Клинические рекомендации ""Болезнь Крона""
Возрастная категория: Взрослые
# Лечение
## Консервативное лечение
### БК тонкой кишки (кроме терминального илеита)",0,0.20535188913345337
621,"Клинические рекомендации ""Болезнь Крона""
Возрастная категория: Взрослые
# Лечение
## Хирургическое лечение БК
### Лечение БК с перианальными проявлениями (перианальная БК)",1,0.33946746587753296
144,"Клинические рекомендации ""Гастрит и дуоденит""
Возрастная категория: Взрослые
# Лечение
## Медикаментозное лечение
### Эрадикационная терапия инфекции H. рylori",1,0.6036718487739563
189,"Клинические рекомендации ""Хроническая сердечная недостаточность""
Возрастная категория: Взрослые
# Лечение
## Консервативное лечение
### Терапия, не рекомендованная (не доказан положительный эффект) пациентам с симптомной сердечной недостаточностью и сниженной фракцией выброса левого желудочка",1,0.9077540636062622
501,"Клинические рекомендации ""Хроническая сердечная недостаточность""
Возрастная категория: Взрослые
# Лечение
## Консервативное лечение
### Терапия, не рекомендованная (не доказан положительный эффект) пациентам с симптомной сердечной недостаточностью и сниженной фракцией выброса левого желудочка",1,0.5453609228134155
817,"Клинические рекомендации ""Хроническая сердечная недостаточность""
Возрастная категория: Взрослые
# Лечение
## Консервативное лечение
### Терапия, не рекомендованная (не доказан положительный эффект) пациентам с симптомной сердечной недостаточностью и сниженной фракцией выброса левого желудочка",0,0.4993128478527069
317,"Клинические рекомендации ""Болезнь Крона""
Возрастная категория: Взрослые
# Лечение
## Хирургическое лечение БК
### Хирургическое лечение БК с поражением верхних отделов ЖКТ",0,0.4688579738140106
312,"Клинические рекомендации ""Болезнь Крона""
Возрастная категория: Взрослые
# Лечение
## Консервативное лечение
### БК тонкой кишки (кроме терминального илеита)",0,0.12560628354549408
259,"Клинические рекомендации ""Хроническая сердечная недостаточность""
Возрастная категория: Взрослые
# Лечение
## Консервативное лечение
### Терапия, рекомендованная пациентам с симптомной сердечной недостаточностью со сниженной фракцией выброса левого желудочка",1,0.9489402174949646
436,"Клинические рекомендации ""Хроническая сердечная недостаточность""
Возрастная категория: Взрослые
# Лечение
## Консервативное лечение
### Терапия, рекомендованная пациентам с симптомной сердечной недостаточностью со сниженной фракцией выброса левого желудочка",1,0.8346566557884216
80,"Клинические рекомендации ""Бронхиальная астма""
Возрастная категория: Взрослые и дети
# Лечение
## Особенности лечения БА у беременных и в период грудного вскармливания",0,0.12088560312986374
758,"Клинические рекомендации ""Головная боль напряжения (ГБН)""
Возрастная категория: Взрослые
# Лечение
## Особенности лечения ГБН, сочетающейся с лекарственно-индуцированной головной болью (ЛИГБ)",0,0.4976341128349304
387,"Клинические рекомендации ""Болезнь Крона""
Возрастная категория: Взрослые
# Лечение
## Консервативное лечение
### БК илеоцекальной локализации средней тяжести",1,0.5083798766136169
697,"Клинические рекомендации ""Болезнь Крона""
Возрастная категория: Взрослые
# Лечение
## Хирургическое лечение БК
### Хирургическое лечение БК с поражением верхних отделов ЖКТ",0,0.14510884881019592
619,"Клинические рекомендации ""Болезнь Крона""
Возрастная категория: Взрослые
# Лечение
## Консервативное лечение
### Легкая БК илеоцекальной локализации",0,0.5104185342788696
25,"Клинические рекомендации ""Хроническая сердечная недостаточность""
Возрастная категория: Взрослые
# Лечение
## Консервативное лечение
### Лечение пациентов с ХСН в особых группах",1,0.9345923066139221
220,"Клинические рекомендации ""Хроническая сердечная недостаточность""
Возрастная категория: Взрослые
# Лечение
## Консервативное лечение
### Рекомендации по контролю ритма у пациентов с фибрилляцией предсердий, симптомной ХСН, систолической дисфункцией левого желудочка при отсутствии острой декомпенсации",1,0.5386672616004944
608,"Клинические рекомендации ""Хроническая сердечная недостаточность""
Возрастная категория: Взрослые
# Лечение
## Консервативное лечение
### Особенности лечения пациентов с хронической сердечной недостаточностью и желудочковыми нарушениями ритма сердца",0,0.7079820036888123
809,"Клинические рекомендации ""Хроническая сердечная недостаточность""
Возрастная категория: Взрослые
# Лечение
## Консервативное лечение
### Лечение пациентов с ХСН в особых группах",1,0.8758301138877869
390,"Клинические рекомендации ""Болезнь Крона""
Возрастная категория: Взрослые
# Лечение
## Консервативное лечение
### Легкая БК илеоцекальной локализации",1,0.5091825723648071
273,"Клинические рекомендации ""Головная боль напряжения (ГБН)""
Возрастная категория: Взрослые
# Лечение
## Особенности лечения ГБН, сочетающейся с лекарственно-индуцированной головной болью (ЛИГБ)",1,0.26297372579574585
441,"Клинические рекомендации ""Болезнь Крона""
Возрастная категория: Взрослые
# Лечение
## Консервативное лечение
### Тяжелое течение активной БК любой локализации",1,0.9268577098846436
512,"Клинические рекомендации ""Мочекаменная болезнь""
Возрастная категория: Взрослые
# Лечение
## Лечение мочекаменной болезни в особых группах пациентов",1,0.5193704962730408
536,"Клинические рекомендации ""Хроническая сердечная недостаточность""
Возрастная категория: Взрослые
# Лечение
## Консервативное лечение
### Особенности лечения пациентов с хронической сердечной недостаточностью и фибрилляцией предсердий",1,0.5545772910118103
667,"Клинические рекомендации ""Болезнь Крона""
Возрастная категория: Взрослые
# Лечение
## Консервативное лечение
### БК толстой кишки легкой и средней тяжести",1,0.5261935591697693
41,"Клинические рекомендации ""Хроническая сердечная недостаточность""
Возрастная категория: Взрослые
# Лечение
## Консервативное лечение
### Профилактика фибрилляции предсердий у пациентов с хронической сердечной недостаточностью",1,0.9499735236167908
79,"Клинические рекомендации ""Хроническая сердечная недостаточность""
Возрастная категория: Взрослые
# Лечение
## Консервативное лечение
### Терапия, рекомендованная пациентам с симптомной сердечной недостаточностью со сниженной фракцией выброса левого желудочка",1,0.9248306751251221
742,"Клинические рекомендации ""Хроническая сердечная недостаточность""
Возрастная категория: Взрослые
# Лечение
## Консервативное лечение
### Терапия, не рекомендованная (не доказан положительный эффект) пациентам с симптомной сердечной недостаточностью и сниженной фракцией выброса левого желудочка",1,0.8946976065635681
37,"Клинические рекомендации ""Хроническая сердечная недостаточность""
Возрастная категория: Взрослые
# Лечение
## Консервативное лечение
### Лечение пациентов с ХСН с умеренно сниженной и сохраненной ФВ ЛЖ",1,0.9342046976089478
846,"Клинические рекомендации ""Болезнь Крона""
Возрастная категория: Взрослые
# Лечение
## Консервативное лечение
### БК толстой кишки легкой и средней тяжести",1,0.5125282406806946
618,"Клинические рекомендации ""Болезнь Крона""
Возрастная категория: Взрослые
# Лечение
## Консервативное лечение
### БК тонкой кишки (кроме терминального илеита)",1,0.5032444000244141
197,"Клинические рекомендации ""Хроническая сердечная недостаточность""
Возрастная категория: Взрослые
# Лечение
## Консервативное лечение
### Профилактика фибрилляции предсердий у пациентов с хронической сердечной недостаточностью",1,0.9196557998657227
71,"Клинические рекомендации ""Хроническая сердечная недостаточность""
Возрастная категория: Взрослые
# Лечение
## Консервативное лечение
### Лечение пациентов с хронической сердечной недостаточностью и сочетанной патологией",1,0.9310874342918396
424,"Клинические рекомендации ""Амиодарон-индуцированная дисфункция щитовидной железы""
Возрастная категория: Взрослые
# Лечение
## Консервативное лечение амиодарон-индуцированного гипотиреоза",1,0.8321046829223633
178,"Клинические рекомендации ""Хроническая сердечная недостаточность""
Возрастная категория: Взрослые
# Лечение
## Консервативное лечение
### Терапия, не рекомендованная (не доказан положительный эффект) пациентам с симптомной сердечной недостаточностью и сниженной фракцией выброса левого желудочка",1,0.9077540636062622
649,"Клинические рекомендации ""Желчнокаменная болезнь""
Возрастная категория: Взрослые
# Лечение
## Хирургическое лечение
### Холедохолитиаз/холангиолитиаз",1,0.5239520072937012
6,"Клинические рекомендации ""Артериальная гипертензия у взрослых""
Возрастная категория: Взрослые
# Лечение
## Лечение артериальной гипертензии в отдельных клинических ситуациях",1,0.5245748162269592
537,"Клинические рекомендации ""Хроническая сердечная недостаточность""
Возрастная категория: Взрослые
# Лечение
## Консервативное лечение
### Профилактика фибрилляции предсердий у пациентов с хронической сердечной недостаточностью",1,0.8735283613204956
375,"Клинические рекомендации ""Головная боль напряжения (ГБН)""
Возрастная категория: Взрослые
# Лечение
## Особенности лечения ГБН, сочетающейся с лекарственно-индуцированной головной болью (ЛИГБ)",1,0.4921833276748657
549,"Клинические рекомендации ""Болезнь Крона""
Возрастная категория: Взрослые
# Лечение
## Хирургическое лечение БК
### Хирургическое лечение БК в форме терминального илеита или илеоколита",1,0.6501615047454834
167,"Клинические рекомендации ""Гастрит и дуоденит""
Возрастная категория: Взрослые
# Лечение
## Медикаментозное лечение
### Медикаментозная терапия при эрозивном гастрите и дуодените",1,0.5119534730911255
671,"Клинические рекомендации ""Болезнь Крона""
Возрастная категория: Взрослые
# Лечение
## Хирургическое лечение БК
### Лечение БК с перианальными проявлениями (перианальная БК)",0,0.5140607357025146
196,"Клинические рекомендации ""Хроническая сердечная недостаточность""
Возрастная категория: Взрослые
# Лечение
## Консервативное лечение
### Особенности лечения пациентов с хронической сердечной недостаточностью и фибрилляцией предсердий",1,0.7784717679023743
55,"Клинические рекомендации ""Хроническая сердечная недостаточность""
Возрастная категория: Взрослые
# Лечение
## Консервативное лечение
### Терапия, не рекомендованная (не доказан положительный эффект) пациентам с симптомной сердечной недостаточностью и сниженной фракцией выброса левого желудочка",1,0.9496067762374878
781,"Клинические рекомендации ""Эндометриоз""
Возрастная категория: Взрослые и дети
# Лечение
## Эндометриоз у подростков (до 18 лет)",0,0.0641210526227951
139,"Клинические рекомендации ""Гастрит и дуоденит""
Возрастная категория: Взрослые
# Лечение
## Эндоскопическое лечение",0,0.4235597252845764
474,"Клинические рекомендации ""Амиодарон-индуцированная дисфункция щитовидной железы""
Возрастная категория: Взрослые
# Лечение
## Консервативное лечение амиодарон-индуцированного гипотиреоза",0,0.4913685917854309
475,"Клинические рекомендации ""Головная боль напряжения (ГБН)""
Возрастная категория: Взрослые
# Лечение
## Особенности лечения ГБН, сочетающейся с лекарственно-индуцированной головной болью (ЛИГБ)",0,0.5386902093887329
155,"Клинические рекомендации ""Гастрит и дуоденит""
Возрастная категория: Взрослые
# Лечение
## Медикаментозное лечение
### Медикаментозная терапия при эрозивном гастрите и дуодените",0,0.5056636333465576
303,"Клинические рекомендации ""Хроническая сердечная недостаточность""
Возрастная категория: Взрослые
# Лечение
## Консервативное лечение
### Особенности лечения пациентов с хронической сердечной недостаточностью и фибрилляцией предсердий",0,0.4956141412258148
289,"Клинические рекомендации ""Болезнь Крона""
Возрастная категория: Взрослые
# Лечение
## Консервативное лечение
### Тяжелое течение активной БК любой локализации",1,0.9270751476287842
502,"Клинические рекомендации ""Хроническая сердечная недостаточность""
Возрастная категория: Взрослые
# Лечение
## Консервативное лечение
### Терапия, применение которой может быть опасно, и не рекомендовано для пациентов с хронической сердечной недостаточностью II-IV функционального класса и сниженной фракцией выброса левого желудочка",1,0.9210547208786011
384,"Клинические рекомендации ""Хроническая сердечная недостаточность""
Возрастная категория: Взрослые
# Лечение
## Консервативное лечение
### Терапия, не рекомендованная (не доказан положительный эффект) пациентам с симптомной сердечной недостаточностью и сниженной фракцией выброса левого желудочка",0,0.4897586703300476
772,"Клинические рекомендации ""Болезнь Крона""
Возрастная категория: Взрослые
# Лечение
## Консервативное лечение
### БК тонкой кишки (кроме терминального илеита)",0,0.19850988686084747
585,"Клинические рекомендации ""Хроническая сердечная недостаточность""
Возрастная категория: Взрослые
# Лечение
## Консервативное лечение
### Особенности лечения пациентов с хронической сердечной недостаточностью и фибрилляцией предсердий",1,0.4462137818336487
712,"Клинические рекомендации ""Хроническая сердечная недостаточность""
Возрастная категория: Взрослые
# Лечение
## Консервативное лечение
### Особенности лечения пациентов с хронической сердечной недостаточностью и фибрилляцией предсердий",0,0.5248342156410217
843,"Клинические рекомендации ""Хроническая сердечная недостаточность""
Возрастная категория: Взрослые
# Лечение
## Консервативное лечение
### Терапия, применение которой может быть опасно, и не рекомендовано для пациентов с хронической сердечной недостаточностью II-IV функционального класса и сниженной фракцией выброса левого желудочка",1,0.8824285864830017
661,"Клинические рекомендации ""Хроническая сердечная недостаточность""
Возрастная категория: Взрослые
# Лечение
## Консервативное лечение
### Рекомендации по контролю ритма у пациентов с фибрилляцией предсердий, симптомной ХСН, систолической дисфункцией левого желудочка при отсутствии острой декомпенсации",0,0.2487689107656479
374,"Клинические рекомендации ""Амиодарон-индуцированная дисфункция щитовидной железы""
Возрастная категория: Взрослые
# Лечение
## Консервативное лечение амиодарон-индуцированного гипотиреоза",1,0.4892677068710327
442,"Клинические рекомендации ""Болезнь Крона""
Возрастная категория: Взрослые
# Лечение
## Хирургическое лечение БК
### Лечение БК с перианальными проявлениями (перианальная БК)",0,0.5633655190467834
612,"Клинические рекомендации ""Хроническая сердечная недостаточность""
Возрастная категория: Взрослые
# Лечение
## Консервативное лечение
### Рекомендации по начальному лечению пациентов с хронической сердечной недостаточностью и фибрилляцией предсердий с высокой частотой желудочковых сокращений в острой или хронической ситуации",0,0.5463399887084961
147,"Клинические рекомендации ""Гастрит и дуоденит""
Возрастная категория: Взрослые
# Лечение
## Медикаментозное лечение
### Эрадикационная терапия инфекции H. рylori",1,0.806081235408783
837,"Клинические рекомендации ""Хроническая сердечная недостаточность""
Возрастная категория: Взрослые
# Лечение
## Консервативное лечение
### Особенности лечения пациентов с хронической сердечной недостаточностью и желудочковыми нарушениями ритма сердца",0,0.20389258861541748
764,"Клинические рекомендации ""Хроническая сердечная недостаточность""
Возрастная категория: Взрослые
# Лечение
## Консервативное лечение
### Профилактика фибрилляции предсердий у пациентов с хронической сердечной недостаточностью",0,0.5589576363563538
681,"Клинические рекомендации ""Хроническая сердечная недостаточность""
Возрастная категория: Взрослые
# Лечение
## Консервативное лечение
### Лечение пациентов с хронической сердечной недостаточностью и сочетанной патологией",1,0.8728997707366943
288,"Клинические рекомендации ""Болезнь Крона""
Возрастная категория: Взрослые
# Лечение
## Консервативное лечение
### Легкая БК илеоцекальной локализации",1,0.5196008682250977
404,"Клинические рекомендации ""Хроническая сердечная недостаточность""
Возрастная категория: Взрослые
# Лечение
## Консервативное лечение
### Особенности лечения пациентов с хронической сердечной недостаточностью и желудочковыми нарушениями ритма сердца",0,0.1680411547422409
788,"Клинические рекомендации ""Хроническая сердечная недостаточность""
Возрастная категория: Взрослые
# Лечение
## Консервативное лечение
### Особенности лечения пациентов с хронической сердечной недостаточностью и фибрилляцией предсердий",0,0.49028080701828003
13,"Клинические рекомендации ""Доброкачественная дисплазия молочной железы""
Возрастная категория: Взрослые и дети
# Лечение
## Применение средств МГТ при ДДМЖ",1,0.1302945762872696
27,"Клинические рекомендации ""Хроническая сердечная недостаточность""
Возрастная категория: Взрослые
# Лечение
## Консервативное лечение
### Лечение пациентов с хронической сердечной недостаточностью и сочетанной патологией",1,0.5700973272323608
520,"Клинические рекомендации ""Болезнь Крона""
Возрастная категория: Взрослые
# Лечение
## Консервативное лечение
### Легкая БК илеоцекальной локализации",1,0.704145610332489
640,"Клинические рекомендации ""Болезнь Крона""
Возрастная категория: Взрослые
# Лечение
## Консервативное лечение
### БК илеоцекальной локализации средней тяжести",1,0.539069652557373
29,"Клинические рекомендации ""Хроническая сердечная недостаточность""
Возрастная категория: Взрослые
# Лечение
## Консервативное лечение
### Особенности лечения пациентов с хронической сердечной недостаточностью и фибрилляцией предсердий",1,0.8984619975090027
319,"Клинические рекомендации ""Эндометриоз""
Возрастная категория: Взрослые и дети
# Лечение
## Эндометриоз в постменопаузе",0,0.07279498875141144
151,"Клинические рекомендации ""Гастрит и дуоденит""
Возрастная категория: Взрослые
# Лечение
## Эндоскопическое лечение",0,0.29849061369895935
272,"Клинические рекомендации ""Амиодарон-индуцированная дисфункция щитовидной железы""
Возрастная категория: Взрослые
# Лечение
## Консервативное лечение амиодарон-индуцированного гипотиреоза",1,0.8050767779350281
64,"Клинические рекомендации ""Хроническая сердечная недостаточность""
Возрастная категория: Взрослые
# Лечение
## Консервативное лечение
### Рекомендации по контролю ритма у пациентов с фибрилляцией предсердий, симптомной ХСН, систолической дисфункцией левого желудочка при отсутствии острой декомпенсации",1,0.5587218403816223
770,"Клинические рекомендации ""Болезнь Крона""
Возрастная категория: Взрослые
# Лечение
## Консервативное лечение
### БК илеоцекальной локализации средней тяжести",1,0.873712420463562
638,"Клинические рекомендации ""Хроническая сердечная недостаточность""
Возрастная категория: Взрослые
# Лечение
## Консервативное лечение
### Терапия, применение которой может быть опасно, и не рекомендовано для пациентов с хронической сердечной недостаточностью II-IV функционального класса и сниженной фракцией выброса левого желудочка",1,0.5443270802497864
725,"Клинические рекомендации ""Болезнь Крона""
Возрастная категория: Взрослые
# Лечение
## Хирургическое лечение БК
### Хирургическое лечение БК в форме терминального илеита или илеоколита",1,0.7788563370704651
775,"Клинические рекомендации ""Болезнь Крона""
Возрастная категория: Взрослые
# Лечение
## Хирургическое лечение БК
### Лечение БК с перианальными проявлениями (перианальная БК)",0,0.41948315501213074
