feature,coefficient,abs_coefficient,category
title_tfidf__особенность,-1.5688749078641944,1.5688749078641944,lexical
title_tfidf__предсердие,-1.3133701041364414,1.3133701041364414,lexical
title_tfidf__фибрилляция,-1.3133701041364414,1.3133701041364414,lexical
title_tfidf__особый,1.1546786832220493,1.1546786832220493,lexical
title_tfidf__группа,1.1546786832220493,1.1546786832220493,lexical
title_tfidf__хсн,1.1204439009562805,1.1204439009562805,lexical
title_tfidf__желудочковый,-1.0929398677594282,1.0929398677594282,lexical
h8_numeric__severity_unknown,1.0916912200189435,1.0916912200189435,contradiction
title_tfidf__снизить,1.0502294528509686,1.0502294528509686,lexical
title_tfidf__сочетать,0.9353240633818937,0.9353240633818937,lexical
title_tfidf__патология,0.9353240633818937,0.9353240633818937,lexical
title_tfidf__ритм,-0.8588477526418967,0.8588477526418967,lexical
title_tfidf__профилактика,0.7889039245030351,0.7889039245030351,lexical
title_tfidf__лж,0.7816157280558255,0.7816157280558255,lexical
title_tfidf__сохранить,0.7816157280558255,0.7816157280558255,lexical
title_tfidf__умеренно,0.7816157280558255,0.7816157280558255,lexical
title_tfidf__фв,0.7816157280558255,0.7816157280558255,lexical
title_tfidf__эндоскопический,-0.7640148768000379,0.7640148768000379,lexical
title_tfidf__начальный,-0.7511944812955463,0.7511944812955463,lexical
title_tfidf__высокий,-0.7511944812955463,0.7511944812955463,lexical
title_tfidf__частота,-0.7511944812955463,0.7511944812955463,lexical
title_tfidf__сокращение,-0.7511944812955463,0.7511944812955463,lexical
title_tfidf__острый,-0.730759813442124,0.730759813442124,lexical
title_tfidf__форма,0.7303062303819013,0.7303062303819013,lexical
title_tfidf__илеоколит,0.7303062303819013,0.7303062303819013,lexical
narrative_tfidf__чд,-0.7248067486292799,0.7248067486292799,lexical
title_tfidf__тонкий,-0.6865690687620548,0.6865690687620548,lexical
title_tfidf__кроме,-0.6865690687620548,0.6865690687620548,lexical
numeric__negation_count,-0.6862449849418103,0.6862449849418103,negation
h8_numeric__gender_condition_present,-0.6627078316296087,0.6627078316296087,contradiction
title_tfidf__тяжесть,0.6460605347814898,0.6460605347814898,lexical
title_tfidf__средний,0.6460605347814898,0.6460605347814898,lexical
numeric__protocol_len,0.6319128621945529,0.6319128621945529,long protocol
title_tfidf__лёгкий,-0.6098917700509353,0.6098917700509353,lexical
narrative_tfidf__умеренно,0.5984877951980311,0.5984877951980311,lexical
narrative_tfidf__безболезненный,-0.5903793644285578,0.5903793644285578,lexical
narrative_tfidf__эпигастральный,0.5807432604720418,0.5807432604720418,lexical
title_tfidf__рекомендовать,0.5794049181044317,0.5794049181044317,lexical
title_tfidf__выброс,0.5794049181044317,0.5794049181044317,lexical
title_tfidf__фракция,0.5794049181044317,0.5794049181044317,lexical
title_tfidf__отдел,-0.5647235397518179,0.5647235397518179,lexical
title_tfidf__хирургический,0.5616977228440713,0.5616977228440713,lexical
title_tfidf__пациент,0.5614762324009481,0.5614762324009481,lexical
title_tfidf__нарушение,-0.5456650781114325,0.5456650781114325,lexical
title_tfidf__сердце,-0.5456650781114325,0.5456650781114325,lexical
narrative_tfidf__гипотиреоз,0.5194589791141827,0.5194589791141827,lexical
narrative_tfidf__жир,-0.5162912904966865,0.5162912904966865,lexical
narrative_tfidf__мг,0.506347926713522,0.506347926713522,lexical
title_tfidf__терапия,0.5044702151670784,0.5044702151670784,lexical
narrative_tfidf__артериальный,0.5028162073650804,0.5028162073650804,lexical
narrative_tfidf__пальпироваться,0.4960536354400918,0.4960536354400918,lexical
title_tfidf__пункционный,-0.49353044195063617,0.49353044195063617,lexical
title_tfidf__позвоночник,-0.49353044195063617,0.49353044195063617,lexical
h8_numeric__severity_contradiction,0.4910410293708462,0.4910410293708462,contradiction
title_tfidf__ситуация,-0.4788508248208918,0.4788508248208918,lexical
title_tfidf__желчнокаменный,0.47369164769288497,0.47369164769288497,lexical
title_tfidf__отсутствие,-0.4736320109504817,0.4736320109504817,negation
title_tfidf__декомпенсация,-0.4736320109504817,0.4736320109504817,lexical
title_tfidf__контроль,-0.4736320109504817,0.4736320109504817,lexical
title_tfidf__систолический,-0.4736320109504817,0.4736320109504817,lexical
narrative_tfidf__жёсткий,0.4712071468592855,0.4712071468592855,lexical
title_tfidf__илеоцекальный,-0.469211807808614,0.469211807808614,lexical
narrative_tfidf__мкг,0.46821123081743454,0.46821123081743454,lexical
title_tfidf__доказать,-0.467476207240366,0.467476207240366,lexical
title_tfidf__положительный,-0.467476207240366,0.467476207240366,lexical
title_tfidf__эффект,-0.467476207240366,0.467476207240366,lexical
title_tfidf__холецистит,0.46647624550082645,0.46647624550082645,lexical
title_tfidf__калькулёзный,0.46647624550082645,0.46647624550082645,lexical
narrative_tfidf__мина,-0.4548473270720702,0.4548473270720702,lexical
h8_numeric__age_contradiction,-0.45149529371294095,0.45149529371294095,contradiction
narrative_tfidf__стул,-0.44103307645124895,0.44103307645124895,lexical
narrative_tfidf__лоно,-0.4363464898167294,0.4363464898167294,lexical
narrative_tfidf__отечь,0.4311013483083759,0.4311013483083759,lexical
narrative_tfidf__проявление,0.4271041357972121,0.4271041357972121,lexical
narrative_tfidf__нога,0.4248598568988908,0.4248598568988908,lexical
narrative_tfidf__форма,-0.4225920057635201,0.4225920057635201,lexical
narrative_tfidf__небольшой,-0.42142010989792644,0.42142010989792644,lexical
narrative_tfidf__сухой,0.4191617846687804,0.4191617846687804,lexical
narrative_tfidf__пастозность,-0.41646727652461035,0.41646727652461035,lexical
narrative_tfidf__принимать,0.4106016854757608,0.4106016854757608,lexical
narrative_tfidf__выделение,-0.40880113604212037,0.40880113604212037,lexical
title_tfidf__жкт,-0.40429947397745297,0.40429947397745297,lexical
title_tfidf__поражение,-0.40429947397745297,0.40429947397745297,lexical
title_tfidf__верхний,-0.40429947397745297,0.40429947397745297,lexical
narrative_tfidf__поясничный,0.4018612586778228,0.4018612586778228,lexical
narrative_tfidf__сердечный,0.3974487019938865,0.3974487019938865,lexical
title_tfidf__сердечный,0.3953223808764314,0.3953223808764314,lexical
title_tfidf__недостаточность,0.3953223808764314,0.3953223808764314,lexical
narrative_tfidf__питание,-0.38441825998205953,0.38441825998205953,lexical
narrative_tfidf__незначительный,0.3732353411695723,0.3732353411695723,lexical
narrative_tfidf__левотироксин,0.370825766925472,0.370825766925472,lexical
narrative_tfidf__стенозировать,-0.3696362620826835,0.3696362620826835,lexical
narrative_tfidf__илеоколит,-0.3618817668665098,0.3618817668665098,lexical
title_tfidf__ребёнок,-0.3618254103551316,0.3618254103551316,lexical
title_tfidf__гипертензия,0.35833504583918596,0.35833504583918596,lexical
title_tfidf__артериальный,0.35833504583918596,0.35833504583918596,lexical
narrative_tfidf__регулярный,-0.3564318205304846,0.3564318205304846,lexical
narrative_tfidf__онемение,-0.35603221477863184,0.35603221477863184,lexical
narrative_tfidf__распределить,-0.35488547280828736,0.35488547280828736,lexical
narrative_tfidf__натрий,0.3540582136409488,0.3540582136409488,lexical
narrative_tfidf__смотреть,0.35280179043020937,0.35280179043020937,lexical
narrative_tfidf__предъявлять,0.35267770435747914,0.35267770435747914,lexical
numeric__has_structured_header,-0.35243469098403224,0.35243469098403224,structural
narrative_tfidf__норма,0.35170620077392734,0.35170620077392734,lexical
narrative_tfidf__пастернацкий,0.35046075316969844,0.35046075316969844,lexical
title_tfidf__инфекция,-0.34967879057310997,0.34967879057310997,lexical
title_tfidf__рylori,-0.34967879057310997,0.34967879057310997,lexical
title_tfidf__эрадикационный,-0.34967879057310997,0.34967879057310997,lexical
narrative_tfidf__жкб,0.34858828172510686,0.34858828172510686,lexical
narrative_tfidf__ммоль,0.3470578672823427,0.3470578672823427,lexical
narrative_tfidf__сут,-0.3470034989604522,0.3470034989604522,lexical
narrative_tfidf__налёт,0.3469160291976986,0.3469160291976986,lexical
narrative_tfidf__ограничение,-0.3467651829215129,0.3467651829215129,lexical
narrative_tfidf__заболевание,-0.3466131472504348,0.3466131472504348,lexical
narrative_tfidf__уровень,0.34431559548103546,0.34431559548103546,lexical
narrative_tfidf__тремор,-0.3430856041732744,0.3430856041732744,lexical
narrative_tfidf__узел,-0.34303662301277793,0.34303662301277793,lexical
title_tfidf__дуоденит,-0.343010208321211,0.343010208321211,lexical
title_tfidf__гастрит,-0.343010208321211,0.343010208321211,lexical
narrative_tfidf__достаточный,-0.3428402361033706,0.3428402361033706,lexical
narrative_tfidf__наблюдаться,-0.34074353128595003,0.34074353128595003,lexical
narrative_tfidf__селезёнка,0.33956299733019457,0.33956299733019457,lexical
h8_numeric__contradiction_density,-0.33903656381197045,0.33903656381197045,contradiction
narrative_tfidf__отправление,0.3360753742804066,0.3360753742804066,lexical
narrative_tfidf__отрицательный,0.3353659887827301,0.3353659887827301,negation
narrative_tfidf__также,0.329574262387273,0.329574262387273,lexical
narrative_tfidf__гр,-0.32827659741298904,0.32827659741298904,lexical
narrative_tfidf__рект,-0.328099478001183,0.328099478001183,lexical
title_tfidf__лечение,0.32605556784977047,0.32605556784977047,lexical
narrative_tfidf__рекомендовать,-0.325408128513693,0.325408128513693,lexical
narrative_tfidf__обл,-0.31980090603051003,0.31980090603051003,lexical
narrative_tfidf__липопротеид,0.31889064360710556,0.31889064360710556,lexical
narrative_tfidf__плотность,0.31889064360710556,0.31889064360710556,lexical
narrative_tfidf__консультация,0.31879953571677333,0.31879953571677333,lexical
narrative_tfidf__жалоба,0.3187608831963683,0.3187608831963683,lexical
narrative_tfidf__кардиолог,0.3167269559578134,0.3167269559578134,lexical
narrative_tfidf__течение,-0.31636008397530746,0.31636008397530746,lexical
title_tfidf__дисфункция,-0.3139554929292457,0.3139554929292457,lexical
narrative_tfidf__инв,-0.3126453839496002,0.3126453839496002,lexical
title_tfidf__толстой,0.31264188469078646,0.31264188469078646,lexical
narrative_tfidf__лёгкий,-0.31220700530148543,0.31220700530148543,lexical
title_tfidf__гонартроз,-0.31216430295941716,0.31216430295941716,lexical
narrative_tfidf__повышение,0.31211843608193673,0.31211843608193673,lexical
narrative_tfidf__приём,-0.31169363800444916,0.31169363800444916,lexical
title_tfidf__эрозивный,0.31136933608068135,0.31136933608068135,lexical
title_tfidf__кишка,-0.3095174050161059,0.3095174050161059,lexical
narrative_tfidf__неустойчивый,-0.30884498315752273,0.30884498315752273,lexical
narrative_tfidf__ммм,0.30861225763034456,0.30861225763034456,lexical
narrative_tfidf__симптом,0.3068165831172906,0.3068165831172906,lexical
narrative_tfidf__осмотр,-0.30570779184835395,0.30570779184835395,lexical
narrative_tfidf__глазной,0.3048535351736843,0.3048535351736843,lexical
narrative_tfidf__поколачивание,0.3042680803310657,0.3042680803310657,lexical
narrative_tfidf__колопроктологический,-0.3029704155172147,0.3029704155172147,lexical
narrative_tfidf__локб,-0.3018724577604769,0.3018724577604769,lexical
narrative_tfidf__движение,-0.3015600328735651,0.3015600328735651,lexical
narrative_tfidf__сон,-0.2998279865695345,0.2998279865695345,lexical
narrative_tfidf__отсутствовать,0.29973095955818013,0.29973095955818013,negation
narrative_tfidf__нарушить,-0.2994482529121244,0.2994482529121244,lexical
title_tfidf__постменопауза,-0.29938938058115766,0.29938938058115766,lexical
narrative_tfidf__периферический,0.29824707850280685,0.29824707850280685,lexical
narrative_tfidf__край,-0.29613036884825966,0.29613036884825966,lexical
title_tfidf__мочекаменный,0.2942158403243935,0.2942158403243935,lexical
narrative_tfidf__основной,-0.2920717133360115,0.2920717133360115,lexical
narrative_tfidf__последний,-0.290418623031059,0.290418623031059,lexical
narrative_tfidf__ощеий,0.2893101090659347,0.2893101090659347,lexical
narrative_tfidf__тупость,0.2885191519579481,0.2885191519579481,lexical
narrative_tfidf__аускультативный,-0.28438072420718363,0.28438072420718363,lexical
narrative_tfidf__половина,0.2818930720990366,0.2818930720990366,lexical
narrative_tfidf__кишечник,-0.28156181911440414,0.28156181911440414,lexical
narrative_tfidf__кг,0.2795077468179449,0.2795077468179449,lexical
narrative_tfidf__всд,0.2789825680138594,0.2789825680138594,lexical
title_tfidf__хронический,-0.2778649959667731,0.2778649959667731,lexical
narrative_tfidf__дефекация,-0.27633718230778354,0.27633718230778354,lexical
narrative_tfidf__анализ,0.27550377619237565,0.27550377619237565,lexical
narrative_tfidf__проверить,0.27507227588890354,0.27507227588890354,lexical
narrative_tfidf__система,0.2750532259805817,0.2750532259805817,lexical
narrative_tfidf__ттг,0.2735580299229152,0.2735580299229152,lexical
narrative_tfidf__покров,0.2729817650952282,0.2729817650952282,lexical
narrative_tfidf__смещать,0.2728718784195628,0.2728718784195628,lexical
narrative_tfidf__нагрузка,0.27275405700822314,0.27275405700822314,lexical
narrative_tfidf__результат,0.27221799543537456,0.27221799543537456,lexical
h8_numeric__severity_match,0.27135088199689733,0.27135088199689733,contradiction
narrative_tfidf__рёберный,-0.26917015304526365,0.26917015304526365,lexical
narrative_tfidf__дуга,-0.26917015304526365,0.26917015304526365,lexical
title_tfidf__активный,0.26894414643778164,0.26894414643778164,lexical
title_tfidf__тяжёлый,0.26894414643778164,0.26894414643778164,lexical
title_tfidf__течение,0.26894414643778164,0.26894414643778164,lexical
title_tfidf__любой,0.26894414643778164,0.26894414643778164,lexical
narrative_tfidf__болезненный,0.2682440432191339,0.2682440432191339,lexical
title_tfidf__перианальный,-0.267396605000544,0.267396605000544,lexical
narrative_tfidf__сосудистый,0.26655544265697856,0.26655544265697856,lexical
title_tfidf__симптомный,0.2665457694941214,0.2665457694941214,lexical
narrative_tfidf__врач,0.2662363952316087,0.2662363952316087,lexical
narrative_tfidf__spo,0.26582647481130456,0.26582647481130456,lexical
narrative_tfidf__бледный,0.2657016240946395,0.2657016240946395,lexical
narrative_tfidf__дз,-0.2656586607396312,0.2656586607396312,lexical
narrative_tfidf__одышка,0.2656305086841399,0.2656305086841399,lexical
narrative_tfidf__большой,-0.2639865267479915,0.2639865267479915,lexical
h8_numeric__condition_contradiction,0.2636362267381091,0.2636362267381091,contradiction
narrative_tfidf__сторона,0.2635840873594699,0.2635840873594699,lexical
narrative_tfidf__кожный,0.2625737879942211,0.2625737879942211,lexical
title_tfidf__крона,-0.2606035393103832,0.2606035393103832,lexical
narrative_tfidf__поверхность,0.26031288245166406,0.26031288245166406,lexical
narrative_tfidf__приготовление,-0.2602989060940972,0.2602989060940972,lexical
narrative_tfidf__мясо,-0.2602989060940972,0.2602989060940972,lexical
narrative_tfidf__диастолический,-0.2602989060940972,0.2602989060940972,lexical
narrative_tfidf__отказаться,-0.26015815425659894,0.26015815425659894,lexical
narrative_tfidf__гипертрихоз,-0.25998967439780085,0.25998967439780085,lexical
narrative_tfidf__бессрочно,-0.25988041479649016,0.25988041479649016,lexical
narrative_tfidf__ожирение,0.2591527532100353,0.2591527532100353,lexical
narrative_tfidf__слабо,0.257926334897168,0.257926334897168,lexical
title_tfidf__медикаментозный,0.25786727326575093,0.25786727326575093,lexical
narrative_tfidf__супруг,-0.2575064234500098,0.2575064234500098,lexical
narrative_tfidf__спазмировать,-0.2561363894713008,0.2561363894713008,lexical
narrative_tfidf__конс,0.2554484938005985,0.2554484938005985,lexical
narrative_tfidf__удовть,-0.2549037317730118,0.2549037317730118,lexical
narrative_tfidf__тв,-0.2549037317730118,0.2549037317730118,lexical
narrative_tfidf__эпизод,0.25434145281739906,0.25434145281739906,lexical
narrative_tfidf__сердце,0.2542703560170792,0.2542703560170792,lexical
narrative_tfidf__адекватный,-0.2538164589783885,0.2538164589783885,lexical
narrative_tfidf__стенка,0.2517291195840981,0.2517291195840981,lexical
narrative_tfidf__околопупочный,-0.2513221162490026,0.2513221162490026,lexical
narrative_tfidf__подвижный,-0.25063624400049844,0.25063624400049844,lexical
narrative_tfidf__покой,0.2481577966868833,0.2481577966868833,lexical
narrative_tfidf__отсутствие,-0.24716940938424511,0.24716940938424511,negation
narrative_tfidf__объективный,0.24700789568994705,0.24700789568994705,lexical
title_tfidf__сустав,-0.24676522097531808,0.24676522097531808,lexical
title_tfidf__область,-0.24676522097531808,0.24676522097531808,lexical
title_tfidf__фасеточный,-0.24676522097531808,0.24676522097531808,lexical
title_tfidf__процедура,-0.24676522097531808,0.24676522097531808,lexical
title_tfidf__дугоотростчатый,-0.24676522097531808,0.24676522097531808,lexical
title_tfidf__дегенеративный,-0.24676522097531808,0.24676522097531808,lexical
title_tfidf__интервенционный,-0.24676522097531808,0.24676522097531808,lexical
title_tfidf__заболевание,-0.24676522097531808,0.24676522097531808,lexical
title_tfidf__вмешательство,-0.24676522097531808,0.24676522097531808,lexical
narrative_tfidf__стопа,0.24584206576467083,0.24584206576467083,lexical
narrative_tfidf__жжение,0.2451771874638443,0.2451771874638443,lexical
narrative_tfidf__боковой,0.24479755808127288,0.24479755808127288,lexical
narrative_tfidf__осложнение,0.24413928613290323,0.24413928613290323,lexical
narrative_tfidf__влево,0.24403923440962394,0.24403923440962394,lexical
narrative_tfidf__миндалина,0.2438904585738817,0.2438904585738817,lexical
narrative_tfidf__примерно,-0.24353694643813184,0.24353694643813184,lexical
h8_numeric__contradiction_count,0.2434629744771204,0.2434629744771204,contradiction
narrative_tfidf__рот,0.2427559113745133,0.2427559113745133,lexical
narrative_tfidf__учащённый,0.24197245970135886,0.24197245970135886,lexical
title_tfidf__консервативный,0.24152311459245665,0.24152311459245665,lexical
narrative_tfidf__мочь,0.23988131256535422,0.23988131256535422,lexical
narrative_tfidf__аритмия,0.23972912766097745,0.23972912766097745,lexical
narrative_tfidf__часы,-0.23955926345368553,0.23955926345368553,lexical
narrative_tfidf__связать,0.23916798270532882,0.23916798270532882,lexical
narrative_tfidf__предсердие,0.23916798270532882,0.23916798270532882,lexical
narrative_tfidf__фибрилляция,0.23916798270532882,0.23916798270532882,lexical
narrative_tfidf__ммртст,0.23747740402202902,0.23747740402202902,lexical
narrative_tfidf__межреберье,-0.23744136678036193,0.23744136678036193,lexical
narrative_tfidf__аускультация,0.2374244387939771,0.2374244387939771,lexical
narrative_tfidf__тахикардия,-0.237262867545111,0.237262867545111,lexical
narrative_tfidf__исследование,-0.23711345475799298,0.23711345475799298,lexical
narrative_tfidf__яблоко,0.23618962510663183,0.23618962510663183,lexical
narrative_tfidf__оба,0.23369162343809327,0.23369162343809327,lexical
title_tfidf__бк,-0.23263829188272803,0.23263829188272803,lexical
narrative_tfidf__физический,0.23031219024260144,0.23031219024260144,lexical
narrative_tfidf__хирург,0.23027271979594138,0.23027271979594138,lexical
narrative_tfidf__аутоиммунный,0.22988037758752128,0.22988037758752128,lexical
narrative_tfidf__физиологический,0.2296446778752618,0.2296446778752618,lexical
narrative_tfidf__телмисартан,-0.2285446610611272,0.2285446610611272,lexical
narrative_tfidf__артерия,0.22832004699443972,0.22832004699443972,lexical
narrative_tfidf__активно,0.22755501478602627,0.22755501478602627,lexical
narrative_tfidf__диагноз,-0.22697157934736473,0.22697157934736473,lexical
narrative_tfidf__пилори,-0.2255408699706783,0.2255408699706783,lexical
narrative_tfidf__есть,0.2254666159599082,0.2254666159599082,lexical
narrative_tfidf__аллопуринол,0.22403264735096914,0.22403264735096914,lexical
narrative_tfidf__губа,0.22386312214563836,0.22386312214563836,lexical
title_tfidf__локализация,-0.22313980144978376,0.22313980144978376,lexical
narrative_tfidf__звучность,-0.22249441123649072,0.22249441123649072,lexical
narrative_tfidf__тенезм,-0.22249441123649072,0.22249441123649072,lexical
narrative_tfidf__удовлетворительный,0.22180399226040165,0.22180399226040165,lexical
narrative_tfidf__положение,0.2209201320181768,0.2209201320181768,lexical
narrative_tfidf__аллерген,0.2200687190951878,0.2200687190951878,lexical
narrative_tfidf__являться,-0.21993997259191425,0.21993997259191425,lexical
narrative_tfidf__брюшной,0.21991242577672815,0.21991242577672815,lexical
title_tfidf__левый,0.21974471785289285,0.21974471785289285,lexical
title_tfidf__желудочек,0.21974471785289285,0.21974471785289285,lexical
narrative_tfidf__вправо,0.21971483907577277,0.21971483907577277,lexical
narrative_tfidf__болеть,-0.21914806201927722,0.21914806201927722,lexical
narrative_tfidf__глухой,0.21893467367738176,0.21893467367738176,lexical
narrative_tfidf__преднизолон,-0.21783269422105753,0.21783269422105753,lexical
narrative_tfidf__гемотрансфузия,-0.21541088197558575,0.21541088197558575,lexical
narrative_tfidf__работать,-0.21519671273167265,0.21519671273167265,lexical
narrative_tfidf__лимфоузел,0.21498218592333035,0.21498218592333035,lexical
title_tfidf__рак,0.21486670971618055,0.21486670971618055,lexical
narrative_tfidf__имт,0.21412925025360935,0.21412925025360935,lexical
narrative_tfidf__статус,0.21393013519490553,0.21393013519490553,lexical
narrative_tfidf__внизу,-0.21350029144304533,0.21350029144304533,lexical
narrative_tfidf__отменить,-0.21271911864087575,0.21271911864087575,lexical
narrative_tfidf__периодически,-0.2125743472570178,0.2125743472570178,lexical
narrative_tfidf__холестерин,0.21200116262476718,0.21200116262476718,lexical
narrative_tfidf__обп,0.21073394207250967,0.21073394207250967,lexical
narrative_tfidf__соска,-0.21013004339025207,0.21013004339025207,lexical
narrative_tfidf__холецистит,0.20949280832613967,0.20949280832613967,lexical
narrative_tfidf__височный,-0.20942728720473014,0.20942728720473014,lexical
narrative_tfidf__сердечно,0.2085458367041744,0.2085458367041744,lexical
narrative_tfidf__дыхание,0.20713478543874655,0.20713478543874655,lexical
narrative_tfidf__общий,0.20703528007225366,0.20703528007225366,lexical
narrative_tfidf__реакт,-0.20701613908387223,0.20701613908387223,lexical
narrative_tfidf__ерон,-0.20701613908387223,0.20701613908387223,lexical
narrative_tfidf__кончультировать,-0.20701613908387223,0.20701613908387223,lexical
narrative_tfidf__данный,-0.20525189290942306,0.20525189290942306,lexical
narrative_tfidf__вирусный,-0.20422386329884978,0.20422386329884978,lexical
narrative_tfidf__весь,-0.20398925401787218,0.20398925401787218,lexical
narrative_tfidf__пациент,-0.20396706197740622,0.20396706197740622,lexical
narrative_tfidf__пол,-0.20333070452358476,0.20333070452358476,lexical
narrative_tfidf__эхокг,0.20326521050056354,0.20326521050056354,lexical
narrative_tfidf__головокружение,-0.20324498756756562,0.20324498756756562,lexical
narrative_tfidf__колопроктолог,-0.20321281026637192,0.20321281026637192,lexical
narrative_tfidf__пульс,0.20208107659402444,0.20208107659402444,lexical
title_tfidf__амиодарон,0.20204714486219846,0.20204714486219846,lexical
narrative_tfidf__мама,0.20193810032956208,0.20193810032956208,lexical
narrative_tfidf__разновидность,0.20193810032956208,0.20193810032956208,lexical
narrative_tfidf__летний,0.20193810032956208,0.20193810032956208,lexical
narrative_tfidf__вечером,0.2013157511057622,0.2013157511057622,lexical
narrative_tfidf__сопутствовать,-0.20123944505908234,0.20123944505908234,lexical
narrative_tfidf__цианоз,0.20080884990187897,0.20080884990187897,lexical
narrative_tfidf__липидограмма,0.20077803358509685,0.20077803358509685,lexical
narrative_tfidf__хаит,0.2000574456790066,0.2000574456790066,lexical
narrative_tfidf__низкий,0.20002367064445434,0.20002367064445434,lexical
narrative_tfidf__беловатый,0.1989532803900777,0.1989532803900777,lexical
narrative_tfidf__конечность,-0.19882571694487125,0.19882571694487125,lexical
narrative_tfidf__умеренный,-0.19854980961874097,0.19854980961874097,lexical
narrative_tfidf__явиться,0.19830777662462834,0.19830777662462834,lexical
narrative_tfidf__затруднить,-0.1974428786614039,0.1974428786614039,lexical
narrative_tfidf__что,-0.19716272735322654,0.19716272735322654,lexical
narrative_tfidf__неувеличить,-0.19672622009482643,0.19672622009482643,lexical
narrative_tfidf__волос,0.19623717953008488,0.19623717953008488,lexical
narrative_tfidf__выпадение,0.19623717953008488,0.19623717953008488,lexical
narrative_tfidf__несколько,-0.19622346400692814,0.19622346400692814,lexical
narrative_tfidf__ход,-0.19571889337375944,0.19571889337375944,lexical
narrative_tfidf__слизистый,0.19529010789401569,0.19529010789401569,lexical
narrative_tfidf__вредный,-0.1948862857247867,0.1948862857247867,lexical
narrative_tfidf__эксперт,0.194132031765815,0.194132031765815,lexical
narrative_tfidf__перебой,0.19373570233006993,0.19373570233006993,lexical
narrative_tfidf__час,-0.19328444641664777,0.19328444641664777,lexical
narrative_tfidf__группа,-0.19314998850518814,0.19314998850518814,lexical
narrative_tfidf__тироксин,0.19312653066505645,0.19312653066505645,lexical
narrative_tfidf__работа,0.19239757422707363,0.19239757422707363,lexical
narrative_tfidf__расширить,0.19207841749197302,0.19207841749197302,lexical
narrative_tfidf__провести,-0.1920043941808397,0.1920043941808397,lexical
title_tfidf__индуцировать,0.19134628863131475,0.19134628863131475,lexical
narrative_tfidf__пульсация,0.19117245446762698,0.19117245446762698,lexical
narrative_tfidf__стоп,0.1904136390193498,0.1904136390193498,lexical
narrative_tfidf__беременность,0.19018478172009193,0.19018478172009193,lexical
narrative_tfidf__понос,0.18954799800100983,0.18954799800100983,lexical
narrative_tfidf__гепатит,-0.18947513423068732,0.18947513423068732,lexical
narrative_tfidf__тест,-0.18943768201374914,0.18943768201374914,lexical
narrative_tfidf__риск,0.18937277677922582,0.18937277677922582,lexical
narrative_tfidf__среднее,-0.18885316107033343,0.18885316107033343,lexical
narrative_tfidf__дневный,-0.18885316107033343,0.18885316107033343,lexical
narrative_tfidf__видимый,0.18870069209387752,0.18870069209387752,lexical
narrative_tfidf__неврологический,0.18817581740748687,0.18817581740748687,lexical
narrative_tfidf__позвоночник,0.18816502690674575,0.18816502690674575,lexical
narrative_tfidf__сустав,-0.1840931291968922,0.1840931291968922,lexical
narrative_tfidf__крона,-0.18316705510068143,0.18316705510068143,lexical
narrative_tfidf__подкожный,-0.1825885605301949,0.1825885605301949,lexical
narrative_tfidf__длительно,0.1818224680069989,0.1818224680069989,lexical
narrative_tfidf__пациентка,0.18066041679221534,0.18066041679221534,lexical
narrative_tfidf__отр,0.18019111836817378,0.18019111836817378,lexical
narrative_tfidf__аит,0.17993275750223583,0.17993275750223583,lexical
title_tfidf__отдельный,0.17916752291959298,0.17916752291959298,lexical
narrative_tfidf__проекция,0.1789528270714892,0.1789528270714892,lexical
narrative_tfidf__узи,0.17893807989351176,0.17893807989351176,lexical
narrative_tfidf__плохой,0.178167008825258,0.178167008825258,lexical
narrative_tfidf__родственник,-0.17800373396230101,0.17800373396230101,lexical
narrative_tfidf__показатель,0.177864057112637,0.177864057112637,lexical
narrative_tfidf__сд,0.1777269237767114,0.1777269237767114,lexical
narrative_tfidf__сохраняться,-0.17751314575805718,0.17751314575805718,lexical
narrative_tfidf__терапевт,0.17688410361855345,0.17688410361855345,lexical
narrative_tfidf__недомогание,0.17659227591568488,0.17659227591568488,lexical
narrative_tfidf__звучный,-0.176467961000058,0.176467961000058,lexical
narrative_tfidf__ваш,-0.17625784488494364,0.17625784488494364,lexical
narrative_tfidf__аллергологический,-0.17613634305094045,0.17613634305094045,lexical
narrative_tfidf__реакция,0.17607315548784375,0.17607315548784375,lexical
narrative_tfidf__сохранить,-0.17590614360080223,0.17590614360080223,lexical
narrative_tfidf__лопатка,-0.1754330695821044,0.1754330695821044,lexical
narrative_tfidf__плечевой,-0.1754330695821044,0.1754330695821044,lexical
narrative_tfidf__кисть,-0.1754330695821044,0.1754330695821044,lexical
narrative_tfidf__распространение,-0.1754330695821044,0.1754330695821044,lexical
narrative_tfidf__затылок,-0.1754330695821044,0.1754330695821044,lexical
narrative_tfidf__голенйцианоз,-0.1749790609988695,0.1749790609988695,lexical
narrative_tfidf__сравнить,-0.1749790609988695,0.1749790609988695,lexical
narrative_tfidf__сотка,-0.1749790609988695,0.1749790609988695,lexical
narrative_tfidf__систола,-0.1749790609988695,0.1749790609988695,lexical
narrative_tfidf__трофический,-0.1749790609988695,0.1749790609988695,lexical
narrative_tfidf__измение,-0.1749790609988695,0.1749790609988695,lexical
narrative_tfidf__инвал,-0.1749790609988695,0.1749790609988695,lexical
narrative_tfidf__тесный,0.1748713498568856,0.1748713498568856,lexical
narrative_tfidf__проведение,-0.17444416556845213,0.17444416556845213,lexical
narrative_tfidf__рост,0.17423967258736323,0.17423967258736323,lexical
title_tfidf__поясничный,-0.17416746154526816,0.17416746154526816,lexical
narrative_tfidf__привычка,-0.17367008944071038,0.17367008944071038,lexical
narrative_tfidf__некоторый,-0.17356110645047784,0.17356110645047784,lexical
narrative_tfidf__находиться,-0.17265642919009203,0.17265642919009203,lexical
narrative_tfidf__определение,0.1726509493151135,0.1726509493151135,lexical
narrative_tfidf__периндоприть,0.1724153206029069,0.1724153206029069,lexical
narrative_tfidf__воспалить,-0.1713244400216823,0.1713244400216823,lexical
narrative_tfidf__температура,-0.17095632735077743,0.17095632735077743,lexical
narrative_tfidf__нквить,-0.17087714684690875,0.17087714684690875,lexical
narrative_tfidf__нь,-0.17080181716867,0.17080181716867,lexical
narrative_tfidf__свищ,-0.17080181716867,0.17080181716867,lexical
narrative_tfidf__эутирокс,0.17052366402546296,0.17052366402546296,lexical
narrative_tfidf__симметричный,-0.17041189072268959,0.17041189072268959,lexical
narrative_tfidf__подреберье,0.16978758522644252,0.16978758522644252,lexical
narrative_tfidf__атеросклероз,0.1697443008264223,0.1697443008264223,lexical
narrative_tfidf__гемор,-0.16964487840914025,0.16964487840914025,lexical
narrative_tfidf__ет,-0.16964487840914025,0.16964487840914025,lexical
narrative_tfidf__болезньюкрон,-0.16964487840914025,0.16964487840914025,lexical
narrative_tfidf__кищшечник,-0.16964487840914025,0.16964487840914025,lexical
narrative_tfidf__status,0.16937915203737455,0.16937915203737455,lexical
narrative_tfidf__тестирование,-0.16915565247800896,0.16915565247800896,lexical
narrative_tfidf__жара,0.1689148802843145,0.1689148802843145,lexical
narrative_tfidf__орган,0.16886448379440477,0.16886448379440477,lexical
narrative_tfidf__колит,0.1676962711751858,0.1676962711751858,lexical
narrative_tfidf__первый,-0.16644346464425297,0.16644346464425297,lexical
narrative_tfidf__контакт,-0.16614579067214014,0.16614579067214014,lexical
narrative_tfidf__стома,0.16600393037946928,0.16600393037946928,lexical
narrative_tfidf__применение,0.16583162097020737,0.16583162097020737,lexical
narrative_tfidf__гипотензивный,0.1654823950715866,0.1654823950715866,lexical
narrative_tfidf__воздух,0.1653247589655478,0.1653247589655478,lexical
narrative_tfidf__отёк,0.16524626161495182,0.16524626161495182,lexical
narrative_tfidf__выезжать,-0.1651950780476791,0.1651950780476791,lexical
narrative_tfidf__предел,-0.16516210628301722,0.16516210628301722,lexical
narrative_tfidf__пузырь,-0.16499803824737655,0.16499803824737655,lexical
narrative_tfidf__гипертонический,0.16482665846197583,0.16482665846197583,lexical
narrative_tfidf__эффект,-0.16451616709225564,0.16451616709225564,lexical
narrative_tfidf__раз,-0.1640572137363124,0.1640572137363124,lexical
narrative_tfidf__самостоятельно,-0.16392972935144032,0.16392972935144032,lexical
title_tfidf__рекомендация,-0.16338581498894814,0.16338581498894814,lexical
title_tfidf__взрослый,0.16305313986124317,0.16305313986124317,lexical
title_tfidf__клинический,0.16305313986124317,0.16305313986124317,lexical
narrative_tfidf__пища,-0.1624515299243608,0.1624515299243608,lexical
narrative_tfidf__гуз,-0.16235664030298422,0.16235664030298422,lexical
narrative_tfidf__стационарный,-0.16235664030298422,0.16235664030298422,lexical
narrative_tfidf__печень,0.1619575495162473,0.1619575495162473,lexical
narrative_tfidf__консультировать,-0.1619249427958833,0.1619249427958833,lexical
narrative_tfidf__антигипертензивный,-0.16190369808001867,0.16190369808001867,lexical
narrative_tfidf__дать,0.16162555361755537,0.16162555361755537,lexical
narrative_tfidf__мкб,0.16149046819923601,0.16149046819923601,lexical
narrative_tfidf__граница,0.1604466494213019,0.1604466494213019,lexical
narrative_tfidf__ккф,-0.16036942290259248,0.16036942290259248,lexical
narrative_tfidf__аритмичный,0.1595154263609365,0.1595154263609365,lexical
narrative_tfidf__гипертония,0.15944532180355278,0.15944532180355278,lexical
narrative_tfidf__ишемический,0.15944532180355278,0.15944532180355278,lexical
narrative_tfidf__проводимость,0.15944532180355278,0.15944532180355278,lexical
narrative_tfidf__мерцательный,0.15944532180355278,0.15944532180355278,lexical
narrative_tfidf__прниём,0.15933671129201007,0.15933671129201007,lexical
narrative_tfidf__общеий,0.15933671129201007,0.15933671129201007,lexical
narrative_tfidf__доля,0.15866195419112372,0.15866195419112372,lexical
narrative_tfidf__парастернальный,-0.15864589464113882,0.15864589464113882,lexical
narrative_tfidf__дн,-0.1584767694612301,0.1584767694612301,lexical
narrative_tfidf__дневник,0.15762072693140183,0.15762072693140183,lexical
narrative_tfidf__ритмичный,0.15760714448945579,0.15760714448945579,lexical
narrative_tfidf__лекарственный,0.15726552729270335,0.15726552729270335,lexical
narrative_tfidf__спокойный,0.15671413619252533,0.15671413619252533,lexical
narrative_tfidf__обострение,-0.1566566079178661,0.1566566079178661,lexical
narrative_tfidf__введение,-0.15610828281555106,0.15610828281555106,lexical
narrative_tfidf__рвота,-0.15609487705112288,0.15609487705112288,lexical
title_tfidf__оперативный,-0.15608215147970858,0.15608215147970858,lexical
title_tfidf__органосохранять,-0.15608215147970858,0.15608215147970858,lexical
gender__gender_unknown,0.15604909944530426,0.15604909944530426,demographics
narrative_tfidf__амбулаторный,0.15583891025283034,0.15583891025283034,lexical
narrative_tfidf__заключение,0.15556041846714036,0.15556041846714036,lexical
narrative_tfidf__нормальный,0.15481246320756858,0.15481246320756858,lexical
narrative_tfidf__отметить,-0.15394955392088389,0.15394955392088389,lexical
narrative_tfidf__эгдс,-0.15390058498976703,0.15390058498976703,lexical
narrative_tfidf__борозда,-0.15306997467805591,0.15306997467805591,lexical
narrative_tfidf__центральный,-0.15306997467805591,0.15306997467805591,lexical
narrative_tfidf__прослеживаться,-0.15306997467805591,0.15306997467805591,lexical
narrative_tfidf__консистенция,-0.15306997467805591,0.15306997467805591,lexical
narrative_tfidf__тугоэластический,-0.15306997467805591,0.15306997467805591,lexical
narrative_tfidf__показание,-0.1527351612411307,0.1527351612411307,lexical
narrative_tfidf__погрешность,-0.15198303549154774,0.15198303549154774,lexical
narrative_tfidf__голень,0.15187476980792522,0.15187476980792522,lexical
narrative_tfidf__провоцировать,-0.15175615353035563,0.15175615353035563,lexical
narrative_tfidf__мышечный,0.1517256573861417,0.1517256573861417,lexical
narrative_tfidf__сознание,0.1516667933710413,0.1516667933710413,lexical
narrative_tfidf__недостаточность,0.1512507865652011,0.1512507865652011,lexical
narrative_tfidf__оволосение,-0.15108181361163608,0.15108181361163608,lexical
narrative_tfidf__женский,-0.15108181361163608,0.15108181361163608,lexical
narrative_tfidf__хрип,0.14994024767736175,0.14994024767736175,lexical
narrative_tfidf__кисточка,0.14977147806112004,0.14977147806112004,lexical
title_tfidf__эндометриоз,-0.14945317965546878,0.14945317965546878,lexical
narrative_tfidf__name,-0.14927169110818103,0.14927169110818103,lexical
narrative_tfidf__положительный,-0.1490307311990674,0.1490307311990674,lexical
narrative_tfidf__колика,0.14887587228864466,0.14887587228864466,lexical
narrative_tfidf__бца,0.1487636829756077,0.1487636829756077,lexical
narrative_tfidf__ректальный,-0.14816041038778896,0.14816041038778896,lexical
narrative_tfidf__продукт,-0.14814589825601066,0.14814589825601066,lexical
narrative_tfidf__щит,0.14806419435082419,0.14806419435082419,lexical
narrative_tfidf__hg,0.14796451085930235,0.14796451085930235,lexical
narrative_tfidf__глаз,0.14785484090738563,0.14785484090738563,lexical
narrative_tfidf__кто,-0.14785455212971405,0.14785455212971405,lexical
narrative_tfidf__каждый,-0.1474687601059258,0.1474687601059258,lexical
narrative_tfidf__калькулёзный,0.1469419299934809,0.1469419299934809,lexical
narrative_tfidf__степень,0.14687682874141578,0.14687682874141578,lexical
narrative_tfidf__толстой,-0.14646186162581049,0.14646186162581049,lexical
narrative_tfidf__повод,0.14637155389638462,0.14637155389638462,lexical
narrative_tfidf__связывать,-0.14623209155284908,0.14623209155284908,lexical
narrative_tfidf__туберкулёз,-0.14610347228386478,0.14610347228386478,lexical
narrative_tfidf__плотный,0.14589540733008566,0.14589540733008566,lexical
narrative_tfidf__сосуд,0.1456685703504414,0.1456685703504414,lexical
narrative_tfidf__серетид,-0.1452217961473714,0.1452217961473714,lexical
narrative_tfidf__различный,-0.1452217961473714,0.1452217961473714,lexical
narrative_tfidf__эуфиллина,-0.1452217961473714,0.1452217961473714,lexical
narrative_tfidf__ингаляционный,-0.1452217961473714,0.1452217961473714,lexical
narrative_tfidf__перенести,-0.14498799355263414,0.14498799355263414,lexical
narrative_tfidf__молочный,-0.14494480260183853,0.14494480260183853,lexical
narrative_tfidf__мочеиспускание,-0.14489505854715815,0.14489505854715815,lexical
numeric__age,0.1446522399485577,0.1446522399485577,demographics
narrative_tfidf__область,0.14423579896445377,0.14423579896445377,lexical
narrative_tfidf__рекомендоваться,0.14373463941660278,0.14373463941660278,lexical
narrative_tfidf__экспертный,-0.14282495676559412,0.14282495676559412,lexical
narrative_tfidf__направлять,0.1427483712893119,0.1427483712893119,lexical
narrative_tfidf__линия,-0.1427134235637614,0.1427134235637614,lexical
narrative_tfidf__равномерно,-0.14254542394671996,0.14254542394671996,lexical
narrative_tfidf__средне,0.14229446433587045,0.14229446433587045,lexical
narrative_tfidf__афт,0.1416272655640664,0.1416272655640664,lexical
narrative_tfidf__липаза,0.1416272655640664,0.1416272655640664,lexical
narrative_tfidf__соль,-0.14148753374990425,0.14148753374990425,lexical
narrative_tfidf__жареный,-0.1413761772948581,0.1413761772948581,lexical
narrative_tfidf__бак,-0.1413761772948581,0.1413761772948581,lexical
narrative_tfidf__стабильный,-0.14082701500733116,0.14082701500733116,lexical
narrative_tfidf__единичный,0.14044045882920564,0.14044045882920564,lexical
narrative_tfidf__дообследование,0.14023342402567424,0.14023342402567424,lexical
narrative_tfidf__эффективность,-0.14003846299368775,0.14003846299368775,lexical
narrative_tfidf__аста,0.1400348044691627,0.1400348044691627,lexical
narrative_tfidf__алта,0.1400348044691627,0.1400348044691627,lexical
narrative_tfidf__материал,0.139841212466066,0.139841212466066,lexical
narrative_tfidf__тотальный,0.1397018139376179,0.1397018139376179,lexical
narrative_tfidf__эпигастрия,-0.13968348888525434,0.13968348888525434,lexical
narrative_tfidf__рекомендация,0.13922442003048216,0.13922442003048216,lexical
narrative_tfidf__нарушение,0.13908601953259778,0.13908601953259778,lexical
narrative_tfidf__участвовать,0.13898334542790775,0.13898334542790775,lexical
narrative_tfidf__частота,0.13834195282738723,0.13834195282738723,lexical
narrative_tfidf__нехватка,0.1379924310399136,0.1379924310399136,lexical
narrative_tfidf__госпитализация,-0.1378777663879468,0.1378777663879468,lexical
narrative_tfidf__балл,-0.1377551456685587,0.1377551456685587,lexical
narrative_tfidf__катаральный,-0.13702564120383803,0.13702564120383803,lexical
narrative_tfidf__усиливаться,0.13661551678581543,0.13661551678581543,lexical
narrative_tfidf__передний,0.1363604602175858,0.1363604602175858,lexical
narrative_tfidf__кишечный,0.13633348244945717,0.13633348244945717,lexical
narrative_tfidf__относительный,0.13616636496978737,0.13616636496978737,lexical
narrative_tfidf__лпвп,0.13571472323013922,0.13571472323013922,lexical
narrative_tfidf__диета,-0.13506228692893274,0.13506228692893274,lexical
narrative_tfidf__чдд,0.13502947901154513,0.13502947901154513,lexical
narrative_tfidf__оперировать,0.13489997239512458,0.13489997239512458,lexical
narrative_tfidf__флг,-0.13478409957818113,0.13478409957818113,lexical
narrative_tfidf__рана,0.13393458824996235,0.13393458824996235,lexical
narrative_tfidf__венерический,-0.13390589498552238,0.13390589498552238,lexical
narrative_tfidf__выслушиваться,0.1337870449742851,0.1337870449742851,lexical
narrative_tfidf__самостоятельный,0.1337870449742851,0.1337870449742851,lexical
narrative_tfidf__пищеварение,0.1337870449742851,0.1337870449742851,lexical
narrative_tfidf__мочегонное,0.13376677087261585,0.13376677087261585,lexical
title_tfidf__проявление,-0.133698302500272,0.133698302500272,lexical
narrative_tfidf__характер,-0.13361086360477728,0.13361086360477728,lexical
narrative_tfidf__ия,-0.13342079963095327,0.13342079963095327,lexical
narrative_tfidf__отхождение,0.13325316760415237,0.13325316760415237,lexical
narrative_tfidf__длт,0.13325316760415237,0.13325316760415237,lexical
narrative_tfidf__стол,0.13305354196225624,0.13305354196225624,lexical
narrative_tfidf__мочеточник,0.13245327664341275,0.13245327664341275,lexical
narrative_tfidf__право,0.13238303833856788,0.13238303833856788,lexical
narrative_tfidf__гиперемия,0.13216252640772316,0.13216252640772316,lexical
narrative_tfidf__адаптировать,0.13151924221595043,0.13151924221595043,lexical
narrative_tfidf__месалазин,-0.1315033856358393,0.1315033856358393,lexical
narrative_tfidf__отдел,0.13143766747840238,0.13143766747840238,lexical
narrative_tfidf__исключить,0.1312128682757008,0.1312128682757008,lexical
narrative_tfidf__тяжёлый,0.1310732420760491,0.1310732420760491,lexical
narrative_tfidf__ряд,-0.1310078052928902,0.1310078052928902,lexical
narrative_tfidf__арифон,0.13093026154468967,0.13093026154468967,lexical
title_tfidf__железа,0.1308317502858215,0.1308317502858215,lexical
narrative_tfidf__год,-0.1304622231999885,0.1304622231999885,lexical
narrative_tfidf__пачка,-0.1301494530470486,0.1301494530470486,lexical
narrative_tfidf__студенческий,-0.1301494530470486,0.1301494530470486,lexical
narrative_tfidf__многие,-0.1301494530470486,0.1301494530470486,lexical
narrative_tfidf__морской,-0.1301494530470486,0.1301494530470486,lexical
narrative_tfidf__гриль,-0.1301494530470486,0.1301494530470486,lexical
narrative_tfidf__способствовать,-0.1301494530470486,0.1301494530470486,lexical
narrative_tfidf__нужный,-0.1301494530470486,0.1301494530470486,lexical
narrative_tfidf__тиреоидный,-0.1301494530470486,0.1301494530470486,lexical
narrative_tfidf__готовить,-0.1301494530470486,0.1301494530470486,lexical
narrative_tfidf__ненасыщенный,-0.1301494530470486,0.1301494530470486,lexical
narrative_tfidf__опасный,-0.1301494530470486,0.1301494530470486,lexical
narrative_tfidf__снимать,-0.1301494530470486,0.1301494530470486,lexical
narrative_tfidf__случать,-0.1301494530470486,0.1301494530470486,lexical
narrative_tfidf__срезать,-0.1301494530470486,0.1301494530470486,lexical
narrative_tfidf__смена,-0.1301494530470486,0.1301494530470486,lexical
narrative_tfidf__достигнуть,-0.1301494530470486,0.1301494530470486,lexical
narrative_tfidf__питаться,-0.1301494530470486,0.1301494530470486,lexical
narrative_tfidf__повесить,-0.1301494530470486,0.1301494530470486,lexical
narrative_tfidf__флаг,-0.1301494530470486,0.1301494530470486,lexical
narrative_tfidf__блуждать,-0.1301494530470486,0.1301494530470486,lexical
narrative_tfidf__тушить,-0.1301494530470486,0.1301494530470486,lexical
narrative_tfidf__трубка,-0.1301494530470486,0.1301494530470486,lexical
narrative_tfidf__глобальный,-0.1301494530470486,0.1301494530470486,lexical
narrative_tfidf__гиппердиппер,-0.1301494530470486,0.1301494530470486,lexical
narrative_tfidf__варить,-0.1301494530470486,0.1301494530470486,lexical
narrative_tfidf__большинство,-0.1301494530470486,0.1301494530470486,lexical
narrative_tfidf__употреблять,-0.1301494530470486,0.1301494530470486,lexical
narrative_tfidf__гмлж,-0.1301494530470486,0.1301494530470486,lexical
narrative_tfidf__красный,-0.1301494530470486,0.1301494530470486,lexical
narrative_tfidf__лишний,-0.1301494530470486,0.1301494530470486,lexical
narrative_tfidf__куриный,-0.1301494530470486,0.1301494530470486,lexical
narrative_tfidf__тренировка,-0.1301494530470486,0.1301494530470486,lexical
narrative_tfidf__запекать,-0.1301494530470486,0.1301494530470486,lexical
narrative_tfidf__аппендэктомия,-0.1301494530470486,0.1301494530470486,lexical
narrative_tfidf__задерживать,-0.1301494530470486,0.1301494530470486,lexical
narrative_tfidf__ангиография,-0.1301494530470486,0.1301494530470486,lexical
narrative_tfidf__настаивать,-0.1301494530470486,0.1301494530470486,lexical
narrative_tfidf__урография,-0.1301494530470486,0.1301494530470486,lexical
narrative_tfidf__упростить,-0.1301494530470486,0.1301494530470486,lexical
narrative_tfidf__непосредственно,-0.1301494530470486,0.1301494530470486,lexical
narrative_tfidf__насыщенный,-0.1301494530470486,0.1301494530470486,lexical
narrative_tfidf__очередь,-0.1301494530470486,0.1301494530470486,lexical
narrative_tfidf__хол,-0.1301494530470486,0.1301494530470486,lexical
narrative_tfidf__кожица,-0.1301494530470486,0.1301494530470486,lexical
narrative_tfidf__позволить,-0.1301494530470486,0.1301494530470486,lexical
narrative_tfidf__контраст,-0.1301494530470486,0.1301494530470486,lexical
narrative_tfidf__протеин,-0.1301494530470486,0.1301494530470486,lexical
narrative_tfidf__начинать,-0.1301494530470486,0.1301494530470486,lexical
narrative_tfidf__систоть,-0.1301494530470486,0.1301494530470486,lexical
narrative_tfidf__наоборот,-0.1301494530470486,0.1301494530470486,lexical
narrative_tfidf__клинически,-0.1301494530470486,0.1301494530470486,lexical
narrative_tfidf__продолжать,-0.1301494530470486,0.1301494530470486,lexical
narrative_tfidf__произойти,-0.1301494530470486,0.1301494530470486,lexical
narrative_tfidf__заниматься,-0.1301494530470486,0.1301494530470486,lexical
narrative_tfidf__эутиреоз,-0.1301494530470486,0.1301494530470486,lexical
narrative_tfidf__октябрь,0.1300782740586467,0.1300782740586467,lexical
narrative_tfidf__выходной,0.13002024475956517,0.13002024475956517,lexical
narrative_tfidf__вн,-0.12971344288479109,0.12971344288479109,lexical
narrative_tfidf__дефект,-0.12971344288479109,0.12971344288479109,lexical
narrative_tfidf__каб,-0.12971344288479109,0.12971344288479109,lexical
narrative_tfidf__ежедневно,-0.12971344288479109,0.12971344288479109,lexical
narrative_tfidf__смтровой,-0.12971344288479109,0.12971344288479109,lexical
narrative_tfidf__социальный,-0.12971344288479109,0.12971344288479109,lexical
narrative_tfidf__коричневый,-0.12971344288479109,0.12971344288479109,lexical
narrative_tfidf__диапазон,-0.12971344288479109,0.12971344288479109,lexical
narrative_tfidf__условие,-0.12971344288479109,0.12971344288479109,lexical
narrative_tfidf__пентас,-0.12971344288479109,0.12971344288479109,lexical
narrative_tfidf__месяцйев,-0.12971344288479109,0.12971344288479109,lexical
narrative_tfidf__избыточно,-0.12968165841652426,0.12968165841652426,lexical
narrative_tfidf__день,-0.12920267579418146,0.12920267579418146,lexical
narrative_tfidf__вздутый,0.1286434734621898,0.1286434734621898,lexical
narrative_tfidf__ослабить,-0.12855427341273049,0.12855427341273049,lexical
narrative_tfidf__минута,0.12841366436911406,0.12841366436911406,lexical
narrative_tfidf__уд,0.12821515445473153,0.12821515445473153,lexical
narrative_tfidf__без,-0.12812581880372273,0.12812581880372273,lexical
narrative_tfidf__помнить,0.1276386500484802,0.1276386500484802,lexical
narrative_tfidf__локально,0.12751606496543344,0.12751606496543344,lexical
narrative_tfidf__живот,-0.12749063159388688,0.12749063159388688,lexical
narrative_tfidf__стрия,0.12714402738477387,0.12714402738477387,lexical
narrative_tfidf__цвет,0.1269762368796556,0.1269762368796556,lexical
narrative_tfidf__контроль,0.126697386228918,0.126697386228918,lexical
narrative_tfidf__получение,-0.12640685421176262,0.12640685421176262,lexical
narrative_tfidf__хсн,0.1261732416737921,0.1261732416737921,lexical
narrative_tfidf__обычно,-0.12598557164583032,0.12598557164583032,lexical
narrative_tfidf__глотка,0.12561702347067774,0.12561702347067774,lexical
narrative_tfidf__ромберг,0.12561189192236583,0.12561189192236583,lexical
narrative_tfidf__поза,0.12561189192236583,0.12561189192236583,lexical
narrative_tfidf__инфекционный,-0.12559967015795523,0.12559967015795523,lexical
narrative_tfidf__ад,0.12491232349827724,0.12491232349827724,lexical
narrative_tfidf__медсоветник,0.12448727731398117,0.12448727731398117,lexical
narrative_tfidf__запись,0.12448727731398117,0.12448727731398117,lexical
narrative_tfidf__ночной,-0.12448661050730996,0.12448661050730996,lexical
narrative_tfidf__знакомый,-0.12426006678406139,0.12426006678406139,lexical
narrative_tfidf__коллега,-0.12426006678406139,0.12426006678406139,lexical
narrative_tfidf__другой,-0.12404880011223963,0.12404880011223963,lexical
narrative_tfidf__ремиссия,-0.1238837090138722,0.1238837090138722,lexical
narrative_tfidf__плечо,0.12358853030124518,0.12358853030124518,lexical
narrative_tfidf__ммг,-0.12331439086323573,0.12331439086323573,lexical
narrative_tfidf__содержать,-0.1231674611248968,0.1231674611248968,lexical
narrative_tfidf__утром,0.1228626156745847,0.1228626156745847,lexical
narrative_tfidf__аллергический,0.12262004076611162,0.12262004076611162,lexical
narrative_tfidf__давление,0.12261727137749927,0.12261727137749927,lexical
narrative_tfidf__локп,-0.12235292953020023,0.12235292953020023,lexical
narrative_tfidf__память,0.12230585086265698,0.12230585086265698,lexical
narrative_tfidf__хеликобактёр,-0.12229076709540597,0.12229076709540597,lexical
narrative_tfidf__полость,0.12207667594875303,0.12207667594875303,lexical
narrative_tfidf__гладкий,0.12179054499045733,0.12179054499045733,lexical
narrative_tfidf__окраска,-0.12160311588151873,0.12160311588151873,lexical
narrative_tfidf__выброс,0.12147684866751206,0.12147684866751206,lexical
narrative_tfidf__пат,0.12145907342066334,0.12145907342066334,lexical
narrative_tfidf__целевой,-0.12135891233423575,0.12135891233423575,lexical
narrative_tfidf__белок,-0.12121118846946076,0.12121118846946076,lexical
title_tfidf__категория,0.12119199244802109,0.12119199244802109,lexical
title_tfidf__возрастной,0.12119199244802109,0.12119199244802109,lexical
narrative_tfidf__проба,-0.12105840636080074,0.12105840636080074,lexical
narrative_tfidf__гематолог,0.12099154980118851,0.12099154980118851,lexical
narrative_tfidf__соответствовать,-0.12076105843251538,0.12076105843251538,lexical
narrative_tfidf__положить,0.12072559521250562,0.12072559521250562,lexical
narrative_tfidf__жизнь,-0.11991009772164045,0.11991009772164045,lexical
narrative_tfidf__слабость,-0.11931121044384711,0.11931121044384711,lexical
narrative_tfidf__ся,-0.11903553288879708,0.11903553288879708,lexical
narrative_tfidf__экг,0.11893271867839848,0.11893271867839848,lexical
narrative_tfidf__отрыжка,0.11878439605883277,0.11878439605883277,lexical
narrative_tfidf__суточный,0.1186564611794249,0.1186564611794249,lexical
narrative_tfidf__актуализировать,-0.11862267419895695,0.11862267419895695,lexical
narrative_tfidf__тонометр,0.11860204363549766,0.11860204363549766,lexical
narrative_tfidf__тромбоасса,0.11841416876488307,0.11841416876488307,lexical
narrative_tfidf__просыпаться,-0.11836154252692385,0.11836154252692385,lexical
narrative_tfidf__начать,-0.1180283043644947,0.1180283043644947,lexical
narrative_tfidf__лпнп,0.11782597843448124,0.11782597843448124,lexical
narrative_tfidf__увеличить,0.11772541744635859,0.11772541744635859,lexical
narrative_tfidf__мочиться,0.11756863228789799,0.11756863228789799,lexical
narrative_tfidf__наполнение,0.11741884871733332,0.11741884871733332,lexical
narrative_tfidf__холангит,-0.11682868533440462,0.11682868533440462,lexical
narrative_tfidf__индуцировать,-0.11682868533440462,0.11682868533440462,lexical
narrative_tfidf__еда,-0.11653983909045165,0.11653983909045165,lexical
narrative_tfidf__гастрит,0.11645309800663445,0.11645309800663445,lexical
narrative_tfidf__размер,0.11623606481571588,0.11623606481571588,lexical
narrative_tfidf__пастозный,0.11607848583008332,0.11607848583008332,lexical
narrative_tfidf__вводить,-0.11597405242325948,0.11597405242325948,lexical
narrative_tfidf__количество,-0.1158829338254846,0.1158829338254846,lexical
narrative_tfidf__сейчас,0.11585992928112368,0.11585992928112368,lexical
narrative_tfidf__ноющий,-0.11551506898201332,0.11551506898201332,lexical
narrative_tfidf__метод,0.11550826566480024,0.11550826566480024,lexical
narrative_tfidf__тактика,0.11541998052890216,0.11541998052890216,lexical
narrative_tfidf__терапия,-0.11540670663722608,0.11540670663722608,lexical
narrative_tfidf__ухудшение,0.11511534809311953,0.11511534809311953,lexical
narrative_tfidf__непроходимость,0.11504105088333685,0.11504105088333685,lexical
narrative_tfidf__забол,-0.11502644884197565,0.11502644884197565,lexical
narrative_tfidf__витамин,-0.11464484627694499,0.11464484627694499,lexical
narrative_tfidf__масса,0.1146131740236737,0.1146131740236737,lexical
narrative_tfidf__тянущий,-0.11427492930383779,0.11427492930383779,lexical
narrative_tfidf__нед,0.1142652769200822,0.1142652769200822,lexical
narrative_tfidf__однако,-0.11406737275118048,0.11406737275118048,lexical
narrative_tfidf__глюкоза,0.11335042728180601,0.11335042728180601,lexical
narrative_tfidf__отделять,0.1129073148246475,0.1129073148246475,lexical
narrative_tfidf__кожа,-0.11285977208392055,0.11285977208392055,lexical
narrative_tfidf__комбинированный,-0.11265057026920436,0.11265057026920436,lexical
narrative_tfidf__престариум,-0.11241494428051776,0.11241494428051776,lexical
narrative_tfidf__гиперемиро,0.11229184589866986,0.11229184589866986,lexical
narrative_tfidf__лс,0.11224780842024046,0.11224780842024046,lexical
narrative_tfidf__язык,0.11220734150913185,0.11220734150913185,lexical
narrative_tfidf__повторный,0.1120068089012916,0.1120068089012916,lexical
narrative_tfidf__оак,-0.11159773173385917,0.11159773173385917,lexical
narrative_tfidf__принмаять,-0.11116439214594519,0.11116439214594519,lexical
narrative_tfidf__нормостеник,-0.11104520195017657,0.11104520195017657,lexical
narrative_tfidf__прекордиальный,-0.11104520195017657,0.11104520195017657,lexical
narrative_tfidf__гиперестезия,-0.11104520195017657,0.11104520195017657,lexical
narrative_tfidf__скл,-0.11104520195017657,0.11104520195017657,lexical
narrative_tfidf__сместить,-0.11104520195017657,0.11104520195017657,lexical
narrative_tfidf__кнаружи,-0.11104520195017657,0.11104520195017657,lexical
narrative_tfidf__овощ,-0.1101793775138335,0.1101793775138335,lexical
narrative_tfidf__фрукт,-0.1101793775138335,0.1101793775138335,lexical
narrative_tfidf__индекс,0.10986949360834884,0.10986949360834884,lexical
narrative_tfidf__деж,0.10961859685817031,0.10961859685817031,lexical
narrative_tfidf__ан,0.10961859685817031,0.10961859685817031,lexical
narrative_tfidf__тяжесть,-0.10917417526466411,0.10917417526466411,lexical
narrative_tfidf__пальпация,-0.10911603435412869,0.10911603435412869,lexical
narrative_tfidf__коррекция,-0.10909536641177753,0.10909536641177753,lexical
narrative_tfidf__бытовой,0.10883378003759199,0.10883378003759199,lexical
narrative_tfidf__нёбный,0.1087821916586038,0.1087821916586038,lexical
narrative_tfidf__плёнка,0.1087821916586038,0.1087821916586038,lexical
narrative_tfidf__болезненно,0.1087821916586038,0.1087821916586038,lexical
narrative_tfidf__зернистость,0.1087821916586038,0.1087821916586038,lexical
narrative_tfidf__опертивный,0.1087821916586038,0.1087821916586038,lexical
narrative_tfidf__инъецировать,0.1087821916586038,0.1087821916586038,lexical
narrative_tfidf__учашенный,0.1087821916586038,0.1087821916586038,lexical
narrative_tfidf__боллезнь,0.1087821916586038,0.1087821916586038,lexical
narrative_tfidf__илеит,0.1087821916586038,0.1087821916586038,lexical
narrative_tfidf__кортизола,0.1087821916586038,0.1087821916586038,lexical
narrative_tfidf__терминальный,0.1087821916586038,0.1087821916586038,lexical
narrative_tfidf__зкз,0.1087821916586038,0.1087821916586038,lexical
narrative_tfidf__почеиспускание,0.1087821916586038,0.1087821916586038,lexical
narrative_tfidf__скф,0.10826486608087768,0.10826486608087768,lexical
narrative_tfidf__тяжистотсить,0.10813800767446848,0.10813800767446848,lexical
narrative_tfidf__патололгия,0.10813800767446848,0.10813800767446848,lexical
narrative_tfidf__перед,-0.10804614506953053,0.10804614506953053,lexical
narrative_tfidf__физиотенз,0.10802650405777711,0.10802650405777711,lexical
narrative_tfidf__экстрасистола,0.10743507367527538,0.10743507367527538,lexical
narrative_tfidf__розувастатин,0.10730508600946698,0.10730508600946698,lexical
narrative_tfidf__чувство,0.10727162806340297,0.10727162806340297,lexical
narrative_tfidf__хвостек,0.10693459596420236,0.10693459596420236,lexical
title_tfidf__болезнь,0.10678398108916178,0.10678398108916178,lexical
narrative_tfidf__эффективно,0.10666126362274102,0.10666126362274102,lexical
narrative_tfidf__ретмичный,0.10666126362274102,0.10666126362274102,lexical
narrative_tfidf__вялость,0.10666126362274102,0.10666126362274102,lexical
narrative_tfidf__твёрдый,0.10666126362274102,0.10666126362274102,lexical
narrative_tfidf__диспансерноу,0.10666126362274102,0.10666126362274102,lexical
narrative_tfidf__отсутсвие,0.10666126362274102,0.10666126362274102,lexical
narrative_tfidf__род,0.10666126362274102,0.10666126362274102,lexical
narrative_tfidf__переферический,0.10666126362274102,0.10666126362274102,lexical
narrative_tfidf__спойной,0.10666126362274102,0.10666126362274102,lexical
narrative_tfidf__нарушенный,0.10666126362274102,0.10666126362274102,lexical
narrative_tfidf__самочувствие,0.10654272866219963,0.10654272866219963,lexical
narrative_tfidf__гормон,-0.10641523504801728,0.10641523504801728,lexical
narrative_tfidf__выявление,0.10570626626218683,0.10570626626218683,lexical
narrative_tfidf__состоять,0.10552103959129887,0.10552103959129887,lexical
narrative_tfidf__учёт,0.10552103959129887,0.10552103959129887,lexical
narrative_tfidf__pylori,-0.10551460047876288,0.10551460047876288,lexical
narrative_tfidf__вид,-0.10540766036677061,0.10540766036677061,lexical
narrative_tfidf__назначение,0.10527950315102434,0.10527950315102434,lexical
narrative_tfidf__проводить,-0.10504268800818813,0.10504268800818813,lexical
narrative_tfidf__ведение,0.10462151986792181,0.10462151986792181,lexical
narrative_tfidf__состояние,0.10461224581742815,0.10461224581742815,lexical
narrative_tfidf__этот,-0.10419758418190472,0.10419758418190472,lexical
narrative_tfidf__поддерживать,-0.10419758418190472,0.10419758418190472,lexical
narrative_tfidf__считаться,-0.10419758418190472,0.10419758418190472,lexical
narrative_tfidf__человек,-0.10419758418190472,0.10419758418190472,lexical
narrative_tfidf__счёт,-0.10402009201112847,0.10402009201112847,lexical
narrative_tfidf__возникнуть,0.10386761874672468,0.10386761874672468,lexical
narrative_tfidf__отмечать,0.1037348363445473,0.1037348363445473,lexical
gender__gender_F,-0.10289474384976871,0.10289474384976871,demographics
narrative_tfidf__фв,0.10274658910524824,0.10274658910524824,lexical
narrative_tfidf__инфекция,-0.10229986840803428,0.10229986840803428,lexical
narrative_tfidf__горло,-0.10127961337182165,0.10127961337182165,lexical
narrative_tfidf__подвздошный,-0.1012530938236734,0.1012530938236734,lexical
narrative_tfidf__вещество,-0.10110748721028216,0.10110748721028216,lexical
narrative_tfidf__она,-0.10110748721028216,0.10110748721028216,lexical
narrative_tfidf__ама,-0.10110748721028216,0.10110748721028216,lexical
narrative_tfidf__действовать,-0.10110748721028216,0.10110748721028216,lexical
narrative_tfidf__значит,-0.10110748721028216,0.10110748721028216,lexical
title_tfidf__щитовидный,0.10102357243109923,0.10102357243109923,lexical
title_tfidf__гипотиреоз,0.10102357243109923,0.10102357243109923,lexical
narrative_tfidf__изменить,-0.10074628353010316,0.10074628353010316,lexical
narrative_tfidf__около,-0.10063812683675886,0.10063812683675886,lexical
narrative_tfidf__липецкий,-0.09995528384646475,0.09995528384646475,lexical
narrative_tfidf__цель,0.09984631442076655,0.09984631442076655,lexical
narrative_tfidf__обильный,0.09984326854396498,0.09984326854396498,lexical
narrative_tfidf__отрица,0.09963581854627797,0.09963581854627797,lexical
narrative_tfidf__профиль,-0.09960352464679371,0.09960352464679371,lexical
narrative_tfidf__орви,-0.09941371251898855,0.09941371251898855,lexical
narrative_tfidf__зоб,-0.09939059196323864,0.09939059196323864,lexical
narrative_tfidf__верхний,0.09893349826432583,0.09893349826432583,lexical
narrative_tfidf__хронический,0.09866830601787425,0.09866830601787425,lexical
narrative_tfidf__над,-0.09830906464754449,0.09830906464754449,lexical
narrative_tfidf__градус,-0.09816676369125774,0.09816676369125774,lexical
narrative_tfidf__регион,-0.09816676369125774,0.09816676369125774,lexical
narrative_tfidf__tbs,-0.09816676369125774,0.09816676369125774,lexical
narrative_tfidf__localis,-0.09816676369125774,0.09816676369125774,lexical
narrative_tfidf__фн,-0.09816676369125774,0.09816676369125774,lexical
narrative_tfidf__розовый,-0.09812491330901585,0.09812491330901585,lexical
narrative_tfidf__гастроэнтеролог,-0.09803334680306831,0.09803334680306831,lexical
narrative_tfidf__таб,0.09777395828551587,0.09777395828551587,lexical
narrative_tfidf__сыпь,0.09768654546699111,0.09768654546699111,lexical
narrative_tfidf__тип,-0.09767542386403695,0.09767542386403695,lexical
narrative_tfidf__первичный,-0.09766967079871638,0.09766967079871638,lexical
narrative_tfidf__ускорение,-0.0975159337902197,0.0975159337902197,lexical
narrative_tfidf__нос,0.09706160383506589,0.09706160383506589,lexical
narrative_tfidf__содержимое,0.0966782856025581,0.0966782856025581,lexical
narrative_tfidf__конец,0.0966782856025581,0.0966782856025581,lexical
narrative_tfidf__значимый,-0.09663303883334114,0.09663303883334114,lexical
narrative_tfidf__расстройство,-0.09662651421148521,0.09662651421148521,lexical
narrative_tfidf__выполнение,-0.0965906570589292,0.0965906570589292,lexical
narrative_tfidf__рт,0.09656552696988986,0.09656552696988986,lexical
narrative_tfidf__нормостенический,0.09654428594668034,0.09654428594668034,lexical
narrative_tfidf__таблетка,-0.09652829665498519,0.09652829665498519,lexical
narrative_tfidf__pso,0.09651815453537428,0.09651815453537428,lexical
narrative_tfidf__серый,0.09650652087684394,0.09650652087684394,lexical
narrative_tfidf__амокициклин,0.09650652087684394,0.09650652087684394,lexical
narrative_tfidf__маалокс,0.09650652087684394,0.09650652087684394,lexical
narrative_tfidf__надчревный,0.09650652087684394,0.09650652087684394,lexical
narrative_tfidf__пастернаский,0.09650652087684394,0.09650652087684394,lexical
narrative_tfidf__рвд,0.09650652087684394,0.09650652087684394,lexical
narrative_tfidf__мгпо,0.09650652087684394,0.09650652087684394,lexical
narrative_tfidf__пантопрозола,0.09650652087684394,0.09650652087684394,lexical
narrative_tfidf__минимальный,0.09637448371338728,0.09637448371338728,lexical
narrative_tfidf__под,0.09598323140379482,0.09598323140379482,lexical
narrative_tfidf__использовать,-0.09586574149024538,0.09586574149024538,lexical
narrative_tfidf__объём,-0.09574073755426601,0.09574073755426601,lexical
narrative_tfidf__дальнейший,0.0957156694003833,0.0957156694003833,lexical
narrative_tfidf__костный,0.09565061319822801,0.09565061319822801,lexical
narrative_tfidf__особенность,-0.09501334360015344,0.09501334360015344,lexical
narrative_tfidf__мы,0.09482003623932957,0.09482003623932957,lexical
narrative_tfidf__чередоваться,0.09477399900050491,0.09477399900050491,lexical
narrative_tfidf__энтеростомия,0.09477399900050491,0.09477399900050491,lexical
narrative_tfidf__географический,0.09477399900050491,0.09477399900050491,lexical
narrative_tfidf__конфигурация,0.09477399900050491,0.09477399900050491,lexical
narrative_tfidf__температурить,0.09477399900050491,0.09477399900050491,lexical
narrative_tfidf__флюрография,0.09477399900050491,0.09477399900050491,lexical
narrative_tfidf__грыжа,0.09477399900050491,0.09477399900050491,lexical
narrative_tfidf__резекция,0.09477399900050491,0.09477399900050491,lexical
narrative_tfidf__защита,0.09477399900050491,0.09477399900050491,lexical
narrative_tfidf__прививка,0.09477399900050491,0.09477399900050491,lexical
narrative_tfidf__всязь,0.09477399900050491,0.09477399900050491,lexical
narrative_tfidf__ый,0.09477399900050491,0.09477399900050491,lexical
narrative_tfidf__призывный,0.09477399900050491,0.09477399900050491,lexical
narrative_tfidf__тощий,0.09477399900050491,0.09477399900050491,lexical
narrative_tfidf__дний,0.09477399900050491,0.09477399900050491,lexical
narrative_tfidf__комиссия,0.09477399900050491,0.09477399900050491,lexical
narrative_tfidf__дискомфорт,0.09459004959350677,0.09459004959350677,lexical
narrative_tfidf__рефлекс,-0.09450579228657766,0.09450579228657766,lexical
narrative_tfidf__бартолинов,0.0945013148338579,0.0945013148338579,lexical
narrative_tfidf__поваренный,-0.09423914547328974,0.09423914547328974,lexical
narrative_tfidf__сердцебиение,0.09423527498444462,0.09423527498444462,lexical
narrative_tfidf__стационар,-0.09417677527561531,0.09417677527561531,lexical
narrative_tfidf__амп,-0.09400082412319305,0.09400082412319305,lexical
narrative_tfidf__обнаружить,0.09375075765604246,0.09375075765604246,lexical
narrative_tfidf__обследоваться,-0.09370328006179426,0.09370328006179426,lexical
narrative_tfidf__вечер,0.09336659741795159,0.09336659741795159,lexical
narrative_tfidf__тракт,0.09331190618963976,0.09331190618963976,lexical
narrative_tfidf__патологический,0.09310459238399951,0.09310459238399951,lexical
narrative_tfidf__слабый,-0.09302030501849008,0.09302030501849008,lexical
narrative_tfidf__ротоглотка,0.09286766974258641,0.09286766974258641,lexical
narrative_tfidf__понижение,0.09281572663393413,0.09281572663393413,lexical
narrative_tfidf__мкмоль,0.09269340306083453,0.09269340306083453,lexical
narrative_tfidf__телосложение,0.09229890219377666,0.09229890219377666,lexical
narrative_tfidf__грыжевый,0.09202434541050367,0.09202434541050367,lexical
narrative_tfidf__соэ,0.09201149360892781,0.09201149360892781,lexical
narrative_tfidf__затем,0.09179659918713778,0.09179659918713778,lexical
narrative_tfidf__лёгочный,0.09151795967804884,0.09151795967804884,lexical
narrative_tfidf__один,-0.09130570052351314,0.09130570052351314,lexical
narrative_tfidf__настоящий,0.0910241529147963,0.0910241529147963,lexical
narrative_tfidf__асит,0.09087292767368123,0.09087292767368123,lexical
narrative_tfidf__гиперстенический,0.09071130166319158,0.09071130166319158,lexical
narrative_tfidf__болевой,-0.09067372433177597,0.09067372433177597,lexical
narrative_tfidf__показать,0.0905852434666546,0.0905852434666546,lexical
narrative_tfidf__панкреатит,-0.09053813781448068,0.09053813781448068,lexical
narrative_tfidf__ходить,-0.09046908071594927,0.09046908071594927,lexical
narrative_tfidf__матка,-0.09044535751019059,0.09044535751019059,lexical
narrative_tfidf__аллергия,0.0902189372646335,0.0902189372646335,lexical
narrative_tfidf__пальпировать,0.09020678932820606,0.09020678932820606,lexical
narrative_tfidf__кишка,-0.08996361012865906,0.08996361012865906,lexical
narrative_tfidf__установленный,0.08957026761957537,0.08957026761957537,lexical
narrative_tfidf__предыдущий,0.08957026761957537,0.08957026761957537,lexical
narrative_tfidf__медикамент,0.08957026761957537,0.08957026761957537,lexical
narrative_tfidf__пак,-0.08951126316361763,0.08951126316361763,lexical
narrative_tfidf__мжп,-0.08941584920150647,0.08941584920150647,lexical
narrative_tfidf__сократимость,-0.08941584920150647,0.08941584920150647,lexical
narrative_tfidf__рыба,-0.08941584920150647,0.08941584920150647,lexical
narrative_tfidf__неровный,0.0892518425118738,0.0892518425118738,lexical
narrative_tfidf__геморроидальный,-0.08917692902329107,0.08917692902329107,lexical
narrative_tfidf__возбудитель,0.08914909969635389,0.08914909969635389,lexical
narrative_tfidf__генетический,0.08914909969635389,0.08914909969635389,lexical
narrative_tfidf__влажный,-0.0889457773052844,0.0889457773052844,lexical
narrative_tfidf__уменьшение,-0.08893815533924593,0.08893815533924593,lexical
narrative_tfidf__флора,-0.08893815533924593,0.08893815533924593,lexical
narrative_tfidf__метронидазола,-0.08893815533924593,0.08893815533924593,lexical
narrative_tfidf__анаэробный,-0.08893815533924593,0.08893815533924593,lexical
narrative_tfidf__клетчатка,-0.08889921978495889,0.08889921978495889,lexical
narrative_tfidf__эзетимиб,0.08881062657366229,0.08881062657366229,lexical
narrative_tfidf__очаговый,0.08866844461121601,0.08866844461121601,lexical
narrative_tfidf__записать,0.08850568574610616,0.08850568574610616,lexical
narrative_tfidf__направление,0.08850568574610616,0.08850568574610616,lexical
narrative_tfidf__интерпретация,0.08850568574610616,0.08850568574610616,lexical
narrative_tfidf__ссо,0.08843104578868118,0.08843104578868118,lexical
narrative_tfidf__уточнить,0.08831585756451672,0.08831585756451672,lexical
narrative_tfidf__дужка,0.08826092943376761,0.08826092943376761,lexical
narrative_tfidf__эрозивный,-0.08785822880909387,0.08785822880909387,lexical
narrative_tfidf__оболочка,-0.08763719523416533,0.08763719523416533,lexical
narrative_tfidf__hel,-0.08759070120741956,0.08759070120741956,lexical
narrative_tfidf__рука,-0.08757780993951395,0.08757780993951395,lexical
narrative_tfidf__перинева,0.0873009065306492,0.0873009065306492,lexical
narrative_tfidf__налётом,-0.08718014005551247,0.08718014005551247,lexical
narrative_tfidf__белый,-0.08718014005551247,0.08718014005551247,lexical
h8_numeric__gender_unknown,0.08711612859539174,0.08711612859539174,contradiction
narrative_tfidf__бледно,-0.08697884273614033,0.08697884273614033,lexical
narrative_tfidf__основание,0.08653539735883682,0.08653539735883682,lexical
narrative_tfidf__де,-0.08635267205472423,0.08635267205472423,lexical
narrative_tfidf__нол,-0.08635267205472423,0.08635267205472423,lexical
narrative_tfidf__трамадол,-0.08628031537889665,0.08628031537889665,lexical
narrative_tfidf__контрольный,-0.08628031537889665,0.08628031537889665,lexical
narrative_tfidf__временно,-0.08628031537889665,0.08628031537889665,lexical
narrative_tfidf__нетрудоспособный,-0.08628031537889665,0.08628031537889665,lexical
narrative_tfidf__диагностика,0.08599434043620423,0.08599434043620423,lexical
narrative_tfidf__экстрасистолия,0.08591358608897916,0.08591358608897916,lexical
narrative_tfidf__mm,0.08591358608897916,0.08591358608897916,lexical
narrative_tfidf__симпсон,0.08591358608897916,0.08591358608897916,lexical
narrative_tfidf__свт,0.08591358608897916,0.08591358608897916,lexical
narrative_tfidf__пблнпг,0.08591358608897916,0.08591358608897916,lexical
narrative_tfidf__нии,-0.085400908584335,0.085400908584335,lexical
narrative_tfidf__проктология,-0.085400908584335,0.085400908584335,lexical
narrative_tfidf__прямой,-0.085400908584335,0.085400908584335,lexical
narrative_tfidf__биотерапия,-0.085400908584335,0.085400908584335,lexical
narrative_tfidf__интрасфинктерный,-0.085400908584335,0.085400908584335,lexical
narrative_tfidf__кронать,-0.085400908584335,0.085400908584335,lexical
narrative_tfidf__элн,-0.085400908584335,0.085400908584335,lexical
narrative_tfidf__подздошный,-0.085400908584335,0.085400908584335,lexical
narrative_tfidf__постоянно,0.08522283900116107,0.08522283900116107,lexical
narrative_tfidf__желудочковый,0.08522072916891234,0.08522072916891234,lexical
narrative_tfidf__обращение,0.08516288751637419,0.08516288751637419,lexical
narrative_tfidf__происхождение,-0.08508720308179975,0.08508720308179975,lexical
narrative_tfidf__назначить,-0.085031568674624,0.085031568674624,lexical
narrative_tfidf__вторичный,-0.08481131317765614,0.08481131317765614,lexical
narrative_tfidf__covid,-0.08451415545547579,0.08451415545547579,lexical
narrative_tfidf__плановый,0.08414620446641184,0.08414620446641184,lexical
narrative_tfidf__потребление,0.08414028071030576,0.08414028071030576,lexical
narrative_tfidf__св,0.08410071298021295,0.08410071298021295,lexical
narrative_tfidf__патология,0.0836159413734454,0.0836159413734454,lexical
narrative_tfidf__доза,0.08349227811688445,0.08349227811688445,lexical
narrative_tfidf__выполнить,0.08348773615475436,0.08348773615475436,lexical
narrative_tfidf__сту,0.08343959603280224,0.08343959603280224,lexical
narrative_tfidf__урчать,0.08343959603280224,0.08343959603280224,lexical
narrative_tfidf__жаловаться,0.08343959603280224,0.08343959603280224,lexical
narrative_tfidf__согласно,0.08343959603280224,0.08343959603280224,lexical
narrative_tfidf__железа,0.0831784019685958,0.0831784019685958,lexical
narrative_tfidf__слизь,-0.08302760725189454,0.08302760725189454,lexical
narrative_tfidf__натяжение,0.08300196518973464,0.08300196518973464,lexical
narrative_tfidf__болезный,0.08300196518973464,0.08300196518973464,lexical
narrative_tfidf__заживать,0.08300196518973464,0.08300196518973464,lexical
narrative_tfidf__новообразование,0.08300196518973464,0.08300196518973464,lexical
narrative_tfidf__рудец,0.08300196518973464,0.08300196518973464,lexical
narrative_tfidf__век,0.08291965628333824,0.08291965628333824,lexical
narrative_tfidf__одутловатость,0.08291965628333824,0.08291965628333824,lexical
narrative_tfidf__оам,0.08289192866588374,0.08289192866588374,lexical
narrative_tfidf__амилаза,0.0828373611232621,0.0828373611232621,lexical
narrative_tfidf__эра,0.0826387257447468,0.0826387257447468,lexical
narrative_tfidf__нв,0.0826387257447468,0.0826387257447468,lexical
narrative_tfidf__отд,-0.08263737502899003,0.08263737502899003,lexical
narrative_tfidf__эликвиснуть,0.08254994954113495,0.08254994954113495,lexical
narrative_tfidf__много,-0.0825288773815763,0.0825288773815763,lexical
narrative_tfidf__разжижение,0.08241795898742243,0.08241795898742243,lexical
narrative_tfidf__двенадцатиперстный,-0.08235217916010423,0.08235217916010423,lexical
narrative_tfidf__кардия,-0.08235217916010423,0.08235217916010423,lexical
narrative_tfidf__мягкий,-0.08225681841254567,0.08225681841254567,lexical
narrative_tfidf__наличие,-0.08170212458193425,0.08170212458193425,lexical
narrative_tfidf__горечь,0.08157136545302877,0.08157136545302877,lexical
narrative_tfidf__послеоперационный,0.08155887157550333,0.08155887157550333,lexical
narrative_tfidf__это,-0.08153735889110772,0.08153735889110772,lexical
narrative_tfidf__мокрота,-0.08145933287344355,0.08145933287344355,lexical
narrative_tfidf__развитой,0.081181090494425,0.081181090494425,lexical
narrative_tfidf__половой,-0.08115369510392599,0.08115369510392599,lexical
narrative_tfidf__лабильность,0.08076756465515386,0.08076756465515386,lexical
narrative_tfidf__ниже,-0.0805502126454383,0.0805502126454383,lexical
narrative_tfidf__камень,0.08052121479453606,0.08052121479453606,lexical
narrative_tfidf__принять,0.08010040292975219,0.08010040292975219,lexical
narrative_tfidf__вес,0.079903373512919,0.079903373512919,lexical
narrative_tfidf__через,-0.0798961986607305,0.0798961986607305,lexical
narrative_tfidf__олмесартан,0.07972266090177639,0.07972266090177639,lexical
narrative_tfidf__побочный,0.07972266090177639,0.07972266090177639,lexical
narrative_tfidf__сдать,0.07972266090177639,0.07972266090177639,lexical
narrative_tfidf__пожалуйста,0.07972266090177639,0.07972266090177639,lexical
narrative_tfidf__аттенто,0.07972266090177639,0.07972266090177639,lexical
narrative_tfidf__опустить,0.07972266090177639,0.07972266090177639,lexical
narrative_tfidf__измеряться,0.07972266090177639,0.07972266090177639,lexical
narrative_tfidf__беседа,0.07972266090177639,0.07972266090177639,lexical
narrative_tfidf__чем,0.07972266090177639,0.07972266090177639,lexical
narrative_tfidf__организация,0.07972266090177639,0.07972266090177639,lexical
narrative_tfidf__значительно,0.07972266090177639,0.07972266090177639,lexical
narrative_tfidf__значительный,0.07972266090177639,0.07972266090177639,lexical
narrative_tfidf__июль,0.07972266090177639,0.07972266090177639,lexical
narrative_tfidf__квартира,0.07972266090177639,0.07972266090177639,lexical
narrative_tfidf__существующий,0.07972266090177639,0.07972266090177639,lexical
narrative_tfidf__дождаться,0.07972266090177639,0.07972266090177639,lexical
narrative_tfidf__необходимый,0.07972266090177639,0.07972266090177639,lexical
narrative_tfidf__публикация,0.07972266090177639,0.07972266090177639,lexical
narrative_tfidf__прохождение,0.07972266090177639,0.07972266090177639,lexical
narrative_tfidf__прямо,0.07972266090177639,0.07972266090177639,lexical
narrative_tfidf__наш,0.07972266090177639,0.07972266090177639,lexical
narrative_tfidf__развитие,0.07972266090177639,0.07972266090177639,lexical
narrative_tfidf__выделять,0.07972266090177639,0.07972266090177639,lexical
narrative_tfidf__чай,0.07972266090177639,0.07972266090177639,lexical
narrative_tfidf__чат,0.07972266090177639,0.07972266090177639,lexical
narrative_tfidf__попасть,0.07972266090177639,0.07972266090177639,lexical
narrative_tfidf__получить,0.07972266090177639,0.07972266090177639,lexical
narrative_tfidf__понимание,0.07972266090177639,0.07972266090177639,lexical
narrative_tfidf__вечерний,0.07972266090177639,0.07972266090177639,lexical
narrative_tfidf__беталок,0.07972266090177639,0.07972266090177639,lexical
narrative_tfidf__сидя,0.07972266090177639,0.07972266090177639,lexical
narrative_tfidf__ссылка,0.07972266090177639,0.07972266090177639,lexical
narrative_tfidf__нажать,0.07972266090177639,0.07972266090177639,lexical
narrative_tfidf__кофе,0.07972266090177639,0.07972266090177639,lexical
narrative_tfidf__действие,0.07972266090177639,0.07972266090177639,lexical
narrative_tfidf__score,0.07972266090177639,0.07972266090177639,lexical
narrative_tfidf__смс,0.07972266090177639,0.07972266090177639,lexical
narrative_tfidf__делать,0.07972266090177639,0.07972266090177639,lexical
narrative_tfidf__тм,0.07972266090177639,0.07972266090177639,lexical
narrative_tfidf__утренний,0.07972266090177639,0.07972266090177639,lexical
narrative_tfidf__услуга,0.07972266090177639,0.07972266090177639,lexical
narrative_tfidf__крепкий,0.07972266090177639,0.07972266090177639,lexical
narrative_tfidf__ммртс,0.07972266090177639,0.07972266090177639,lexical
narrative_tfidf__мой,0.07972266090177639,0.07972266090177639,lexical
narrative_tfidf__шкала,0.07972266090177639,0.07972266090177639,lexical
narrative_tfidf__оформить,0.07970020291220543,0.07970020291220543,lexical
narrative_tfidf__комплекс,-0.07968509017682592,0.07968509017682592,lexical
narrative_tfidf__мультивитаминный,-0.07968509017682592,0.07968509017682592,lexical
narrative_tfidf__эзофагит,-0.0794126958941949,0.0794126958941949,lexical
narrative_tfidf__аппетит,-0.07886494011463263,0.07886494011463263,lexical
narrative_tfidf__чесотка,0.07884194305319563,0.07884194305319563,lexical
narrative_tfidf__гипертензия,-0.0786871026748377,0.0786871026748377,lexical
narrative_tfidf__зона,-0.07851095594310521,0.07851095594310521,lexical
narrative_tfidf__завтрак,0.07850840927035213,0.07850840927035213,lexical
narrative_tfidf__билирубин,0.07847915603566723,0.07847915603566723,lexical
narrative_tfidf__кашель,-0.07838546878144508,0.07838546878144508,lexical
narrative_tfidf__очный,-0.07832391479132046,0.07832391479132046,lexical
narrative_tfidf__источник,-0.07831316712306458,0.07831316712306458,lexical
narrative_tfidf__гистология,-0.07831316712306458,0.07831316712306458,lexical
narrative_tfidf__неактивный,-0.07831316712306458,0.07831316712306458,lexical
narrative_tfidf__тошнота,-0.07822957075661491,0.07822957075661491,lexical
narrative_tfidf__лечиться,-0.07802893714458639,0.07802893714458639,lexical
narrative_tfidf__приниматься,0.07781689352582033,0.07781689352582033,lexical
narrative_tfidf__назначать,0.07781689352582033,0.07781689352582033,lexical
narrative_tfidf__слева,0.07769587010196864,0.07769587010196864,lexical
narrative_tfidf__смп,0.07752440595427319,0.07752440595427319,lexical
narrative_tfidf__капс,0.07733056477459739,0.07733056477459739,lexical
narrative_tfidf__эндометриоз,-0.07702054529042948,0.07702054529042948,lexical
narrative_tfidf__динамика,-0.07695718252720617,0.07695718252720617,lexical
narrative_tfidf__двусторонний,0.07689924434779731,0.07689924434779731,lexical
narrative_tfidf__пятница,-0.0766356396630186,0.0766356396630186,lexical
narrative_tfidf__ночь,0.07662458628841165,0.07662458628841165,lexical
narrative_tfidf__утро,-0.07625034865631948,0.07625034865631948,lexical
narrative_tfidf__голова,-0.07606562901148899,0.07606562901148899,lexical
narrative_tfidf__привить,-0.07605354925975014,0.07605354925975014,lexical
narrative_tfidf__кардиомагнить,0.07581001680640474,0.07581001680640474,lexical
narrative_tfidf__квадрант,0.07562169389014942,0.07562169389014942,lexical
narrative_tfidf__кт,-0.07548609464519769,0.07548609464519769,lexical
narrative_tfidf__измерение,0.07540003463801603,0.07540003463801603,lexical
narrative_tfidf__гб,0.07533885743783371,0.07533885743783371,lexical
narrative_tfidf__удовлетворительно,0.07528580873334251,0.07528580873334251,lexical
narrative_tfidf__лаб,-0.07518459957479531,0.07518459957479531,lexical
narrative_tfidf__купиркета,-0.07518459957479531,0.07518459957479531,lexical
narrative_tfidf__отдых,-0.07518459957479531,0.07518459957479531,lexical
narrative_tfidf__физ,-0.07518459957479531,0.07518459957479531,lexical
narrative_tfidf__нормикс,-0.07512806708068245,0.07512806708068245,lexical
narrative_tfidf__альфа,-0.07512806708068245,0.07512806708068245,lexical
narrative_tfidf__вопрос,0.07496374315885304,0.07496374315885304,lexical
narrative_tfidf__экзокринный,-0.07475306226202402,0.07475306226202402,lexical
narrative_tfidf__максимальный,0.07473674886033264,0.07473674886033264,lexical
narrative_tfidf__провериться,-0.07463585813006328,0.07463585813006328,lexical
narrative_tfidf__лабораторный,-0.07463315972802276,0.07463315972802276,lexical
narrative_tfidf__аденомиоз,-0.07439836975174971,0.07439836975174971,lexical
narrative_tfidf__достижение,-0.07414897549898526,0.07414897549898526,lexical
narrative_tfidf__отклонить,-0.0739579893967962,0.0739579893967962,lexical
narrative_tfidf__эос,-0.0739579893967962,0.0739579893967962,lexical
narrative_tfidf__менструация,-0.07393196522704895,0.07393196522704895,lexical
narrative_tfidf__цифра,-0.0739279394513114,0.0739279394513114,lexical
narrative_tfidf__плюс,0.07389088212048454,0.07389088212048454,lexical
narrative_tfidf__обложить,0.07381842253074601,0.07381842253074601,lexical
narrative_tfidf__подъём,-0.07363616451750574,0.07363616451750574,lexical
narrative_tfidf__дислипидемия,0.0735056363724797,0.0735056363724797,lexical
narrative_tfidf__полный,-0.07349650841302582,0.07349650841302582,lexical
narrative_tfidf__нестойкий,-0.07348488039733475,0.07348488039733475,lexical
narrative_tfidf__стацлечение,-0.07348488039733475,0.07348488039733475,lexical
narrative_tfidf__иногда,-0.07345001757901957,0.07345001757901957,lexical
narrative_tfidf__атрофический,0.07330317667548211,0.07330317667548211,lexical
narrative_tfidf__панический,0.07300282918464909,0.07300282918464909,lexical
narrative_tfidf__атака,0.07300282918464909,0.07300282918464909,lexical
narrative_tfidf__регулы,0.07291850856737718,0.07291850856737718,lexical
narrative_tfidf__пищевой,0.07285730888627977,0.07285730888627977,lexical
narrative_tfidf__обычный,-0.07272711360149875,0.07272711360149875,lexical
narrative_tfidf__аллерголог,-0.0726108980736857,0.0726108980736857,lexical
narrative_tfidf__пульмонолог,-0.0726108980736857,0.0726108980736857,lexical
narrative_tfidf__эпизодически,-0.0726108980736857,0.0726108980736857,lexical
narrative_tfidf__диагностировать,-0.0726108980736857,0.0726108980736857,lexical
narrative_tfidf__урчание,-0.07245664594905381,0.07245664594905381,lexical
narrative_tfidf__животное,-0.07215698764795442,0.07215698764795442,lexical
narrative_tfidf__желудок,-0.07214931264198214,0.07214931264198214,lexical
narrative_tfidf__бады,-0.0719289332447366,0.0719289332447366,lexical
narrative_tfidf__дс,0.07142514645243482,0.07142514645243482,lexical
narrative_tfidf__средний,-0.07136749606537714,0.07136749606537714,lexical
narrative_tfidf__заболеть,-0.07115263559015858,0.07115263559015858,lexical
narrative_tfidf__территория,-0.07115263559015858,0.07115263559015858,lexical
narrative_tfidf__выписать,-0.07096889840143948,0.07096889840143948,lexical
narrative_tfidf__обследование,-0.07088942964867284,0.07088942964867284,lexical
narrative_tfidf__отн,0.07085018920267484,0.07085018920267484,lexical
narrative_tfidf__гореть,0.0708136327820332,0.0708136327820332,lexical
narrative_tfidf__гальваноз,0.0708136327820332,0.0708136327820332,lexical
narrative_tfidf__стоматологический,0.0708136327820332,0.0708136327820332,lexical
narrative_tfidf__стоматология,0.0708136327820332,0.0708136327820332,lexical
narrative_tfidf__феринжект,0.0708136327820332,0.0708136327820332,lexical
narrative_tfidf__доктор,0.0708136327820332,0.0708136327820332,lexical
narrative_tfidf__вероятный,0.0708136327820332,0.0708136327820332,lexical
narrative_tfidf__биохимический,0.0708136327820332,0.0708136327820332,lexical
narrative_tfidf__нарине,0.0708136327820332,0.0708136327820332,lexical
narrative_tfidf__коснультация,0.0708136327820332,0.0708136327820332,lexical
narrative_tfidf__выставляться,0.0708136327820332,0.0708136327820332,lexical
narrative_tfidf__фолиевый,0.0708136327820332,0.0708136327820332,lexical
narrative_tfidf__пакет,0.0708136327820332,0.0708136327820332,lexical
narrative_tfidf__вкус,0.0708136327820332,0.0708136327820332,lexical
narrative_tfidf__ситуация,0.0708136327820332,0.0708136327820332,lexical
narrative_tfidf__взк,0.0708136327820332,0.0708136327820332,lexical
narrative_tfidf__бордовый,0.0708136327820332,0.0708136327820332,lexical
narrative_tfidf__скопировать,0.0708136327820332,0.0708136327820332,lexical
narrative_tfidf__щека,0.0708136327820332,0.0708136327820332,lexical
narrative_tfidf__пятно,0.0708136327820332,0.0708136327820332,lexical
narrative_tfidf__раствор,0.0708136327820332,0.0708136327820332,lexical
narrative_tfidf__ухудшиться,0.0708136327820332,0.0708136327820332,lexical
narrative_tfidf__разность,0.0708136327820332,0.0708136327820332,lexical
narrative_tfidf__полоскание,0.0708136327820332,0.0708136327820332,lexical
narrative_tfidf__клебсиелла,0.0708136327820332,0.0708136327820332,lexical
narrative_tfidf__найти,0.0708136327820332,0.0708136327820332,lexical
narrative_tfidf__рецидивировать,0.0708136327820332,0.0708136327820332,lexical
narrative_tfidf__кафедра,0.0708136327820332,0.0708136327820332,lexical
narrative_tfidf__порошок,0.0708136327820332,0.0708136327820332,lexical
narrative_tfidf__микроскопически,0.0708136327820332,0.0708136327820332,lexical
narrative_tfidf__металл,0.0708136327820332,0.0708136327820332,lexical
narrative_tfidf__диован,0.0708136327820332,0.0708136327820332,lexical
narrative_tfidf__дренаж,0.0704779791070114,0.0704779791070114,lexical
narrative_tfidf__плазмый,0.0704779791070114,0.0704779791070114,lexical
narrative_tfidf__подготовить,0.0704779791070114,0.0704779791070114,lexical
narrative_tfidf__гть,0.0704779791070114,0.0704779791070114,lexical
narrative_tfidf__интенсивный,0.0704779791070114,0.0704779791070114,lexical
narrative_tfidf__орита,0.0704779791070114,0.0704779791070114,lexical
narrative_tfidf__санация,0.0704779791070114,0.0704779791070114,lexical
narrative_tfidf__трансфузия,0.0704779791070114,0.0704779791070114,lexical
narrative_tfidf__висмут,-0.0704527061781037,0.0704527061781037,lexical
narrative_tfidf__искль,-0.06988689589230193,0.06988689589230193,lexical
narrative_tfidf__горизонтальный,0.06980161657049763,0.06980161657049763,lexical
narrative_tfidf__гинекологический,0.06970584704637109,0.06970584704637109,lexical
narrative_tfidf__необходимо,-0.06966392517540258,0.06966392517540258,lexical
narrative_tfidf__выявить,0.06963107473138894,0.06963107473138894,negation
narrative_tfidf__относительно,-0.0696155045662311,0.0696155045662311,lexical
narrative_tfidf__учащение,0.06955793092092875,0.06955793092092875,lexical
narrative_tfidf__anteflexio,0.06954664513654542,0.06954664513654542,lexical
narrative_tfidf__проводиться,-0.06951896852892472,0.06951896852892472,lexical
narrative_tfidf__какой,0.06942481588131343,0.06942481588131343,lexical
narrative_tfidf__роды,0.06938402437142381,0.06938402437142381,lexical
narrative_tfidf__спина,0.06910299058753958,0.06910299058753958,lexical
narrative_tfidf__протяжение,0.06910253432354424,0.06910253432354424,lexical
narrative_tfidf__отрицать,-0.06910201592460122,0.06910201592460122,negation
narrative_tfidf__поджелудочный,0.06891446136596796,0.06891446136596796,lexical
narrative_tfidf__объективно,0.06887894643076144,0.06887894643076144,lexical
narrative_tfidf__воз,0.06883402332818218,0.06883402332818218,lexical
narrative_tfidf__период,-0.06843832860726402,0.06843832860726402,lexical
narrative_tfidf__миома,-0.06810660113132803,0.06810660113132803,lexical
narrative_tfidf__ганатон,0.0680889022784535,0.0680889022784535,lexical
narrative_tfidf__определяться,0.06807395997570849,0.06807395997570849,negation
narrative_tfidf__вздутие,-0.06798967925316927,0.06798967925316927,lexical
narrative_tfidf__пройти,-0.06793021852892842,0.06793021852892842,lexical
narrative_tfidf__стенокардия,0.06764379770650486,0.06764379770650486,lexical
narrative_tfidf__базисный,0.06763545393911813,0.06763545393911813,lexical
narrative_tfidf__повт,-0.06739123278819485,0.06739123278819485,lexical
narrative_tfidf__локца,-0.0673277660247414,0.0673277660247414,lexical
narrative_tfidf__ед,0.06727037166333255,0.06727037166333255,lexical
narrative_tfidf__онмк,0.06726560588918112,0.06726560588918112,lexical
narrative_tfidf__отмечаться,0.06716405062894594,0.06716405062894594,lexical
narrative_tfidf__окончание,0.06716405062894594,0.06716405062894594,lexical
narrative_tfidf__март,-0.06715906727146317,0.06715906727146317,lexical
narrative_tfidf__сахарный,0.06704857667616618,0.06704857667616618,lexical
narrative_tfidf__диабет,0.06704857667616618,0.06704857667616618,lexical
narrative_tfidf__больной,-0.06703936108799344,0.06703936108799344,lexical
narrative_tfidf__прибавка,0.06698415256919017,0.06698415256919017,lexical
narrative_tfidf__увеличивать,0.06688338543630792,0.06688338543630792,lexical
narrative_tfidf__нарастание,0.06688338543630792,0.06688338543630792,lexical
narrative_tfidf__невролог,0.06681672239188173,0.06681672239188173,lexical
narrative_tfidf__ноак,0.06672130195527794,0.06672130195527794,lexical
narrative_tfidf__помимо,0.06672130195527794,0.06672130195527794,lexical
narrative_tfidf__перечисленный,0.06672130195527794,0.06672130195527794,lexical
narrative_tfidf__болезнь,-0.0666772500577156,0.0666772500577156,lexical
narrative_tfidf__где,0.06661800325008362,0.06661800325008362,lexical
narrative_tfidf__сп,-0.0664162170686354,0.0664162170686354,lexical
narrative_tfidf__пцр,0.06621049319715042,0.06621049319715042,lexical
narrative_tfidf__учитывать,-0.06616110469267358,0.06616110469267358,lexical
narrative_tfidf__обращаться,0.06608718491229444,0.06608718491229444,lexical
narrative_tfidf__носовой,0.06583988564195856,0.06583988564195856,lexical
narrative_tfidf__стабилизация,0.06574186882233858,0.06574186882233858,lexical
narrative_tfidf__однократно,0.06574186882233858,0.06574186882233858,lexical
narrative_tfidf__уреазный,-0.06572881921800354,0.06572881921800354,lexical
narrative_tfidf__мес,-0.06567621403736643,0.06567621403736643,lexical
narrative_tfidf__стац,-0.06559259435136713,0.06559259435136713,lexical
narrative_tfidf__использование,-0.06556355768202804,0.06556355768202804,lexical
narrative_tfidf__гидроторакс,0.0655245339230359,0.0655245339230359,lexical
narrative_tfidf__лимфатический,-0.06548561090494096,0.06548561090494096,lexical
narrative_tfidf__палец,-0.06546549003753079,0.06546549003753079,lexical
narrative_tfidf__обоснование,0.06543337498073427,0.06543337498073427,lexical
narrative_tfidf__ограничить,-0.0651924212745138,0.0651924212745138,lexical
narrative_tfidf__подряд,0.06501012237978258,0.06501012237978258,lexical
narrative_tfidf__манжета,0.06501012237978258,0.06501012237978258,lexical
narrative_tfidf__недосып,0.06501012237978258,0.06501012237978258,lexical
narrative_tfidf__менструальный,0.06501012237978258,0.06501012237978258,lexical
narrative_tfidf__лимфоцит,0.06501012237978258,0.06501012237978258,lexical
narrative_tfidf__сдавать,0.06501012237978258,0.06501012237978258,lexical
narrative_tfidf__сечение,0.06501012237978258,0.06501012237978258,lexical
narrative_tfidf__постепенный,0.06501012237978258,0.06501012237978258,lexical
narrative_tfidf__бессонница,0.06501012237978258,0.06501012237978258,lexical
narrative_tfidf__низкосолевой,0.06501012237978258,0.06501012237978258,lexical
narrative_tfidf__ссз,0.06501012237978258,0.06501012237978258,lexical
narrative_tfidf__очно,0.06501012237978258,0.06501012237978258,lexical
narrative_tfidf__моноцит,0.06501012237978258,0.06501012237978258,lexical
narrative_tfidf__отец,0.06501012237978258,0.06501012237978258,lexical
narrative_tfidf__донор,0.06501012237978258,0.06501012237978258,lexical
narrative_tfidf__воскресение,0.06501012237978258,0.06501012237978258,lexical
narrative_tfidf__эритроцит,0.06501012237978258,0.06501012237978258,lexical
narrative_tfidf__тревожный,0.06501012237978258,0.06501012237978258,lexical
narrative_tfidf__лактация,0.06501012237978258,0.06501012237978258,lexical
narrative_tfidf__шейка,0.06501012237978258,0.06501012237978258,lexical
narrative_tfidf__приобрести,0.06501012237978258,0.06501012237978258,lexical
narrative_tfidf__абсцесс,0.06501012237978258,0.06501012237978258,lexical
narrative_tfidf__предрасположенность,0.06501012237978258,0.06501012237978258,lexical
narrative_tfidf__психоэмоциональный,0.06501012237978258,0.06501012237978258,lexical
narrative_tfidf__наследственный,0.06501012237978258,0.06501012237978258,lexical
narrative_tfidf__кесарев,0.06501012237978258,0.06501012237978258,lexical
narrative_tfidf__жидкий,-0.06492111309117377,0.06492111309117377,lexical
narrative_tfidf__снижать,0.06482435588631642,0.06482435588631642,lexical
narrative_tfidf__кислота,0.06459386171544139,0.06459386171544139,lexical
narrative_tfidf__постоянный,0.0637493423507057,0.0637493423507057,lexical
narrative_tfidf__раздражительность,-0.06370638475270382,0.06370638475270382,lexical
narrative_tfidf__изжога,-0.06364950450223583,0.06364950450223583,lexical
narrative_tfidf__например,0.0635251119667202,0.0635251119667202,lexical
narrative_tfidf__качество,-0.06339427390175423,0.06339427390175423,lexical
narrative_tfidf__который,0.06327656458531827,0.06327656458531827,lexical
narrative_tfidf__мл,0.0628862501400315,0.0628862501400315,lexical
narrative_tfidf__пнп,0.062170488882484484,0.062170488882484484,lexical
narrative_tfidf__вмешательство,-0.06213897505346789,0.06213897505346789,lexical
narrative_tfidf__дыхательный,-0.062133998105383226,0.062133998105383226,lexical
narrative_tfidf__нерациональный,-0.062130033392030694,0.062130033392030694,lexical
narrative_tfidf__усугублять,-0.062130033392030694,0.062130033392030694,lexical
narrative_tfidf__потеря,-0.062130033392030694,0.062130033392030694,lexical
narrative_tfidf__диспансерный,-0.062130033392030694,0.062130033392030694,lexical
narrative_tfidf__последствие,-0.062130033392030694,0.062130033392030694,lexical
narrative_tfidf__сообщить,-0.062130033392030694,0.062130033392030694,lexical
narrative_tfidf__носоглотка,-0.062130033392030694,0.062130033392030694,lexical
narrative_tfidf__фактор,-0.062130033392030694,0.062130033392030694,lexical
narrative_tfidf__обстановка,-0.062130033392030694,0.062130033392030694,lexical
narrative_tfidf__ка,-0.062130033392030694,0.062130033392030694,lexical
narrative_tfidf__коронавирусный,-0.062130033392030694,0.062130033392030694,lexical
narrative_tfidf__мазок,-0.062130033392030694,0.062130033392030694,lexical
narrative_tfidf__обоняние,-0.062130033392030694,0.062130033392030694,lexical
narrative_tfidf__рнк,-0.062130033392030694,0.062130033392030694,lexical
narrative_tfidf__почка,-0.06189238614088428,0.06189238614088428,lexical
narrative_tfidf__колоноскопия,0.06182436396469879,0.06182436396469879,lexical
narrative_tfidf__пищевод,-0.061764134370078154,0.061764134370078154,lexical
narrative_tfidf__периодический,-0.061700426832523775,0.061700426832523775,lexical
narrative_tfidf__последующий,0.061599867782971204,0.061599867782971204,lexical
narrative_tfidf__головной,0.06157606029029698,0.06157606029029698,lexical
narrative_tfidf__ощущение,-0.06138808149345205,0.06138808149345205,lexical
narrative_tfidf__онкологический,-0.061333412840870065,0.061333412840870065,lexical
narrative_tfidf__клинический,-0.06117773135904748,0.06117773135904748,lexical
narrative_tfidf__рак,0.061079025101870646,0.061079025101870646,lexical
narrative_tfidf__активность,0.060976785560683346,0.060976785560683346,lexical
gender__gender_M,-0.06081796624876425,0.06081796624876425,demographics
narrative_tfidf__презерватив,0.060781218044188456,0.060781218044188456,lexical
narrative_tfidf__прикрепить,0.060739395814266676,0.060739395814266676,lexical
narrative_tfidf__длительный,0.060561947389045946,0.060561947389045946,lexical
narrative_tfidf__возраст,0.060444148227829834,0.060444148227829834,lexical
narrative_tfidf__отделение,-0.0602694197675475,0.0602694197675475,lexical
narrative_tfidf__давящий,-0.06004242064269173,0.06004242064269173,lexical
narrative_tfidf__звук,0.05988815865942936,0.05988815865942936,lexical
narrative_tfidf__удаление,0.05986746881990754,0.05986746881990754,lexical
narrative_tfidf__развить,-0.059794557522827495,0.059794557522827495,lexical
narrative_tfidf__функция,0.05962029261188815,0.05962029261188815,lexical
title_tfidf__холедохолитиаз,0.05934684801034217,0.05934684801034217,lexical
title_tfidf__холангиолитиаз,0.05934684801034217,0.05934684801034217,lexical
narrative_tfidf__быстро,0.059281673812583646,0.059281673812583646,lexical
narrative_tfidf__расшифровка,0.05920708438244154,0.05920708438244154,lexical
narrative_tfidf__розулипа,0.05920708438244154,0.05920708438244154,lexical
narrative_tfidf__стеноз,0.05920708438244154,0.05920708438244154,lexical
narrative_tfidf__переносить,0.05920708438244154,0.05920708438244154,lexical
narrative_tfidf__дообследовать,0.05920708438244154,0.05920708438244154,lexical
narrative_tfidf__вса,0.05920708438244154,0.05920708438244154,lexical
narrative_tfidf__операция,-0.059142685848091445,0.059142685848091445,lexical
narrative_tfidf__случай,0.05906643019253703,0.05906643019253703,lexical
narrative_tfidf__таз,-0.05901309219485633,0.05901309219485633,lexical
narrative_tfidf__масло,-0.05880745789055765,0.05880745789055765,lexical
narrative_tfidf__кпереди,0.0587789513588514,0.0587789513588514,lexical
narrative_tfidf__presens,0.0587789513588514,0.0587789513588514,lexical
narrative_tfidf__рецепт,-0.05841434266720231,0.05841434266720231,lexical
narrative_tfidf__ускользание,-0.05841434266720231,0.05841434266720231,lexical
narrative_tfidf__лпу,-0.05841434266720231,0.05841434266720231,lexical
narrative_tfidf__псх,-0.05841434266720231,0.05841434266720231,lexical
narrative_tfidf__железодефицитный,-0.05841434266720231,0.05841434266720231,lexical
narrative_tfidf__биологический,-0.05841434266720231,0.05841434266720231,lexical
narrative_tfidf__ананмнза,-0.05841434266720231,0.05841434266720231,lexical
narrative_tfidf__нормостенич,-0.05841434266720231,0.05841434266720231,lexical
narrative_tfidf__дло,-0.05841434266720231,0.05841434266720231,lexical
narrative_tfidf__фгаоу,-0.05841434266720231,0.05841434266720231,lexical
narrative_tfidf__возрастной,-0.05841434266720231,0.05841434266720231,lexical
narrative_tfidf__мгма,-0.05841434266720231,0.05841434266720231,lexical
narrative_tfidf__сам,-0.05841434266720231,0.05841434266720231,lexical
narrative_tfidf__голос,-0.05841434266720231,0.05841434266720231,lexical
narrative_tfidf__фно,-0.05841434266720231,0.05841434266720231,lexical
narrative_tfidf__бт,-0.05841434266720231,0.05841434266720231,lexical
narrative_tfidf__грипп,-0.05841434266720231,0.05841434266720231,lexical
narrative_tfidf__инфликсимабомя,-0.05841434266720231,0.05841434266720231,lexical
narrative_tfidf__слегка,-0.05841434266720231,0.05841434266720231,lexical
narrative_tfidf__анти,-0.05841434266720231,0.05841434266720231,lexical
narrative_tfidf__устекинумаб,-0.05841434266720231,0.05841434266720231,lexical
narrative_tfidf__ремикейд,-0.05841434266720231,0.05841434266720231,lexical
narrative_tfidf__ая,-0.05841434266720231,0.05841434266720231,lexical
narrative_tfidf__инвалид,-0.05841434266720231,0.05841434266720231,lexical
narrative_tfidf__углевод,0.058334560823036646,0.058334560823036646,lexical
narrative_tfidf__ii,0.058334560823036646,0.058334560823036646,lexical
narrative_tfidf__короновирусный,0.05829044995229518,0.05829044995229518,lexical
narrative_tfidf__транзит,0.05829044995229518,0.05829044995229518,lexical
narrative_tfidf__гонконг,0.05829044995229518,0.05829044995229518,lexical
narrative_tfidf__танзания,0.05829044995229518,0.05829044995229518,lexical
narrative_tfidf__ботсвана,0.05829044995229518,0.05829044995229518,lexical
narrative_tfidf__мадагаскар,0.05829044995229518,0.05829044995229518,lexical
narrative_tfidf__мозамбик,0.05829044995229518,0.05829044995229518,lexical
narrative_tfidf__административный,0.05829044995229518,0.05829044995229518,lexical
narrative_tfidf__специальный,0.05829044995229518,0.05829044995229518,lexical
narrative_tfidf__зимбабве,0.05829044995229518,0.05829044995229518,lexical
narrative_tfidf__эсватиня,0.05829044995229518,0.05829044995229518,lexical
narrative_tfidf__лесото,0.05829044995229518,0.05829044995229518,lexical
narrative_tfidf__намибия,0.05829044995229518,0.05829044995229518,lexical
narrative_tfidf__нахождение,0.05829044995229518,0.05829044995229518,lexical
narrative_tfidf__номостеник,0.05829044995229518,0.05829044995229518,lexical
narrative_tfidf__район,0.05829044995229518,0.05829044995229518,lexical
narrative_tfidf__юар,0.05829044995229518,0.05829044995229518,lexical
narrative_tfidf__сегодня,0.05820060435376615,0.05820060435376615,lexical
narrative_tfidf__нольпаз,0.05820060435376615,0.05820060435376615,lexical
narrative_tfidf__поддержание,0.05820060435376615,0.05820060435376615,lexical
narrative_tfidf__изокета,0.05820060435376615,0.05820060435376615,lexical
narrative_tfidf__статин,0.05820060435376615,0.05820060435376615,lexical
narrative_tfidf__вчера,0.05820060435376615,0.05820060435376615,lexical
narrative_tfidf__сирдалуда,0.05820060435376615,0.05820060435376615,lexical
narrative_tfidf__лидокаин,0.05820060435376615,0.05820060435376615,lexical
narrative_tfidf__необходимость,0.05820060435376615,0.05820060435376615,lexical
narrative_tfidf__вести,-0.05792864690820716,0.05792864690820716,lexical
narrative_tfidf__либо,-0.05792864690820716,0.05792864690820716,lexical
narrative_tfidf__калий,0.05789509427537652,0.05789509427537652,lexical
narrative_tfidf__нпвс,-0.05781492916103073,0.05781492916103073,lexical
narrative_tfidf__пиелонефрит,0.05778744213334604,0.05778744213334604,lexical
narrative_tfidf__возникать,-0.057539621250055864,0.057539621250055864,lexical
narrative_tfidf__взять,0.057509521853667804,0.057509521853667804,lexical
narrative_tfidf__август,-0.057449120063710335,0.057449120063710335,lexical
narrative_tfidf__глюкофаж,0.0573449855879407,0.0573449855879407,lexical
narrative_tfidf__свободный,0.057237565729416885,0.057237565729416885,lexical
narrative_tfidf__высыпание,-0.05699444971079267,0.05699444971079267,lexical
narrative_tfidf__сатурация,-0.05699131078631333,0.05699131078631333,lexical
narrative_tfidf__так,0.0569465824361565,0.0569465824361565,lexical
narrative_tfidf__желудочный,0.0569378383335719,0.0569378383335719,lexical
narrative_tfidf__семейный,0.05671867208663232,0.05671867208663232,lexical
narrative_tfidf__табла,0.056523855271692784,0.056523855271692784,lexical
narrative_tfidf__улькавис,-0.05638521749266957,0.05638521749266957,lexical
narrative_tfidf__требоваться,-0.05638521749266957,0.05638521749266957,lexical
narrative_tfidf__антибиотик,-0.05638521749266957,0.05638521749266957,lexical
narrative_tfidf__способ,-0.05638521749266957,0.05638521749266957,lexical
narrative_tfidf__реактивный,-0.05632254830458717,0.05632254830458717,lexical
narrative_tfidf__ключичный,-0.056313462531165294,0.056313462531165294,lexical
narrative_tfidf__ибс,0.05630639284408048,0.05630639284408048,lexical
narrative_tfidf__такой,0.05617604963257468,0.05617604963257468,lexical
narrative_tfidf__смад,-0.05607858945073551,0.05607858945073551,lexical
narrative_tfidf__частый,-0.055958531658444714,0.055958531658444714,lexical
narrative_tfidf__беспокоить,0.05589078733544527,0.05589078733544527,lexical
narrative_tfidf__триглицерид,0.05583115493249604,0.05583115493249604,lexical
narrative_tfidf__визуализироваться,0.05583032772207786,0.05583032772207786,lexical
narrative_tfidf__азатиоприн,-0.055828568173509265,0.055828568173509265,lexical
narrative_tfidf__срб,-0.055828568173509265,0.055828568173509265,lexical
narrative_tfidf__неуточненный,-0.05567846018034134,0.05567846018034134,lexical
narrative_tfidf__купироваться,-0.05567846018034134,0.05567846018034134,lexical
narrative_tfidf__левый,0.05560427334541041,0.05560427334541041,lexical
narrative_tfidf__синусовый,-0.05544048971835898,0.05544048971835898,lexical
narrative_tfidf__расчёт,0.05524202644600796,0.05524202644600796,lexical
narrative_tfidf__нелпвп,0.05524202644600796,0.05524202644600796,lexical
narrative_tfidf__хс,0.05524202644600796,0.05524202644600796,lexical
narrative_tfidf__лпонп,0.05524202644600796,0.05524202644600796,lexical
narrative_tfidf__высокий,-0.05501951116689936,0.05501951116689936,lexical
narrative_tfidf__возможно,0.05456874907313326,0.05456874907313326,lexical
narrative_tfidf__аптечка,0.05456874907313326,0.05456874907313326,lexical
narrative_tfidf__ребагит,0.05445289487052587,0.05445289487052587,lexical
narrative_tfidf__следовать,-0.05443485635904889,0.05443485635904889,lexical
narrative_tfidf__рабочий,-0.05423306450153315,0.05423306450153315,lexical
narrative_tfidf__вокруг,-0.05423306450153315,0.05423306450153315,lexical
narrative_tfidf__жировой,-0.05392972281209381,0.05392972281209381,lexical
narrative_tfidf__проходить,0.05367500244485646,0.05367500244485646,lexical
narrative_tfidf__порция,-0.05304835477986299,0.05304835477986299,lexical
narrative_tfidf__рубец,0.05301490866997512,0.05301490866997512,lexical
narrative_tfidf__употребление,-0.053014634454083345,0.053014634454083345,lexical
narrative_tfidf__яичниковый,0.052930426686722536,0.052930426686722536,lexical
narrative_tfidf__кома,0.052930426686722536,0.052930426686722536,lexical
narrative_tfidf__неэрозивный,0.052930426686722536,0.052930426686722536,lexical
narrative_tfidf__поликистоз,0.052930426686722536,0.052930426686722536,lexical
narrative_tfidf__кавид,0.052930426686722536,0.052930426686722536,lexical
narrative_tfidf__распирания,0.052930426686722536,0.052930426686722536,lexical
narrative_tfidf__жда,0.052930426686722536,0.052930426686722536,lexical
narrative_tfidf__итомёд,0.052930426686722536,0.052930426686722536,lexical
narrative_tfidf__прекардиальный,0.0527496616022708,0.0527496616022708,lexical
narrative_tfidf__пов,0.0527496616022708,0.0527496616022708,lexical
narrative_tfidf__зрачок,0.0527496616022708,0.0527496616022708,lexical
narrative_tfidf__эналаприть,0.0527496616022708,0.0527496616022708,lexical
narrative_tfidf__гипергидроза,0.0527496616022708,0.0527496616022708,lexical
narrative_tfidf__неизвестный,0.0527496616022708,0.0527496616022708,lexical
narrative_tfidf__яремный,0.0527496616022708,0.0527496616022708,lexical
narrative_tfidf__кровообращение,0.0527496616022708,0.0527496616022708,lexical
narrative_tfidf__пер,0.0527496616022708,0.0527496616022708,lexical
narrative_tfidf__мочевыделение,0.0527496616022708,0.0527496616022708,lexical
narrative_tfidf__сонный,0.0527496616022708,0.0527496616022708,lexical
narrative_tfidf__осмотреть,-0.05268208790185283,0.05268208790185283,lexical
narrative_tfidf__наследственность,-0.05254849715805384,0.05254849715805384,lexical
narrative_tfidf__симбикорт,0.05248903382830701,0.05248903382830701,lexical
narrative_tfidf__образование,0.05228072142614984,0.05228072142614984,lexical
narrative_tfidf__периодич,0.05208463822639659,0.05208463822639659,lexical
narrative_tfidf__лазерный,0.05208463822639659,0.05208463822639659,lexical
narrative_tfidf__лгб,0.05208463822639659,0.05208463822639659,lexical
narrative_tfidf__симптоматика,0.05208463822639659,0.05208463822639659,lexical
narrative_tfidf__литотрипсия,0.05208463822639659,0.05208463822639659,lexical
narrative_tfidf__иб,0.05208463822639659,0.05208463822639659,lexical
narrative_tfidf__креатиня,0.05208463822639659,0.05208463822639659,lexical
narrative_tfidf__урологич,0.05208463822639659,0.05208463822639659,lexical
narrative_tfidf__почечный,0.05208463822639659,0.05208463822639659,lexical
narrative_tfidf__здоровье,0.05208463822639659,0.05208463822639659,lexical
narrative_tfidf__близкий,-0.051921168379624266,0.051921168379624266,lexical
narrative_tfidf__подмышечный,0.05165139244171405,0.05165139244171405,lexical
narrative_tfidf__выходить,0.05165139244171405,0.05165139244171405,lexical
narrative_tfidf__lokalis,0.05165139244171405,0.05165139244171405,lexical
narrative_tfidf__бартолиниевый,0.05165139244171405,0.05165139244171405,lexical
narrative_tfidf__зеркало,0.05165139244171405,0.05165139244171405,lexical
narrative_tfidf__умереть,0.05165139244171405,0.05165139244171405,lexical
narrative_tfidf__надключичный,0.05165139244171405,0.05165139244171405,lexical
narrative_tfidf__specialis,0.05165139244171405,0.05165139244171405,lexical
narrative_tfidf__шейный,-0.05162013745174676,0.05162013745174676,lexical
narrative_tfidf__тг,0.05121305538251769,0.05121305538251769,lexical
narrative_tfidf__грудина,-0.05112115106576922,0.05112115106576922,lexical
narrative_tfidf__задний,0.05106814120653638,0.05106814120653638,lexical
narrative_tfidf__заложенность,-0.0507834169599251,0.0507834169599251,lexical
narrative_tfidf__третий,-0.05069169717346502,0.05069169717346502,lexical
narrative_tfidf__возникновение,0.05053600009772339,0.05053600009772339,lexical
narrative_tfidf__ежедневный,0.050526466558529465,0.050526466558529465,lexical
narrative_tfidf__придаток,0.05052481481092,0.05052481481092,lexical
narrative_tfidf__конституция,-0.050509835416687306,0.050509835416687306,lexical
narrative_tfidf__чистый,0.05048058052662702,0.05048058052662702,lexical
narrative_tfidf__наиболее,0.05000943069776791,0.05000943069776791,lexical
narrative_tfidf__кровоизлияние,-0.04947685721082445,0.04947685721082445,lexical
narrative_tfidf__рабепразол,-0.04931024616513172,0.04931024616513172,lexical
narrative_tfidf__конический,-0.049262388296633895,0.049262388296633895,lexical
narrative_tfidf__снизить,-0.04923376269873158,0.04923376269873158,lexical
narrative_tfidf__чайный,-0.049102667160167604,0.049102667160167604,lexical
narrative_tfidf__ложка,-0.049102667160167604,0.049102667160167604,lexical
narrative_tfidf__облегчение,-0.049102667160167604,0.049102667160167604,lexical
narrative_tfidf__акцент,-0.04846634371937713,0.04846634371937713,lexical
title_tfidf__доброкачественный,0.04831615064115554,0.04831615064115554,lexical
title_tfidf__ддмжа,0.04831615064115554,0.04831615064115554,lexical
title_tfidf__молочный,0.04831615064115554,0.04831615064115554,lexical
title_tfidf__дисплазия,0.04831615064115554,0.04831615064115554,lexical
narrative_tfidf__капотный,0.048303569817782645,0.048303569817782645,lexical
narrative_tfidf__ингибитор,-0.048188418683153565,0.048188418683153565,lexical
narrative_tfidf__протонный,-0.048188418683153565,0.048188418683153565,lexical
narrative_tfidf__эзомепразол,-0.048188418683153565,0.048188418683153565,lexical
narrative_tfidf__помпа,-0.048188418683153565,0.048188418683153565,lexical
narrative_tfidf__азотиоприн,-0.04787373032297305,0.04787373032297305,lexical
narrative_tfidf__момент,0.04776586802855217,0.04776586802855217,lexical
narrative_tfidf__процесс,-0.04769611081624156,0.04769611081624156,lexical
narrative_tfidf__предудыщи,-0.04769611081624156,0.04769611081624156,lexical
narrative_tfidf__скрытый,-0.04769611081624156,0.04769611081624156,lexical
narrative_tfidf__потемнение,-0.04769611081624156,0.04769611081624156,lexical
narrative_tfidf__дифференциальный,-0.04769611081624156,0.04769611081624156,lexical
narrative_tfidf__накануне,-0.04769611081624156,0.04769611081624156,lexical
narrative_tfidf__детально,-0.04769611081624156,0.04769611081624156,lexical
narrative_tfidf__перестать,-0.04769611081624156,0.04769611081624156,lexical
narrative_tfidf__поздний,-0.04769611081624156,0.04769611081624156,lexical
narrative_tfidf__тонзиллит,-0.04769611081624156,0.04769611081624156,lexical
narrative_tfidf__иха,-0.04769611081624156,0.04769611081624156,lexical
narrative_tfidf__исходить,-0.04769611081624156,0.04769611081624156,lexical
narrative_tfidf__диагностик,-0.04769611081624156,0.04769611081624156,lexical
narrative_tfidf__пж,-0.04769611081624156,0.04769611081624156,lexical
narrative_tfidf__чтобы,-0.04769611081624156,0.04769611081624156,lexical
narrative_tfidf__кока,-0.04769611081624156,0.04769611081624156,lexical
narrative_tfidf__эластаз,-0.04769611081624156,0.04769611081624156,lexical
narrative_tfidf__озноб,-0.04769611081624156,0.04769611081624156,lexical
narrative_tfidf__описывать,-0.04769611081624156,0.04769611081624156,lexical
narrative_tfidf__сложно,-0.04769611081624156,0.04769611081624156,lexical
narrative_tfidf__миомэктомия,-0.04769611081624156,0.04769611081624156,lexical
narrative_tfidf__диагностический,-0.04769611081624156,0.04769611081624156,lexical
narrative_tfidf__ломота,-0.04769611081624156,0.04769611081624156,lexical
narrative_tfidf__ть,-0.04769611081624156,0.04769611081624156,lexical
narrative_tfidf__сдавливать,-0.04769611081624156,0.04769611081624156,lexical
narrative_tfidf__альфанормикс,-0.04769611081624156,0.04769611081624156,lexical
narrative_tfidf__разобраться,-0.04769611081624156,0.04769611081624156,lexical
narrative_tfidf__брюшина,-0.04746685717727798,0.04746685717727798,lexical
narrative_tfidf__раздражение,-0.04746685717727798,0.04746685717727798,lexical
narrative_tfidf__прийти,0.04730433316744422,0.04730433316744422,lexical
narrative_tfidf__локальный,-0.047277073890149894,0.047277073890149894,lexical
narrative_tfidf__между,-0.04699664963999453,0.04699664963999453,lexical
narrative_tfidf__щитовидный,0.04695846099254877,0.04695846099254877,lexical
narrative_tfidf__правильный,-0.04692671623580047,0.04692671623580047,lexical
narrative_tfidf__спирометрия,-0.0465898133230974,0.0465898133230974,lexical
narrative_tfidf__кал,-0.046589734375524765,0.046589734375524765,lexical
narrative_tfidf__вд,-0.0465606690123652,0.0465606690123652,lexical
narrative_tfidf__усиление,0.046371953947285834,0.046371953947285834,lexical
narrative_tfidf__панколит,0.046371953947285834,0.046371953947285834,lexical
narrative_tfidf__будесонида,0.046371953947285834,0.046371953947285834,lexical
narrative_tfidf__резь,0.046371953947285834,0.046371953947285834,lexical
narrative_tfidf__неоднократно,0.046371953947285834,0.046371953947285834,lexical
narrative_tfidf__струя,0.046371953947285834,0.046371953947285834,lexical
narrative_tfidf__геморрой,0.046371953947285834,0.046371953947285834,lexical
narrative_tfidf__полоскать,-0.0461576120936745,0.0461576120936745,lexical
narrative_tfidf__режим,0.046044306508407705,0.046044306508407705,lexical
narrative_tfidf__связь,-0.045798567116851825,0.045798567116851825,lexical
narrative_tfidf__выпивать,0.04570825163192294,0.04570825163192294,lexical
narrative_tfidf__контрацепция,-0.045641707646001,0.045641707646001,lexical
narrative_tfidf__свой,-0.04560759113511876,0.04560759113511876,lexical
narrative_tfidf__течен,-0.04559437236842339,0.04559437236842339,lexical
narrative_tfidf__опред,-0.04552351694928061,0.04552351694928061,lexical
narrative_tfidf__предоставить,0.04551076548960913,0.04551076548960913,lexical
narrative_tfidf__мочевина,-0.04545245870196028,0.04545245870196028,lexical
narrative_tfidf__креон,-0.045195015283991107,0.045195015283991107,lexical
narrative_tfidf__примесь,0.04510977607382993,0.04510977607382993,lexical
narrative_tfidf__бисопролоть,0.045034909181935374,0.045034909181935374,lexical
narrative_tfidf__застойный,0.04479469388144192,0.04479469388144192,lexical
narrative_tfidf__лёжа,-0.044681324969411296,0.044681324969411296,lexical
narrative_tfidf__мочевой,-0.0446728661380318,0.0446728661380318,lexical
narrative_tfidf__нерегулярный,-0.04458846451164553,0.04458846451164553,lexical
narrative_tfidf__ала,-0.04458846451164553,0.04458846451164553,lexical
narrative_tfidf__анальный,-0.04458846451164553,0.04458846451164553,lexical
narrative_tfidf__полуоформить,-0.04458846451164553,0.04458846451164553,lexical
narrative_tfidf__rectum,-0.04458846451164553,0.04458846451164553,lexical
narrative_tfidf__перчатка,-0.04458846451164553,0.04458846451164553,lexical
narrative_tfidf__паховой,-0.04458846451164553,0.04458846451164553,lexical
narrative_tfidf__сфинктер,-0.04458846451164553,0.04458846451164553,lexical
narrative_tfidf__спасться,-0.04458846451164553,0.04458846451164553,lexical
narrative_tfidf__отрицательнастула,-0.04458846451164553,0.04458846451164553,lexical
narrative_tfidf__вызывать,0.04427662218921517,0.04427662218921517,lexical
narrative_tfidf__омт,-0.04420464373970342,0.04420464373970342,lexical
title_tfidf__терминальный,0.0441399641282639,0.0441399641282639,lexical
title_tfidf__илеит,0.0441399641282639,0.0441399641282639,lexical
narrative_tfidf__anamnes,-0.044111747410057335,0.044111747410057335,lexical
narrative_tfidf__биопсия,-0.04397905019016953,0.04397905019016953,lexical
narrative_tfidf__мж,0.04371457126294285,0.04371457126294285,lexical
narrative_tfidf__потребоваться,0.043655134318425014,0.043655134318425014,lexical
narrative_tfidf__фиксировать,0.043655134318425014,0.043655134318425014,lexical
narrative_tfidf__хр,-0.04335182821530753,0.04335182821530753,lexical
narrative_tfidf__жительство,-0.04314015768944832,0.04314015768944832,lexical
narrative_tfidf__сниматься,-0.04314015768944832,0.04314015768944832,lexical
narrative_tfidf__участиться,-0.04314015768944832,0.04314015768944832,lexical
narrative_tfidf__эмуран,-0.04314015768944832,0.04314015768944832,lexical
narrative_tfidf__салофальк,-0.04314015768944832,0.04314015768944832,lexical
narrative_tfidf__гемоглобин,-0.04314015768944832,0.04314015768944832,lexical
narrative_tfidf__приёмный,-0.04314015768944832,0.04314015768944832,lexical
narrative_tfidf__место,-0.04314015768944832,0.04314015768944832,lexical
narrative_tfidf__достаточно,-0.04314015768944832,0.04314015768944832,lexical
narrative_tfidf__стать,-0.04314015768944832,0.04314015768944832,lexical
narrative_tfidf__мсэ,-0.04314015768944832,0.04314015768944832,lexical
narrative_tfidf__тотем,-0.04314015768944832,0.04314015768944832,lexical
narrative_tfidf__снить,-0.04314015768944832,0.04314015768944832,lexical
narrative_tfidf__канал,0.043017178818175766,0.043017178818175766,lexical
narrative_tfidf__пг,0.04295679304448958,0.04295679304448958,lexical
narrative_tfidf__хбп,0.04295679304448958,0.04295679304448958,lexical
narrative_tfidf__iiа,0.04295679304448958,0.04295679304448958,lexical
narrative_tfidf__lown,0.04295679304448958,0.04295679304448958,lexical
narrative_tfidf__пикс,0.04295679304448958,0.04295679304448958,lexical
narrative_tfidf__post,0.04295679304448958,0.04295679304448958,lexical
narrative_tfidf__осн,0.04295679304448958,0.04295679304448958,lexical
narrative_tfidf__кардиосклероз,0.04295679304448958,0.04295679304448958,lexical
narrative_tfidf__epi,0.04295679304448958,0.04295679304448958,lexical
narrative_tfidf__ась,0.04295679304448958,0.04295679304448958,lexical
narrative_tfidf__венечный,0.04295679304448958,0.04295679304448958,lexical
narrative_tfidf__max,0.04295679304448958,0.04295679304448958,lexical
narrative_tfidf__ротовой,0.04295679304448958,0.04295679304448958,lexical
narrative_tfidf__нефроангиосклероз,0.04295679304448958,0.04295679304448958,lexical
narrative_tfidf__пароксизмальный,0.04295679304448958,0.04295679304448958,lexical
narrative_tfidf__мрб,0.04295679304448958,0.04295679304448958,lexical
narrative_tfidf__очень,0.04295679304448958,0.04295679304448958,lexical
narrative_tfidf__суправентрикулярный,0.04295679304448958,0.04295679304448958,lexical
narrative_tfidf__iiiст,0.04295679304448958,0.04295679304448958,lexical
narrative_tfidf__ощупь,0.04295679304448958,0.04295679304448958,lexical
narrative_tfidf__постинфарктный,0.04295679304448958,0.04295679304448958,lexical
narrative_tfidf__factum,0.04295679304448958,0.04295679304448958,lexical
narrative_tfidf__кардиологический,0.04295679304448958,0.04295679304448958,lexical
narrative_tfidf__тк,0.04295679304448958,0.04295679304448958,lexical
narrative_tfidf__глж,0.04295679304448958,0.04295679304448958,lexical
narrative_tfidf__скd,0.04295679304448958,0.04295679304448958,lexical
narrative_tfidf__ntprobnp,0.04295679304448958,0.04295679304448958,lexical
narrative_tfidf__nyha,0.04295679304448958,0.04295679304448958,lexical
narrative_tfidf__фкiii,0.04295679304448958,0.04295679304448958,lexical
narrative_tfidf__мк,0.04295679304448958,0.04295679304448958,lexical
narrative_tfidf__лг,0.04295679304448958,0.04295679304448958,lexical
narrative_tfidf__дополнительный,-0.04264971723759279,0.04264971723759279,lexical
narrative_tfidf__акт,0.04220474724614282,0.04220474724614282,lexical
narrative_tfidf__слово,-0.04220134149306878,0.04220134149306878,lexical
narrative_tfidf__жевание,-0.042049319207888014,0.042049319207888014,lexical
narrative_tfidf__из,-0.042049319207888014,0.042049319207888014,lexical
narrative_tfidf__неопределённый,-0.042049319207888014,0.042049319207888014,lexical
narrative_tfidf__прослушиваться,-0.042049319207888014,0.042049319207888014,lexical
narrative_tfidf__кашицеобразный,-0.042049319207888014,0.042049319207888014,lexical
narrative_tfidf__фгс,-0.042049319207888014,0.042049319207888014,lexical
narrative_tfidf__зболевания,-0.042049319207888014,0.042049319207888014,lexical
narrative_tfidf__прожёвывать,-0.042049319207888014,0.042049319207888014,lexical
narrative_tfidf__запах,-0.042049319207888014,0.042049319207888014,lexical
narrative_tfidf__фло,-0.042049319207888014,0.042049319207888014,lexical
narrative_tfidf__вкусовой,-0.042049319207888014,0.042049319207888014,lexical
narrative_tfidf__эмоциональный,-0.042049319207888014,0.042049319207888014,lexical
narrative_tfidf__спид,-0.042049319207888014,0.042049319207888014,lexical
narrative_tfidf__верификация,-0.04201167365565881,0.04201167365565881,lexical
narrative_tfidf__уролог,0.04197530633420426,0.04197530633420426,lexical
narrative_tfidf__бактериофаг,0.04180518397268098,0.04180518397268098,lexical
narrative_tfidf__болезненность,0.041704196858523626,0.041704196858523626,lexical
narrative_tfidf__педикулёз,-0.04166919226115222,0.04166919226115222,lexical
narrative_tfidf__сахар,0.04160632528541337,0.04160632528541337,lexical
title_tfidf__боль,0.04159631582161912,0.04159631582161912,lexical
title_tfidf__головной,0.04159631582161912,0.04159631582161912,lexical
title_tfidf__гбн,0.04159631582161912,0.04159631582161912,lexical
narrative_tfidf__helicobacter,0.041508719222427375,0.041508719222427375,lexical
narrative_tfidf__метрия,0.041508719222427375,0.041508719222427375,lexical
narrative_tfidf__варикозный,-0.04140372179372424,0.04140372179372424,lexical
narrative_tfidf__жёлчь,-0.041176089580052117,0.041176089580052117,lexical
narrative_tfidf__гастродуоденит,-0.041176089580052117,0.041176089580052117,lexical
narrative_tfidf__сопа,-0.041176089580052117,0.041176089580052117,lexical
narrative_tfidf__проходимый,-0.041176089580052117,0.041176089580052117,lexical
narrative_tfidf__ассоиировать,-0.041149882221346225,0.041149882221346225,lexical
narrative_tfidf__дыхата,-0.041149882221346225,0.041149882221346225,lexical
narrative_tfidf__делаться,-0.041149882221346225,0.041149882221346225,lexical
narrative_tfidf__рефлюкс,-0.04094744062191007,0.04094744062191007,lexical
narrative_tfidf__активный,0.04092812478582051,0.04092812478582051,lexical
narrative_tfidf__тем,0.040916062142185385,0.040916062142185385,lexical
narrative_tfidf__курение,-0.0408344021374271,0.0408344021374271,lexical
narrative_tfidf__наружный,0.040312274779583566,0.040312274779583566,lexical
narrative_tfidf__отяготить,-0.04006424516647146,0.04006424516647146,lexical
narrative_tfidf__перкуторный,0.040049908462830075,0.040049908462830075,lexical
narrative_tfidf__выше,-0.03979125790544284,0.03979125790544284,lexical
narrative_tfidf__берёза,0.03968303497533639,0.03968303497533639,lexical
narrative_tfidf__сингуляр,0.03968303497533639,0.03968303497533639,lexical
title_tfidf__класс,-0.03952138032608439,0.03952138032608439,lexical
title_tfidf__опасно,-0.03952138032608439,0.03952138032608439,lexical
title_tfidf__функциональный,-0.03952138032608439,0.03952138032608439,lexical
title_tfidf__iv,-0.03952138032608439,0.03952138032608439,lexical
title_tfidf__ii,-0.03952138032608439,0.03952138032608439,lexical
title_tfidf__мочь,-0.03952138032608439,0.03952138032608439,lexical
title_tfidf__который,-0.03952138032608439,0.03952138032608439,lexical
narrative_tfidf__справа,0.03919871909978096,0.03919871909978096,lexical
narrative_tfidf__язвенный,-0.039172104104216635,0.039172104104216635,lexical
narrative_tfidf__нижнедолевой,-0.03915658356153229,0.03915658356153229,lexical
narrative_tfidf__регуляция,-0.03915658356153229,0.03915658356153229,lexical
narrative_tfidf__пюре,-0.03915658356153229,0.03915658356153229,lexical
narrative_tfidf__мскт,-0.03915658356153229,0.03915658356153229,lexical
narrative_tfidf__мукофальк,-0.03915658356153229,0.03915658356153229,lexical
narrative_tfidf__курага,-0.03915658356153229,0.03915658356153229,lexical
narrative_tfidf__сухофрукты,-0.03915658356153229,0.03915658356153229,lexical
narrative_tfidf__инжир,-0.03915658356153229,0.03915658356153229,lexical
narrative_tfidf__допустить,-0.03915658356153229,0.03915658356153229,lexical
narrative_tfidf__допускаться,-0.03915658356153229,0.03915658356153229,lexical
narrative_tfidf__ежегодно,-0.03915658356153229,0.03915658356153229,lexical
narrative_tfidf__жанин,-0.03915658356153229,0.03915658356153229,lexical
narrative_tfidf__псиллиум,-0.03915658356153229,0.03915658356153229,lexical
narrative_tfidf__пшеничный,-0.03915658356153229,0.03915658356153229,lexical
narrative_tfidf__билиарна,-0.03915658356153229,0.03915658356153229,lexical
narrative_tfidf__гиперчувствительность,-0.03915658356153229,0.03915658356153229,lexical
narrative_tfidf__перерыв,-0.03915658356153229,0.03915658356153229,lexical
narrative_tfidf__переносимость,-0.03915658356153229,0.03915658356153229,lexical
narrative_tfidf__моторика,-0.03915658356153229,0.03915658356153229,lexical
narrative_tfidf__умерить,-0.03915658356153229,0.03915658356153229,lexical
narrative_tfidf__изделие,-0.03915658356153229,0.03915658356153229,lexical
narrative_tfidf__бараний,-0.03915658356153229,0.03915658356153229,lexical
narrative_tfidf__пакетик,-0.03915658356153229,0.03915658356153229,lexical
narrative_tfidf__свиной,-0.03915658356153229,0.03915658356153229,lexical
narrative_tfidf__гречневый,-0.03915658356153229,0.03915658356153229,lexical
narrative_tfidf__готовый,-0.03915658356153229,0.03915658356153229,lexical
narrative_tfidf__очаг,-0.03915658356153229,0.03915658356153229,lexical
narrative_tfidf__отруби,-0.03915658356153229,0.03915658356153229,lexical
narrative_tfidf__цельносмолоть,-0.03915658356153229,0.03915658356153229,lexical
narrative_tfidf__спазмолитик,-0.03915658356153229,0.03915658356153229,lexical
narrative_tfidf__пластинка,-0.03915658356153229,0.03915658356153229,lexical
narrative_tfidf__пневмония,-0.03915658356153229,0.03915658356153229,lexical
narrative_tfidf__желчнокаменный,-0.03915658356153229,0.03915658356153229,lexical
narrative_tfidf__желчевыводить,-0.03915658356153229,0.03915658356153229,lexical
narrative_tfidf__противопоказание,-0.03915658356153229,0.03915658356153229,lexical
narrative_tfidf__фиброз,-0.03915658356153229,0.03915658356153229,lexical
narrative_tfidf__кефир,-0.03915658356153229,0.03915658356153229,lexical
narrative_tfidf__простокваша,-0.03915658356153229,0.03915658356153229,lexical
narrative_tfidf__зерно,-0.03915658356153229,0.03915658356153229,lexical
narrative_tfidf__хлебобулочный,-0.03915658356153229,0.03915658356153229,lexical
narrative_tfidf__волокно,-0.03915658356153229,0.03915658356153229,lexical
narrative_tfidf__гевискон,-0.03915658356153229,0.03915658356153229,lexical
narrative_tfidf__орех,-0.03915658356153229,0.03915658356153229,lexical
narrative_tfidf__сало,-0.03915658356153229,0.03915658356153229,lexical
narrative_tfidf__финик,-0.03915658356153229,0.03915658356153229,lexical
narrative_tfidf__прапаратый,-0.03915658356153229,0.03915658356153229,lexical
narrative_tfidf__фисташка,-0.03915658356153229,0.03915658356153229,lexical
narrative_tfidf__маргарин,-0.03915658356153229,0.03915658356153229,lexical
narrative_tfidf__голодание,-0.03915658356153229,0.03915658356153229,lexical
narrative_tfidf__советовать,-0.03915658356153229,0.03915658356153229,lexical
narrative_tfidf__фитомуцил,-0.03915658356153229,0.03915658356153229,lexical
narrative_tfidf__собственный,-0.03915658356153229,0.03915658356153229,lexical
narrative_tfidf__сос,-0.03915658356153229,0.03915658356153229,lexical
narrative_tfidf__опорожнение,-0.03915658356153229,0.03915658356153229,lexical
narrative_tfidf__тугоплавкий,-0.03915658356153229,0.03915658356153229,lexical
narrative_tfidf__овсяный,-0.03915658356153229,0.03915658356153229,lexical
narrative_tfidf__миндаль,-0.03915658356153229,0.03915658356153229,lexical
narrative_tfidf__оливковый,-0.03915658356153229,0.03915658356153229,lexical
narrative_tfidf__блюдо,-0.03915658356153229,0.03915658356153229,lexical
narrative_tfidf__слабовыраженный,-0.03915658356153229,0.03915658356153229,lexical
narrative_tfidf__функциональный,-0.03915658356153229,0.03915658356153229,lexical
narrative_tfidf__фовеолярный,-0.03915658356153229,0.03915658356153229,lexical
narrative_tfidf__диспепсия,-0.03915658356153229,0.03915658356153229,lexical
narrative_tfidf__крупа,-0.03915658356153229,0.03915658356153229,lexical
narrative_tfidf__арахис,-0.03915658356153229,0.03915658356153229,lexical
narrative_tfidf__слив,-0.03915658356153229,0.03915658356153229,lexical
narrative_tfidf__онколог,-0.03915658356153229,0.03915658356153229,lexical
narrative_tfidf__ограничивать,-0.03915658356153229,0.03915658356153229,lexical
narrative_tfidf__ячневый,-0.03915658356153229,0.03915658356153229,lexical
narrative_tfidf__неприятный,-0.03915658356153229,0.03915658356153229,lexical
narrative_tfidf__регулировать,-0.03915658356153229,0.03915658356153229,lexical
narrative_tfidf__лимфома,-0.03915658356153229,0.03915658356153229,lexical
narrative_tfidf__чувствительный,-0.03907414526963855,0.03907414526963855,lexical
narrative_tfidf__река,-0.039026169804129214,0.039026169804129214,lexical
narrative_tfidf__хороший,0.03897328779504926,0.03897328779504926,lexical
narrative_tfidf__специфический,0.03894554043157763,0.03894554043157763,lexical
narrative_tfidf__ринит,0.03894554043157763,0.03894554043157763,lexical
narrative_tfidf__просвет,-0.03882845245800963,0.03882845245800963,lexical
narrative_tfidf__ст,0.03874633270325767,0.03874633270325767,lexical
narrative_tfidf__вич,-0.03872523219398056,0.03872523219398056,lexical
narrative_tfidf__сразу,-0.03872523219398056,0.03872523219398056,lexical
narrative_tfidf__установиться,-0.03872523219398056,0.03872523219398056,lexical
narrative_tfidf__силуэт,-0.038663257520440704,0.038663257520440704,lexical
narrative_tfidf__уточнение,0.03845169609788968,0.03845169609788968,lexical
narrative_tfidf__амлодипин,0.038372754622481305,0.038372754622481305,lexical
narrative_tfidf__щадить,-0.0383178198315093,0.0383178198315093,lexical
narrative_tfidf__арбидол,-0.0383178198315093,0.0383178198315093,lexical
narrative_tfidf__диарея,-0.0383178198315093,0.0383178198315093,lexical
narrative_tfidf__микразима,-0.0383178198315093,0.0383178198315093,lexical
narrative_tfidf__зак,-0.0383178198315093,0.0383178198315093,lexical
narrative_tfidf__амиксина,-0.0383178198315093,0.0383178198315093,lexical
narrative_tfidf__противовирусный,-0.0383178198315093,0.0383178198315093,lexical
narrative_tfidf__инфекционист,-0.0383178198315093,0.0383178198315093,lexical
narrative_tfidf__панкреатин,-0.0383178198315093,0.0383178198315093,lexical
narrative_tfidf__пупок,-0.0383178198315093,0.0383178198315093,lexical
narrative_tfidf__brat,-0.0383178198315093,0.0383178198315093,lexical
narrative_tfidf__нэрба,-0.0383178198315093,0.0383178198315093,lexical
narrative_tfidf__исклый,-0.0383178198315093,0.0383178198315093,lexical
narrative_tfidf__электролитный,-0.0383178198315093,0.0383178198315093,lexical
narrative_tfidf__ротавирусный,-0.0383178198315093,0.0383178198315093,lexical
narrative_tfidf__энтерофурить,-0.0383178198315093,0.0383178198315093,lexical
narrative_tfidf__смект,-0.0383178198315093,0.0383178198315093,lexical
narrative_tfidf__энтеросгель,-0.0383178198315093,0.0383178198315093,lexical
narrative_tfidf__ингавирина,-0.0383178198315093,0.0383178198315093,lexical
narrative_tfidf__растворить,-0.0383178198315093,0.0383178198315093,lexical
narrative_tfidf__литр,-0.0383178198315093,0.0383178198315093,lexical
narrative_tfidf__восполнение,-0.0383178198315093,0.0383178198315093,lexical
narrative_tfidf__антидиарейный,-0.0383178198315093,0.0383178198315093,lexical
narrative_tfidf__лейкоформула,-0.0383178198315093,0.0383178198315093,lexical
narrative_tfidf__эспумизать,-0.0383178198315093,0.0383178198315093,lexical
narrative_tfidf__регидрон,-0.0383178198315093,0.0383178198315093,lexical
narrative_tfidf__ага,-0.03828929228651409,0.03828929228651409,lexical
narrative_tfidf__фгдс,0.03793871495714368,0.03793871495714368,lexical
narrative_tfidf__гонартроз,0.03793150104910943,0.03793150104910943,lexical
narrative_tfidf__щж,-0.03767391367111229,0.03767391367111229,lexical
narrative_tfidf__появление,0.03755507903732667,0.03755507903732667,lexical
narrative_tfidf__светлый,-0.037546519178657804,0.037546519178657804,lexical
narrative_tfidf__моксонидин,0.03742650974725013,0.03742650974725013,lexical
narrative_tfidf__неделя,0.03737375026081816,0.03737375026081816,lexical
narrative_tfidf__больший,0.037372292199205764,0.037372292199205764,lexical
narrative_tfidf__ока,0.03732331801306102,0.03732331801306102,lexical
narrative_tfidf__назад,0.037159929101552774,0.037159929101552774,lexical
narrative_tfidf__важно,0.0370275838872421,0.0370275838872421,lexical
narrative_tfidf__афалаз,0.03698363291503434,0.03698363291503434,lexical
narrative_tfidf__тамсулозина,0.03698363291503434,0.03698363291503434,lexical
narrative_tfidf__тамсолузин,0.03698363291503434,0.03698363291503434,lexical
narrative_tfidf__фокусина,0.03698363291503434,0.03698363291503434,lexical
narrative_tfidf__дуодарт,0.03698363291503434,0.03698363291503434,lexical
narrative_tfidf__дутастерид,0.03698363291503434,0.03698363291503434,lexical
narrative_tfidf__финастерид,0.03698363291503434,0.03698363291503434,lexical
narrative_tfidf__пенестер,0.03698363291503434,0.03698363291503434,lexical
narrative_tfidf__подозрение,-0.03697193696866937,0.03697193696866937,lexical
narrative_tfidf__боль,-0.03693449484546065,0.03693449484546065,lexical
narrative_tfidf__острый,0.03685413280550856,0.03685413280550856,lexical
narrative_tfidf__история,0.03680024801124145,0.03680024801124145,lexical
narrative_tfidf__слой,0.03680024801124145,0.03680024801124145,lexical
narrative_tfidf__поведение,0.03680024801124145,0.03680024801124145,lexical
h8_numeric__condition_overlap,-0.03677200134610704,0.03677200134610704,contradiction
h8_numeric__condition_unknown,0.03677200134610704,0.03677200134610704,contradiction
narrative_tfidf__растительный,-0.036762770784499944,0.036762770784499944,lexical
narrative_tfidf__гинекола,-0.036693527947354566,0.036693527947354566,lexical
narrative_tfidf__окружение,-0.036593532599178406,0.036593532599178406,lexical
narrative_tfidf__цикл,0.036558247879285764,0.036558247879285764,lexical
narrative_tfidf__быть,-0.03653557305832914,0.03653557305832914,lexical
narrative_tfidf__поясница,-0.03647279384935008,0.03647279384935008,lexical
narrative_tfidf__порядок,0.03624495111655849,0.03624495111655849,lexical
narrative_tfidf__км,0.03624495111655849,0.03624495111655849,lexical
narrative_tfidf__легкоусвояемый,0.03624495111655849,0.03624495111655849,lexical
narrative_tfidf__дополнить,-0.036199928480424984,0.036199928480424984,lexical
narrative_tfidf__диффузный,0.036009382135708326,0.036009382135708326,lexical
narrative_tfidf__появиться,0.03579859591764332,0.03579859591764332,lexical
narrative_tfidf__референсный,0.0357099278193675,0.0357099278193675,lexical
narrative_tfidf__единица,0.0357099278193675,0.0357099278193675,lexical
narrative_tfidf__данные,-0.035695210964527976,0.035695210964527976,lexical
narrative_tfidf__жидковатый,-0.03531262444765103,0.03531262444765103,lexical
narrative_tfidf__вновь,-0.03531262444765103,0.03531262444765103,lexical
narrative_tfidf__курс,0.03526293989446484,0.03526293989446484,lexical
narrative_tfidf__полого,0.0352389895535057,0.0352389895535057,lexical
narrative_tfidf__лгк,0.0352389895535057,0.0352389895535057,lexical
narrative_tfidf__улучшиться,0.0352389895535057,0.0352389895535057,lexical
narrative_tfidf__восстановить,0.0352389895535057,0.0352389895535057,lexical
narrative_tfidf__релапаротомия,0.0352389895535057,0.0352389895535057,lexical
narrative_tfidf__тромбоконцентрат,0.0352389895535057,0.0352389895535057,lexical
narrative_tfidf__правосторонний,0.0352389895535057,0.0352389895535057,lexical
narrative_tfidf__ревизия,0.0352389895535057,0.0352389895535057,lexical
narrative_tfidf__дренирование,0.0352389895535057,0.0352389895535057,lexical
narrative_tfidf__гидроперикард,0.0352389895535057,0.0352389895535057,lexical
narrative_tfidf__спонтанный,0.0352389895535057,0.0352389895535057,lexical
narrative_tfidf__лапаротомия,0.0352389895535057,0.0352389895535057,lexical
narrative_tfidf__перевязка,0.0352389895535057,0.0352389895535057,lexical
narrative_tfidf__стабилизироваться,0.0352389895535057,0.0352389895535057,lexical
narrative_tfidf__переливаться,0.0352389895535057,0.0352389895535057,lexical
narrative_tfidf__срочный,0.0352389895535057,0.0352389895535057,lexical
narrative_tfidf__нормализоваться,0.0352389895535057,0.0352389895535057,lexical
narrative_tfidf__уделить,0.0352389895535057,0.0352389895535057,lexical
narrative_tfidf__ретампонирование,0.0352389895535057,0.0352389895535057,lexical
narrative_tfidf__ркт,0.0352389895535057,0.0352389895535057,lexical
narrative_tfidf__лапароскопия,0.0352389895535057,0.0352389895535057,lexical
narrative_tfidf__тампон,0.0352389895535057,0.0352389895535057,lexical
narrative_tfidf__гемиколэктомия,0.0352389895535057,0.0352389895535057,lexical
narrative_tfidf__инфузионный,0.0352389895535057,0.0352389895535057,lexical
narrative_tfidf__хирургический,0.0352389895535057,0.0352389895535057,lexical
narrative_tfidf__ниитк,0.0352389895535057,0.0352389895535057,lexical
narrative_tfidf__прободение,0.0352389895535057,0.0352389895535057,lexical
narrative_tfidf__асцит,0.0352389895535057,0.0352389895535057,lexical
narrative_tfidf__тампонирование,0.0352389895535057,0.0352389895535057,lexical
narrative_tfidf__избыточный,0.03472930199763225,0.03472930199763225,lexical
narrative_tfidf__эластичный,-0.03434825222296979,0.03434825222296979,lexical
narrative_tfidf__неоформленный,-0.034302952992319814,0.034302952992319814,lexical
narrative_tfidf__оперативный,-0.034119099196506006,0.034119099196506006,lexical
narrative_tfidf__тонус,0.03400513067138613,0.03400513067138613,lexical
narrative_tfidf__ясный,0.0339881941949337,0.0339881941949337,lexical
narrative_tfidf__поверхностный,-0.03397666184125859,0.03397666184125859,lexical
narrative_tfidf__омепразол,-0.03395968814168295,0.03395968814168295,lexical
title_tfidf__грудной,-0.03375961904657508,0.03375961904657508,lexical
title_tfidf__вскармливание,-0.03375961904657508,0.03375961904657508,lexical
title_tfidf__бронхиальный,-0.03375961904657508,0.03375961904657508,lexical
title_tfidf__беременная,-0.03375961904657508,0.03375961904657508,lexical
title_tfidf__астма,-0.03375961904657508,0.03375961904657508,lexical
title_tfidf__период,-0.03375961904657508,0.03375961904657508,lexical
title_tfidf__ба,-0.03375961904657508,0.03375961904657508,lexical
narrative_tfidf__воспалительный,-0.03367884099784762,0.03367884099784762,lexical
narrative_tfidf__стадия,0.03333826685985913,0.03333826685985913,lexical
narrative_tfidf__правильно,-0.03330342370259809,0.03330342370259809,lexical
narrative_tfidf__иррадиация,-0.0332119234503105,0.0332119234503105,lexical
narrative_tfidf__аллергоанамнез,-0.0332119234503105,0.0332119234503105,lexical
narrative_tfidf__нестабильность,-0.0332119234503105,0.0332119234503105,lexical
narrative_tfidf__закруглить,-0.0332119234503105,0.0332119234503105,lexical
narrative_tfidf__мероприятие,-0.0332119234503105,0.0332119234503105,lexical
narrative_tfidf__толерантность,-0.0332119234503105,0.0332119234503105,lexical
narrative_tfidf__сниженый,-0.0332119234503105,0.0332119234503105,lexical
narrative_tfidf__лизиноприть,-0.0332119234503105,0.0332119234503105,lexical
narrative_tfidf__реабилитационный,-0.0332119234503105,0.0332119234503105,lexical
narrative_tfidf__лася,-0.0332119234503105,0.0332119234503105,lexical
narrative_tfidf__апиксабан,-0.0332119234503105,0.0332119234503105,lexical
narrative_tfidf__запланировать,-0.0332119234503105,0.0332119234503105,lexical
narrative_tfidf__выразить,-0.0332119234503105,0.0332119234503105,lexical
narrative_tfidf__максимум,-0.0332119234503105,0.0332119234503105,lexical
narrative_tfidf__яичник,0.033184778616856654,0.033184778616856654,lexical
narrative_tfidf__закрытый,-0.033184654829517546,0.033184654829517546,lexical
narrative_tfidf__проктолог,-0.033166242604863276,0.033166242604863276,lexical
narrative_tfidf__более,-0.03274565258760213,0.03274565258760213,lexical
narrative_tfidf__сальбуьтамол,-0.03263145120159756,0.03263145120159756,lexical
narrative_tfidf__левосторонний,-0.03245299294561839,0.03245299294561839,lexical
narrative_tfidf__коленный,-0.032350111121292845,0.032350111121292845,lexical
narrative_tfidf__фон,0.032263914630882774,0.032263914630882774,lexical
narrative_tfidf__дуоденит,-0.0322410698870153,0.0322410698870153,lexical
narrative_tfidf__сосковый,0.03222757325855233,0.03222757325855233,lexical
narrative_tfidf__предстательный,0.032217651997762484,0.032217651997762484,lexical
narrative_tfidf__турбухайлер,-0.03209096473418408,0.03209096473418408,lexical
narrative_tfidf__запор,-0.03208541570724521,0.03208541570724521,lexical
narrative_tfidf__склонность,-0.03208541570724521,0.03208541570724521,lexical
narrative_tfidf__можно,0.032050185870811064,0.032050185870811064,lexical
narrative_tfidf__мрхпг,0.03193820721043187,0.03193820721043187,lexical
narrative_tfidf__сентябрь,0.031786625644435886,0.031786625644435886,lexical
narrative_tfidf__ополоснуть,0.031786625644435886,0.031786625644435886,lexical
narrative_tfidf__любой,0.031786625644435886,0.031786625644435886,lexical
narrative_tfidf__тимофеевка,0.031786625644435886,0.031786625644435886,lexical
narrative_tfidf__записаться,0.031786625644435886,0.031786625644435886,lexical
narrative_tfidf__ингаляция,0.031786625644435886,0.031786625644435886,lexical
narrative_tfidf__янв,0.031786625644435886,0.031786625644435886,lexical
narrative_tfidf__быстрый,0.031786625644435886,0.031786625644435886,lexical
narrative_tfidf__гба,0.031786625644435886,0.031786625644435886,lexical
narrative_tfidf__везикулярный,-0.031720080995285525,0.031720080995285525,lexical
narrative_tfidf__выскабливание,-0.031279400841970006,0.031279400841970006,lexical
narrative_tfidf__улучшение,0.031165642772794554,0.031165642772794554,lexical
title_tfidf__год,-0.030977222787074134,0.030977222787074134,lexical
title_tfidf__подросток,-0.030977222787074134,0.030977222787074134,lexical
narrative_tfidf__шея,0.03093465012513205,0.03093465012513205,lexical
narrative_tfidf__вживот,-0.030915913759323118,0.030915913759323118,lexical
narrative_tfidf__склера,-0.030915913759323118,0.030915913759323118,lexical
narrative_tfidf__субиктеричный,-0.030915913759323118,0.030915913759323118,lexical
narrative_tfidf__дата,-0.030561875095536678,0.030561875095536678,lexical
narrative_tfidf__мужской,-0.030561875095536678,0.030561875095536678,lexical
narrative_tfidf__номер,-0.030561875095536678,0.030561875095536678,lexical
narrative_tfidf__порядковый,-0.030561875095536678,0.030561875095536678,lexical
narrative_tfidf__ран,0.030554584212925808,0.030554584212925808,lexical
narrative_tfidf__praesens,0.030438069577493114,0.030438069577493114,lexical
narrative_tfidf__нр,0.03033363866496259,0.03033363866496259,lexical
narrative_tfidf__воспаление,0.03025535084117045,0.03025535084117045,lexical
narrative_tfidf__код,-0.0302274858065606,0.0302274858065606,lexical
narrative_tfidf__ингалятор,-0.029987580794440142,0.029987580794440142,lexical
narrative_tfidf__полностью,-0.029945639205274332,0.029945639205274332,lexical
narrative_tfidf__резко,0.029911991335821588,0.029911991335821588,lexical
narrative_tfidf__рефлюксный,0.029776771715451584,0.029776771715451584,lexical
narrative_tfidf__урсосать,0.029776771715451584,0.029776771715451584,lexical
narrative_tfidf__разо,0.029776771715451584,0.029776771715451584,lexical
narrative_tfidf__округлый,0.029776771715451584,0.029776771715451584,lexical
narrative_tfidf__основный,-0.029766901178043478,0.029766901178043478,lexical
narrative_tfidf__часть,-0.029662236005209598,0.029662236005209598,lexical
narrative_tfidf__полиненасыщенный,0.02960354219122077,0.02960354219122077,lexical
narrative_tfidf__ммль,0.02960354219122077,0.02960354219122077,lexical
narrative_tfidf__амлодпин,0.02960354219122077,0.02960354219122077,lexical
narrative_tfidf__образ,0.02960354219122077,0.02960354219122077,lexical
narrative_tfidf__wbc,0.02960354219122077,0.02960354219122077,lexical
narrative_tfidf__замена,0.02960354219122077,0.02960354219122077,lexical
narrative_tfidf__компенсация,0.02960354219122077,0.02960354219122077,lexical
narrative_tfidf__брахиоцефальный,0.02960354219122077,0.02960354219122077,lexical
narrative_tfidf__миокард,0.02960354219122077,0.02960354219122077,lexical
narrative_tfidf__вигантон,0.02960354219122077,0.02960354219122077,lexical
narrative_tfidf__камера,0.02960354219122077,0.02960354219122077,lexical
narrative_tfidf__антиоксидант,0.02960354219122077,0.02960354219122077,lexical
narrative_tfidf__fl,0.02960354219122077,0.02960354219122077,lexical
narrative_tfidf__plt,0.02960354219122077,0.02960354219122077,lexical
narrative_tfidf__rbc,0.02960354219122077,0.02960354219122077,lexical
narrative_tfidf__быстроусвояемый,0.02960354219122077,0.02960354219122077,lexical
narrative_tfidf__мкд,0.02960354219122077,0.02960354219122077,lexical
narrative_tfidf__cнижение,0.02960354219122077,0.02960354219122077,lexical
narrative_tfidf__ох,0.02960354219122077,0.02960354219122077,lexical
narrative_tfidf__mcv,0.02960354219122077,0.02960354219122077,lexical
narrative_tfidf__зерновой,0.02960354219122077,0.02960354219122077,lexical
narrative_tfidf__зслж,0.02960354219122077,0.02960354219122077,lexical
narrative_tfidf__ничто,0.02960354219122077,0.02960354219122077,lexical
narrative_tfidf__пмк,0.02960354219122077,0.02960354219122077,lexical
narrative_tfidf__hbg,0.02960354219122077,0.02960354219122077,lexical
narrative_tfidf__моно,0.02960354219122077,0.02960354219122077,lexical
narrative_tfidf__cтадий,0.02960354219122077,0.02960354219122077,lexical
narrative_tfidf__гипертрофия,0.02960354219122077,0.02960354219122077,lexical
narrative_tfidf__лж,0.02960354219122077,0.02960354219122077,lexical
narrative_tfidf__мужчина,0.02960354219122077,0.02960354219122077,lexical
narrative_tfidf__отклонение,0.02960354219122077,0.02960354219122077,lexical
narrative_tfidf__ягода,0.02960354219122077,0.02960354219122077,lexical
narrative_tfidf__огк,0.029338621323559223,0.029338621323559223,lexical
narrative_tfidf__мышца,0.0293320273886604,0.0293320273886604,lexical
narrative_tfidf__окончательный,0.029232108916307085,0.029232108916307085,lexical
narrative_tfidf__выставить,0.02922104285186233,0.02922104285186233,lexical
narrative_tfidf__рецептор,-0.029209937147604212,0.029209937147604212,lexical
narrative_tfidf__ранитидина,-0.029209937147604212,0.029209937147604212,lexical
narrative_tfidf__гистаминовый,-0.029209937147604212,0.029209937147604212,lexical
narrative_tfidf__бартолин,-0.029201604290324076,0.029201604290324076,lexical
narrative_tfidf__болиголов,0.029100302176883076,0.029100302176883076,lexical
narrative_tfidf__кфк,0.029100302176883076,0.029100302176883076,lexical
narrative_tfidf__рамка,0.029100302176883076,0.029100302176883076,lexical
narrative_tfidf__часто,0.029100302176883076,0.029100302176883076,lexical
narrative_tfidf__муж,0.029100302176883076,0.029100302176883076,lexical
narrative_tfidf__метастаз,0.029100302176883076,0.029100302176883076,lexical
narrative_tfidf__родитель,0.029100302176883076,0.029100302176883076,lexical
narrative_tfidf__ранний,0.029100302176883076,0.029100302176883076,lexical
narrative_tfidf__редко,0.029100302176883076,0.029100302176883076,lexical
narrative_tfidf__электролит,0.029100302176883076,0.029100302176883076,lexical
narrative_tfidf__габапентина,0.029100302176883076,0.029100302176883076,lexical
narrative_tfidf__настойка,0.029100302176883076,0.029100302176883076,lexical
narrative_tfidf__гипотиазид,0.029100302176883076,0.029100302176883076,lexical
narrative_tfidf__гипотензия,0.029100302176883076,0.029100302176883076,lexical
narrative_tfidf__кальциевый,0.029100302176883076,0.029100302176883076,lexical
narrative_tfidf__вероятно,0.029100302176883076,0.029100302176883076,lexical
narrative_tfidf__усиленный,0.029100302176883076,0.029100302176883076,lexical
narrative_tfidf__насосный,0.029100302176883076,0.029100302176883076,lexical
narrative_tfidf__гемитиреоидэктомия,0.029100302176883076,0.029100302176883076,lexical
narrative_tfidf__найза,0.029100302176883076,0.029100302176883076,lexical
narrative_tfidf__недостаточный,0.029100302176883076,0.029100302176883076,lexical
narrative_tfidf__файл,0.029100302176883076,0.029100302176883076,lexical
narrative_tfidf__конкор,0.029100302176883076,0.029100302176883076,lexical
narrative_tfidf__эквивалент,0.029100302176883076,0.029100302176883076,lexical
narrative_tfidf__выбрать,0.029100302176883076,0.029100302176883076,lexical
narrative_tfidf__корректировать,0.029100302176883076,0.029100302176883076,lexical
narrative_tfidf__спиртовой,0.029100302176883076,0.029100302176883076,lexical
narrative_tfidf__спиронолактон,0.029100302176883076,0.029100302176883076,lexical
narrative_tfidf__детравенол,0.029100302176883076,0.029100302176883076,lexical
narrative_tfidf__диуретик,0.029100302176883076,0.029100302176883076,lexical
narrative_tfidf__подобный,0.029100302176883076,0.029100302176883076,lexical
narrative_tfidf__измерить,0.029100302176883076,0.029100302176883076,lexical
narrative_tfidf__дежурный,0.029100302176883076,0.029100302176883076,lexical
narrative_tfidf__понимать,0.029100302176883076,0.029100302176883076,lexical
narrative_tfidf__пожизненно,0.029100302176883076,0.029100302176883076,lexical
narrative_tfidf__воспользоваться,0.029100302176883076,0.029100302176883076,lexical
narrative_tfidf__закончить,0.029100302176883076,0.029100302176883076,lexical
narrative_tfidf__дочь,0.029100302176883076,0.029100302176883076,lexical
narrative_tfidf__таблица,0.029100302176883076,0.029100302176883076,lexical
narrative_tfidf__отмена,0.029100302176883076,0.029100302176883076,lexical
narrative_tfidf__предыдузый,0.029100302176883076,0.029100302176883076,lexical
narrative_tfidf__направить,0.029100302176883076,0.029100302176883076,lexical
narrative_tfidf__тётя,0.029100302176883076,0.029100302176883076,lexical
narrative_tfidf__нитроглицерин,0.029100302176883076,0.029100302176883076,lexical
narrative_tfidf__требование,0.029100302176883076,0.029100302176883076,lexical
narrative_tfidf__торасемид,0.029100302176883076,0.029100302176883076,lexical
narrative_tfidf__обезболивание,0.029100302176883076,0.029100302176883076,lexical
narrative_tfidf__обязательно,0.029100302176883076,0.029100302176883076,lexical
narrative_tfidf__весна,0.029100302176883076,0.029100302176883076,lexical
narrative_tfidf__избежание,0.029100302176883076,0.029100302176883076,lexical
narrative_tfidf__стоить,0.029100302176883076,0.029100302176883076,lexical
narrative_tfidf__параллельно,0.029100302176883076,0.029100302176883076,lexical
narrative_tfidf__зима,0.029100302176883076,0.029100302176883076,lexical
narrative_tfidf__измерять,0.029100302176883076,0.029100302176883076,lexical
narrative_tfidf__ортостатический,0.029100302176883076,0.029100302176883076,lexical
narrative_tfidf__вено,-0.0288848752352144,0.0288848752352144,lexical
narrative_tfidf__свет,-0.02863186855825367,0.02863186855825367,lexical
narrative_tfidf__лицо,0.028513083629825495,0.028513083629825495,lexical
narrative_tfidf__тон,0.028446781477455215,0.028446781477455215,lexical
narrative_tfidf__влага,-0.028435365056289765,0.028435365056289765,lexical
narrative_tfidf__опуща,-0.028435365056289765,0.028435365056289765,lexical
narrative_tfidf__мастопатия,-0.028308898753192285,0.028308898753192285,lexical
narrative_tfidf__блокатор,0.02816746045582857,0.02816746045582857,lexical
narrative_tfidf__обслый,-0.02791137420074259,0.02791137420074259,lexical
narrative_tfidf__органический,0.027832287961763624,0.027832287961763624,lexical
narrative_tfidf__получать,-0.02782557848297484,0.02782557848297484,lexical
narrative_tfidf__постепенно,-0.027718626285743148,0.027718626285743148,lexical
narrative_tfidf__жить,-0.027714051491968393,0.027714051491968393,lexical
narrative_tfidf__мексидол,-0.02770382903042753,0.02770382903042753,lexical
narrative_tfidf__пм,0.02764029786331558,0.02764029786331558,lexical
narrative_tfidf__st,-0.027562389010953873,0.027562389010953873,lexical
narrative_tfidf__преимущественный,0.027351081895847743,0.027351081895847743,lexical
narrative_tfidf__гипертензивный,0.027351081895847743,0.027351081895847743,lexical
narrative_tfidf__кок,-0.02714433134160116,0.02714433134160116,lexical
narrative_tfidf__соскоб,0.026659256147907096,0.026659256147907096,lexical
narrative_tfidf__уголок,0.026659256147907096,0.026659256147907096,lexical
narrative_tfidf__дерматолог,0.026659256147907096,0.026659256147907096,lexical
narrative_tfidf__внематочный,0.02652841216254659,0.02652841216254659,lexical
narrative_tfidf__боткин,0.02652841216254659,0.02652841216254659,lexical
narrative_tfidf__дмц,0.02652841216254659,0.02652841216254659,lexical
narrative_tfidf__замереть,0.02652841216254659,0.02652841216254659,lexical
narrative_tfidf__мензис,0.02652841216254659,0.02652841216254659,lexical
narrative_tfidf__менсизый,0.02652841216254659,0.02652841216254659,lexical
narrative_tfidf__вне,-0.026240221287002086,0.026240221287002086,lexical
narrative_tfidf__утомляемость,0.026210802295112065,0.026210802295112065,lexical
narrative_tfidf__дюспаталина,-0.026063092253902298,0.026063092253902298,lexical
narrative_tfidf__сутки,-0.026052950213188594,0.026052950213188594,lexical
narrative_tfidf__инъекция,-0.026051420037380233,0.026051420037380233,lexical
narrative_tfidf__увеличение,-0.026023398007134473,0.026023398007134473,lexical
narrative_tfidf__параовариальный,-0.02601631423107137,0.02601631423107137,lexical
narrative_tfidf__желчеооток,0.025970296101156986,0.025970296101156986,lexical
narrative_tfidf__аллергодиагностика,0.025963693621051782,0.025963693621051782,lexical
narrative_tfidf__immunocap,0.025963693621051782,0.025963693621051782,lexical
narrative_tfidf__rida,0.025963693621051782,0.025963693621051782,lexical
narrative_tfidf__правило,0.025963693621051782,0.025963693621051782,lexical
narrative_tfidf__панель,0.025963693621051782,0.025963693621051782,lexical
narrative_tfidf__иммуноглобулин,0.025963693621051782,0.025963693621051782,lexical
narrative_tfidf__эффективный,0.025963693621051782,0.025963693621051782,lexical
narrative_tfidf__сезон,0.025963693621051782,0.025963693621051782,lexical
narrative_tfidf__бронх,0.025963693621051782,0.025963693621051782,lexical
narrative_tfidf__ru,0.025963693621051782,0.025963693621051782,lexical
narrative_tfidf__явка,0.02586557578704274,0.02586557578704274,lexical
narrative_tfidf__эндоузи,0.02573062364772935,0.02573062364772935,lexical
narrative_tfidf__неблагополучный,-0.025714045644816035,0.025714045644816035,lexical
narrative_tfidf__страна,-0.025714045644816035,0.025714045644816035,lexical
narrative_tfidf__вызвать,-0.025714045644816035,0.025714045644816035,lexical
narrative_tfidf__эпидемиологический,-0.025714045644816035,0.025714045644816035,lexical
narrative_tfidf__посещать,-0.025714045644816035,0.025714045644816035,lexical
narrative_tfidf__ла,-0.025714045644816035,0.025714045644816035,lexical
narrative_tfidf__иметь,-0.02569851296060838,0.02569851296060838,lexical
narrative_tfidf__кардиолга,0.025342718501594474,0.025342718501594474,lexical
narrative_tfidf__подтвердить,-0.0253185452204154,0.0253185452204154,lexical
narrative_tfidf__менстр,-0.02522922858954295,0.02522922858954295,lexical
narrative_tfidf__прервать,-0.025117328618676975,0.025117328618676975,lexical
narrative_tfidf__компонент,0.024708561555132125,0.024708561555132125,lexical
narrative_tfidf__стратовый,0.024708561555132125,0.024708561555132125,lexical
narrative_tfidf__схема,0.024708561555132125,0.024708561555132125,lexical
narrative_tfidf__использоваться,0.024708561555132125,0.024708561555132125,lexical
narrative_tfidf__рациональный,0.024708561555132125,0.024708561555132125,lexical
narrative_tfidf__бронхорасширять,0.024708561555132125,0.024708561555132125,lexical
narrative_tfidf__противовоспалительный,0.024708561555132125,0.024708561555132125,lexical
narrative_tfidf__дозировать,0.024708561555132125,0.024708561555132125,lexical
narrative_tfidf__перистальтика,0.02461754243962941,0.02461754243962941,lexical
narrative_tfidf__эпиданамнез,0.024403905273308654,0.024403905273308654,lexical
narrative_tfidf__предварительный,0.02432982640838247,0.02432982640838247,lexical
narrative_tfidf__набухание,0.02412333800830141,0.02412333800830141,lexical
narrative_tfidf__устойчивый,0.02412107173684133,0.02412107173684133,lexical
narrative_tfidf__эндокринолог,-0.024038240221372166,0.024038240221372166,lexical
narrative_tfidf__исключение,-0.023887830067973122,0.023887830067973122,lexical
narrative_tfidf__вентолин,0.02377708025242294,0.02377708025242294,lexical
narrative_tfidf__привести,0.023747983422919335,0.023747983422919335,lexical
narrative_tfidf__жп,-0.023714528934343712,0.023714528934343712,lexical
narrative_tfidf__пр,-0.023509554609513005,0.023509554609513005,lexical
narrative_tfidf__гиперемирован,-0.023494834008575174,0.023494834008575174,lexical
narrative_tfidf__контролировать,-0.023425979131415402,0.023425979131415402,lexical
narrative_tfidf__указанный,0.023403512349102266,0.023403512349102266,lexical
narrative_tfidf__ибупрофный,-0.023293225135096435,0.023293225135096435,lexical
narrative_tfidf__тургор,-0.02322372094861526,0.02322372094861526,lexical
narrative_tfidf__план,0.023193840342742713,0.023193840342742713,lexical
narrative_tfidf__дротаверин,0.023185976973642917,0.023185976973642917,lexical
narrative_tfidf__мочеиспускательный,0.023185976973642917,0.023185976973642917,lexical
narrative_tfidf__доброкачественный,0.023185976973642917,0.023185976973642917,lexical
narrative_tfidf__физнагрузка,0.023185976973642917,0.023185976973642917,lexical
narrative_tfidf__гастропатия,0.023185976973642917,0.023185976973642917,lexical
narrative_tfidf__кале,0.023185976973642917,0.023185976973642917,lexical
narrative_tfidf__кищечник,0.023185976973642917,0.023185976973642917,lexical
narrative_tfidf__ирригоскопия,0.023185976973642917,0.023185976973642917,lexical
narrative_tfidf__паренхима,0.023185976973642917,0.023185976973642917,lexical
narrative_tfidf__амбулаторно,0.023185976973642917,0.023185976973642917,lexical
narrative_tfidf__послый,0.023185976973642917,0.023185976973642917,lexical
narrative_tfidf__дексаметазон,0.023185976973642917,0.023185976973642917,lexical
narrative_tfidf__заинтересованный,0.023185976973642917,0.023185976973642917,lexical
narrative_tfidf__зависимость,0.02309026345057371,0.02309026345057371,lexical
narrative_tfidf__следить,0.02309026345057371,0.02309026345057371,lexical
narrative_tfidf__гастроэзофагеальный,0.022897643600625302,0.022897643600625302,lexical
narrative_tfidf__самоконтроль,0.022803105025365623,0.022803105025365623,lexical
narrative_tfidf__кальций,0.02277492182407923,0.02277492182407923,lexical
narrative_tfidf__начало,-0.022762644008702582,0.022762644008702582,lexical
narrative_tfidf__ps,0.02243937654584903,0.02243937654584903,lexical
narrative_tfidf__внутренний,-0.022304790199875513,0.022304790199875513,lexical
narrative_tfidf__диакарба,0.02221576917794653,0.02221576917794653,lexical
narrative_tfidf__телзап,0.02216555548552455,0.02216555548552455,lexical
narrative_tfidf__заразный,-0.022055873705028668,0.022055873705028668,lexical
narrative_tfidf__gynecologica,-0.022055873705028668,0.022055873705028668,lexical
narrative_tfidf__выезд,-0.022055873705028668,0.022055873705028668,lexical
narrative_tfidf__психический,-0.022055873705028668,0.022055873705028668,lexical
narrative_tfidf__онкопатология,-0.022055873705028668,0.022055873705028668,lexical
narrative_tfidf__vitae,-0.022055873705028668,0.022055873705028668,lexical
narrative_tfidf__mensis,-0.022055873705028668,0.022055873705028668,lexical
narrative_tfidf__эпид,0.022041963013201212,0.022041963013201212,lexical
narrative_tfidf__женщина,0.021988804793678752,0.021988804793678752,lexical
narrative_tfidf__уза,0.02194654028558039,0.02194654028558039,lexical
narrative_tfidf__темп,-0.0217318691259477,0.0217318691259477,lexical
narrative_tfidf__эхо,-0.02167734030658345,0.02167734030658345,lexical
narrative_tfidf__соматический,-0.02161954180536332,0.02161954180536332,lexical
narrative_tfidf__сифилис,-0.02161954180536332,0.02161954180536332,lexical
narrative_tfidf__флюорография,-0.02161954180536332,0.02161954180536332,lexical
narrative_tfidf__правый,0.021446475883757053,0.021446475883757053,lexical
narrative_tfidf__матк,-0.021261545933413766,0.021261545933413766,lexical
narrative_tfidf__выделоение,-0.021261545933413766,0.021261545933413766,lexical
narrative_tfidf__джес,-0.021261545933413766,0.021261545933413766,lexical
narrative_tfidf__особьен,-0.021261545933413766,0.021261545933413766,lexical
narrative_tfidf__бартол,-0.021261545933413766,0.021261545933413766,lexical
narrative_tfidf__желза,-0.021261545933413766,0.021261545933413766,lexical
narrative_tfidf__себя,0.021219566583649496,0.021219566583649496,lexical
narrative_tfidf__ёмкий,-0.021023296662604822,0.021023296662604822,lexical
narrative_tfidf__безболезненно,0.020966430423378087,0.020966430423378087,lexical
narrative_tfidf__повздошный,-0.020832516908056976,0.020832516908056976,lexical
narrative_tfidf__водный,-0.020832516908056976,0.020832516908056976,lexical
narrative_tfidf__осм,-0.020832516908056976,0.020832516908056976,lexical
narrative_tfidf__информация,0.020801571358529676,0.020801571358529676,lexical
title_tfidf__напряжение,0.02079815791080956,0.02079815791080956,lexical
title_tfidf__лигб,0.02079815791080956,0.02079815791080956,lexical
title_tfidf__лекарственный,0.02079815791080956,0.02079815791080956,lexical
title_tfidf__сочетаться,0.02079815791080956,0.02079815791080956,lexical
narrative_tfidf__малый,0.02077579598259846,0.02077579598259846,lexical
narrative_tfidf__синдром,0.0207514964694716,0.0207514964694716,lexical
narrative_tfidf__втянутый,-0.020749009432472033,0.020749009432472033,lexical
narrative_tfidf__широта,-0.020653280320295443,0.020653280320295443,lexical
narrative_tfidf__дэк,-0.020653280320295443,0.020653280320295443,lexical
narrative_tfidf__декабрь,-0.020588044790026058,0.020588044790026058,lexical
narrative_tfidf__центр,-0.020588044790026058,0.020588044790026058,lexical
narrative_tfidf__мутный,-0.020588044790026058,0.020588044790026058,lexical
narrative_tfidf__розетка,-0.020588044790026058,0.020588044790026058,lexical
narrative_tfidf__солёный,-0.020588044790026058,0.020588044790026058,lexical
narrative_tfidf__мс,-0.020588044790026058,0.020588044790026058,lexical
narrative_tfidf__рамиприл,-0.020588044790026058,0.020588044790026058,lexical
narrative_tfidf__смыкаться,-0.020588044790026058,0.020588044790026058,lexical
narrative_tfidf__луковица,-0.020588044790026058,0.020588044790026058,lexical
narrative_tfidf__маг,-0.020588044790026058,0.020588044790026058,lexical
narrative_tfidf__ровышение,-0.020588044790026058,0.020588044790026058,lexical
narrative_tfidf__альфазокс,-0.020588044790026058,0.020588044790026058,lexical
narrative_tfidf__эпидситуация,-0.020588044790026058,0.020588044790026058,lexical
narrative_tfidf__рб,-0.020588044790026058,0.020588044790026058,lexical
narrative_tfidf__этап,-0.020588044790026058,0.020588044790026058,lexical
narrative_tfidf__ребамипид,-0.020588044790026058,0.020588044790026058,lexical
narrative_tfidf__дробный,-0.020588044790026058,0.020588044790026058,lexical
narrative_tfidf__грануляция,-0.020588044790026058,0.020588044790026058,lexical
narrative_tfidf__лист,-0.020588044790026058,0.020588044790026058,lexical
narrative_tfidf__обед,-0.020588044790026058,0.020588044790026058,lexical
narrative_tfidf__жирный,-0.020588044790026058,0.020588044790026058,lexical
narrative_tfidf__днк,-0.020588044790026058,0.020588044790026058,lexical
narrative_tfidf__расправляться,-0.020588044790026058,0.020588044790026058,lexical
narrative_tfidf__дисхолия,-0.020588044790026058,0.020588044790026058,lexical
narrative_tfidf__диспансеризация,-0.020588044790026058,0.020588044790026058,lexical
narrative_tfidf__пищеводный,-0.020588044790026058,0.020588044790026058,lexical
narrative_tfidf__соус,-0.020588044790026058,0.020588044790026058,lexical
narrative_tfidf__фибрин,-0.020588044790026058,0.020588044790026058,lexical
narrative_tfidf__сочный,-0.020588044790026058,0.020588044790026058,lexical
narrative_tfidf__пка,-0.020588044790026058,0.020588044790026058,lexical
narrative_tfidf__независимо,-0.020588044790026058,0.020588044790026058,lexical
narrative_tfidf__некоррегир,-0.020588044790026058,0.020588044790026058,lexical
narrative_tfidf__гиперхолестеринемия,-0.020588044790026058,0.020588044790026058,lexical
narrative_tfidf__сгладить,-0.020588044790026058,0.020588044790026058,lexical
narrative_tfidf__привратник,-0.020588044790026058,0.020588044790026058,lexical
narrative_tfidf__складка,-0.020588044790026058,0.020588044790026058,lexical
narrative_tfidf__саша,-0.020588044790026058,0.020588044790026058,lexical
narrative_tfidf__свободно,-0.020588044790026058,0.020588044790026058,lexical
narrative_tfidf__ужин,-0.020588044790026058,0.020588044790026058,lexical
narrative_tfidf__мотилиум,-0.020588044790026058,0.020588044790026058,lexical
narrative_tfidf__дискинетический,-0.020588044790026058,0.020588044790026058,lexical
narrative_tfidf__хайробезол,-0.020588044790026058,0.020588044790026058,lexical
narrative_tfidf__копчёность,-0.020588044790026058,0.020588044790026058,lexical
narrative_tfidf__джвп,-0.020588044790026058,0.020588044790026058,lexical
narrative_tfidf__гастростат,-0.020588044790026058,0.020588044790026058,lexical
narrative_tfidf__постбульбарный,-0.020588044790026058,0.020588044790026058,lexical
narrative_tfidf__гипоацидность,-0.020588044790026058,0.020588044790026058,lexical
narrative_tfidf__отрицательно,-0.020588044790026058,0.020588044790026058,lexical
narrative_tfidf__очагово,-0.020588044790026058,0.020588044790026058,lexical
narrative_tfidf__трикалия,-0.020588044790026058,0.020588044790026058,lexical
narrative_tfidf__helycobacter,-0.020588044790026058,0.020588044790026058,lexical
narrative_tfidf__бдс,-0.020588044790026058,0.020588044790026058,lexical
narrative_tfidf__дицитрат,-0.020588044790026058,0.020588044790026058,lexical
narrative_tfidf__заброс,-0.020588044790026058,0.020588044790026058,lexical
narrative_tfidf__кленовый,-0.020588044790026058,0.020588044790026058,lexical
narrative_tfidf__специя,-0.020588044790026058,0.020588044790026058,lexical
narrative_tfidf__извить,-0.020588044790026058,0.020588044790026058,lexical
narrative_tfidf__гепатоз,-0.020588044790026058,0.020588044790026058,lexical
narrative_tfidf__переход,-0.020588044790026058,0.020588044790026058,lexical
narrative_tfidf__инструментальный,0.02051330663075817,0.02051330663075817,lexical
narrative_tfidf__кислород,0.020453419554756345,0.020453419554756345,lexical
narrative_tfidf__рн,0.02040094091701009,0.02040094091701009,lexical
narrative_tfidf__прерв,-0.020131456081633414,0.020131456081633414,lexical
narrative_tfidf__эрозира,-0.020131456081633414,0.020131456081633414,lexical
narrative_tfidf__нмц,-0.020131456081633414,0.020131456081633414,lexical
narrative_tfidf__чуть,-0.020131456081633414,0.020131456081633414,lexical
narrative_tfidf__контрац,-0.020131456081633414,0.020131456081633414,lexical
narrative_tfidf__насморк,-0.020124814764259456,0.020124814764259456,lexical
narrative_tfidf__хорошо,-0.02012257381162541,0.02012257381162541,lexical
narrative_tfidf__холтер,-0.019992815401868015,0.019992815401868015,lexical
narrative_tfidf__шейк,-0.01975045331070288,0.01975045331070288,lexical
narrative_tfidf__после,0.019682194834595247,0.019682194834595247,lexical
narrative_tfidf__ncov,0.019670147211295133,0.019670147211295133,lexical
narrative_tfidf__значение,-0.019403192675103095,0.019403192675103095,lexical
narrative_tfidf__структура,-0.019375092112960884,0.019375092112960884,lexical
narrative_tfidf__параметрия,-0.019375092112960884,0.019375092112960884,lexical
narrative_tfidf__околосоковый,-0.019375092112960884,0.019375092112960884,lexical
narrative_tfidf__региональный,-0.019375092112960884,0.019375092112960884,lexical
narrative_tfidf__регионарный,0.019354481700808685,0.019354481700808685,lexical
narrative_tfidf__барьерный,-0.019342161578894145,0.019342161578894145,lexical
narrative_tfidf__узкий,-0.019342161578894145,0.019342161578894145,lexical
narrative_tfidf__визанна,-0.019342161578894145,0.019342161578894145,lexical
narrative_tfidf__сформировать,-0.019326356875022214,0.019326356875022214,lexical
narrative_tfidf__свобрдный,-0.019326356875022214,0.019326356875022214,lexical
narrative_tfidf__анамнез,0.019249564847760164,0.019249564847760164,lexical
narrative_tfidf__альгинат,-0.01922425551266422,0.01922425551266422,lexical
narrative_tfidf__прокинетик,-0.01922425551266422,0.01922425551266422,lexical
narrative_tfidf__ассоциированный,0.01918152816230619,0.01918152816230619,lexical
narrative_tfidf__жидкость,-0.019062381908839205,0.019062381908839205,lexical
narrative_tfidf__ритм,0.018898485921613327,0.018898485921613327,lexical
narrative_tfidf__предпочтительно,0.01873052754802786,0.01873052754802786,lexical
narrative_tfidf__olga,0.01873052754802786,0.01873052754802786,lexical
narrative_tfidf__ранее,-0.018663621856956466,0.018663621856956466,lexical
narrative_tfidf__наблюдаеьться,-0.01855114803293567,0.01855114803293567,lexical
narrative_tfidf__внемат,-0.018470234176569966,0.018470234176569966,lexical
narrative_tfidf__наркотик,-0.01812814039642383,0.01812814039642383,lexical
narrative_tfidf__бифудумбактерин,-0.017656312223825514,0.017656312223825514,lexical
narrative_tfidf__биллирубин,-0.017656312223825514,0.017656312223825514,lexical
narrative_tfidf__тыс,-0.017656312223825514,0.017656312223825514,lexical
narrative_tfidf__обследовать,-0.017656312223825514,0.017656312223825514,lexical
narrative_tfidf__среднетяжёлый,-0.017656312223825514,0.017656312223825514,lexical
narrative_tfidf__биохимия,-0.017656312223825514,0.017656312223825514,lexical
narrative_tfidf__выписка,-0.017656312223825514,0.017656312223825514,lexical
narrative_tfidf__экспресс,-0.017656312223825514,0.017656312223825514,lexical
narrative_tfidf__гормонзависить,-0.017656312223825514,0.017656312223825514,lexical
narrative_tfidf__месакола,-0.017656312223825514,0.017656312223825514,lexical
narrative_tfidf__кап,0.017622604810390904,0.017622604810390904,lexical
narrative_tfidf__неболнуть,-0.01750932367138615,0.01750932367138615,lexical
narrative_tfidf__помощь,0.01749928996015159,0.01749928996015159,lexical
narrative_tfidf__трия,-0.017495877579054755,0.017495877579054755,lexical
narrative_tfidf__приступ,0.017485296933850415,0.017485296933850415,lexical
narrative_tfidf__повторно,-0.017474374548093797,0.017474374548093797,lexical
narrative_tfidf__решение,-0.017474374548093797,0.017474374548093797,lexical
narrative_tfidf__антиген,0.017315338745322068,0.017315338745322068,lexical
narrative_tfidf__ориентировать,-0.017277609151988147,0.017277609151988147,lexical
narrative_tfidf__апрель,0.01718315633458777,0.01718315633458777,lexical
narrative_tfidf__неполный,-0.017057682126996744,0.017057682126996744,lexical
narrative_tfidf__изменение,-0.01704881717904448,0.01704881717904448,lexical
narrative_tfidf__время,0.017033398368561208,0.017033398368561208,lexical
narrative_tfidf__селективный,-0.01670912572834723,0.01670912572834723,lexical
narrative_tfidf__усилиться,0.0166239558982973,0.0166239558982973,lexical
narrative_tfidf__уздс,0.016614948322398553,0.016614948322398553,lexical
narrative_tfidf__страдать,0.016582073046373554,0.016582073046373554,lexical
narrative_tfidf__пароксизм,0.016544766705526966,0.016544766705526966,lexical
narrative_tfidf__дизурия,-0.016338913663901476,0.016338913663901476,lexical
narrative_tfidf__важный,-0.016261804125519683,0.016261804125519683,lexical
narrative_tfidf__последгия,-0.016261804125519683,0.016261804125519683,lexical
narrative_tfidf__физичека,-0.016261804125519683,0.016261804125519683,lexical
narrative_tfidf__постановка,-0.016261804125519683,0.016261804125519683,lexical
narrative_tfidf__спокойно,-0.01625352648171154,0.01625352648171154,lexical
narrative_tfidf__глотание,0.01623948683256141,0.01623948683256141,lexical
narrative_tfidf__повышенный,-0.01593764578867219,0.01593764578867219,lexical
narrative_tfidf__неинтенсивный,0.015893312822217943,0.015893312822217943,lexical
narrative_tfidf__плацнтарный,-0.015639700420985003,0.015639700420985003,lexical
narrative_tfidf__гистый,-0.015639700420985003,0.015639700420985003,lexical
narrative_tfidf__самопроизвольный,-0.015639700420985003,0.015639700420985003,lexical
narrative_tfidf__нары,-0.015639700420985003,0.015639700420985003,lexical
narrative_tfidf__гиперимия,-0.015639700420985003,0.015639700420985003,lexical
narrative_tfidf__творожистый,-0.015639700420985003,0.015639700420985003,lexical
narrative_tfidf__оага,-0.015639700420985003,0.015639700420985003,lexical
narrative_tfidf__ткань,-0.015639700420985003,0.015639700420985003,lexical
narrative_tfidf__фп,0.015629430278699476,0.015629430278699476,lexical
narrative_tfidf__холангиопанкреатография,-0.01561082493747174,0.01561082493747174,lexical
narrative_tfidf__мр,-0.01561082493747174,0.01561082493747174,lexical
narrative_tfidf__расширение,-0.01554309298450761,0.01554309298450761,lexical
narrative_tfidf__менее,0.015520962560843414,0.015520962560843414,lexical
narrative_tfidf__нервный,0.015234543732642223,0.015234543732642223,lexical
narrative_tfidf__вяжущий,-0.01512125649254134,0.01512125649254134,lexical
narrative_tfidf__обволакивающий,-0.01512125649254134,0.01512125649254134,lexical
narrative_tfidf__облепиховый,-0.01512125649254134,0.01512125649254134,lexical
narrative_tfidf__льняной,-0.01512125649254134,0.01512125649254134,lexical
narrative_tfidf__напряжение,0.015096212316838683,0.015096212316838683,lexical
narrative_tfidf__приглушить,0.015078495463248812,0.015078495463248812,lexical
narrative_tfidf__эрозия,-0.015037595596117795,0.015037595596117795,lexical
narrative_tfidf__чувствительность,0.01502218332895059,0.01502218332895059,lexical
narrative_tfidf__жёлтый,0.014955995667910794,0.014955995667910794,lexical
narrative_tfidf__цвб,0.014955995667910794,0.014955995667910794,lexical
narrative_tfidf__жиройо,0.014955995667910794,0.014955995667910794,lexical
narrative_tfidf__нижненть,0.014955995667910794,0.014955995667910794,lexical
narrative_tfidf__треть,0.014955995667910794,0.014955995667910794,lexical
narrative_tfidf__диурез,-0.014935586118515339,0.014935586118515339,lexical
narrative_tfidf__удлинение,-0.014849171444307564,0.014849171444307564,lexical
narrative_tfidf__тяжистость,-0.014849171444307564,0.014849171444307564,lexical
narrative_tfidf__межменструальный,-0.014849171444307564,0.014849171444307564,lexical
narrative_tfidf__внутренный,-0.014849171444307564,0.014849171444307564,lexical
narrative_tfidf__кровянистый,-0.014849171444307564,0.014849171444307564,lexical
narrative_tfidf__полова,-0.014849171444307564,0.014849171444307564,lexical
narrative_tfidf__регулярно,-0.014849171444307564,0.014849171444307564,lexical
narrative_tfidf__перитонеальный,0.014577337860198105,0.014577337860198105,lexical
narrative_tfidf__два,0.01442589435041954,0.01442589435041954,lexical
narrative_tfidf__индапамид,0.01441489767032245,0.01441489767032245,lexical
narrative_tfidf__сдача,-0.014093722234139574,0.014093722234139574,lexical
narrative_tfidf__признак,-0.013882346999648323,0.013882346999648323,lexical
narrative_tfidf__путь,-0.013544551240689054,0.013544551240689054,lexical
narrative_tfidf__мониторирование,0.01350620283104354,0.01350620283104354,lexical
narrative_tfidf__нижний,0.013479542393015301,0.013479542393015301,lexical
narrative_tfidf__бронхит,-0.013444384225945537,0.013444384225945537,lexical
narrative_tfidf__потребность,0.013327047194683812,0.013327047194683812,lexical
narrative_tfidf__глубокий,0.013169032615644201,0.013169032615644201,lexical
narrative_tfidf__возможный,0.013049344923764335,0.013049344923764335,lexical
narrative_tfidf__неэффективность,0.013031210941667128,0.013031210941667128,lexical
narrative_tfidf__этиология,-0.013008157115535685,0.013008157115535685,lexical
narrative_tfidf__подмышеный,-0.013008157115535685,0.013008157115535685,lexical
narrative_tfidf__мол,-0.013008157115535685,0.013008157115535685,lexical
narrative_tfidf__фиброзный,-0.013008157115535685,0.013008157115535685,lexical
narrative_tfidf__фиброаденома,-0.013008157115535685,0.013008157115535685,lexical
narrative_tfidf__кистозный,-0.013008157115535685,0.013008157115535685,lexical
narrative_tfidf__предохраняться,-0.013008157115535685,0.013008157115535685,lexical
narrative_tfidf__неясный,-0.013008157115535685,0.013008157115535685,lexical
narrative_tfidf__лимфоаденопатия,-0.013008157115535685,0.013008157115535685,lexical
narrative_tfidf__са,-0.013008157115535685,0.013008157115535685,lexical
narrative_tfidf__сак,-0.013008157115535685,0.013008157115535685,lexical
narrative_tfidf__рацион,-0.012998415219600485,0.012998415219600485,lexical
narrative_tfidf__попугай,0.012981846810525891,0.012981846810525891,lexical
narrative_tfidf__популярный,0.012981846810525891,0.012981846810525891,lexical
narrative_tfidf__индивидуальный,0.012981846810525891,0.012981846810525891,lexical
narrative_tfidf__впоследствии,0.012981846810525891,0.012981846810525891,lexical
narrative_tfidf__отдавать,0.012981846810525891,0.012981846810525891,lexical
narrative_tfidf__организм,0.012981846810525891,0.012981846810525891,lexical
narrative_tfidf__интраназальный,0.012981846810525891,0.012981846810525891,lexical
narrative_tfidf__раздражитель,0.012981846810525891,0.012981846810525891,lexical
narrative_tfidf__screen,0.012981846810525891,0.012981846810525891,lexical
narrative_tfidf__аcит,0.012981846810525891,0.012981846810525891,lexical
narrative_tfidf__определённый,0.012981846810525891,0.012981846810525891,lexical
narrative_tfidf__впрыскивание,0.012981846810525891,0.012981846810525891,lexical
narrative_tfidf__восстанавливать,0.012981846810525891,0.012981846810525891,lexical
narrative_tfidf__отдельность,0.012981846810525891,0.012981846810525891,lexical
narrative_tfidf__возможность,0.012981846810525891,0.012981846810525891,lexical
narrative_tfidf__заключаться,0.012981846810525891,0.012981846810525891,lexical
narrative_tfidf__снуп,0.012981846810525891,0.012981846810525891,lexical
narrative_tfidf__антилейкотриеновый,0.012981846810525891,0.012981846810525891,lexical
narrative_tfidf__топический,0.012981846810525891,0.012981846810525891,lexical
narrative_tfidf__возрастать,0.012981846810525891,0.012981846810525891,lexical
narrative_tfidf__респираторный,0.012981846810525891,0.012981846810525891,lexical
narrative_tfidf__эриус,0.012981846810525891,0.012981846810525891,lexical
narrative_tfidf__дуб,0.012981846810525891,0.012981846810525891,lexical
narrative_tfidf__лето,0.012981846810525891,0.012981846810525891,lexical
narrative_tfidf__про,0.012981846810525891,0.012981846810525891,lexical
narrative_tfidf__взрослый,0.012981846810525891,0.012981846810525891,lexical
narrative_tfidf__невосприимчивость,0.012981846810525891,0.012981846810525891,lexical
narrative_tfidf__вентолина,0.012981846810525891,0.012981846810525891,lexical
narrative_tfidf__характеризоваться,0.012981846810525891,0.012981846810525891,lexical
narrative_tfidf__проживать,0.012981846810525891,0.012981846810525891,lexical
narrative_tfidf__риалтрис,0.012981846810525891,0.012981846810525891,lexical
narrative_tfidf__аллергопанелый,0.012981846810525891,0.012981846810525891,lexical
narrative_tfidf__удобный,0.012981846810525891,0.012981846810525891,lexical
narrative_tfidf__сужение,0.012981846810525891,0.012981846810525891,lexical
narrative_tfidf__удушье,0.012981846810525891,0.012981846810525891,lexical
narrative_tfidf__желательно,0.012981846810525891,0.012981846810525891,lexical
narrative_tfidf__предпочтение,0.012981846810525891,0.012981846810525891,lexical
narrative_tfidf__обструкция,0.012981846810525891,0.012981846810525891,lexical
narrative_tfidf__целесообразный,0.012981846810525891,0.012981846810525891,lexical
narrative_tfidf__иммунотерапия,0.012981846810525891,0.012981846810525891,lexical
narrative_tfidf__иммунокап,0.012981846810525891,0.012981846810525891,lexical
narrative_tfidf__методика,0.012981846810525891,0.012981846810525891,lexical
narrative_tfidf__бронхоспазм,0.012981846810525891,0.012981846810525891,lexical
narrative_tfidf__состав,0.012981846810525891,0.012981846810525891,lexical
narrative_tfidf__монтелара,0.012981846810525891,0.012981846810525891,lexical
narrative_tfidf__московский,0.012981846810525891,0.012981846810525891,lexical
narrative_tfidf__монтерало,0.012981846810525891,0.012981846810525891,lexical
narrative_tfidf__сораняться,0.012981846810525891,0.012981846810525891,lexical
narrative_tfidf__подозревать,0.012981846810525891,0.012981846810525891,lexical
narrative_tfidf__мировой,0.012981846810525891,0.012981846810525891,lexical
narrative_tfidf__весенний,0.012981846810525891,0.012981846810525891,lexical
narrative_tfidf__сайт,0.012981846810525891,0.012981846810525891,lexical
narrative_tfidf__гиперреактивность,0.012981846810525891,0.012981846810525891,lexical
narrative_tfidf__наконечник,0.012981846810525891,0.012981846810525891,lexical
narrative_tfidf__спазм,0.012981846810525891,0.012981846810525891,lexical
narrative_tfidf__непереносимость,0.012981846810525891,0.012981846810525891,lexical
narrative_tfidf__персонализировать,0.012981846810525891,0.012981846810525891,lexical
narrative_tfidf__знать,0.012981846810525891,0.012981846810525891,lexical
narrative_tfidf__спреть,0.012981846810525891,0.012981846810525891,lexical
narrative_tfidf__pro,0.012981846810525891,0.012981846810525891,lexical
narrative_tfidf__баланс,0.012981846810525891,0.012981846810525891,lexical
narrative_tfidf__статистика,0.012981846810525891,0.012981846810525891,lexical
narrative_tfidf__кошка,0.012981846810525891,0.012981846810525891,lexical
narrative_tfidf__достигаться,0.012981846810525891,0.012981846810525891,lexical
narrative_tfidf__последовательный,0.012981846810525891,0.012981846810525891,lexical
narrative_tfidf__аллергокомплекс,0.012981846810525891,0.012981846810525891,lexical
narrative_tfidf__единственный,0.012981846810525891,0.012981846810525891,lexical
narrative_tfidf__asit,0.012981846810525891,0.012981846810525891,lexical
narrative_tfidf__asitru,0.012981846810525891,0.012981846810525891,lexical
narrative_tfidf__иммунный,0.012981846810525891,0.012981846810525891,lexical
narrative_tfidf__ige,0.012981846810525891,0.012981846810525891,lexical
narrative_tfidf__обратимый,0.012981846810525891,0.012981846810525891,lexical
narrative_tfidf__ба,0.012981846810525891,0.012981846810525891,lexical
narrative_tfidf__оценить,0.012981846810525891,0.012981846810525891,lexical
narrative_tfidf__отношение,0.012981846810525891,0.012981846810525891,lexical
narrative_tfidf__существовать,0.012981846810525891,0.012981846810525891,lexical
narrative_tfidf__перегородка,0.012981846810525891,0.012981846810525891,lexical
narrative_tfidf__свистящий,0.012981846810525891,0.012981846810525891,lexical
narrative_tfidf__начальный,0.012981846810525891,0.012981846810525891,lexical
narrative_tfidf__неконтролируемый,0.012981846810525891,0.012981846810525891,lexical
narrative_tfidf__пульмикорт,0.012981846810525891,0.012981846810525891,lexical
narrative_tfidf__телемедицинский,0.012834365281022752,0.012834365281022752,lexical
narrative_tfidf__записывать,-0.01278450044236454,0.01278450044236454,lexical
narrative_tfidf__реза,-0.012781654377342704,0.012781654377342704,lexical
narrative_tfidf__тот,-0.012781654377342704,0.012781654377342704,lexical
narrative_tfidf__небоьшать,-0.012758570385258624,0.012758570385258624,lexical
narrative_tfidf__предьявлять,-0.012728889334680782,0.012728889334680782,lexical
narrative_tfidf__фолликулярный,-0.012728889334680782,0.012728889334680782,lexical
narrative_tfidf__эндометрий,-0.012728889334680782,0.012728889334680782,lexical
narrative_tfidf__сукровичный,-0.012728889334680782,0.012728889334680782,lexical
narrative_tfidf__полип,-0.012728889334680782,0.012728889334680782,lexical
narrative_tfidf__аборт,0.01270485403146805,0.01270485403146805,lexical
narrative_tfidf__благополучный,0.012700749692981064,0.012700749692981064,lexical
narrative_tfidf__оим,-0.012687851145671844,0.012687851145671844,lexical
narrative_tfidf__верхушечный,-0.012677532044649682,0.012677532044649682,lexical
narrative_tfidf__толчок,-0.012677532044649682,0.012677532044649682,lexical
narrative_tfidf__мазать,-0.012634495278024984,0.012634495278024984,lexical
narrative_tfidf__гинька,-0.012634495278024984,0.012634495278024984,lexical
narrative_tfidf__рожать,-0.012634495278024984,0.012634495278024984,lexical
narrative_tfidf__местный,0.012575747779124074,0.012575747779124074,lexical
narrative_tfidf__влагалище,-0.01252615109926824,0.01252615109926824,lexical
narrative_tfidf__лечение,0.012472749286698798,0.012472749286698798,lexical
narrative_tfidf__типичный,-0.012390320064177908,0.012390320064177908,lexical
narrative_tfidf__ож,-0.012390320064177908,0.012390320064177908,lexical
narrative_tfidf__послед,-0.012390320064177908,0.012390320064177908,lexical
narrative_tfidf__цэ,-0.012390320064177908,0.012390320064177908,lexical
narrative_tfidf__мпэ,-0.012390320064177908,0.012390320064177908,lexical
narrative_tfidf__стык,-0.012390320064177908,0.012390320064177908,lexical
narrative_tfidf__гипертрофированный,-0.012390320064177908,0.012390320064177908,lexical
narrative_tfidf__пмэ,-0.012390320064177908,0.012390320064177908,lexical
narrative_tfidf__кольпоскопия,-0.012390320064177908,0.012390320064177908,lexical
narrative_tfidf__зт,-0.012390320064177908,0.012390320064177908,lexical
narrative_tfidf__гин,-0.012390320064177908,0.012390320064177908,lexical
narrative_tfidf__ручной,-0.012390320064177908,0.012390320064177908,lexical
narrative_tfidf__аднексит,-0.012390320064177908,0.012390320064177908,lexical
narrative_tfidf__случайный,-0.012330103136069505,0.012330103136069505,lexical
narrative_tfidf__мазка,0.012221478329657984,0.012221478329657984,lexical
narrative_tfidf__рассосать,-0.012177818843644016,0.012177818843644016,lexical
narrative_tfidf__скорый,-0.012177818843644016,0.012177818843644016,lexical
narrative_tfidf__вода,0.012074323423335153,0.012074323423335153,lexical
narrative_tfidf__назначаться,-0.012065362155940087,0.012065362155940087,lexical
narrative_tfidf__неспецефический,-0.011937049219760115,0.011937049219760115,lexical
narrative_tfidf__консервативный,-0.011937049219760115,0.011937049219760115,lexical
narrative_tfidf__нерв,-0.011785334590402697,0.011785334590402697,lexical
narrative_tfidf__сухожильный,-0.011785334590402697,0.011785334590402697,lexical
narrative_tfidf__живой,-0.011785334590402697,0.011785334590402697,lexical
narrative_tfidf__черепный,-0.011785334590402697,0.011785334590402697,lexical
narrative_tfidf__мозговой,-0.011785334590402697,0.011785334590402697,lexical
narrative_tfidf__нач,-0.011570616227442375,0.011570616227442375,lexical
narrative_tfidf__эктопия,-0.011570616227442375,0.011570616227442375,lexical
narrative_tfidf__специалист,0.011529730029043214,0.011529730029043214,lexical
narrative_tfidf__дозировка,-0.011502347711337338,0.011502347711337338,lexical
narrative_tfidf__аорта,0.011339909394871792,0.011339909394871792,lexical
narrative_tfidf__мучной,0.011197529001468207,0.011197529001468207,lexical
narrative_tfidf__июнь,-0.011149442893473019,0.011149442893473019,lexical
narrative_tfidf__нерегулы,-0.011149442893473019,0.011149442893473019,lexical
narrative_tfidf__узловой,0.011037710517388485,0.011037710517388485,lexical
narrative_tfidf__антральный,0.01082190587600281,0.01082190587600281,lexical
narrative_tfidf__маткицилиндрический,-0.01078510141777331,0.01078510141777331,lexical
narrative_tfidf__участок,-0.01078510141777331,0.01078510141777331,lexical
narrative_tfidf__бонадэ,-0.01078510141777331,0.01078510141777331,lexical
narrative_tfidf__эндометриоидный,-0.01078510141777331,0.01078510141777331,lexical
narrative_tfidf__установить,0.010735305700955456,0.010735305700955456,lexical
narrative_tfidf__киста,-0.010734926923847638,0.010734926923847638,lexical
narrative_tfidf__плохо,-0.01071537150904208,0.01071537150904208,lexical
narrative_tfidf__перевести,0.01067442129394348,0.01067442129394348,lexical
narrative_tfidf__богатый,0.010543149110042642,0.010543149110042642,lexical
narrative_tfidf__липидный,-0.010441657296804916,0.010441657296804916,lexical
narrative_tfidf__жёлчный,0.01034452809689426,0.01034452809689426,lexical
narrative_tfidf__жкт,-0.010254594743567427,0.010254594743567427,lexical
narrative_tfidf__выкидыш,0.010024947600935814,0.010024947600935814,lexical
narrative_tfidf__препарат,0.009882028429536088,0.009882028429536088,lexical
narrative_tfidf__повышаться,0.009854929351637854,0.009854929351637854,lexical
narrative_tfidf__ночью,-0.009769168988959435,0.009769168988959435,lexical
narrative_tfidf__кровь,-0.009684242224388576,0.009684242224388576,lexical
narrative_tfidf__бартолиновый,0.009626051873268216,0.009626051873268216,lexical
narrative_tfidf__продолжить,0.009599394191542761,0.009599394191542761,lexical
narrative_tfidf__предположить,-0.00946112556720793,0.00946112556720793,lexical
narrative_tfidf__влажность,-0.009264475856311283,0.009264475856311283,lexical
narrative_tfidf__гинеколог,0.0090529450973792,0.0090529450973792,lexical
narrative_tfidf__пальпаторный,0.009008443038920943,0.009008443038920943,lexical
narrative_tfidf__алкоголь,0.008796624664676391,0.008796624664676391,lexical
narrative_tfidf__кеторол,-0.008747938789527378,0.008747938789527378,lexical
narrative_tfidf__сокол,-0.008747938789527378,0.008747938789527378,lexical
narrative_tfidf__енения,-0.008747938789527378,0.008747938789527378,lexical
narrative_tfidf__контрацептивный,-0.008747938789527378,0.008747938789527378,lexical
narrative_tfidf__мц,-0.008747938789527378,0.008747938789527378,lexical
narrative_tfidf__структурный,-0.008747938789527378,0.008747938789527378,lexical
narrative_tfidf__формироваться,-0.008747938789527378,0.008747938789527378,lexical
narrative_tfidf__retroflexio,-0.008747938789527378,0.008747938789527378,lexical
narrative_tfidf__принемаять,-0.008747938789527378,0.008747938789527378,lexical
narrative_tfidf__течень,-0.008747938789527378,0.008747938789527378,lexical
narrative_tfidf__пренимаять,-0.008747938789527378,0.008747938789527378,lexical
narrative_tfidf__считать,-0.008747938789527378,0.008747938789527378,lexical
narrative_tfidf__себябольной,-0.008747938789527378,0.008747938789527378,lexical
narrative_tfidf__миоматозный,-0.008747938789527378,0.008747938789527378,lexical
narrative_tfidf__изм,-0.008747938789527378,0.008747938789527378,lexical
narrative_tfidf__мёд,-0.008747938789527378,0.008747938789527378,lexical
narrative_tfidf__дисменорея,-0.008747938789527378,0.008747938789527378,lexical
narrative_tfidf__детский,-0.008747938789527378,0.008747938789527378,lexical
narrative_tfidf__внутро,-0.008742443757326522,0.008742443757326522,lexical
narrative_tfidf__скудный,-0.008742443757326522,0.008742443757326522,lexical
narrative_tfidf__применять,0.008509827338825476,0.008509827338825476,lexical
narrative_tfidf__тело,-0.008493461080276479,0.008493461080276479,lexical
narrative_tfidf__неоднородный,0.008367670749332746,0.008367670749332746,lexical
narrative_tfidf__обратиться,0.008243843771242453,0.008243843771242453,lexical
narrative_tfidf__подкожно,-0.008223834017780669,0.008223834017780669,lexical
narrative_tfidf__месяц,-0.007850568306371966,0.007850568306371966,lexical
narrative_tfidf__явление,-0.007786217468894562,0.007786217468894562,lexical
narrative_tfidf__срок,-0.007648099223393014,0.007648099223393014,lexical
narrative_tfidf__купирование,-0.007523687041123896,0.007523687041123896,lexical
narrative_tfidf__далее,0.007453956190615799,0.007453956190615799,lexical
narrative_tfidf__съесть,-0.007225098550828342,0.007225098550828342,lexical
narrative_tfidf__нарастать,0.007115335713903799,0.007115335713903799,lexical
title_tfidf__применение,-0.006986938257335001,0.006986938257335001,lexical
narrative_tfidf__основа,0.006905847982877688,0.006905847982877688,lexical
narrative_tfidf__наружний,-0.006474474054765155,0.006474474054765155,lexical
narrative_tfidf__кров,-0.006474474054765155,0.006474474054765155,lexical
narrative_tfidf__увелич,-0.006474474054765155,0.006474474054765155,lexical
narrative_tfidf__описание,-0.006470255815650966,0.006470255815650966,lexical
narrative_tfidf__бронхиальный,-0.00622016221186664,0.00622016221186664,lexical
narrative_tfidf__гипотеза,-0.006168619840886906,0.006168619840886906,lexical
narrative_tfidf__подбор,-0.0059099531613771164,0.0059099531613771164,lexical
narrative_tfidf__нексиум,-0.0056422775300095825,0.0056422775300095825,lexical
narrative_tfidf__май,-0.005630919550868688,0.005630919550868688,lexical
narrative_tfidf__анемия,-0.00561984689076964,0.00561984689076964,lexical
narrative_tfidf__креатинин,0.005593976836939038,0.005593976836939038,lexical
narrative_tfidf__точка,-0.005344752764086377,0.005344752764086377,lexical
narrative_tfidf__подвижность,-0.005344752764086377,0.005344752764086377,lexical
narrative_tfidf__выслушивание,-0.005344752764086377,0.005344752764086377,lexical
narrative_tfidf__экзофтальм,0.005254478641378835,0.005254478641378835,lexical
narrative_tfidf__визуально,-0.005219557870877519,0.005219557870877519,lexical
narrative_tfidf__тримедата,-0.005189203890553139,0.005189203890553139,lexical
narrative_tfidf__оценка,-0.005141835411996029,0.005141835411996029,lexical
narrative_tfidf__натощак,-0.0050782452120533665,0.0050782452120533665,lexical
narrative_tfidf__внешний,-0.004965186612856108,0.004965186612856108,lexical
narrative_tfidf__спирография,-0.004965186612856108,0.004965186612856108,lexical
narrative_tfidf__громкий,-0.004898083527564047,0.004898083527564047,lexical
narrative_tfidf__удар,0.0047803792489609954,0.0047803792489609954,lexical
narrative_tfidf__астма,0.004701891846569829,0.004701891846569829,lexical
narrative_tfidf__дом,-0.00467718849837384,0.00467718849837384,lexical
narrative_tfidf__перкуссия,0.004452192249449648,0.004452192249449648,lexical
narrative_tfidf__однородный,-0.004438697894241043,0.004438697894241043,lexical
narrative_tfidf__ходьба,0.004365687448335848,0.004365687448335848,lexical
narrative_tfidf__новый,0.004313630552537938,0.004313630552537938,lexical
narrative_tfidf__вдох,-0.004189656729441262,0.004189656729441262,lexical
narrative_tfidf__наблюдение,0.004166174556958114,0.004166174556958114,lexical
narrative_tfidf__снижение,-0.004156385205840641,0.004156385205840641,lexical
narrative_tfidf__февраль,0.004152921482977375,0.004152921482977375,lexical
narrative_tfidf__цилиндрический,-0.003991206177473963,0.003991206177473963,lexical
narrative_tfidf__шум,0.0038749601628063172,0.0038749601628063172,lexical
narrative_tfidf__медикаментозный,0.0038685918457240344,0.0038685918457240344,lexical
narrative_tfidf__выпить,0.0035808268158169917,0.0035808268158169917,lexical
narrative_tfidf__железо,0.0035610542442433583,0.0035610542442433583,lexical
narrative_tfidf__чсс,-0.003498273483185976,0.003498273483185976,lexical
narrative_tfidf__стресс,0.0034539187133821032,0.0034539187133821032,lexical
narrative_tfidf__макс,0.003186994940491844,0.003186994940491844,lexical
narrative_tfidf__кризовой,-0.0031841738878486308,0.0031841738878486308,lexical
narrative_tfidf__они,0.0030756501069176246,0.0030756501069176246,lexical
narrative_tfidf__курить,-0.003074209290322623,0.003074209290322623,lexical
narrative_tfidf__выраженный,-0.003033143029482544,0.003033143029482544,lexical
narrative_tfidf__следующий,0.0029992717306921543,0.0029992717306921543,lexical
narrative_tfidf__травма,0.0029785796265468793,0.0029785796265468793,lexical
narrative_tfidf__кфс,0.0028596315020327054,0.0028596315020327054,lexical
narrative_tfidf__госпитализировать,0.0028596315020327054,0.0028596315020327054,lexical
narrative_tfidf__стихать,0.0028596315020327054,0.0028596315020327054,lexical
narrative_tfidf__точный,-0.002843723023752318,0.002843723023752318,lexical
narrative_tfidf__турбухалер,0.0026611043366546534,0.0026611043366546534,lexical
narrative_tfidf__наружное,0.002613899104342095,0.002613899104342095,lexical
narrative_tfidf__зев,0.0025613306862174276,0.0025613306862174276,lexical
narrative_tfidf__асат,0.0020622528446253836,0.0020622528446253836,lexical
narrative_tfidf__алат,0.0020622528446253836,0.0020622528446253836,lexical
narrative_tfidf__деформация,0.002041131706950635,0.002041131706950635,lexical
narrative_tfidf__средство,-0.001960419841457153,0.001960419841457153,lexical
narrative_tfidf__фаза,0.001841159775895862,0.001841159775895862,lexical
narrative_tfidf__мм,0.0018400360944632738,0.0018400360944632738,lexical
narrative_tfidf__гиперплазия,-0.00174251221856885,0.00174251221856885,lexical
narrative_tfidf__мочить,-0.0016419476913564124,0.0016419476913564124,lexical
narrative_tfidf__причина,0.0014884556716623846,0.0014884556716623846,lexical
narrative_tfidf__сопровождаться,0.0013551771751815333,0.0013551771751815333,lexical
narrative_tfidf__клетка,-0.0012954717583209146,0.0012954717583209146,lexical
narrative_tfidf__грудной,-0.0012954717583209146,0.0012954717583209146,lexical
narrative_tfidf__множественный,0.0012676640814553244,0.0012676640814553244,lexical
narrative_tfidf__дефицит,0.001220813370408522,0.001220813370408522,lexical
narrative_tfidf__диаметр,-0.0011632749297608215,0.0011632749297608215,lexical
narrative_tfidf__онлайн,-0.0009530927208169142,0.0009530927208169142,lexical
narrative_tfidf__добавлять,-0.0009530927208169142,0.0009530927208169142,lexical
narrative_tfidf__поражение,-0.00046242411644989716,0.00046242411644989716,lexical
narrative_tfidf__свод,-0.0004443815923755239,0.0004443815923755239,lexical
narrative_tfidf__уретра,-0.0004443815923755239,0.0004443815923755239,lexical
narrative_tfidf__кнутереть,-0.0004399646867582504,0.0004399646867582504,lexical
narrative_tfidf__аторвастатин,0.00012694272123648406,0.00012694272123648406,lexical
